{"size":50,"page":4,"total":795,"count":50,"_embedded":{"empenhos":[{"codigo_unidade_gestora":"201157","codigo_unidade_orcamentaria":"02050","numero_empenho":"0005237","classificacao":"126","data_empenho":"2022-09-06","codigo_credor":"09261355000109","nome_credor":"HILTON PINHEIRO DANTAS","valor_contratado":3043.35,"valor_pago":3043.35},{"codigo_unidade_gestora":"201157","codigo_unidade_orcamentaria":"02080","numero_empenho":"0005238","classificacao":"126","data_empenho":"2022-09-06","codigo_credor":"09261355000109","nome_credor":"HILTON PINHEIRO DANTAS","valor_contratado":10981.85,"valor_pago":10981.85},{"codigo_unidade_gestora":"201157","codigo_unidade_orcamentaria":"02050","numero_empenho":"0005239","classificacao":"126","data_empenho":"2022-09-06","codigo_credor":"09261355000109","nome_credor":"HILTON PINHEIRO DANTAS","valor_contratado":3598.12,"valor_pago":3598.12},{"codigo_unidade_gestora":"201157","codigo_unidade_orcamentaria":"02140","numero_empenho":"0005240","classificacao":"126","data_empenho":"2022-09-06","codigo_credor":"09261355000109","nome_credor":"HILTON PINHEIRO DANTAS","valor_contratado":991.97,"valor_pago":991.97},{"codigo_unidade_gestora":"201157","codigo_unidade_orcamentaria":"02070","numero_empenho":"0005241","classificacao":"126","data_empenho":"2022-09-06","codigo_credor":"09261355000109","nome_credor":"HILTON PINHEIRO DANTAS","valor_contratado":1443.42,"valor_pago":1443.42},{"codigo_unidade_gestora":"201157","codigo_unidade_orcamentaria":"02110","numero_empenho":"0005242","classificacao":"126","data_empenho":"2022-09-06","codigo_credor":"02977362000162","nome_credor":"A.COSTA COM.ATAC. DE PROD.FARM. LTDA","valor_contratado":13685.46,"valor_pago":13685.46},{"codigo_unidade_gestora":"201157","codigo_unidade_orcamentaria":"02080","numero_empenho":"0005243","classificacao":"126","data_empenho":"2022-09-06","codigo_credor":"09261355000109","nome_credor":"HILTON PINHEIRO DANTAS","valor_contratado":319.14,"valor_pago":319.14},{"codigo_unidade_gestora":"201157","codigo_unidade_orcamentaria":"02110","numero_empenho":"0005244","classificacao":"135","data_empenho":"2022-09-06","codigo_credor":"22494864000140","nome_credor":"POLIVIDA CLINICA DE SAUDE POPULAR LTDA","valor_contratado":2400.00,"valor_pago":2400.00},{"codigo_unidade_gestora":"201157","codigo_unidade_orcamentaria":"02110","numero_empenho":"0005245","classificacao":"135","data_empenho":"2022-09-06","codigo_credor":"22494864000140","nome_credor":"POLIVIDA CLINICA DE SAUDE POPULAR LTDA","valor_contratado":1800.00,"valor_pago":1800.00},{"codigo_unidade_gestora":"201157","codigo_unidade_orcamentaria":"02110","numero_empenho":"0005246","classificacao":"135","data_empenho":"2022-09-06","codigo_credor":"22494864000140","nome_credor":"POLIVIDA CLINICA DE SAUDE POPULAR LTDA","valor_contratado":1800.00,"valor_pago":1800.00},{"codigo_unidade_gestora":"201157","codigo_unidade_orcamentaria":"02110","numero_empenho":"0005247","classificacao":"135","data_empenho":"2022-09-06","codigo_credor":"22494864000140","nome_credor":"POLIVIDA CLINICA DE SAUDE POPULAR LTDA","valor_contratado":840.00,"valor_pago":840.00},{"codigo_unidade_gestora":"201157","codigo_unidade_orcamentaria":"02090","numero_empenho":"0005248","classificacao":"135","data_empenho":"2022-09-06","codigo_credor":"09095183000140","nome_credor":"ENERGISA","valor_contratado":29.11,"valor_pago":29.11},{"codigo_unidade_gestora":"201157","codigo_unidade_orcamentaria":"02050","numero_empenho":"0005249","classificacao":"135","data_empenho":"2022-09-06","codigo_credor":"33609700000137","nome_credor":"WANDEYFLAVIO BERTULINO AGRA 04819156489","valor_contratado":20634.46,"valor_pago":20634.46},{"codigo_unidade_gestora":"201157","codigo_unidade_orcamentaria":"02010","numero_empenho":"0005250","classificacao":"110","data_empenho":"2022-09-06","codigo_credor":"00018195237487","nome_credor":"FRANCISCO ANDRE ALVES","valor_contratado":250.00,"valor_pago":250.00},{"codigo_unidade_gestora":"201157","codigo_unidade_orcamentaria":"02080","numero_empenho":"0005251","classificacao":"135","data_empenho":"2022-09-06","codigo_credor":"36291941000179","nome_credor":"ANDRE RICARDO BARRETO PERAZZO COSTA","valor_contratado":5382.24,"valor_pago":5382.24},{"codigo_unidade_gestora":"201157","codigo_unidade_orcamentaria":"02080","numero_empenho":"0005252","classificacao":"135","data_empenho":"2022-09-06","codigo_credor":"36291941000179","nome_credor":"ANDRE RICARDO BARRETO PERAZZO COSTA","valor_contratado":7849.10,"valor_pago":7849.10},{"codigo_unidade_gestora":"201157","codigo_unidade_orcamentaria":"02120","numero_empenho":"0005253","classificacao":"132","data_empenho":"2022-09-06","codigo_credor":"00032667431804","nome_credor":"POLIANA VIRGINIO TORRES BRASIL","valor_contratado":490.00,"valor_pago":490.00},{"codigo_unidade_gestora":"201157","codigo_unidade_orcamentaria":"02080","numero_empenho":"0005254","classificacao":"135","data_empenho":"2022-09-06","codigo_credor":"36291941000179","nome_credor":"ANDRE RICARDO BARRETO PERAZZO COSTA","valor_contratado":7849.10,"valor_pago":7849.10},{"codigo_unidade_gestora":"201157","codigo_unidade_orcamentaria":"02080","numero_empenho":"0005255","classificacao":"135","data_empenho":"2022-09-06","codigo_credor":"36291941000179","nome_credor":"ANDRE RICARDO BARRETO PERAZZO COSTA","valor_contratado":7849.10,"valor_pago":7849.10},{"codigo_unidade_gestora":"201157","codigo_unidade_orcamentaria":"02080","numero_empenho":"0005256","classificacao":"135","data_empenho":"2022-09-06","codigo_credor":"36291941000179","nome_credor":"ANDRE RICARDO BARRETO PERAZZO COSTA","valor_contratado":7849.10,"valor_pago":7849.10},{"codigo_unidade_gestora":"201157","codigo_unidade_orcamentaria":"02050","numero_empenho":"0005257","classificacao":"135","data_empenho":"2022-09-06","codigo_credor":"08361818000141","nome_credor":"CARTORIO DO UNICO OFICIO","valor_contratado":150.00,"valor_pago":150.00},{"codigo_unidade_gestora":"201157","codigo_unidade_orcamentaria":"02140","numero_empenho":"0005258","classificacao":"144","data_empenho":"2022-09-06","codigo_credor":"00011934285480","nome_credor":"MARCOS JOSÉ VINUVIUS OLIVEIRA ALVES","valor_contratado":612.00,"valor_pago":612.00},{"codigo_unidade_gestora":"201157","codigo_unidade_orcamentaria":"02140","numero_empenho":"0005259","classificacao":"144","data_empenho":"2022-09-06","codigo_credor":"00005996636425","nome_credor":"MARIA JOSE DA COSTA","valor_contratado":260.00,"valor_pago":260.00},{"codigo_unidade_gestora":"201157","codigo_unidade_orcamentaria":"02140","numero_empenho":"0005260","classificacao":"144","data_empenho":"2022-09-06","codigo_credor":"00026401801859","nome_credor":"MIGUEL MATIAS DOS SANTOS","valor_contratado":612.00,"valor_pago":612.00},{"codigo_unidade_gestora":"201157","codigo_unidade_orcamentaria":"02140","numero_empenho":"0005261","classificacao":"144","data_empenho":"2022-09-06","codigo_credor":"00007649122409","nome_credor":"CARLOS ANTONIO RIBEIRO","valor_contratado":200.00,"valor_pago":200.00},{"codigo_unidade_gestora":"201157","codigo_unidade_orcamentaria":"02140","numero_empenho":"0005262","classificacao":"144","data_empenho":"2022-09-06","codigo_credor":"00068870795420","nome_credor":"MARIA LEOMAR QUEIROZ DA SILVA","valor_contratado":300.00,"valor_pago":300.00},{"codigo_unidade_gestora":"201157","codigo_unidade_orcamentaria":"02140","numero_empenho":"0005263","classificacao":"144","data_empenho":"2022-09-06","codigo_credor":"00007749080414","nome_credor":"ELIANE CAVALCANTE DA SILVA","valor_contratado":612.00,"valor_pago":612.00},{"codigo_unidade_gestora":"201157","codigo_unidade_orcamentaria":"02140","numero_empenho":"0005264","classificacao":"144","data_empenho":"2022-09-06","codigo_credor":"00014020437408","nome_credor":"EDLEUZA FELIX DINIZ","valor_contratado":500.00,"valor_pago":500.00},{"codigo_unidade_gestora":"201157","codigo_unidade_orcamentaria":"02140","numero_empenho":"0005265","classificacao":"144","data_empenho":"2022-09-06","codigo_credor":"00009118765459","nome_credor":"JANAILZA CLEMENTINO BARBOSA","valor_contratado":300.00,"valor_pago":300.00},{"codigo_unidade_gestora":"201157","codigo_unidade_orcamentaria":"02140","numero_empenho":"0005266","classificacao":"144","data_empenho":"2022-09-06","codigo_credor":"00010800856457","nome_credor":"FRANCELINE FERREIRA DE LIMA","valor_contratado":612.00,"valor_pago":612.00},{"codigo_unidade_gestora":"201157","codigo_unidade_orcamentaria":"02010","numero_empenho":"0005267","classificacao":"132","data_empenho":"2022-09-06","codigo_credor":"00076735370872","nome_credor":"LUIZ FELIPE DA SILVA","valor_contratado":2800.00,"valor_pago":2800.00},{"codigo_unidade_gestora":"201157","codigo_unidade_orcamentaria":"02090","numero_empenho":"0005268","classificacao":"135","data_empenho":"2022-09-06","codigo_credor":"44037576000107","nome_credor":"JAENE FRANCISCO DE SOUZA OLIVEIRA","valor_contratado":2000.00,"valor_pago":2000.00},{"codigo_unidade_gestora":"201157","codigo_unidade_orcamentaria":"02090","numero_empenho":"0005269","classificacao":"132","data_empenho":"2022-09-06","codigo_credor":"00009195788450","nome_credor":"ROBERIA FERNANDES DE MELO","valor_contratado":1600.00,"valor_pago":1600.00},{"codigo_unidade_gestora":"201157","codigo_unidade_orcamentaria":"02090","numero_empenho":"0005270","classificacao":"135","data_empenho":"2022-09-06","codigo_credor":"41448092000154","nome_credor":"JOSE MATIAS FILHO 01044299843","valor_contratado":1700.00,"valor_pago":1700.00},{"codigo_unidade_gestora":"201157","codigo_unidade_orcamentaria":"02090","numero_empenho":"0005271","classificacao":"135","data_empenho":"2022-09-06","codigo_credor":"41186292000186","nome_credor":"MANOEL MESSIAS BENTO ALVES 08977864402","valor_contratado":1900.00,"valor_pago":1900.00},{"codigo_unidade_gestora":"201157","codigo_unidade_orcamentaria":"02090","numero_empenho":"0005272","classificacao":"132","data_empenho":"2022-09-06","codigo_credor":"00013232193404","nome_credor":"LEONARDO JARDELINO DA COSTA","valor_contratado":7500.00,"valor_pago":7500.00},{"codigo_unidade_gestora":"201157","codigo_unidade_orcamentaria":"02090","numero_empenho":"0005273","classificacao":"135","data_empenho":"2022-09-06","codigo_credor":"28839880000103","nome_credor":"JESSICA KAROLINE DE SOUTO BATISTA 11838916440","valor_contratado":1200.00,"valor_pago":1200.00},{"codigo_unidade_gestora":"201157","codigo_unidade_orcamentaria":"02110","numero_empenho":"0005274","classificacao":"135","data_empenho":"2022-09-08","codigo_credor":"05623324000108","nome_credor":"FUNDACAO DE OLHOS DA PARAIBA - FOP","valor_contratado":4320.12,"valor_pago":4320.12},{"codigo_unidade_gestora":"201157","codigo_unidade_orcamentaria":"02110","numero_empenho":"0005275","classificacao":"135","data_empenho":"2022-09-08","codigo_credor":"09136540000171","nome_credor":"CLINICA RADIOLOGICA AZUIR LESSA LTDA.","valor_contratado":630.00,"valor_pago":630.00},{"codigo_unidade_gestora":"201157","codigo_unidade_orcamentaria":"02070","numero_empenho":"0005276","classificacao":"132","data_empenho":"2022-09-08","codigo_credor":"00083910409415","nome_credor":"LUCIO BARROS DOS SANTOS","valor_contratado":800.00,"valor_pago":800.00},{"codigo_unidade_gestora":"201157","codigo_unidade_orcamentaria":"02070","numero_empenho":"0005277","classificacao":"132","data_empenho":"2022-09-08","codigo_credor":"00041943023468","nome_credor":"CELIA MARIA PEREIRA PASSOS","valor_contratado":2000.00,"valor_pago":2000.00},{"codigo_unidade_gestora":"201157","codigo_unidade_orcamentaria":"02040","numero_empenho":"0005278","classificacao":"132","data_empenho":"2022-09-08","codigo_credor":"00016024036434","nome_credor":"JOSE PEREIRA GONÇALVES","valor_contratado":724.00,"valor_pago":724.00},{"codigo_unidade_gestora":"201157","codigo_unidade_orcamentaria":"02110","numero_empenho":"0005279","classificacao":"132","data_empenho":"2022-09-08","codigo_credor":"00013199132880","nome_credor":"MARIA DA PENHA DIAS MONTEIRO","valor_contratado":1300.00,"valor_pago":1300.00},{"codigo_unidade_gestora":"201157","codigo_unidade_orcamentaria":"02110","numero_empenho":"0005280","classificacao":"132","data_empenho":"2022-09-08","codigo_credor":"00006333892424","nome_credor":"JOSE IORDAN DA COSTA GONÇALVES","valor_contratado":500.00,"valor_pago":500.00},{"codigo_unidade_gestora":"201157","codigo_unidade_orcamentaria":"02040","numero_empenho":"0005281","classificacao":"132","data_empenho":"2022-09-08","codigo_credor":"00085339946487","nome_credor":"JOSE ANTONIO PAULINO DA SILVA","valor_contratado":1000.00,"valor_pago":1000.00},{"codigo_unidade_gestora":"201157","codigo_unidade_orcamentaria":"02090","numero_empenho":"0005282","classificacao":"135","data_empenho":"2022-09-08","codigo_credor":"08298416002517","nome_credor":"PAROQUIA NOSSA SENHORA DO PATROCINIO","valor_contratado":500.00,"valor_pago":500.00},{"codigo_unidade_gestora":"201157","codigo_unidade_orcamentaria":"02080","numero_empenho":"0005283","classificacao":"135","data_empenho":"2022-09-08","codigo_credor":"08298416002517","nome_credor":"PAROQUIA NOSSA SENHORA DO PATROCINIO","valor_contratado":1200.00,"valor_pago":1200.00},{"codigo_unidade_gestora":"201157","codigo_unidade_orcamentaria":"02010","numero_empenho":"0005284","classificacao":"132","data_empenho":"2022-09-08","codigo_credor":"00011642062812","nome_credor":"MARINES MARQUES DA SILVA","valor_contratado":1000.00,"valor_pago":1000.00},{"codigo_unidade_gestora":"201157","codigo_unidade_orcamentaria":"02010","numero_empenho":"0005285","classificacao":"132","data_empenho":"2022-09-08","codigo_credor":"00048424803191","nome_credor":"MARIA JACINTA PONTES","valor_contratado":2200.00,"valor_pago":2200.00},{"codigo_unidade_gestora":"201157","codigo_unidade_orcamentaria":"02050","numero_empenho":"0005286","classificacao":"188","data_empenho":"2022-09-08","codigo_credor":"21837593000115","nome_credor":"FRANCIEL MONTEIRO DA ROCHA 07356642425","valor_contratado":2050.76,"valor_pago":2050.76}]}}