{"size":50,"page":1,"total":1183,"count":50,"_embedded":{"empenhos":[{"codigo_unidade_gestora":"201157","codigo_unidade_orcamentaria":"02110","numero_empenho":"0007455","classificacao":"126","data_empenho":"2022-12-01","codigo_credor":"08778201000126","nome_credor":"DROGAFONTE LTDA.","valor_contratado":76.80,"valor_pago":76.80},{"codigo_unidade_gestora":"201157","codigo_unidade_orcamentaria":"02050","numero_empenho":"0007456","classificacao":"135","data_empenho":"2022-12-01","codigo_credor":"28695805000116","nome_credor":"GB COMERCIO E SERVICOS LTDA - EPP","valor_contratado":2154.39,"valor_pago":2154.39},{"codigo_unidade_gestora":"201157","codigo_unidade_orcamentaria":"02020","numero_empenho":"0007457","classificacao":"135","data_empenho":"2022-12-01","codigo_credor":"00360305000104","nome_credor":"CAIXA ECONOMICA FEDERAL","valor_contratado":1196.80,"valor_pago":1196.80},{"codigo_unidade_gestora":"201157","codigo_unidade_orcamentaria":"02090","numero_empenho":"0007458","classificacao":"126","data_empenho":"2022-12-01","codigo_credor":"28695805000116","nome_credor":"GB COMERCIO E SERVICOS LTDA - EPP","valor_contratado":4877.58,"valor_pago":0.00},{"codigo_unidade_gestora":"201157","codigo_unidade_orcamentaria":"02090","numero_empenho":"0007459","classificacao":"126","data_empenho":"2022-12-01","codigo_credor":"28695805000116","nome_credor":"GB COMERCIO E SERVICOS LTDA - EPP","valor_contratado":5031.71,"valor_pago":0.00},{"codigo_unidade_gestora":"201157","codigo_unidade_orcamentaria":"02090","numero_empenho":"0007460","classificacao":"126","data_empenho":"2022-12-01","codigo_credor":"28695805000116","nome_credor":"GB COMERCIO E SERVICOS LTDA - EPP","valor_contratado":6095.20,"valor_pago":0.00},{"codigo_unidade_gestora":"201157","codigo_unidade_orcamentaria":"02020","numero_empenho":"0007461","classificacao":"135","data_empenho":"2022-12-01","codigo_credor":"00360305000104","nome_credor":"CAIXA ECONOMICA FEDERAL","valor_contratado":364.65,"valor_pago":364.65},{"codigo_unidade_gestora":"201157","codigo_unidade_orcamentaria":"02110","numero_empenho":"0007462","classificacao":"131","data_empenho":"2022-12-01","codigo_credor":"26804557000179","nome_credor":"JULIANNY DA CUNHA GOUVEIA","valor_contratado":2500.00,"valor_pago":2500.00},{"codigo_unidade_gestora":"201157","codigo_unidade_orcamentaria":"02110","numero_empenho":"0007463","classificacao":"126","data_empenho":"2022-12-01","codigo_credor":"21187875000114","nome_credor":"NEVALTO DE SOUSA PEREIRA","valor_contratado":498.00,"valor_pago":498.00},{"codigo_unidade_gestora":"201157","codigo_unidade_orcamentaria":"02080","numero_empenho":"0007464","classificacao":"135","data_empenho":"2022-12-01","codigo_credor":"32621662000175","nome_credor":"BELARMINO ROQUE DA SILVA NETO 01683378431","valor_contratado":1300.00,"valor_pago":1300.00},{"codigo_unidade_gestora":"201157","codigo_unidade_orcamentaria":"02110","numero_empenho":"0007465","classificacao":"135","data_empenho":"2022-12-01","codigo_credor":"17572003000100","nome_credor":"PHELIPE E VASCONCELOS INFORMATICA LTDA-ME","valor_contratado":350.00,"valor_pago":350.00},{"codigo_unidade_gestora":"201157","codigo_unidade_orcamentaria":"02110","numero_empenho":"0007466","classificacao":"135","data_empenho":"2022-12-01","codigo_credor":"17572003000100","nome_credor":"PHELIPE E VASCONCELOS INFORMATICA LTDA-ME","valor_contratado":718.33,"valor_pago":718.33},{"codigo_unidade_gestora":"201157","codigo_unidade_orcamentaria":"02140","numero_empenho":"0007467","classificacao":"135","data_empenho":"2022-12-01","codigo_credor":"00000000280704","nome_credor":"BANCO DO BRASIL S/A","valor_contratado":11.00,"valor_pago":11.00},{"codigo_unidade_gestora":"201157","codigo_unidade_orcamentaria":"02110","numero_empenho":"0007468","classificacao":"135","data_empenho":"2022-12-01","codigo_credor":"17572003000100","nome_credor":"PHELIPE E VASCONCELOS INFORMATICA LTDA-ME","valor_contratado":718.33,"valor_pago":718.33},{"codigo_unidade_gestora":"201157","codigo_unidade_orcamentaria":"02040","numero_empenho":"0007469","classificacao":"126","data_empenho":"2022-12-01","codigo_credor":"21187875000114","nome_credor":"NEVALTO DE SOUSA PEREIRA","valor_contratado":249.00,"valor_pago":249.00},{"codigo_unidade_gestora":"201157","codigo_unidade_orcamentaria":"02020","numero_empenho":"0007470","classificacao":"135","data_empenho":"2022-12-01","codigo_credor":"00000000280704","nome_credor":"BANCO DO BRASIL S/A","valor_contratado":92.75,"valor_pago":92.75},{"codigo_unidade_gestora":"201157","codigo_unidade_orcamentaria":"02050","numero_empenho":"0007471","classificacao":"126","data_empenho":"2022-12-01","codigo_credor":"21187875000114","nome_credor":"NEVALTO DE SOUSA PEREIRA","valor_contratado":373.50,"valor_pago":373.50},{"codigo_unidade_gestora":"201157","codigo_unidade_orcamentaria":"02110","numero_empenho":"0007472","classificacao":"135","data_empenho":"2022-12-01","codigo_credor":"22494864000140","nome_credor":"POLIVIDA CLINICA DE SAUDE POPULAR LTDA","valor_contratado":2400.00,"valor_pago":2400.00},{"codigo_unidade_gestora":"201157","codigo_unidade_orcamentaria":"02120","numero_empenho":"0007473","classificacao":"135","data_empenho":"2022-12-01","codigo_credor":"19825582000173","nome_credor":"SEBASTIÃO JERONIMO DO NASCIMENTO","valor_contratado":1000.00,"valor_pago":1000.00},{"codigo_unidade_gestora":"201157","codigo_unidade_orcamentaria":"02110","numero_empenho":"0007474","classificacao":"135","data_empenho":"2022-12-01","codigo_credor":"22494864000140","nome_credor":"POLIVIDA CLINICA DE SAUDE POPULAR LTDA","valor_contratado":840.00,"valor_pago":840.00},{"codigo_unidade_gestora":"201157","codigo_unidade_orcamentaria":"02110","numero_empenho":"0007475","classificacao":"135","data_empenho":"2022-12-01","codigo_credor":"22494864000140","nome_credor":"POLIVIDA CLINICA DE SAUDE POPULAR LTDA","valor_contratado":1800.00,"valor_pago":1800.00},{"codigo_unidade_gestora":"201157","codigo_unidade_orcamentaria":"02110","numero_empenho":"0007476","classificacao":"135","data_empenho":"2022-12-01","codigo_credor":"22494864000140","nome_credor":"POLIVIDA CLINICA DE SAUDE POPULAR LTDA","valor_contratado":1800.00,"valor_pago":1800.00},{"codigo_unidade_gestora":"201157","codigo_unidade_orcamentaria":"02040","numero_empenho":"0007477","classificacao":"135","data_empenho":"2022-12-01","codigo_credor":"00000000280704","nome_credor":"BANCO DO BRASIL S/A","valor_contratado":11.00,"valor_pago":11.00},{"codigo_unidade_gestora":"201157","codigo_unidade_orcamentaria":"02140","numero_empenho":"0007478","classificacao":"135","data_empenho":"2022-12-02","codigo_credor":"00000000280704","nome_credor":"BANCO DO BRASIL S/A","valor_contratado":11.00,"valor_pago":11.00},{"codigo_unidade_gestora":"201157","codigo_unidade_orcamentaria":"02070","numero_empenho":"0007479","classificacao":"126","data_empenho":"2022-12-02","codigo_credor":"31424800000163","nome_credor":"ADRIANO GONCALVES RODRIGUES DO NASCIMENTO","valor_contratado":216.00,"valor_pago":216.00},{"codigo_unidade_gestora":"201157","codigo_unidade_orcamentaria":"02050","numero_empenho":"0007480","classificacao":"126","data_empenho":"2022-12-02","codigo_credor":"31424800000163","nome_credor":"ADRIANO GONCALVES RODRIGUES DO NASCIMENTO","valor_contratado":2166.00,"valor_pago":2166.00},{"codigo_unidade_gestora":"201157","codigo_unidade_orcamentaria":"02010","numero_empenho":"0007481","classificacao":"126","data_empenho":"2022-12-02","codigo_credor":"31424800000163","nome_credor":"ADRIANO GONCALVES RODRIGUES DO NASCIMENTO","valor_contratado":174.00,"valor_pago":174.00},{"codigo_unidade_gestora":"201157","codigo_unidade_orcamentaria":"02080","numero_empenho":"0007482","classificacao":"135","data_empenho":"2022-12-02","codigo_credor":"36291941000179","nome_credor":"ANDRE RICARDO BARRETO PERAZZO COSTA","valor_contratado":7849.10,"valor_pago":7849.10},{"codigo_unidade_gestora":"201157","codigo_unidade_orcamentaria":"02020","numero_empenho":"0007483","classificacao":"135","data_empenho":"2022-12-02","codigo_credor":"00000000280704","nome_credor":"BANCO DO BRASIL S/A","valor_contratado":11.00,"valor_pago":11.00},{"codigo_unidade_gestora":"201157","codigo_unidade_orcamentaria":"02080","numero_empenho":"0007484","classificacao":"135","data_empenho":"2022-12-02","codigo_credor":"36291941000179","nome_credor":"ANDRE RICARDO BARRETO PERAZZO COSTA","valor_contratado":7849.10,"valor_pago":7849.10},{"codigo_unidade_gestora":"201157","codigo_unidade_orcamentaria":"02080","numero_empenho":"0007485","classificacao":"135","data_empenho":"2022-12-02","codigo_credor":"36291941000179","nome_credor":"ANDRE RICARDO BARRETO PERAZZO COSTA","valor_contratado":7849.10,"valor_pago":7849.10},{"codigo_unidade_gestora":"201157","codigo_unidade_orcamentaria":"02080","numero_empenho":"0007486","classificacao":"135","data_empenho":"2022-12-02","codigo_credor":"36291941000179","nome_credor":"ANDRE RICARDO BARRETO PERAZZO COSTA","valor_contratado":5382.24,"valor_pago":5382.24},{"codigo_unidade_gestora":"201157","codigo_unidade_orcamentaria":"02050","numero_empenho":"0007487","classificacao":"126","data_empenho":"2022-12-02","codigo_credor":"00009695243401","nome_credor":"JOSEMAR RIBEIRO DO NASCIMENTO","valor_contratado":0.00,"valor_pago":0.00},{"codigo_unidade_gestora":"201157","codigo_unidade_orcamentaria":"02040","numero_empenho":"0007488","classificacao":"135","data_empenho":"2022-12-02","codigo_credor":"00000000280704","nome_credor":"BANCO DO BRASIL S/A","valor_contratado":44.00,"valor_pago":44.00},{"codigo_unidade_gestora":"201157","codigo_unidade_orcamentaria":"02050","numero_empenho":"0007489","classificacao":"126","data_empenho":"2022-12-02","codigo_credor":"00009695243401","nome_credor":"JOSEMAR RIBEIRO DO NASCIMENTO","valor_contratado":0.00,"valor_pago":0.00},{"codigo_unidade_gestora":"201157","codigo_unidade_orcamentaria":"02050","numero_empenho":"0007490","classificacao":"126","data_empenho":"2022-12-02","codigo_credor":"00009695243401","nome_credor":"JOSEMAR RIBEIRO DO NASCIMENTO","valor_contratado":0.00,"valor_pago":0.00},{"codigo_unidade_gestora":"201157","codigo_unidade_orcamentaria":"02050","numero_empenho":"0007491","classificacao":"126","data_empenho":"2022-12-02","codigo_credor":"00009695243401","nome_credor":"JOSEMAR RIBEIRO DO NASCIMENTO","valor_contratado":0.00,"valor_pago":0.00},{"codigo_unidade_gestora":"201157","codigo_unidade_orcamentaria":"02050","numero_empenho":"0007492","classificacao":"126","data_empenho":"2022-12-02","codigo_credor":"00004286077489","nome_credor":"JOSINALDO DOS SANTOS NASCIMENTO","valor_contratado":0.00,"valor_pago":0.00},{"codigo_unidade_gestora":"201157","codigo_unidade_orcamentaria":"02050","numero_empenho":"0007493","classificacao":"126","data_empenho":"2022-12-02","codigo_credor":"00004286077489","nome_credor":"JOSINALDO DOS SANTOS NASCIMENTO","valor_contratado":0.00,"valor_pago":0.00},{"codigo_unidade_gestora":"201157","codigo_unidade_orcamentaria":"02020","numero_empenho":"0007494","classificacao":"135","data_empenho":"2022-12-02","codigo_credor":"00000000280704","nome_credor":"BANCO DO BRASIL S/A","valor_contratado":11.00,"valor_pago":11.00},{"codigo_unidade_gestora":"201157","codigo_unidade_orcamentaria":"02050","numero_empenho":"0007495","classificacao":"126","data_empenho":"2022-12-02","codigo_credor":"00004286077489","nome_credor":"JOSINALDO DOS SANTOS NASCIMENTO","valor_contratado":0.00,"valor_pago":0.00},{"codigo_unidade_gestora":"201157","codigo_unidade_orcamentaria":"02110","numero_empenho":"0007496","classificacao":"135","data_empenho":"2022-12-02","codigo_credor":"34783914000198","nome_credor":"JOSE WAGNER DE LIMA","valor_contratado":12150.00,"valor_pago":12150.00},{"codigo_unidade_gestora":"201157","codigo_unidade_orcamentaria":"02110","numero_empenho":"0007497","classificacao":"126","data_empenho":"2022-12-02","codigo_credor":"02977362000162","nome_credor":"A.COSTA COM.ATAC. DE PROD.FARM. LTDA","valor_contratado":2534.40,"valor_pago":2534.40},{"codigo_unidade_gestora":"201157","codigo_unidade_orcamentaria":"02080","numero_empenho":"0007498","classificacao":"135","data_empenho":"2022-12-02","codigo_credor":"44915286000100","nome_credor":"LIMPA FOSSA SOLANENSE","valor_contratado":600.00,"valor_pago":600.00},{"codigo_unidade_gestora":"201157","codigo_unidade_orcamentaria":"02080","numero_empenho":"0007499","classificacao":"135","data_empenho":"2022-12-02","codigo_credor":"11955108000154","nome_credor":"ECOSOLO GESTAO AMBIENTAL DE RESIDUOS LTDA","valor_contratado":13454.65,"valor_pago":13454.65},{"codigo_unidade_gestora":"201157","codigo_unidade_orcamentaria":"02140","numero_empenho":"0007500","classificacao":"144","data_empenho":"2022-12-02","codigo_credor":"00001530209463","nome_credor":"MARIA APARECIDA DA SILVA","valor_contratado":150.00,"valor_pago":150.00},{"codigo_unidade_gestora":"201157","codigo_unidade_orcamentaria":"02110","numero_empenho":"0007501","classificacao":"126","data_empenho":"2022-12-02","codigo_credor":"08778201000126","nome_credor":"DROGAFONTE LTDA.","valor_contratado":13392.50,"valor_pago":13392.50},{"codigo_unidade_gestora":"201157","codigo_unidade_orcamentaria":"02140","numero_empenho":"0007502","classificacao":"144","data_empenho":"2022-12-02","codigo_credor":"00014376384810","nome_credor":"MARIA ROSANA DA COSTA MELO","valor_contratado":612.00,"valor_pago":612.00},{"codigo_unidade_gestora":"201157","codigo_unidade_orcamentaria":"02140","numero_empenho":"0007503","classificacao":"144","data_empenho":"2022-12-02","codigo_credor":"00005121993455","nome_credor":"SEVERINA CLEMENTINO DOS SANTOS","valor_contratado":612.00,"valor_pago":612.00},{"codigo_unidade_gestora":"201157","codigo_unidade_orcamentaria":"02140","numero_empenho":"0007504","classificacao":"144","data_empenho":"2022-12-02","codigo_credor":"00011539219798","nome_credor":"ROSIMERE MATIAS FIGUEIRA","valor_contratado":612.00,"valor_pago":0.00}]}}