{"size":50,"page":15,"total":766,"count":50,"_embedded":{"empenhos":[{"codigo_unidade_gestora":"201157","codigo_unidade_orcamentaria":"02040","numero_empenho":"0006584","classificacao":"135","data_empenho":"2022-10-27","codigo_credor":"17572003000100","nome_credor":"PHELIPE E VASCONCELOS INFORMATICA LTDA-ME","valor_contratado":1308.98,"valor_pago":1308.98},{"codigo_unidade_gestora":"201157","codigo_unidade_orcamentaria":"02130","numero_empenho":"0006585","classificacao":"105","data_empenho":"2022-10-27","codigo_credor":"09048976000109","nome_credor":"Prefeitura Municipal de Remígio","valor_contratado":5000.00,"valor_pago":5000.00},{"codigo_unidade_gestora":"201157","codigo_unidade_orcamentaria":"02120","numero_empenho":"0006586","classificacao":"105","data_empenho":"2022-10-27","codigo_credor":"09048976000109","nome_credor":"Prefeitura Municipal de Remígio","valor_contratado":4500.00,"valor_pago":4500.00},{"codigo_unidade_gestora":"201157","codigo_unidade_orcamentaria":"02010","numero_empenho":"0006587","classificacao":"98","data_empenho":"2022-10-27","codigo_credor":"09048976000109","nome_credor":"Prefeitura Municipal de Remígio","valor_contratado":2000.00,"valor_pago":2000.00},{"codigo_unidade_gestora":"201157","codigo_unidade_orcamentaria":"02050","numero_empenho":"0006588","classificacao":"98","data_empenho":"2022-10-27","codigo_credor":"09048976000109","nome_credor":"Prefeitura Municipal de Remígio","valor_contratado":128218.94,"valor_pago":128218.94},{"codigo_unidade_gestora":"201157","codigo_unidade_orcamentaria":"02050","numero_empenho":"0006589","classificacao":"98","data_empenho":"2022-10-27","codigo_credor":"09048976000109","nome_credor":"Prefeitura Municipal de Remígio","valor_contratado":61762.79,"valor_pago":61762.79},{"codigo_unidade_gestora":"201157","codigo_unidade_orcamentaria":"02050","numero_empenho":"0006590","classificacao":"98","data_empenho":"2022-10-27","codigo_credor":"09048976000109","nome_credor":"Prefeitura Municipal de Remígio","valor_contratado":38350.44,"valor_pago":38350.44},{"codigo_unidade_gestora":"201157","codigo_unidade_orcamentaria":"02050","numero_empenho":"0006591","classificacao":"98","data_empenho":"2022-10-27","codigo_credor":"09048976000109","nome_credor":"Prefeitura Municipal de Remígio","valor_contratado":36826.80,"valor_pago":36826.80},{"codigo_unidade_gestora":"201157","codigo_unidade_orcamentaria":"02040","numero_empenho":"0006592","classificacao":"98","data_empenho":"2022-10-27","codigo_credor":"09048976000109","nome_credor":"Prefeitura Municipal de Remígio","valor_contratado":23405.00,"valor_pago":23405.00},{"codigo_unidade_gestora":"201157","codigo_unidade_orcamentaria":"02110","numero_empenho":"0006593","classificacao":"98","data_empenho":"2022-10-27","codigo_credor":"09048976000109","nome_credor":"Prefeitura Municipal de Remígio","valor_contratado":10098.50,"valor_pago":10098.50},{"codigo_unidade_gestora":"201157","codigo_unidade_orcamentaria":"02050","numero_empenho":"0006594","classificacao":"105","data_empenho":"2022-10-27","codigo_credor":"09048976000109","nome_credor":"Prefeitura Municipal de Remígio","valor_contratado":397.61,"valor_pago":397.61},{"codigo_unidade_gestora":"201157","codigo_unidade_orcamentaria":"02080","numero_empenho":"0006595","classificacao":"105","data_empenho":"2022-10-27","codigo_credor":"09048976000109","nome_credor":"Prefeitura Municipal de Remígio","valor_contratado":707.00,"valor_pago":707.00},{"codigo_unidade_gestora":"201157","codigo_unidade_orcamentaria":"02140","numero_empenho":"0006596","classificacao":"135","data_empenho":"2022-10-27","codigo_credor":"00000000280704","nome_credor":"BANCO DO BRASIL S/A","valor_contratado":11.00,"valor_pago":11.00},{"codigo_unidade_gestora":"201157","codigo_unidade_orcamentaria":"02110","numero_empenho":"0006597","classificacao":"98","data_empenho":"2022-10-27","codigo_credor":"09048976000109","nome_credor":"Prefeitura Municipal de Remígio","valor_contratado":83978.18,"valor_pago":83978.18},{"codigo_unidade_gestora":"201157","codigo_unidade_orcamentaria":"02110","numero_empenho":"0006598","classificacao":"98","data_empenho":"2022-10-27","codigo_credor":"09048976000109","nome_credor":"Prefeitura Municipal de Remígio","valor_contratado":33284.00,"valor_pago":33284.00},{"codigo_unidade_gestora":"201157","codigo_unidade_orcamentaria":"02110","numero_empenho":"0006599","classificacao":"98","data_empenho":"2022-10-27","codigo_credor":"09048976000109","nome_credor":"Prefeitura Municipal de Remígio","valor_contratado":66457.00,"valor_pago":66457.00},{"codigo_unidade_gestora":"201157","codigo_unidade_orcamentaria":"02110","numero_empenho":"0006600","classificacao":"98","data_empenho":"2022-10-27","codigo_credor":"09048976000109","nome_credor":"Prefeitura Municipal de Remígio","valor_contratado":8500.00,"valor_pago":8500.00},{"codigo_unidade_gestora":"201157","codigo_unidade_orcamentaria":"02110","numero_empenho":"0006601","classificacao":"98","data_empenho":"2022-10-27","codigo_credor":"09048976000109","nome_credor":"Prefeitura Municipal de Remígio","valor_contratado":6500.00,"valor_pago":6500.00},{"codigo_unidade_gestora":"201157","codigo_unidade_orcamentaria":"02110","numero_empenho":"0006602","classificacao":"98","data_empenho":"2022-10-27","codigo_credor":"09048976000109","nome_credor":"Prefeitura Municipal de Remígio","valor_contratado":13376.00,"valor_pago":13376.00},{"codigo_unidade_gestora":"201157","codigo_unidade_orcamentaria":"02020","numero_empenho":"0006603","classificacao":"135","data_empenho":"2022-10-27","codigo_credor":"00000000280704","nome_credor":"BANCO DO BRASIL S/A","valor_contratado":11.00,"valor_pago":11.00},{"codigo_unidade_gestora":"201157","codigo_unidade_orcamentaria":"02110","numero_empenho":"0006604","classificacao":"98","data_empenho":"2022-10-27","codigo_credor":"09048976000109","nome_credor":"Prefeitura Municipal de Remígio","valor_contratado":2424.00,"valor_pago":2424.00},{"codigo_unidade_gestora":"201157","codigo_unidade_orcamentaria":"02070","numero_empenho":"0006605","classificacao":"98","data_empenho":"2022-10-27","codigo_credor":"09048976000109","nome_credor":"Prefeitura Municipal de Remígio","valor_contratado":2524.00,"valor_pago":2524.00},{"codigo_unidade_gestora":"201157","codigo_unidade_orcamentaria":"02080","numero_empenho":"0006606","classificacao":"98","data_empenho":"2022-10-27","codigo_credor":"09048976000109","nome_credor":"Prefeitura Municipal de Remígio","valor_contratado":13720.00,"valor_pago":13720.00},{"codigo_unidade_gestora":"201157","codigo_unidade_orcamentaria":"02010","numero_empenho":"0006607","classificacao":"135","data_empenho":"2022-10-27","codigo_credor":"09366790000106","nome_credor":"EMPRESA PARAIBANA DE COMUNICAÇÃO S.A -EPC","valor_contratado":974.00,"valor_pago":974.00},{"codigo_unidade_gestora":"201157","codigo_unidade_orcamentaria":"02080","numero_empenho":"0006608","classificacao":"98","data_empenho":"2022-10-27","codigo_credor":"09048976000109","nome_credor":"Prefeitura Municipal de Remígio","valor_contratado":2000.00,"valor_pago":2000.00},{"codigo_unidade_gestora":"201157","codigo_unidade_orcamentaria":"02050","numero_empenho":"0006609","classificacao":"114","data_empenho":"2022-10-27","codigo_credor":"61600839000155","nome_credor":"CIEE-CENTRO DE INTEGRAÇÃO EMPRESA ESCOLA","valor_contratado":36025.42,"valor_pago":36025.42},{"codigo_unidade_gestora":"201157","codigo_unidade_orcamentaria":"02090","numero_empenho":"0006610","classificacao":"98","data_empenho":"2022-10-27","codigo_credor":"09048976000109","nome_credor":"Prefeitura Municipal de Remígio","valor_contratado":1312.00,"valor_pago":1312.00},{"codigo_unidade_gestora":"201157","codigo_unidade_orcamentaria":"02050","numero_empenho":"0006611","classificacao":"114","data_empenho":"2022-10-27","codigo_credor":"61600839000155","nome_credor":"CIEE-CENTRO DE INTEGRAÇÃO EMPRESA ESCOLA","valor_contratado":2403.18,"valor_pago":2403.18},{"codigo_unidade_gestora":"201157","codigo_unidade_orcamentaria":"02040","numero_empenho":"0006612","classificacao":"135","data_empenho":"2022-10-27","codigo_credor":"00000000280704","nome_credor":"BANCO DO BRASIL S/A","valor_contratado":44.00,"valor_pago":44.00},{"codigo_unidade_gestora":"201157","codigo_unidade_orcamentaria":"02030","numero_empenho":"0006613","classificacao":"187","data_empenho":"2022-10-27","codigo_credor":"09283185000163","nome_credor":"JOAO PESSOA TRIBUNAL DE JUSTIÇA DO ESTADO DA PARAIBA","valor_contratado":363.60,"valor_pago":363.60},{"codigo_unidade_gestora":"201157","codigo_unidade_orcamentaria":"02020","numero_empenho":"0006614","classificacao":"108","data_empenho":"2022-10-27","codigo_credor":"70097811000138","nome_credor":"IPSER/FOLHA DE PAGAMENTO/SAL.FAMILIA","valor_contratado":21174.38,"valor_pago":21174.38},{"codigo_unidade_gestora":"201157","codigo_unidade_orcamentaria":"02020","numero_empenho":"0006615","classificacao":"108","data_empenho":"2022-10-27","codigo_credor":"70097811000138","nome_credor":"IPSER/FOLHA DE PAGAMENTO/SAL.FAMILIA","valor_contratado":130.94,"valor_pago":130.94},{"codigo_unidade_gestora":"201157","codigo_unidade_orcamentaria":"02110","numero_empenho":"0006616","classificacao":"108","data_empenho":"2022-10-27","codigo_credor":"70097811000138","nome_credor":"IPSER/FOLHA DE PAGAMENTO/SAL.FAMILIA","valor_contratado":4384.09,"valor_pago":4384.09},{"codigo_unidade_gestora":"201157","codigo_unidade_orcamentaria":"02040","numero_empenho":"0006617","classificacao":"108","data_empenho":"2022-10-27","codigo_credor":"70097811000138","nome_credor":"IPSER/FOLHA DE PAGAMENTO/SAL.FAMILIA","valor_contratado":25054.06,"valor_pago":25054.06},{"codigo_unidade_gestora":"201157","codigo_unidade_orcamentaria":"02050","numero_empenho":"0006618","classificacao":"108","data_empenho":"2022-10-27","codigo_credor":"70097811000138","nome_credor":"IPSER/FOLHA DE PAGAMENTO/SAL.FAMILIA","valor_contratado":187411.22,"valor_pago":187411.22},{"codigo_unidade_gestora":"201157","codigo_unidade_orcamentaria":"02070","numero_empenho":"0006619","classificacao":"108","data_empenho":"2022-10-27","codigo_credor":"70097811000138","nome_credor":"IPSER/FOLHA DE PAGAMENTO/SAL.FAMILIA","valor_contratado":2247.99,"valor_pago":2247.99},{"codigo_unidade_gestora":"201157","codigo_unidade_orcamentaria":"02050","numero_empenho":"0006620","classificacao":"108","data_empenho":"2022-10-27","codigo_credor":"70097811000138","nome_credor":"IPSER/FOLHA DE PAGAMENTO/SAL.FAMILIA","valor_contratado":5979.81,"valor_pago":5979.81},{"codigo_unidade_gestora":"201157","codigo_unidade_orcamentaria":"02110","numero_empenho":"0006621","classificacao":"108","data_empenho":"2022-10-27","codigo_credor":"70097811000138","nome_credor":"IPSER/FOLHA DE PAGAMENTO/SAL.FAMILIA","valor_contratado":23126.22,"valor_pago":23126.22},{"codigo_unidade_gestora":"201157","codigo_unidade_orcamentaria":"02110","numero_empenho":"0006622","classificacao":"126","data_empenho":"2022-10-27","codigo_credor":"22226670000163","nome_credor":"R.L COMERCIO VAREJISTA DE MULTI UTILIDADES LTDA","valor_contratado":300.00,"valor_pago":300.00},{"codigo_unidade_gestora":"201157","codigo_unidade_orcamentaria":"02050","numero_empenho":"0006623","classificacao":"108","data_empenho":"2022-10-27","codigo_credor":"70097811000138","nome_credor":"IPSER/FOLHA DE PAGAMENTO/SAL.FAMILIA","valor_contratado":215.49,"valor_pago":215.49},{"codigo_unidade_gestora":"201157","codigo_unidade_orcamentaria":"02110","numero_empenho":"0006624","classificacao":"126","data_empenho":"2022-10-27","codigo_credor":"22226670000163","nome_credor":"R.L COMERCIO VAREJISTA DE MULTI UTILIDADES LTDA","valor_contratado":340.00,"valor_pago":340.00},{"codigo_unidade_gestora":"201157","codigo_unidade_orcamentaria":"02040","numero_empenho":"0006625","classificacao":"126","data_empenho":"2022-10-27","codigo_credor":"22226670000163","nome_credor":"R.L COMERCIO VAREJISTA DE MULTI UTILIDADES LTDA","valor_contratado":160.00,"valor_pago":160.00},{"codigo_unidade_gestora":"201157","codigo_unidade_orcamentaria":"02110","numero_empenho":"0006626","classificacao":"135","data_empenho":"2022-10-28","codigo_credor":"18110666000168","nome_credor":"ROGERIO RODRIGUES DE MELO","valor_contratado":1500.00,"valor_pago":1500.00},{"codigo_unidade_gestora":"201157","codigo_unidade_orcamentaria":"02030","numero_empenho":"0006627","classificacao":"131","data_empenho":"2022-10-28","codigo_credor":"20503858000186","nome_credor":"SILANS & SILVA ADVOGADOS","valor_contratado":3500.00,"valor_pago":3500.00},{"codigo_unidade_gestora":"201157","codigo_unidade_orcamentaria":"02140","numero_empenho":"0006628","classificacao":"131","data_empenho":"2022-10-28","codigo_credor":"45419753000174","nome_credor":"VIVIANN FRANCISCA SALES FERNANDES 01175933465","valor_contratado":1400.00,"valor_pago":1400.00},{"codigo_unidade_gestora":"201157","codigo_unidade_orcamentaria":"02110","numero_empenho":"0006629","classificacao":"135","data_empenho":"2022-10-28","codigo_credor":"19500415000152","nome_credor":"EDER BATISTA DE SOUSA","valor_contratado":13050.00,"valor_pago":13050.00},{"codigo_unidade_gestora":"201157","codigo_unidade_orcamentaria":"02020","numero_empenho":"0006630","classificacao":"136","data_empenho":"2022-10-28","codigo_credor":"07553129000176","nome_credor":"PUBLIC SOFTWARE INFORMATICA LTDA-ME","valor_contratado":5790.50,"valor_pago":5790.50},{"codigo_unidade_gestora":"201157","codigo_unidade_orcamentaria":"02020","numero_empenho":"0006631","classificacao":"143","data_empenho":"2022-10-28","codigo_credor":"00000000280704","nome_credor":"BANCO DO BRASIL S/A","valor_contratado":6401.44,"valor_pago":6401.44},{"codigo_unidade_gestora":"201157","codigo_unidade_orcamentaria":"02090","numero_empenho":"0006632","classificacao":"132","data_empenho":"2022-10-28","codigo_credor":"00013232193404","nome_credor":"LEONARDO JARDELINO DA COSTA","valor_contratado":10080.00,"valor_pago":10080.00},{"codigo_unidade_gestora":"201157","codigo_unidade_orcamentaria":"02140","numero_empenho":"0006633","classificacao":"135","data_empenho":"2022-10-28","codigo_credor":"00000000280704","nome_credor":"BANCO DO BRASIL S/A","valor_contratado":11.00,"valor_pago":11.00}]}}