{"size":50,"page":8,"total":522,"count":50,"_embedded":{"empenhos":[{"codigo_unidade_gestora":"201157","codigo_unidade_orcamentaria":"02010","numero_empenho":"0001102","classificacao":"150","data_empenho":"2022-03-21","codigo_credor":"07456969000110","nome_credor":"MICROTECNOLOGIA INFORMATICA LTDA","valor_contratado":2470.00,"valor_pago":2470.00},{"codigo_unidade_gestora":"201157","codigo_unidade_orcamentaria":"02120","numero_empenho":"0001103","classificacao":"126","data_empenho":"2022-03-21","codigo_credor":"41127804000133","nome_credor":"LOJAS PALOMA TECIDOS LTDA -EPP","valor_contratado":1173.31,"valor_pago":1173.31},{"codigo_unidade_gestora":"201157","codigo_unidade_orcamentaria":"02020","numero_empenho":"0001104","classificacao":"135","data_empenho":"2022-03-21","codigo_credor":"00000000280704","nome_credor":"BANCO DO BRASIL S/A","valor_contratado":11.00,"valor_pago":11.00},{"codigo_unidade_gestora":"201157","codigo_unidade_orcamentaria":"02120","numero_empenho":"0001105","classificacao":"126","data_empenho":"2022-03-21","codigo_credor":"02944599004304","nome_credor":"COSTA RICA MALHAS E CONFECCOES LTDA CAMPINA","valor_contratado":2140.92,"valor_pago":2140.92},{"codigo_unidade_gestora":"201157","codigo_unidade_orcamentaria":"02050","numero_empenho":"0001106","classificacao":"135","data_empenho":"2022-03-21","codigo_credor":"60746948000112","nome_credor":"BANCO BRADESCO S/A","valor_contratado":66.30,"valor_pago":66.30},{"codigo_unidade_gestora":"201157","codigo_unidade_orcamentaria":"02070","numero_empenho":"0001107","classificacao":"135","data_empenho":"2022-03-22","codigo_credor":"09095183000140","nome_credor":"ENERGISA","valor_contratado":144.56,"valor_pago":144.56},{"codigo_unidade_gestora":"201157","codigo_unidade_orcamentaria":"02010","numero_empenho":"0001108","classificacao":"97","data_empenho":"2022-03-22","codigo_credor":"00636397000102","nome_credor":"FAMUP","valor_contratado":1300.00,"valor_pago":1300.00},{"codigo_unidade_gestora":"201157","codigo_unidade_orcamentaria":"02110","numero_empenho":"0001109","classificacao":"126","data_empenho":"2022-03-22","codigo_credor":"38827087000148","nome_credor":"MODERNA HOSPITALAR COMERCIO DE MATERIAIS MEDICOS E ORTOPEDICOS LTDA","valor_contratado":205.60,"valor_pago":205.60},{"codigo_unidade_gestora":"201157","codigo_unidade_orcamentaria":"02110","numero_empenho":"0001110","classificacao":"126","data_empenho":"2022-03-22","codigo_credor":"43018221000108","nome_credor":"PC VARIEDADES LTDA","valor_contratado":413.60,"valor_pago":413.60},{"codigo_unidade_gestora":"201157","codigo_unidade_orcamentaria":"02020","numero_empenho":"0001111","classificacao":"135","data_empenho":"2022-03-22","codigo_credor":"04685950000158","nome_credor":"AZUS COPY CENTER COM.E SERVICOS LTDA","valor_contratado":325.00,"valor_pago":325.00},{"codigo_unidade_gestora":"201157","codigo_unidade_orcamentaria":"02110","numero_empenho":"0001112","classificacao":"135","data_empenho":"2022-03-22","codigo_credor":"30431360000109","nome_credor":"CITO MAMA SERVI?OS DE DIAGNOSTICOS POR IMAGEM LTDA","valor_contratado":3626.00,"valor_pago":3626.00},{"codigo_unidade_gestora":"201157","codigo_unidade_orcamentaria":"02040","numero_empenho":"0001113","classificacao":"126","data_empenho":"2022-03-22","codigo_credor":"10852945000195","nome_credor":"SCD COMERCIO DE APARELHOS ORTOPEDICOS LTDA","valor_contratado":1380.00,"valor_pago":1380.00},{"codigo_unidade_gestora":"201157","codigo_unidade_orcamentaria":"02110","numero_empenho":"0001114","classificacao":"126","data_empenho":"2022-03-22","codigo_credor":"42878093000100","nome_credor":"JCASIF COMERCIO VAREJISTA DE CEREAIS LTDA","valor_contratado":4217.00,"valor_pago":4217.00},{"codigo_unidade_gestora":"201157","codigo_unidade_orcamentaria":"02080","numero_empenho":"0001115","classificacao":"126","data_empenho":"2022-03-22","codigo_credor":"04358477000102","nome_credor":"COMERCIAL ACO BOMPRECO LTDA","valor_contratado":1700.77,"valor_pago":1700.77},{"codigo_unidade_gestora":"201157","codigo_unidade_orcamentaria":"02020","numero_empenho":"0001116","classificacao":"135","data_empenho":"2022-03-22","codigo_credor":"00000000280704","nome_credor":"BANCO DO BRASIL S/A","valor_contratado":44.00,"valor_pago":44.00},{"codigo_unidade_gestora":"201157","codigo_unidade_orcamentaria":"02050","numero_empenho":"0001117","classificacao":"135","data_empenho":"2022-03-22","codigo_credor":"60746948000112","nome_credor":"BANCO BRADESCO S/A","valor_contratado":165.75,"valor_pago":165.75},{"codigo_unidade_gestora":"201157","codigo_unidade_orcamentaria":"02050","numero_empenho":"0001118","classificacao":"135","data_empenho":"2022-03-22","codigo_credor":"04685950000158","nome_credor":"AZUS COPY CENTER COM.E SERVICOS LTDA","valor_contratado":921.08,"valor_pago":921.08},{"codigo_unidade_gestora":"201157","codigo_unidade_orcamentaria":"02020","numero_empenho":"0001119","classificacao":"135","data_empenho":"2022-03-22","codigo_credor":"04685950000158","nome_credor":"AZUS COPY CENTER COM.E SERVICOS LTDA","valor_contratado":650.00,"valor_pago":650.00},{"codigo_unidade_gestora":"201157","codigo_unidade_orcamentaria":"02090","numero_empenho":"0001120","classificacao":"135","data_empenho":"2022-03-22","codigo_credor":"09095183000140","nome_credor":"ENERGISA","valor_contratado":30.14,"valor_pago":30.14},{"codigo_unidade_gestora":"201157","codigo_unidade_orcamentaria":"02090","numero_empenho":"0001121","classificacao":"135","data_empenho":"2022-03-22","codigo_credor":"09095183000140","nome_credor":"ENERGISA","valor_contratado":40.73,"valor_pago":40.73},{"codigo_unidade_gestora":"201157","codigo_unidade_orcamentaria":"02040","numero_empenho":"0001122","classificacao":"135","data_empenho":"2022-03-22","codigo_credor":"00000000280704","nome_credor":"BANCO DO BRASIL S/A","valor_contratado":11.00,"valor_pago":11.00},{"codigo_unidade_gestora":"201157","codigo_unidade_orcamentaria":"02040","numero_empenho":"0001123","classificacao":"135","data_empenho":"2022-03-23","codigo_credor":"09095183000140","nome_credor":"ENERGISA","valor_contratado":106.67,"valor_pago":106.67},{"codigo_unidade_gestora":"201157","codigo_unidade_orcamentaria":"02110","numero_empenho":"0001124","classificacao":"126","data_empenho":"2022-03-23","codigo_credor":"09478023000180","nome_credor":"SANTOS & LUCENA LTDA","valor_contratado":797.40,"valor_pago":797.40},{"codigo_unidade_gestora":"201157","codigo_unidade_orcamentaria":"02110","numero_empenho":"0001125","classificacao":"126","data_empenho":"2022-03-23","codigo_credor":"09560267000108","nome_credor":"BETANIAMED COMERCIAL LTDA","valor_contratado":770.00,"valor_pago":770.00},{"codigo_unidade_gestora":"201157","codigo_unidade_orcamentaria":"02040","numero_empenho":"0001126","classificacao":"135","data_empenho":"2022-03-23","codigo_credor":"09095183000140","nome_credor":"ENERGISA","valor_contratado":89.25,"valor_pago":89.25},{"codigo_unidade_gestora":"201157","codigo_unidade_orcamentaria":"02110","numero_empenho":"0001127","classificacao":"126","data_empenho":"2022-03-23","codigo_credor":"09560267000108","nome_credor":"BETANIAMED COMERCIAL LTDA","valor_contratado":770.00,"valor_pago":770.00},{"codigo_unidade_gestora":"201157","codigo_unidade_orcamentaria":"02050","numero_empenho":"0001128","classificacao":"135","data_empenho":"2022-03-23","codigo_credor":"27123627000196","nome_credor":"MARILIA DA SILVA CAVALCANTE - 08142292475","valor_contratado":1120.00,"valor_pago":1120.00},{"codigo_unidade_gestora":"201157","codigo_unidade_orcamentaria":"02010","numero_empenho":"0001129","classificacao":"131","data_empenho":"2022-03-24","codigo_credor":"10954450000177","nome_credor":"IRAMILTON SATIRO DA NOBREGA","valor_contratado":2600.00,"valor_pago":2600.00},{"codigo_unidade_gestora":"201157","codigo_unidade_orcamentaria":"02080","numero_empenho":"0001130","classificacao":"126","data_empenho":"2022-03-24","codigo_credor":"15609075000141","nome_credor":"CICERO GEOVANIO PRAZERES MELO - ME","valor_contratado":1872.00,"valor_pago":1872.00},{"codigo_unidade_gestora":"201157","codigo_unidade_orcamentaria":"02110","numero_empenho":"0001131","classificacao":"126","data_empenho":"2022-03-24","codigo_credor":"17227485000153","nome_credor":"LG PRODUTOS HOSPITALARES LTDA","valor_contratado":16782.21,"valor_pago":16782.21},{"codigo_unidade_gestora":"201157","codigo_unidade_orcamentaria":"02080","numero_empenho":"0001132","classificacao":"126","data_empenho":"2022-03-24","codigo_credor":"15609075000141","nome_credor":"CICERO GEOVANIO PRAZERES MELO - ME","valor_contratado":1320.00,"valor_pago":1320.00},{"codigo_unidade_gestora":"201157","codigo_unidade_orcamentaria":"02080","numero_empenho":"0001133","classificacao":"126","data_empenho":"2022-03-24","codigo_credor":"15609075000141","nome_credor":"CICERO GEOVANIO PRAZERES MELO - ME","valor_contratado":1320.00,"valor_pago":1320.00},{"codigo_unidade_gestora":"201157","codigo_unidade_orcamentaria":"02110","numero_empenho":"0001134","classificacao":"126","data_empenho":"2022-03-24","codigo_credor":"17227485000153","nome_credor":"LG PRODUTOS HOSPITALARES LTDA","valor_contratado":5012.25,"valor_pago":5012.25},{"codigo_unidade_gestora":"201157","codigo_unidade_orcamentaria":"02110","numero_empenho":"0001135","classificacao":"126","data_empenho":"2022-03-24","codigo_credor":"17227485000153","nome_credor":"LG PRODUTOS HOSPITALARES LTDA","valor_contratado":19984.25,"valor_pago":19984.25},{"codigo_unidade_gestora":"201157","codigo_unidade_orcamentaria":"02080","numero_empenho":"0001136","classificacao":"126","data_empenho":"2022-03-24","codigo_credor":"15609075000141","nome_credor":"CICERO GEOVANIO PRAZERES MELO - ME","valor_contratado":1008.00,"valor_pago":1008.00},{"codigo_unidade_gestora":"201157","codigo_unidade_orcamentaria":"02080","numero_empenho":"0001137","classificacao":"126","data_empenho":"2022-03-24","codigo_credor":"15609075000141","nome_credor":"CICERO GEOVANIO PRAZERES MELO - ME","valor_contratado":862.00,"valor_pago":862.00},{"codigo_unidade_gestora":"201157","codigo_unidade_orcamentaria":"02080","numero_empenho":"0001138","classificacao":"126","data_empenho":"2022-03-24","codigo_credor":"15609075000141","nome_credor":"CICERO GEOVANIO PRAZERES MELO - ME","valor_contratado":1388.00,"valor_pago":1388.00},{"codigo_unidade_gestora":"201157","codigo_unidade_orcamentaria":"02110","numero_empenho":"0001139","classificacao":"126","data_empenho":"2022-03-24","codigo_credor":"02977362000162","nome_credor":"A.COSTA COM.ATAC. DE PROD.FARM. LTDA","valor_contratado":4908.30,"valor_pago":4908.30},{"codigo_unidade_gestora":"201157","codigo_unidade_orcamentaria":"02080","numero_empenho":"0001140","classificacao":"135","data_empenho":"2022-03-25","codigo_credor":"23960587000186","nome_credor":"ARLINDO SOARES DA SILVA 03406315461","valor_contratado":1280.00,"valor_pago":1280.00},{"codigo_unidade_gestora":"201157","codigo_unidade_orcamentaria":"02010","numero_empenho":"0001141","classificacao":"135","data_empenho":"2022-03-25","codigo_credor":"09366790000106","nome_credor":"EMPRESA PARAIBANA DE COMUNICAÇÃO S.A -EPC","valor_contratado":682.00,"valor_pago":682.00},{"codigo_unidade_gestora":"201157","codigo_unidade_orcamentaria":"02010","numero_empenho":"0001142","classificacao":"135","data_empenho":"2022-03-25","codigo_credor":"09366790000106","nome_credor":"EMPRESA PARAIBANA DE COMUNICAÇÃO S.A -EPC","valor_contratado":3129.00,"valor_pago":3129.00},{"codigo_unidade_gestora":"201157","codigo_unidade_orcamentaria":"02010","numero_empenho":"0001143","classificacao":"135","data_empenho":"2022-03-25","codigo_credor":"09366790000106","nome_credor":"EMPRESA PARAIBANA DE COMUNICAÇÃO S.A -EPC","valor_contratado":1020.00,"valor_pago":1020.00},{"codigo_unidade_gestora":"201157","codigo_unidade_orcamentaria":"02080","numero_empenho":"0001144","classificacao":"135","data_empenho":"2022-03-25","codigo_credor":"39366386000195","nome_credor":"KELLY HYANNY FERNANDES FARIAS","valor_contratado":771.00,"valor_pago":771.00},{"codigo_unidade_gestora":"201157","codigo_unidade_orcamentaria":"02020","numero_empenho":"0001145","classificacao":"135","data_empenho":"2022-03-25","codigo_credor":"41860308000194","nome_credor":"JULIANO BASILIO DA SILVA","valor_contratado":1450.00,"valor_pago":1450.00},{"codigo_unidade_gestora":"201157","codigo_unidade_orcamentaria":"02020","numero_empenho":"0001146","classificacao":"136","data_empenho":"2022-03-25","codigo_credor":"03500830000176","nome_credor":"RICARDO GUERRA INFORMATICA-ME","valor_contratado":1000.00,"valor_pago":1000.00},{"codigo_unidade_gestora":"201157","codigo_unidade_orcamentaria":"02110","numero_empenho":"0001147","classificacao":"126","data_empenho":"2022-03-25","codigo_credor":"02977362000162","nome_credor":"A.COSTA COM.ATAC. DE PROD.FARM. LTDA","valor_contratado":880.00,"valor_pago":880.00},{"codigo_unidade_gestora":"201157","codigo_unidade_orcamentaria":"02040","numero_empenho":"0001148","classificacao":"126","data_empenho":"2022-03-25","codigo_credor":"32481097000198","nome_credor":"NIVAN BEZERRA DA COSTA NETO","valor_contratado":4171.44,"valor_pago":4171.44},{"codigo_unidade_gestora":"201157","codigo_unidade_orcamentaria":"02020","numero_empenho":"0001149","classificacao":"135","data_empenho":"2022-03-25","codigo_credor":"00360305000104","nome_credor":"CAIXA ECONOMICA FEDERAL","valor_contratado":49.00,"valor_pago":49.00},{"codigo_unidade_gestora":"201157","codigo_unidade_orcamentaria":"02020","numero_empenho":"0001150","classificacao":"135","data_empenho":"2022-03-25","codigo_credor":"00360305000104","nome_credor":"CAIXA ECONOMICA FEDERAL","valor_contratado":49.00,"valor_pago":49.00},{"codigo_unidade_gestora":"201157","codigo_unidade_orcamentaria":"02020","numero_empenho":"0001151","classificacao":"135","data_empenho":"2022-03-25","codigo_credor":"00360305000104","nome_credor":"CAIXA ECONOMICA FEDERAL","valor_contratado":49.00,"valor_pago":49.00}]}}