{"size":50,"page":13,"total":717,"count":50,"_embedded":{"empenhos":[{"codigo_unidade_gestora":"201157","codigo_unidade_orcamentaria":"02080","numero_empenho":"0002584","classificacao":"135","data_empenho":"2022-05-25","codigo_credor":"09095183000140","nome_credor":"ENERGISA","valor_contratado":214.78,"valor_pago":214.78},{"codigo_unidade_gestora":"201157","codigo_unidade_orcamentaria":"02060","numero_empenho":"0002585","classificacao":"110","data_empenho":"2022-05-25","codigo_credor":"00002979360422","nome_credor":"ALEX DO CARMO NOGUEIRA","valor_contratado":45.00,"valor_pago":45.00},{"codigo_unidade_gestora":"201157","codigo_unidade_orcamentaria":"02060","numero_empenho":"0002586","classificacao":"110","data_empenho":"2022-05-25","codigo_credor":"00002827258498","nome_credor":"ISVALDO GONÇALVES DE SOUZA","valor_contratado":45.00,"valor_pago":45.00},{"codigo_unidade_gestora":"201157","codigo_unidade_orcamentaria":"02060","numero_empenho":"0002587","classificacao":"110","data_empenho":"2022-05-25","codigo_credor":"00033017514404","nome_credor":"JURANDI VITORINO DA SILVA","valor_contratado":45.00,"valor_pago":45.00},{"codigo_unidade_gestora":"201157","codigo_unidade_orcamentaria":"02060","numero_empenho":"0002588","classificacao":"110","data_empenho":"2022-05-25","codigo_credor":"00004166180495","nome_credor":"JULIANO GUILHERME DA COSTA SOUTO","valor_contratado":45.00,"valor_pago":45.00},{"codigo_unidade_gestora":"201157","codigo_unidade_orcamentaria":"02060","numero_empenho":"0002589","classificacao":"110","data_empenho":"2022-05-25","codigo_credor":"00097705055449","nome_credor":"ERIVELTO VITOR DOS SANTOS","valor_contratado":45.00,"valor_pago":45.00},{"codigo_unidade_gestora":"201157","codigo_unidade_orcamentaria":"02060","numero_empenho":"0002590","classificacao":"110","data_empenho":"2022-05-25","codigo_credor":"00041249313449","nome_credor":"RILDO MARINHO VIEIRA","valor_contratado":45.00,"valor_pago":45.00},{"codigo_unidade_gestora":"201157","codigo_unidade_orcamentaria":"02020","numero_empenho":"0002591","classificacao":"135","data_empenho":"2022-05-25","codigo_credor":"00360305000104","nome_credor":"CAIXA ECONOMICA FEDERAL","valor_contratado":49.00,"valor_pago":49.00},{"codigo_unidade_gestora":"201157","codigo_unidade_orcamentaria":"02020","numero_empenho":"0002592","classificacao":"135","data_empenho":"2022-05-25","codigo_credor":"00360305000104","nome_credor":"CAIXA ECONOMICA FEDERAL","valor_contratado":49.00,"valor_pago":49.00},{"codigo_unidade_gestora":"201157","codigo_unidade_orcamentaria":"02020","numero_empenho":"0002593","classificacao":"135","data_empenho":"2022-05-25","codigo_credor":"00360305000104","nome_credor":"CAIXA ECONOMICA FEDERAL","valor_contratado":49.00,"valor_pago":49.00},{"codigo_unidade_gestora":"201157","codigo_unidade_orcamentaria":"02020","numero_empenho":"0002594","classificacao":"135","data_empenho":"2022-05-25","codigo_credor":"00000000280704","nome_credor":"BANCO DO BRASIL S/A","valor_contratado":110.00,"valor_pago":110.00},{"codigo_unidade_gestora":"201157","codigo_unidade_orcamentaria":"02080","numero_empenho":"0002595","classificacao":"135","data_empenho":"2022-05-25","codigo_credor":"00360305000104","nome_credor":"CAIXA ECONOMICA FEDERAL","valor_contratado":0.00,"valor_pago":0.00},{"codigo_unidade_gestora":"201157","codigo_unidade_orcamentaria":"02020","numero_empenho":"0002596","classificacao":"135","data_empenho":"2022-05-25","codigo_credor":"00000000280704","nome_credor":"BANCO DO BRASIL S/A","valor_contratado":11.00,"valor_pago":11.00},{"codigo_unidade_gestora":"201157","codigo_unidade_orcamentaria":"02040","numero_empenho":"0002597","classificacao":"135","data_empenho":"2022-05-25","codigo_credor":"00000000280704","nome_credor":"BANCO DO BRASIL S/A","valor_contratado":33.00,"valor_pago":33.00},{"codigo_unidade_gestora":"201157","codigo_unidade_orcamentaria":"02140","numero_empenho":"0002598","classificacao":"144","data_empenho":"2022-05-26","codigo_credor":"00017421355871","nome_credor":"LUCIA MARIA PEREIRA DA SILVA","valor_contratado":600.00,"valor_pago":600.00},{"codigo_unidade_gestora":"201157","codigo_unidade_orcamentaria":"02140","numero_empenho":"0002599","classificacao":"144","data_empenho":"2022-05-26","codigo_credor":"00010642868441","nome_credor":"ANA REGINA BATISTA DE ANDRADE","valor_contratado":612.00,"valor_pago":612.00},{"codigo_unidade_gestora":"201157","codigo_unidade_orcamentaria":"02080","numero_empenho":"0002600","classificacao":"143","data_empenho":"2022-05-26","codigo_credor":"02494312000124","nome_credor":"SECRETARIA DA RECEITA FEDERAL DO BRASIL","valor_contratado":2926.52,"valor_pago":2926.52},{"codigo_unidade_gestora":"201157","codigo_unidade_orcamentaria":"02140","numero_empenho":"0002601","classificacao":"144","data_empenho":"2022-05-26","codigo_credor":"00005222317480","nome_credor":"MARIA JOSE CAVALCANTE DA SILVA","valor_contratado":600.00,"valor_pago":600.00},{"codigo_unidade_gestora":"201157","codigo_unidade_orcamentaria":"02140","numero_empenho":"0002602","classificacao":"144","data_empenho":"2022-05-26","codigo_credor":"00006914419442","nome_credor":"MARIA CELINA ALVES DA SILVA","valor_contratado":300.00,"valor_pago":300.00},{"codigo_unidade_gestora":"201157","codigo_unidade_orcamentaria":"02140","numero_empenho":"0002603","classificacao":"144","data_empenho":"2022-05-26","codigo_credor":"00005595748435","nome_credor":"ALESSANDRA CAVALCANTE BARBOSA","valor_contratado":300.00,"valor_pago":300.00},{"codigo_unidade_gestora":"201157","codigo_unidade_orcamentaria":"02140","numero_empenho":"0002604","classificacao":"144","data_empenho":"2022-05-26","codigo_credor":"00005996636425","nome_credor":"MARIA JOSE DA COSTA","valor_contratado":200.00,"valor_pago":200.00},{"codigo_unidade_gestora":"201157","codigo_unidade_orcamentaria":"02140","numero_empenho":"0002605","classificacao":"144","data_empenho":"2022-05-26","codigo_credor":"00035569342800","nome_credor":"RAQUEL SALES DE ANDRADE","valor_contratado":200.00,"valor_pago":200.00},{"codigo_unidade_gestora":"201157","codigo_unidade_orcamentaria":"02140","numero_empenho":"0002606","classificacao":"144","data_empenho":"2022-05-26","codigo_credor":"00070927919443","nome_credor":"JOSE RAFAEL QUIRINO DOS SANTOS","valor_contratado":600.00,"valor_pago":600.00},{"codigo_unidade_gestora":"201157","codigo_unidade_orcamentaria":"02140","numero_empenho":"0002607","classificacao":"144","data_empenho":"2022-05-26","codigo_credor":"00082643822404","nome_credor":"JOSE SOARES PEREIRA","valor_contratado":200.00,"valor_pago":200.00},{"codigo_unidade_gestora":"201157","codigo_unidade_orcamentaria":"02140","numero_empenho":"0002608","classificacao":"144","data_empenho":"2022-05-26","codigo_credor":"00070151965498","nome_credor":"ANYELE RAQUEL PEREIRA","valor_contratado":200.00,"valor_pago":200.00},{"codigo_unidade_gestora":"201157","codigo_unidade_orcamentaria":"02140","numero_empenho":"0002609","classificacao":"144","data_empenho":"2022-05-26","codigo_credor":"00008883192400","nome_credor":"GIRLAN FELICIO","valor_contratado":200.00,"valor_pago":200.00},{"codigo_unidade_gestora":"201157","codigo_unidade_orcamentaria":"02070","numero_empenho":"0002610","classificacao":"135","data_empenho":"2022-05-26","codigo_credor":"76535764001972","nome_credor":"OI S.A.","valor_contratado":178.72,"valor_pago":178.72},{"codigo_unidade_gestora":"201157","codigo_unidade_orcamentaria":"02020","numero_empenho":"0002611","classificacao":"108","data_empenho":"2022-05-26","codigo_credor":"70097811000138","nome_credor":"IPSER/FOLHA DE PAGAMENTO/SAL.FAMILIA","valor_contratado":21222.30,"valor_pago":21222.30},{"codigo_unidade_gestora":"201157","codigo_unidade_orcamentaria":"02110","numero_empenho":"0002612","classificacao":"108","data_empenho":"2022-05-26","codigo_credor":"70097811000138","nome_credor":"IPSER/FOLHA DE PAGAMENTO/SAL.FAMILIA","valor_contratado":2719.89,"valor_pago":2719.89},{"codigo_unidade_gestora":"201157","codigo_unidade_orcamentaria":"02040","numero_empenho":"0002613","classificacao":"108","data_empenho":"2022-05-26","codigo_credor":"70097811000138","nome_credor":"IPSER/FOLHA DE PAGAMENTO/SAL.FAMILIA","valor_contratado":25935.23,"valor_pago":25935.23},{"codigo_unidade_gestora":"201157","codigo_unidade_orcamentaria":"02050","numero_empenho":"0002614","classificacao":"108","data_empenho":"2022-05-26","codigo_credor":"70097811000138","nome_credor":"IPSER/FOLHA DE PAGAMENTO/SAL.FAMILIA","valor_contratado":182978.10,"valor_pago":182978.10},{"codigo_unidade_gestora":"201157","codigo_unidade_orcamentaria":"02070","numero_empenho":"0002615","classificacao":"108","data_empenho":"2022-05-26","codigo_credor":"70097811000138","nome_credor":"IPSER/FOLHA DE PAGAMENTO/SAL.FAMILIA","valor_contratado":2263.01,"valor_pago":2263.01},{"codigo_unidade_gestora":"201157","codigo_unidade_orcamentaria":"02090","numero_empenho":"0002616","classificacao":"126","data_empenho":"2022-05-26","codigo_credor":"28695805000116","nome_credor":"GB COMERCIO E SERVICOS LTDA - EPP","valor_contratado":25799.88,"valor_pago":25799.88},{"codigo_unidade_gestora":"201157","codigo_unidade_orcamentaria":"02050","numero_empenho":"0002617","classificacao":"108","data_empenho":"2022-05-26","codigo_credor":"70097811000138","nome_credor":"IPSER/FOLHA DE PAGAMENTO/SAL.FAMILIA","valor_contratado":8661.29,"valor_pago":8661.29},{"codigo_unidade_gestora":"201157","codigo_unidade_orcamentaria":"02110","numero_empenho":"0002618","classificacao":"108","data_empenho":"2022-05-26","codigo_credor":"70097811000138","nome_credor":"IPSER/FOLHA DE PAGAMENTO/SAL.FAMILIA","valor_contratado":15177.78,"valor_pago":15177.78},{"codigo_unidade_gestora":"201157","codigo_unidade_orcamentaria":"02050","numero_empenho":"0002619","classificacao":"108","data_empenho":"2022-05-26","codigo_credor":"70097811000138","nome_credor":"IPSER/FOLHA DE PAGAMENTO/SAL.FAMILIA","valor_contratado":18.71,"valor_pago":18.71},{"codigo_unidade_gestora":"201157","codigo_unidade_orcamentaria":"02110","numero_empenho":"0002620","classificacao":"135","data_empenho":"2022-05-26","codigo_credor":"09095183000140","nome_credor":"ENERGISA","valor_contratado":256.37,"valor_pago":256.37},{"codigo_unidade_gestora":"201157","codigo_unidade_orcamentaria":"02020","numero_empenho":"0002621","classificacao":"136","data_empenho":"2022-05-26","codigo_credor":"03500830000176","nome_credor":"RICARDO GUERRA INFORMATICA-ME","valor_contratado":1000.00,"valor_pago":1000.00},{"codigo_unidade_gestora":"201157","codigo_unidade_orcamentaria":"02080","numero_empenho":"0002622","classificacao":"132","data_empenho":"2022-05-26","codigo_credor":"00010429159463","nome_credor":"YASHMIM ALVES DE MEDEIROS","valor_contratado":2400.00,"valor_pago":2400.00},{"codigo_unidade_gestora":"201157","codigo_unidade_orcamentaria":"02070","numero_empenho":"0002623","classificacao":"135","data_empenho":"2022-05-26","codigo_credor":"21925445000152","nome_credor":"RENAN E KIARA POUSADA LTDA-ME","valor_contratado":300.00,"valor_pago":300.00},{"codigo_unidade_gestora":"201157","codigo_unidade_orcamentaria":"02110","numero_empenho":"0002624","classificacao":"126","data_empenho":"2022-05-26","codigo_credor":"02977362000162","nome_credor":"A.COSTA COM.ATAC. DE PROD.FARM. LTDA","valor_contratado":1707.60,"valor_pago":1707.60},{"codigo_unidade_gestora":"201157","codigo_unidade_orcamentaria":"02080","numero_empenho":"0002625","classificacao":"135","data_empenho":"2022-05-27","codigo_credor":"17923503000131","nome_credor":"ERALDO MARINHO DA SILVA  13540129847","valor_contratado":240.00,"valor_pago":240.00},{"codigo_unidade_gestora":"201157","codigo_unidade_orcamentaria":"02110","numero_empenho":"0002626","classificacao":"126","data_empenho":"2022-05-27","codigo_credor":"06106005000180","nome_credor":"STOCK MED PRODUTOS MEDICO-HOSPITALARES LTDA","valor_contratado":333.30,"valor_pago":333.30},{"codigo_unidade_gestora":"201157","codigo_unidade_orcamentaria":"02110","numero_empenho":"0002627","classificacao":"126","data_empenho":"2022-05-27","codigo_credor":"03817043000152","nome_credor":"PHARMAPLUS LTDA","valor_contratado":2400.97,"valor_pago":2400.97},{"codigo_unidade_gestora":"201157","codigo_unidade_orcamentaria":"02110","numero_empenho":"0002628","classificacao":"126","data_empenho":"2022-05-27","codigo_credor":"03817043000152","nome_credor":"PHARMAPLUS LTDA","valor_contratado":130.00,"valor_pago":130.00},{"codigo_unidade_gestora":"201157","codigo_unidade_orcamentaria":"02010","numero_empenho":"0002629","classificacao":"135","data_empenho":"2022-05-27","codigo_credor":"09366790000106","nome_credor":"EMPRESA PARAIBANA DE COMUNICAÇÃO S.A -EPC","valor_contratado":620.00,"valor_pago":620.00},{"codigo_unidade_gestora":"201157","codigo_unidade_orcamentaria":"02010","numero_empenho":"0002630","classificacao":"135","data_empenho":"2022-05-27","codigo_credor":"09366790000106","nome_credor":"EMPRESA PARAIBANA DE COMUNICAÇÃO S.A -EPC","valor_contratado":165.00,"valor_pago":165.00},{"codigo_unidade_gestora":"201157","codigo_unidade_orcamentaria":"02010","numero_empenho":"0002631","classificacao":"135","data_empenho":"2022-05-27","codigo_credor":"09366790000106","nome_credor":"EMPRESA PARAIBANA DE COMUNICAÇÃO S.A -EPC","valor_contratado":180.00,"valor_pago":180.00},{"codigo_unidade_gestora":"201157","codigo_unidade_orcamentaria":"02010","numero_empenho":"0002632","classificacao":"135","data_empenho":"2022-05-27","codigo_credor":"09366790000106","nome_credor":"EMPRESA PARAIBANA DE COMUNICAÇÃO S.A -EPC","valor_contratado":866.00,"valor_pago":866.00},{"codigo_unidade_gestora":"201157","codigo_unidade_orcamentaria":"02050","numero_empenho":"0002633","classificacao":"126","data_empenho":"2022-05-27","codigo_credor":"01686814000194","nome_credor":"ALEXSANDRA DINIZ FERNANDES","valor_contratado":20469.20,"valor_pago":20469.20}]}}