{"size":50,"page":7,"total":802,"count":50,"_embedded":{"empenhos":[{"codigo_unidade_gestora":"201157","codigo_unidade_orcamentaria":"02080","numero_empenho":"0006951","classificacao":"135","data_empenho":"2022-11-08","codigo_credor":"29416266000100","nome_credor":"CICERO RENATO SOUZA SILVA 05855997421","valor_contratado":1356.00,"valor_pago":1356.00},{"codigo_unidade_gestora":"201157","codigo_unidade_orcamentaria":"02080","numero_empenho":"0006952","classificacao":"135","data_empenho":"2022-11-08","codigo_credor":"29416266000100","nome_credor":"CICERO RENATO SOUZA SILVA 05855997421","valor_contratado":1582.00,"valor_pago":1582.00},{"codigo_unidade_gestora":"201157","codigo_unidade_orcamentaria":"02040","numero_empenho":"0006953","classificacao":"135","data_empenho":"2022-11-08","codigo_credor":"23960587000186","nome_credor":"ARLINDO SOARES DA SILVA 03406315461","valor_contratado":1100.00,"valor_pago":1100.00},{"codigo_unidade_gestora":"201157","codigo_unidade_orcamentaria":"02080","numero_empenho":"0006954","classificacao":"135","data_empenho":"2022-11-08","codigo_credor":"36244814000119","nome_credor":"ROBSON SOUZA DOS SANTOS","valor_contratado":1500.00,"valor_pago":1500.00},{"codigo_unidade_gestora":"201157","codigo_unidade_orcamentaria":"02050","numero_empenho":"0006955","classificacao":"135","data_empenho":"2022-11-08","codigo_credor":"23960587000186","nome_credor":"ARLINDO SOARES DA SILVA 03406315461","valor_contratado":660.00,"valor_pago":660.00},{"codigo_unidade_gestora":"201157","codigo_unidade_orcamentaria":"02080","numero_empenho":"0006956","classificacao":"135","data_empenho":"2022-11-08","codigo_credor":"36271343000138","nome_credor":"JONAS GONÇALVES RODRIGUES DE LIMA 57992940172","valor_contratado":1200.00,"valor_pago":1200.00},{"codigo_unidade_gestora":"201157","codigo_unidade_orcamentaria":"02080","numero_empenho":"0006957","classificacao":"135","data_empenho":"2022-11-08","codigo_credor":"41400882000160","nome_credor":"VENICIUS FIDELIS DOS SANTOS 12007290480","valor_contratado":1500.00,"valor_pago":1500.00},{"codigo_unidade_gestora":"201157","codigo_unidade_orcamentaria":"02080","numero_empenho":"0006958","classificacao":"135","data_empenho":"2022-11-08","codigo_credor":"41448185000189","nome_credor":"FELIPE DOS SANTOS OLIVEIRA DE SOUZA 13801424405","valor_contratado":1200.00,"valor_pago":1200.00},{"codigo_unidade_gestora":"201157","codigo_unidade_orcamentaria":"02070","numero_empenho":"0006959","classificacao":"132","data_empenho":"2022-11-09","codigo_credor":"00025879499120","nome_credor":"PAULO CESAR DE SOUZA","valor_contratado":1500.00,"valor_pago":1500.00},{"codigo_unidade_gestora":"201157","codigo_unidade_orcamentaria":"02090","numero_empenho":"0006960","classificacao":"135","data_empenho":"2022-11-09","codigo_credor":"08298416002517","nome_credor":"PAROQUIA NOSSA SENHORA DO PATROCINIO","valor_contratado":500.00,"valor_pago":500.00},{"codigo_unidade_gestora":"201157","codigo_unidade_orcamentaria":"02040","numero_empenho":"0006961","classificacao":"132","data_empenho":"2022-11-09","codigo_credor":"00016024036434","nome_credor":"JOSE PEREIRA GONÇALVES","valor_contratado":724.00,"valor_pago":724.00},{"codigo_unidade_gestora":"201157","codigo_unidade_orcamentaria":"02080","numero_empenho":"0006962","classificacao":"135","data_empenho":"2022-11-09","codigo_credor":"08298416002517","nome_credor":"PAROQUIA NOSSA SENHORA DO PATROCINIO","valor_contratado":1200.00,"valor_pago":1200.00},{"codigo_unidade_gestora":"201157","codigo_unidade_orcamentaria":"02110","numero_empenho":"0006963","classificacao":"132","data_empenho":"2022-11-09","codigo_credor":"00006333892424","nome_credor":"JOSE IORDAN DA COSTA GONÇALVES","valor_contratado":500.00,"valor_pago":500.00},{"codigo_unidade_gestora":"201157","codigo_unidade_orcamentaria":"02010","numero_empenho":"0006964","classificacao":"132","data_empenho":"2022-11-09","codigo_credor":"00011642062812","nome_credor":"MARINES MARQUES DA SILVA","valor_contratado":1000.00,"valor_pago":1000.00},{"codigo_unidade_gestora":"201157","codigo_unidade_orcamentaria":"02010","numero_empenho":"0006965","classificacao":"132","data_empenho":"2022-11-09","codigo_credor":"00048424803191","nome_credor":"MARIA JACINTA PONTES","valor_contratado":2200.00,"valor_pago":2200.00},{"codigo_unidade_gestora":"201157","codigo_unidade_orcamentaria":"02040","numero_empenho":"0006966","classificacao":"132","data_empenho":"2022-11-09","codigo_credor":"00085339946487","nome_credor":"JOSE ANTONIO PAULINO DA SILVA","valor_contratado":1000.00,"valor_pago":1000.00},{"codigo_unidade_gestora":"201157","codigo_unidade_orcamentaria":"02070","numero_empenho":"0006967","classificacao":"132","data_empenho":"2022-11-09","codigo_credor":"00083910409415","nome_credor":"LUCIO BARROS DOS SANTOS","valor_contratado":800.00,"valor_pago":800.00},{"codigo_unidade_gestora":"201157","codigo_unidade_orcamentaria":"02010","numero_empenho":"0006968","classificacao":"110","data_empenho":"2022-11-09","codigo_credor":"00018195237487","nome_credor":"FRANCISCO ANDRE ALVES","valor_contratado":250.00,"valor_pago":250.00},{"codigo_unidade_gestora":"201157","codigo_unidade_orcamentaria":"02050","numero_empenho":"0006969","classificacao":"132","data_empenho":"2022-11-09","codigo_credor":"00049910990482","nome_credor":"MARIA DO SOCORRO DINIZ FIDELIS","valor_contratado":700.00,"valor_pago":700.00},{"codigo_unidade_gestora":"201157","codigo_unidade_orcamentaria":"02070","numero_empenho":"0006970","classificacao":"132","data_empenho":"2022-11-09","codigo_credor":"00041943023468","nome_credor":"CELIA MARIA PEREIRA PASSOS","valor_contratado":2000.00,"valor_pago":2000.00},{"codigo_unidade_gestora":"201157","codigo_unidade_orcamentaria":"02110","numero_empenho":"0006971","classificacao":"135","data_empenho":"2022-11-09","codigo_credor":"03601910000118","nome_credor":"NUCLEO DE OFTALMOLOGIA FRANCISCO PINTO LTDA","valor_contratado":1508.00,"valor_pago":1508.00},{"codigo_unidade_gestora":"201157","codigo_unidade_orcamentaria":"02050","numero_empenho":"0006972","classificacao":"135","data_empenho":"2022-11-09","codigo_credor":"18369916000189","nome_credor":"CARLOS PASSOS DA COSTA JUNIOR","valor_contratado":10500.00,"valor_pago":10500.00},{"codigo_unidade_gestora":"201157","codigo_unidade_orcamentaria":"02060","numero_empenho":"0006973","classificacao":"132","data_empenho":"2022-11-09","codigo_credor":"00016024036434","nome_credor":"JOSE PEREIRA GONÇALVES","valor_contratado":1000.00,"valor_pago":1000.00},{"codigo_unidade_gestora":"201157","codigo_unidade_orcamentaria":"02110","numero_empenho":"0006974","classificacao":"132","data_empenho":"2022-11-09","codigo_credor":"00016644118879","nome_credor":"JOSÉ TORRES BRASIL","valor_contratado":1500.00,"valor_pago":1500.00},{"codigo_unidade_gestora":"201157","codigo_unidade_orcamentaria":"02110","numero_empenho":"0006975","classificacao":"126","data_empenho":"2022-11-09","codigo_credor":"11054242000184","nome_credor":"DENTAL COSTA PRODUTOS ODONTOLOGICOS LTDA","valor_contratado":3347.07,"valor_pago":0.00},{"codigo_unidade_gestora":"201157","codigo_unidade_orcamentaria":"02070","numero_empenho":"0006976","classificacao":"132","data_empenho":"2022-11-09","codigo_credor":"00005829267420","nome_credor":"CICERO BATISTA RIBEIRO","valor_contratado":700.00,"valor_pago":0.00},{"codigo_unidade_gestora":"201157","codigo_unidade_orcamentaria":"02080","numero_empenho":"0006977","classificacao":"132","data_empenho":"2022-11-09","codigo_credor":"00006457865437","nome_credor":"ANTONIO GUSTAVO DE LUNA SOUTO","valor_contratado":700.00,"valor_pago":700.00},{"codigo_unidade_gestora":"201157","codigo_unidade_orcamentaria":"02080","numero_empenho":"0006978","classificacao":"126","data_empenho":"2022-11-09","codigo_credor":"09261355000109","nome_credor":"HILTON PINHEIRO DANTAS","valor_contratado":7741.33,"valor_pago":7741.33},{"codigo_unidade_gestora":"201157","codigo_unidade_orcamentaria":"02110","numero_empenho":"0006979","classificacao":"132","data_empenho":"2022-11-09","codigo_credor":"00013199132880","nome_credor":"MARIA DA PENHA DIAS MONTEIRO","valor_contratado":1300.00,"valor_pago":1300.00},{"codigo_unidade_gestora":"201157","codigo_unidade_orcamentaria":"02090","numero_empenho":"0006980","classificacao":"126","data_empenho":"2022-11-09","codigo_credor":"09261355000109","nome_credor":"HILTON PINHEIRO DANTAS","valor_contratado":5647.64,"valor_pago":5647.64},{"codigo_unidade_gestora":"201157","codigo_unidade_orcamentaria":"02080","numero_empenho":"0006981","classificacao":"126","data_empenho":"2022-11-09","codigo_credor":"09261355000109","nome_credor":"HILTON PINHEIRO DANTAS","valor_contratado":1192.00,"valor_pago":1192.00},{"codigo_unidade_gestora":"201157","codigo_unidade_orcamentaria":"02090","numero_empenho":"0006982","classificacao":"126","data_empenho":"2022-11-09","codigo_credor":"09261355000109","nome_credor":"HILTON PINHEIRO DANTAS","valor_contratado":7862.31,"valor_pago":7862.31},{"codigo_unidade_gestora":"201157","codigo_unidade_orcamentaria":"02090","numero_empenho":"0006983","classificacao":"126","data_empenho":"2022-11-09","codigo_credor":"09261355000109","nome_credor":"HILTON PINHEIRO DANTAS","valor_contratado":3807.52,"valor_pago":3807.52},{"codigo_unidade_gestora":"201157","codigo_unidade_orcamentaria":"02080","numero_empenho":"0006984","classificacao":"126","data_empenho":"2022-11-09","codigo_credor":"09261355000109","nome_credor":"HILTON PINHEIRO DANTAS","valor_contratado":1514.31,"valor_pago":1514.31},{"codigo_unidade_gestora":"201157","codigo_unidade_orcamentaria":"02090","numero_empenho":"0006985","classificacao":"126","data_empenho":"2022-11-09","codigo_credor":"09261355000109","nome_credor":"HILTON PINHEIRO DANTAS","valor_contratado":8319.98,"valor_pago":8319.98},{"codigo_unidade_gestora":"201157","codigo_unidade_orcamentaria":"02080","numero_empenho":"0006986","classificacao":"126","data_empenho":"2022-11-09","codigo_credor":"09261355000109","nome_credor":"HILTON PINHEIRO DANTAS","valor_contratado":9264.85,"valor_pago":9264.85},{"codigo_unidade_gestora":"201157","codigo_unidade_orcamentaria":"02090","numero_empenho":"0006987","classificacao":"126","data_empenho":"2022-11-09","codigo_credor":"09261355000109","nome_credor":"HILTON PINHEIRO DANTAS","valor_contratado":3322.46,"valor_pago":3322.46},{"codigo_unidade_gestora":"201157","codigo_unidade_orcamentaria":"02080","numero_empenho":"0006988","classificacao":"126","data_empenho":"2022-11-09","codigo_credor":"09261355000109","nome_credor":"HILTON PINHEIRO DANTAS","valor_contratado":2225.22,"valor_pago":2225.22},{"codigo_unidade_gestora":"201157","codigo_unidade_orcamentaria":"02080","numero_empenho":"0006989","classificacao":"126","data_empenho":"2022-11-09","codigo_credor":"09261355000109","nome_credor":"HILTON PINHEIRO DANTAS","valor_contratado":336.49,"valor_pago":336.49},{"codigo_unidade_gestora":"201157","codigo_unidade_orcamentaria":"02080","numero_empenho":"0006990","classificacao":"126","data_empenho":"2022-11-09","codigo_credor":"15609075000141","nome_credor":"CICERO GEOVANIO PRAZERES MELO - ME","valor_contratado":4056.00,"valor_pago":4056.00},{"codigo_unidade_gestora":"201157","codigo_unidade_orcamentaria":"02080","numero_empenho":"0006991","classificacao":"126","data_empenho":"2022-11-09","codigo_credor":"09261355000109","nome_credor":"HILTON PINHEIRO DANTAS","valor_contratado":5283.04,"valor_pago":5283.04},{"codigo_unidade_gestora":"201157","codigo_unidade_orcamentaria":"02080","numero_empenho":"0006992","classificacao":"126","data_empenho":"2022-11-09","codigo_credor":"15609075000141","nome_credor":"CICERO GEOVANIO PRAZERES MELO - ME","valor_contratado":1728.00,"valor_pago":1728.00},{"codigo_unidade_gestora":"201157","codigo_unidade_orcamentaria":"02040","numero_empenho":"0006993","classificacao":"126","data_empenho":"2022-11-09","codigo_credor":"15609075000141","nome_credor":"CICERO GEOVANIO PRAZERES MELO - ME","valor_contratado":1776.00,"valor_pago":1776.00},{"codigo_unidade_gestora":"201157","codigo_unidade_orcamentaria":"02090","numero_empenho":"0006994","classificacao":"126","data_empenho":"2022-11-09","codigo_credor":"09261355000109","nome_credor":"HILTON PINHEIRO DANTAS","valor_contratado":3019.76,"valor_pago":3019.76},{"codigo_unidade_gestora":"201157","codigo_unidade_orcamentaria":"02080","numero_empenho":"0006995","classificacao":"126","data_empenho":"2022-11-09","codigo_credor":"15609075000141","nome_credor":"CICERO GEOVANIO PRAZERES MELO - ME","valor_contratado":1464.00,"valor_pago":1464.00},{"codigo_unidade_gestora":"201157","codigo_unidade_orcamentaria":"02090","numero_empenho":"0006996","classificacao":"126","data_empenho":"2022-11-09","codigo_credor":"09261355000109","nome_credor":"HILTON PINHEIRO DANTAS","valor_contratado":3883.68,"valor_pago":3883.68},{"codigo_unidade_gestora":"201157","codigo_unidade_orcamentaria":"02080","numero_empenho":"0006997","classificacao":"126","data_empenho":"2022-11-09","codigo_credor":"15609075000141","nome_credor":"CICERO GEOVANIO PRAZERES MELO - ME","valor_contratado":1198.00,"valor_pago":1198.00},{"codigo_unidade_gestora":"201157","codigo_unidade_orcamentaria":"02050","numero_empenho":"0006998","classificacao":"126","data_empenho":"2022-11-09","codigo_credor":"42878093000100","nome_credor":"JCASIF COMERCIO VAREJISTA DE CEREAIS LTDA","valor_contratado":8923.80,"valor_pago":8923.80},{"codigo_unidade_gestora":"201157","codigo_unidade_orcamentaria":"02090","numero_empenho":"0006999","classificacao":"135","data_empenho":"2022-11-09","codigo_credor":"21925445000152","nome_credor":"RENAN E KIARA POUSADA LTDA-ME","valor_contratado":240.00,"valor_pago":240.00},{"codigo_unidade_gestora":"201157","codigo_unidade_orcamentaria":"02080","numero_empenho":"0007000","classificacao":"143","data_empenho":"2022-11-09","codigo_credor":"09188376000146","nome_credor":"DETRAN-DEP.EST.DE TRANSITO DA PARAIBA","valor_contratado":328.13,"valor_pago":328.13}]}}