{"size":50,"page":6,"total":703,"count":50,"_embedded":{"empenhos":[{"codigo_unidade_gestora":"201157","codigo_unidade_orcamentaria":"02080","numero_empenho":"0001525","classificacao":"126","data_empenho":"2022-04-11","codigo_credor":"09261355000109","nome_credor":"HILTON PINHEIRO DANTAS","valor_contratado":1908.79,"valor_pago":1908.79},{"codigo_unidade_gestora":"201157","codigo_unidade_orcamentaria":"02090","numero_empenho":"0001526","classificacao":"126","data_empenho":"2022-04-11","codigo_credor":"09261355000109","nome_credor":"HILTON PINHEIRO DANTAS","valor_contratado":3569.59,"valor_pago":3569.59},{"codigo_unidade_gestora":"201157","codigo_unidade_orcamentaria":"02080","numero_empenho":"0001527","classificacao":"126","data_empenho":"2022-04-11","codigo_credor":"09261355000109","nome_credor":"HILTON PINHEIRO DANTAS","valor_contratado":3084.99,"valor_pago":3084.99},{"codigo_unidade_gestora":"201157","codigo_unidade_orcamentaria":"02080","numero_empenho":"0001528","classificacao":"126","data_empenho":"2022-04-11","codigo_credor":"09261355000109","nome_credor":"HILTON PINHEIRO DANTAS","valor_contratado":1053.24,"valor_pago":1053.24},{"codigo_unidade_gestora":"201157","codigo_unidade_orcamentaria":"02080","numero_empenho":"0001529","classificacao":"126","data_empenho":"2022-04-11","codigo_credor":"09261355000109","nome_credor":"HILTON PINHEIRO DANTAS","valor_contratado":7802.41,"valor_pago":7802.41},{"codigo_unidade_gestora":"201157","codigo_unidade_orcamentaria":"02090","numero_empenho":"0001530","classificacao":"126","data_empenho":"2022-04-11","codigo_credor":"09261355000109","nome_credor":"HILTON PINHEIRO DANTAS","valor_contratado":2574.23,"valor_pago":2574.23},{"codigo_unidade_gestora":"201157","codigo_unidade_orcamentaria":"02080","numero_empenho":"0001531","classificacao":"126","data_empenho":"2022-04-11","codigo_credor":"09261355000109","nome_credor":"HILTON PINHEIRO DANTAS","valor_contratado":7983.60,"valor_pago":7983.60},{"codigo_unidade_gestora":"201157","codigo_unidade_orcamentaria":"02010","numero_empenho":"0001532","classificacao":"135","data_empenho":"2022-04-11","codigo_credor":"17760192000137","nome_credor":"VALDEMIR CLEMENTINO DE AGUIAR 97705047420","valor_contratado":1400.00,"valor_pago":1400.00},{"codigo_unidade_gestora":"201157","codigo_unidade_orcamentaria":"02120","numero_empenho":"0001533","classificacao":"132","data_empenho":"2022-04-11","codigo_credor":"00013501959877","nome_credor":"INALDO GONÇALVES DE SOUZA","valor_contratado":300.00,"valor_pago":300.00},{"codigo_unidade_gestora":"201157","codigo_unidade_orcamentaria":"02080","numero_empenho":"0001534","classificacao":"135","data_empenho":"2022-04-11","codigo_credor":"32593366000108","nome_credor":"DJAILSON DE FARIAS FERREIRA 09774773470","valor_contratado":1990.00,"valor_pago":1990.00},{"codigo_unidade_gestora":"201157","codigo_unidade_orcamentaria":"02080","numero_empenho":"0001535","classificacao":"135","data_empenho":"2022-04-11","codigo_credor":"29416266000100","nome_credor":"CICERO RENATO SOUZA SILVA 05855997421","valor_contratado":2425.00,"valor_pago":2425.00},{"codigo_unidade_gestora":"201157","codigo_unidade_orcamentaria":"02080","numero_empenho":"0001536","classificacao":"135","data_empenho":"2022-04-11","codigo_credor":"29416266000100","nome_credor":"CICERO RENATO SOUZA SILVA 05855997421","valor_contratado":1125.00,"valor_pago":1125.00},{"codigo_unidade_gestora":"201157","codigo_unidade_orcamentaria":"02080","numero_empenho":"0001537","classificacao":"135","data_empenho":"2022-04-11","codigo_credor":"24072047000129","nome_credor":"JOSE ADRIANO GONDIM DA SILVA","valor_contratado":1500.00,"valor_pago":1500.00},{"codigo_unidade_gestora":"201157","codigo_unidade_orcamentaria":"02090","numero_empenho":"0001538","classificacao":"126","data_empenho":"2022-04-11","codigo_credor":"09261355000109","nome_credor":"HILTON PINHEIRO DANTAS","valor_contratado":1002.63,"valor_pago":1002.63},{"codigo_unidade_gestora":"201157","codigo_unidade_orcamentaria":"02080","numero_empenho":"0001539","classificacao":"135","data_empenho":"2022-04-11","codigo_credor":"32593366000108","nome_credor":"DJAILSON DE FARIAS FERREIRA 09774773470","valor_contratado":1990.00,"valor_pago":1990.00},{"codigo_unidade_gestora":"201157","codigo_unidade_orcamentaria":"02080","numero_empenho":"0001540","classificacao":"135","data_empenho":"2022-04-11","codigo_credor":"36579872000101","nome_credor":"EDINALDO VITOR DOS SANTOS 11322123837","valor_contratado":1400.00,"valor_pago":1400.00},{"codigo_unidade_gestora":"201157","codigo_unidade_orcamentaria":"02040","numero_empenho":"0001541","classificacao":"135","data_empenho":"2022-04-11","codigo_credor":"36244814000119","nome_credor":"ROBSON SOUZA DOS SANTOS","valor_contratado":1566.00,"valor_pago":1566.00},{"codigo_unidade_gestora":"201157","codigo_unidade_orcamentaria":"02080","numero_empenho":"0001542","classificacao":"135","data_empenho":"2022-04-11","codigo_credor":"24853787000100","nome_credor":"MARCOS ANTONIO DO NASCIMENTO 09535475827","valor_contratado":3200.00,"valor_pago":3200.00},{"codigo_unidade_gestora":"201157","codigo_unidade_orcamentaria":"02080","numero_empenho":"0001543","classificacao":"135","data_empenho":"2022-04-11","codigo_credor":"32666493000190","nome_credor":"VITOR FERREIRA DOS SANTOS 09470814452","valor_contratado":1000.00,"valor_pago":1000.00},{"codigo_unidade_gestora":"201157","codigo_unidade_orcamentaria":"02080","numero_empenho":"0001544","classificacao":"135","data_empenho":"2022-04-11","codigo_credor":"41400882000160","nome_credor":"VENICIUS FIDELIS DOS SANTOS 12007290480","valor_contratado":2500.00,"valor_pago":2500.00},{"codigo_unidade_gestora":"201157","codigo_unidade_orcamentaria":"02080","numero_empenho":"0001545","classificacao":"135","data_empenho":"2022-04-11","codigo_credor":"36271343000138","nome_credor":"JONAS GONÇALVES RODRIGUES DE LIMA 57992940172","valor_contratado":1500.00,"valor_pago":1500.00},{"codigo_unidade_gestora":"201157","codigo_unidade_orcamentaria":"02090","numero_empenho":"0001546","classificacao":"126","data_empenho":"2022-04-11","codigo_credor":"09261355000109","nome_credor":"HILTON PINHEIRO DANTAS","valor_contratado":6175.13,"valor_pago":6175.13},{"codigo_unidade_gestora":"201157","codigo_unidade_orcamentaria":"02040","numero_empenho":"0001547","classificacao":"135","data_empenho":"2022-04-11","codigo_credor":"42524968000167","nome_credor":"JORGE MAGNO GONÇALVES","valor_contratado":1200.00,"valor_pago":1200.00},{"codigo_unidade_gestora":"201157","codigo_unidade_orcamentaria":"02080","numero_empenho":"0001548","classificacao":"135","data_empenho":"2022-04-11","codigo_credor":"31390801000134","nome_credor":"JOSEMI ROBERTO DE FREITAS 08726908492","valor_contratado":4000.00,"valor_pago":4000.00},{"codigo_unidade_gestora":"201157","codigo_unidade_orcamentaria":"02080","numero_empenho":"0001549","classificacao":"135","data_empenho":"2022-04-11","codigo_credor":"45672868000176","nome_credor":"FLAVIO TARGINO DA SILVA 70928394409","valor_contratado":1500.00,"valor_pago":1500.00},{"codigo_unidade_gestora":"201157","codigo_unidade_orcamentaria":"02080","numero_empenho":"0001550","classificacao":"126","data_empenho":"2022-04-11","codigo_credor":"09261355000109","nome_credor":"HILTON PINHEIRO DANTAS","valor_contratado":6209.74,"valor_pago":6209.74},{"codigo_unidade_gestora":"201157","codigo_unidade_orcamentaria":"02080","numero_empenho":"0001551","classificacao":"135","data_empenho":"2022-04-11","codigo_credor":"41448185000189","nome_credor":"FELIPE DOS SANTOS OLIVEIRA DE SOUZA 13801424405","valor_contratado":1500.00,"valor_pago":1500.00},{"codigo_unidade_gestora":"201157","codigo_unidade_orcamentaria":"02080","numero_empenho":"0001552","classificacao":"135","data_empenho":"2022-04-11","codigo_credor":"42073356000103","nome_credor":"DIEGO NUNES BENEVENUTO 44622283832","valor_contratado":1675.00,"valor_pago":1675.00},{"codigo_unidade_gestora":"201157","codigo_unidade_orcamentaria":"02040","numero_empenho":"0001553","classificacao":"189","data_empenho":"2022-04-11","codigo_credor":"00008400513100","nome_credor":"DAYAN GONZALEZ ALVAREZ","valor_contratado":1200.00,"valor_pago":1200.00},{"codigo_unidade_gestora":"201157","codigo_unidade_orcamentaria":"02080","numero_empenho":"0001554","classificacao":"189","data_empenho":"2022-04-11","codigo_credor":"03353358000439","nome_credor":"MINISTERIO DO DESENVOLVIMENTO REGIONAL","valor_contratado":63763.87,"valor_pago":63763.87},{"codigo_unidade_gestora":"201157","codigo_unidade_orcamentaria":"02110","numero_empenho":"0001555","classificacao":"135","data_empenho":"2022-04-11","codigo_credor":"09095183000140","nome_credor":"ENERGISA","valor_contratado":453.01,"valor_pago":453.01},{"codigo_unidade_gestora":"201157","codigo_unidade_orcamentaria":"02110","numero_empenho":"0001556","classificacao":"135","data_empenho":"2022-04-11","codigo_credor":"08327231000116","nome_credor":"PATOLOGIA F DINIZ LTDA","valor_contratado":216.00,"valor_pago":216.00},{"codigo_unidade_gestora":"201157","codigo_unidade_orcamentaria":"02110","numero_empenho":"0001557","classificacao":"135","data_empenho":"2022-04-11","codigo_credor":"17630431000134","nome_credor":"MANASSES CORRETORA DE SEGUROS LTDA-ME","valor_contratado":3807.39,"valor_pago":3807.39},{"codigo_unidade_gestora":"201157","codigo_unidade_orcamentaria":"02080","numero_empenho":"0001558","classificacao":"135","data_empenho":"2022-04-11","codigo_credor":"36244814000119","nome_credor":"ROBSON SOUZA DOS SANTOS","valor_contratado":1566.00,"valor_pago":1566.00},{"codigo_unidade_gestora":"201157","codigo_unidade_orcamentaria":"02050","numero_empenho":"0001559","classificacao":"135","data_empenho":"2022-04-11","codigo_credor":"41640336000104","nome_credor":"RENATO COSTA SILVA","valor_contratado":2400.00,"valor_pago":2400.00},{"codigo_unidade_gestora":"201157","codigo_unidade_orcamentaria":"02050","numero_empenho":"0001560","classificacao":"114","data_empenho":"2022-04-11","codigo_credor":"61600839000155","nome_credor":"CIEE-CENTRO DE INTEGRAÇÃO EMPRESA ESCOLA","valor_contratado":10615.00,"valor_pago":10615.00},{"codigo_unidade_gestora":"201157","codigo_unidade_orcamentaria":"02040","numero_empenho":"0001561","classificacao":"126","data_empenho":"2022-04-11","codigo_credor":"31424800000163","nome_credor":"ADRIANO GONCALVES RODRIGUES DO NASCIMENTO","valor_contratado":798.00,"valor_pago":798.00},{"codigo_unidade_gestora":"201157","codigo_unidade_orcamentaria":"02140","numero_empenho":"0001562","classificacao":"135","data_empenho":"2022-04-11","codigo_credor":"00000000280704","nome_credor":"BANCO DO BRASIL S/A","valor_contratado":11.00,"valor_pago":11.00},{"codigo_unidade_gestora":"201157","codigo_unidade_orcamentaria":"02140","numero_empenho":"0001563","classificacao":"135","data_empenho":"2022-04-11","codigo_credor":"00000000280704","nome_credor":"BANCO DO BRASIL S/A","valor_contratado":77.00,"valor_pago":77.00},{"codigo_unidade_gestora":"201157","codigo_unidade_orcamentaria":"02050","numero_empenho":"0001564","classificacao":"126","data_empenho":"2022-04-11","codigo_credor":"31424800000163","nome_credor":"ADRIANO GONCALVES RODRIGUES DO NASCIMENTO","valor_contratado":2286.00,"valor_pago":2286.00},{"codigo_unidade_gestora":"201157","codigo_unidade_orcamentaria":"02140","numero_empenho":"0001565","classificacao":"126","data_empenho":"2022-04-11","codigo_credor":"31424800000163","nome_credor":"ADRIANO GONCALVES RODRIGUES DO NASCIMENTO","valor_contratado":204.00,"valor_pago":204.00},{"codigo_unidade_gestora":"201157","codigo_unidade_orcamentaria":"02080","numero_empenho":"0001566","classificacao":"126","data_empenho":"2022-04-11","codigo_credor":"09215807000116","nome_credor":"PNEUMAX LTDA.","valor_contratado":1216.00,"valor_pago":1216.00},{"codigo_unidade_gestora":"201157","codigo_unidade_orcamentaria":"02020","numero_empenho":"0001567","classificacao":"135","data_empenho":"2022-04-11","codigo_credor":"00000000280704","nome_credor":"BANCO DO BRASIL S/A","valor_contratado":176.00,"valor_pago":176.00},{"codigo_unidade_gestora":"201157","codigo_unidade_orcamentaria":"02040","numero_empenho":"0001568","classificacao":"135","data_empenho":"2022-04-11","codigo_credor":"00000000280704","nome_credor":"BANCO DO BRASIL S/A","valor_contratado":11.00,"valor_pago":11.00},{"codigo_unidade_gestora":"201157","codigo_unidade_orcamentaria":"02030","numero_empenho":"0001569","classificacao":"185","data_empenho":"2022-04-11","codigo_credor":"09283185000163","nome_credor":"JOAO PESSOA TRIBUNAL DE JUSTIÇA DO ESTADO DA PARAIBA","valor_contratado":7087.22,"valor_pago":7087.22},{"codigo_unidade_gestora":"201157","codigo_unidade_orcamentaria":"02030","numero_empenho":"0001570","classificacao":"185","data_empenho":"2022-04-11","codigo_credor":"09283185000163","nome_credor":"JOAO PESSOA TRIBUNAL DE JUSTIÇA DO ESTADO DA PARAIBA","valor_contratado":3859.32,"valor_pago":3859.32},{"codigo_unidade_gestora":"201157","codigo_unidade_orcamentaria":"02030","numero_empenho":"0001571","classificacao":"185","data_empenho":"2022-04-11","codigo_credor":"09283185000163","nome_credor":"JOAO PESSOA TRIBUNAL DE JUSTIÇA DO ESTADO DA PARAIBA","valor_contratado":7087.22,"valor_pago":7087.22},{"codigo_unidade_gestora":"201157","codigo_unidade_orcamentaria":"02030","numero_empenho":"0001572","classificacao":"185","data_empenho":"2022-04-11","codigo_credor":"09283185000163","nome_credor":"JOAO PESSOA TRIBUNAL DE JUSTIÇA DO ESTADO DA PARAIBA","valor_contratado":7045.97,"valor_pago":7045.97},{"codigo_unidade_gestora":"201157","codigo_unidade_orcamentaria":"02130","numero_empenho":"0001573","classificacao":"135","data_empenho":"2022-04-12","codigo_credor":"32337210000166","nome_credor":"ADRIANO PEREIRA DO NASCIMENTO 03829603436","valor_contratado":0.00,"valor_pago":0.00},{"codigo_unidade_gestora":"201157","codigo_unidade_orcamentaria":"02040","numero_empenho":"0001574","classificacao":"135","data_empenho":"2022-04-12","codigo_credor":"15602075000110","nome_credor":"SEGINALDO DOS SANTOS - ME","valor_contratado":450.00,"valor_pago":450.00}]}}