{"size":50,"page":4,"total":763,"count":50,"_embedded":{"empenhos":[{"codigo_unidade_gestora":"201157","codigo_unidade_orcamentaria":"02040","numero_empenho":"0002851","classificacao":"126","data_empenho":"2022-06-06","codigo_credor":"09261355000109","nome_credor":"HILTON PINHEIRO DANTAS","valor_contratado":4018.98,"valor_pago":4018.98},{"codigo_unidade_gestora":"201157","codigo_unidade_orcamentaria":"02110","numero_empenho":"0002852","classificacao":"126","data_empenho":"2022-06-06","codigo_credor":"02737810000150","nome_credor":"JOSE ARLINDO OLIVEIRA  SILVA","valor_contratado":816.78,"valor_pago":816.78},{"codigo_unidade_gestora":"201157","codigo_unidade_orcamentaria":"02040","numero_empenho":"0002853","classificacao":"189","data_empenho":"2022-06-06","codigo_credor":"00011181861411","nome_credor":"RENATA CRISTINA SANTOS LACERDA MARTINS","valor_contratado":4833.33,"valor_pago":4833.33},{"codigo_unidade_gestora":"201157","codigo_unidade_orcamentaria":"02040","numero_empenho":"0002854","classificacao":"126","data_empenho":"2022-06-06","codigo_credor":"02737810000150","nome_credor":"JOSE ARLINDO OLIVEIRA  SILVA","valor_contratado":472.42,"valor_pago":472.42},{"codigo_unidade_gestora":"201157","codigo_unidade_orcamentaria":"02010","numero_empenho":"0002855","classificacao":"131","data_empenho":"2022-06-06","codigo_credor":"23397663000197","nome_credor":"MARINHO E SILVA ADVOCACIA","valor_contratado":3000.00,"valor_pago":3000.00},{"codigo_unidade_gestora":"201157","codigo_unidade_orcamentaria":"02050","numero_empenho":"0002856","classificacao":"135","data_empenho":"2022-06-06","codigo_credor":"04376062000153","nome_credor":"MARISTELA FERNANDES DE OLIVEIRA LEANDRO","valor_contratado":695.90,"valor_pago":695.90},{"codigo_unidade_gestora":"201157","codigo_unidade_orcamentaria":"02040","numero_empenho":"0002857","classificacao":"126","data_empenho":"2022-06-06","codigo_credor":"02737810000150","nome_credor":"JOSE ARLINDO OLIVEIRA  SILVA","valor_contratado":1293.50,"valor_pago":1293.50},{"codigo_unidade_gestora":"201157","codigo_unidade_orcamentaria":"02110","numero_empenho":"0002858","classificacao":"135","data_empenho":"2022-06-06","codigo_credor":"42510848000100","nome_credor":"RODRIGO RENY BRAGA RIBEIRO","valor_contratado":5300.00,"valor_pago":5300.00},{"codigo_unidade_gestora":"201157","codigo_unidade_orcamentaria":"02080","numero_empenho":"0002859","classificacao":"126","data_empenho":"2022-06-06","codigo_credor":"02737810000150","nome_credor":"JOSE ARLINDO OLIVEIRA  SILVA","valor_contratado":8390.73,"valor_pago":8390.73},{"codigo_unidade_gestora":"201157","codigo_unidade_orcamentaria":"02040","numero_empenho":"0002860","classificacao":"126","data_empenho":"2022-06-06","codigo_credor":"28695805000116","nome_credor":"GB COMERCIO E SERVICOS LTDA - EPP","valor_contratado":4627.47,"valor_pago":0.00},{"codigo_unidade_gestora":"201157","codigo_unidade_orcamentaria":"02080","numero_empenho":"0002861","classificacao":"126","data_empenho":"2022-06-06","codigo_credor":"02737810000150","nome_credor":"JOSE ARLINDO OLIVEIRA  SILVA","valor_contratado":1641.10,"valor_pago":1641.10},{"codigo_unidade_gestora":"201157","codigo_unidade_orcamentaria":"02050","numero_empenho":"0002862","classificacao":"126","data_empenho":"2022-06-06","codigo_credor":"02737810000150","nome_credor":"JOSE ARLINDO OLIVEIRA  SILVA","valor_contratado":1113.05,"valor_pago":1113.05},{"codigo_unidade_gestora":"201157","codigo_unidade_orcamentaria":"02040","numero_empenho":"0002863","classificacao":"126","data_empenho":"2022-06-06","codigo_credor":"02737810000150","nome_credor":"JOSE ARLINDO OLIVEIRA  SILVA","valor_contratado":1129.92,"valor_pago":1129.92},{"codigo_unidade_gestora":"201157","codigo_unidade_orcamentaria":"02110","numero_empenho":"0002864","classificacao":"126","data_empenho":"2022-06-06","codigo_credor":"28695805000116","nome_credor":"GB COMERCIO E SERVICOS LTDA - EPP","valor_contratado":4236.78,"valor_pago":4236.78},{"codigo_unidade_gestora":"201157","codigo_unidade_orcamentaria":"02050","numero_empenho":"0002865","classificacao":"126","data_empenho":"2022-06-06","codigo_credor":"02737810000150","nome_credor":"JOSE ARLINDO OLIVEIRA  SILVA","valor_contratado":657.01,"valor_pago":657.01},{"codigo_unidade_gestora":"201157","codigo_unidade_orcamentaria":"02080","numero_empenho":"0002866","classificacao":"126","data_empenho":"2022-06-06","codigo_credor":"02737810000150","nome_credor":"JOSE ARLINDO OLIVEIRA  SILVA","valor_contratado":3174.92,"valor_pago":3174.92},{"codigo_unidade_gestora":"201157","codigo_unidade_orcamentaria":"02040","numero_empenho":"0002867","classificacao":"126","data_empenho":"2022-06-06","codigo_credor":"28695805000116","nome_credor":"GB COMERCIO E SERVICOS LTDA - EPP","valor_contratado":3715.72,"valor_pago":0.00},{"codigo_unidade_gestora":"201157","codigo_unidade_orcamentaria":"02040","numero_empenho":"0002868","classificacao":"126","data_empenho":"2022-06-06","codigo_credor":"28695805000116","nome_credor":"GB COMERCIO E SERVICOS LTDA - EPP","valor_contratado":2750.82,"valor_pago":2750.82},{"codigo_unidade_gestora":"201157","codigo_unidade_orcamentaria":"02050","numero_empenho":"0002869","classificacao":"126","data_empenho":"2022-06-06","codigo_credor":"02737810000150","nome_credor":"JOSE ARLINDO OLIVEIRA  SILVA","valor_contratado":706.13,"valor_pago":706.13},{"codigo_unidade_gestora":"201157","codigo_unidade_orcamentaria":"02050","numero_empenho":"0002870","classificacao":"126","data_empenho":"2022-06-06","codigo_credor":"02737810000150","nome_credor":"JOSE ARLINDO OLIVEIRA  SILVA","valor_contratado":797.38,"valor_pago":797.38},{"codigo_unidade_gestora":"201157","codigo_unidade_orcamentaria":"02110","numero_empenho":"0002871","classificacao":"126","data_empenho":"2022-06-06","codigo_credor":"28695805000116","nome_credor":"GB COMERCIO E SERVICOS LTDA - EPP","valor_contratado":4197.04,"valor_pago":4197.04},{"codigo_unidade_gestora":"201157","codigo_unidade_orcamentaria":"02110","numero_empenho":"0002872","classificacao":"126","data_empenho":"2022-06-06","codigo_credor":"02737810000150","nome_credor":"JOSE ARLINDO OLIVEIRA  SILVA","valor_contratado":728.40,"valor_pago":728.40},{"codigo_unidade_gestora":"201157","codigo_unidade_orcamentaria":"02040","numero_empenho":"0002873","classificacao":"126","data_empenho":"2022-06-06","codigo_credor":"28695805000116","nome_credor":"GB COMERCIO E SERVICOS LTDA - EPP","valor_contratado":3903.99,"valor_pago":3903.99},{"codigo_unidade_gestora":"201157","codigo_unidade_orcamentaria":"02110","numero_empenho":"0002874","classificacao":"126","data_empenho":"2022-06-06","codigo_credor":"28695805000116","nome_credor":"GB COMERCIO E SERVICOS LTDA - EPP","valor_contratado":4558.69,"valor_pago":4558.69},{"codigo_unidade_gestora":"201157","codigo_unidade_orcamentaria":"02070","numero_empenho":"0002875","classificacao":"126","data_empenho":"2022-06-06","codigo_credor":"28695805000116","nome_credor":"GB COMERCIO E SERVICOS LTDA - EPP","valor_contratado":4171.06,"valor_pago":4171.06},{"codigo_unidade_gestora":"201157","codigo_unidade_orcamentaria":"02040","numero_empenho":"0002876","classificacao":"126","data_empenho":"2022-06-06","codigo_credor":"28695805000116","nome_credor":"GB COMERCIO E SERVICOS LTDA - EPP","valor_contratado":1155.34,"valor_pago":1155.34},{"codigo_unidade_gestora":"201157","codigo_unidade_orcamentaria":"02070","numero_empenho":"0002877","classificacao":"126","data_empenho":"2022-06-06","codigo_credor":"28695805000116","nome_credor":"GB COMERCIO E SERVICOS LTDA - EPP","valor_contratado":3866.37,"valor_pago":3866.37},{"codigo_unidade_gestora":"201157","codigo_unidade_orcamentaria":"02140","numero_empenho":"0002878","classificacao":"126","data_empenho":"2022-06-06","codigo_credor":"28695805000116","nome_credor":"GB COMERCIO E SERVICOS LTDA - EPP","valor_contratado":2486.24,"valor_pago":2486.24},{"codigo_unidade_gestora":"201157","codigo_unidade_orcamentaria":"02050","numero_empenho":"0002879","classificacao":"126","data_empenho":"2022-06-06","codigo_credor":"02737810000150","nome_credor":"JOSE ARLINDO OLIVEIRA  SILVA","valor_contratado":415.63,"valor_pago":415.63},{"codigo_unidade_gestora":"201157","codigo_unidade_orcamentaria":"02140","numero_empenho":"0002880","classificacao":"128","data_empenho":"2022-06-06","codigo_credor":"25242664000198","nome_credor":"BRUNA EDUARDA BARBOSA GONÇALVES DE LIMA","valor_contratado":1000.00,"valor_pago":1000.00},{"codigo_unidade_gestora":"201157","codigo_unidade_orcamentaria":"02020","numero_empenho":"0002881","classificacao":"127","data_empenho":"2022-06-06","codigo_credor":"00008000970414","nome_credor":"ELIELMA FREIRE DA CUNHA","valor_contratado":500.00,"valor_pago":500.00},{"codigo_unidade_gestora":"201157","codigo_unidade_orcamentaria":"02050","numero_empenho":"0002882","classificacao":"135","data_empenho":"2022-06-06","codigo_credor":"18369916000189","nome_credor":"CARLOS PASSOS DA COSTA JUNIOR","valor_contratado":11000.00,"valor_pago":11000.00},{"codigo_unidade_gestora":"201157","codigo_unidade_orcamentaria":"02090","numero_empenho":"0002887","classificacao":"126","data_empenho":"2022-06-06","codigo_credor":"20245870000138","nome_credor":"VERIDIANA DA CUNHA QUERINO 01971365408","valor_contratado":795.00,"valor_pago":795.00},{"codigo_unidade_gestora":"201157","codigo_unidade_orcamentaria":"02110","numero_empenho":"0002888","classificacao":"126","data_empenho":"2022-06-06","codigo_credor":"20245870000138","nome_credor":"VERIDIANA DA CUNHA QUERINO 01971365408","valor_contratado":752.25,"valor_pago":752.25},{"codigo_unidade_gestora":"201157","codigo_unidade_orcamentaria":"02140","numero_empenho":"0002889","classificacao":"126","data_empenho":"2022-06-06","codigo_credor":"20245870000138","nome_credor":"VERIDIANA DA CUNHA QUERINO 01971365408","valor_contratado":811.20,"valor_pago":811.20},{"codigo_unidade_gestora":"201157","codigo_unidade_orcamentaria":"02110","numero_empenho":"0002890","classificacao":"126","data_empenho":"2022-06-06","codigo_credor":"02977362000162","nome_credor":"A.COSTA COM.ATAC. DE PROD.FARM. LTDA","valor_contratado":2084.00,"valor_pago":2084.00},{"codigo_unidade_gestora":"201157","codigo_unidade_orcamentaria":"02010","numero_empenho":"0002891","classificacao":"126","data_empenho":"2022-06-06","codigo_credor":"20245870000138","nome_credor":"VERIDIANA DA CUNHA QUERINO 01971365408","valor_contratado":1157.80,"valor_pago":1157.80},{"codigo_unidade_gestora":"201157","codigo_unidade_orcamentaria":"02140","numero_empenho":"0002892","classificacao":"126","data_empenho":"2022-06-06","codigo_credor":"20245870000138","nome_credor":"VERIDIANA DA CUNHA QUERINO 01971365408","valor_contratado":1915.00,"valor_pago":1915.00},{"codigo_unidade_gestora":"201157","codigo_unidade_orcamentaria":"02040","numero_empenho":"0002893","classificacao":"126","data_empenho":"2022-06-06","codigo_credor":"20245870000138","nome_credor":"VERIDIANA DA CUNHA QUERINO 01971365408","valor_contratado":970.00,"valor_pago":970.00},{"codigo_unidade_gestora":"201157","codigo_unidade_orcamentaria":"02140","numero_empenho":"0002894","classificacao":"126","data_empenho":"2022-06-06","codigo_credor":"20245870000138","nome_credor":"VERIDIANA DA CUNHA QUERINO 01971365408","valor_contratado":2939.00,"valor_pago":2939.00},{"codigo_unidade_gestora":"201157","codigo_unidade_orcamentaria":"02080","numero_empenho":"0002896","classificacao":"126","data_empenho":"2022-06-07","codigo_credor":"09261355000109","nome_credor":"HILTON PINHEIRO DANTAS","valor_contratado":168.47,"valor_pago":168.47},{"codigo_unidade_gestora":"201157","codigo_unidade_orcamentaria":"02090","numero_empenho":"0002897","classificacao":"126","data_empenho":"2022-06-07","codigo_credor":"09261355000109","nome_credor":"HILTON PINHEIRO DANTAS","valor_contratado":100.75,"valor_pago":100.75},{"codigo_unidade_gestora":"201157","codigo_unidade_orcamentaria":"02130","numero_empenho":"0002898","classificacao":"126","data_empenho":"2022-06-07","codigo_credor":"09261355000109","nome_credor":"HILTON PINHEIRO DANTAS","valor_contratado":70.90,"valor_pago":70.90},{"codigo_unidade_gestora":"201157","codigo_unidade_orcamentaria":"02080","numero_empenho":"0002899","classificacao":"126","data_empenho":"2022-06-07","codigo_credor":"09261355000109","nome_credor":"HILTON PINHEIRO DANTAS","valor_contratado":248.15,"valor_pago":248.15},{"codigo_unidade_gestora":"201157","codigo_unidade_orcamentaria":"02050","numero_empenho":"0002900","classificacao":"126","data_empenho":"2022-06-07","codigo_credor":"09261355000109","nome_credor":"HILTON PINHEIRO DANTAS","valor_contratado":2519.72,"valor_pago":2519.72},{"codigo_unidade_gestora":"201157","codigo_unidade_orcamentaria":"02140","numero_empenho":"0002901","classificacao":"126","data_empenho":"2022-06-07","codigo_credor":"09261355000109","nome_credor":"HILTON PINHEIRO DANTAS","valor_contratado":1300.06,"valor_pago":1300.06},{"codigo_unidade_gestora":"201157","codigo_unidade_orcamentaria":"02080","numero_empenho":"0002902","classificacao":"126","data_empenho":"2022-06-07","codigo_credor":"09261355000109","nome_credor":"HILTON PINHEIRO DANTAS","valor_contratado":2687.93,"valor_pago":2687.93},{"codigo_unidade_gestora":"201157","codigo_unidade_orcamentaria":"02010","numero_empenho":"0002903","classificacao":"126","data_empenho":"2022-06-07","codigo_credor":"09261355000109","nome_credor":"HILTON PINHEIRO DANTAS","valor_contratado":1951.77,"valor_pago":1951.77},{"codigo_unidade_gestora":"201157","codigo_unidade_orcamentaria":"02140","numero_empenho":"0002904","classificacao":"126","data_empenho":"2022-06-07","codigo_credor":"09261355000109","nome_credor":"HILTON PINHEIRO DANTAS","valor_contratado":1769.79,"valor_pago":1769.79},{"codigo_unidade_gestora":"201157","codigo_unidade_orcamentaria":"02080","numero_empenho":"0002905","classificacao":"126","data_empenho":"2022-06-07","codigo_credor":"09261355000109","nome_credor":"HILTON PINHEIRO DANTAS","valor_contratado":1138.40,"valor_pago":1138.40}]}}