{"size":50,"page":13,"total":703,"count":50,"_embedded":{"empenhos":[{"codigo_unidade_gestora":"201157","codigo_unidade_orcamentaria":"02050","numero_empenho":"0001879","classificacao":"135","data_empenho":"2022-04-26","codigo_credor":"09095183000140","nome_credor":"ENERGISA","valor_contratado":44.08,"valor_pago":44.08},{"codigo_unidade_gestora":"201157","codigo_unidade_orcamentaria":"02060","numero_empenho":"0001880","classificacao":"105","data_empenho":"2022-04-26","codigo_credor":"09048976000109","nome_credor":"Prefeitura Municipal de Remígio","valor_contratado":6293.62,"valor_pago":6293.62},{"codigo_unidade_gestora":"201157","codigo_unidade_orcamentaria":"02050","numero_empenho":"0001881","classificacao":"126","data_empenho":"2022-04-26","codigo_credor":"03995452000149","nome_credor":"SOUZAUTO LUB COMERCIO DE LUBRIFICANTE EIRELI","valor_contratado":760.00,"valor_pago":760.00},{"codigo_unidade_gestora":"201157","codigo_unidade_orcamentaria":"02050","numero_empenho":"0001882","classificacao":"135","data_empenho":"2022-04-26","codigo_credor":"09095183000140","nome_credor":"ENERGISA","valor_contratado":63.16,"valor_pago":63.16},{"codigo_unidade_gestora":"201157","codigo_unidade_orcamentaria":"02080","numero_empenho":"0001883","classificacao":"105","data_empenho":"2022-04-26","codigo_credor":"09048976000109","nome_credor":"Prefeitura Municipal de Remígio","valor_contratado":372.69,"valor_pago":372.69},{"codigo_unidade_gestora":"201157","codigo_unidade_orcamentaria":"02050","numero_empenho":"0001884","classificacao":"126","data_empenho":"2022-04-26","codigo_credor":"03995452000149","nome_credor":"SOUZAUTO LUB COMERCIO DE LUBRIFICANTE EIRELI","valor_contratado":114.00,"valor_pago":114.00},{"codigo_unidade_gestora":"201157","codigo_unidade_orcamentaria":"02140","numero_empenho":"0001885","classificacao":"144","data_empenho":"2022-04-26","codigo_credor":"00012471333460","nome_credor":"LUCAS SANTOS DA SILVA","valor_contratado":606.00,"valor_pago":606.00},{"codigo_unidade_gestora":"201157","codigo_unidade_orcamentaria":"02110","numero_empenho":"0001886","classificacao":"126","data_empenho":"2022-04-27","codigo_credor":"42878093000100","nome_credor":"JCASIF COMERCIO VAREJISTA DE CEREAIS LTDA","valor_contratado":21000.90,"valor_pago":21000.90},{"codigo_unidade_gestora":"201157","codigo_unidade_orcamentaria":"02140","numero_empenho":"0001887","classificacao":"144","data_empenho":"2022-04-27","codigo_credor":"00006108484454","nome_credor":"JORDAO BATISTA DE ALMEIDA","valor_contratado":350.00,"valor_pago":350.00},{"codigo_unidade_gestora":"201157","codigo_unidade_orcamentaria":"02110","numero_empenho":"0001888","classificacao":"126","data_empenho":"2022-04-27","codigo_credor":"42878093000100","nome_credor":"JCASIF COMERCIO VAREJISTA DE CEREAIS LTDA","valor_contratado":600.93,"valor_pago":600.93},{"codigo_unidade_gestora":"201157","codigo_unidade_orcamentaria":"02010","numero_empenho":"0001889","classificacao":"105","data_empenho":"2022-04-27","codigo_credor":"09048976000109","nome_credor":"Prefeitura Municipal de Remígio","valor_contratado":18834.00,"valor_pago":18834.00},{"codigo_unidade_gestora":"201157","codigo_unidade_orcamentaria":"02110","numero_empenho":"0001890","classificacao":"126","data_empenho":"2022-04-27","codigo_credor":"42878093000100","nome_credor":"JCASIF COMERCIO VAREJISTA DE CEREAIS LTDA","valor_contratado":400.80,"valor_pago":400.80},{"codigo_unidade_gestora":"201157","codigo_unidade_orcamentaria":"02080","numero_empenho":"0001891","classificacao":"126","data_empenho":"2022-04-27","codigo_credor":"02737810000150","nome_credor":"JOSE ARLINDO OLIVEIRA  SILVA","valor_contratado":16414.85,"valor_pago":16414.85},{"codigo_unidade_gestora":"201157","codigo_unidade_orcamentaria":"02030","numero_empenho":"0001892","classificacao":"105","data_empenho":"2022-04-27","codigo_credor":"09048976000109","nome_credor":"Prefeitura Municipal de Remígio","valor_contratado":11000.00,"valor_pago":11000.00},{"codigo_unidade_gestora":"201157","codigo_unidade_orcamentaria":"02020","numero_empenho":"0001893","classificacao":"105","data_empenho":"2022-04-27","codigo_credor":"09048976000109","nome_credor":"Prefeitura Municipal de Remígio","valor_contratado":20160.00,"valor_pago":20160.00},{"codigo_unidade_gestora":"201157","codigo_unidade_orcamentaria":"02040","numero_empenho":"0001894","classificacao":"135","data_empenho":"2022-04-27","codigo_credor":"02503493000108","nome_credor":"CAMPIMAGEM-CENTRO DE DIAGNOSTICO POR IMA","valor_contratado":180.00,"valor_pago":180.00},{"codigo_unidade_gestora":"201157","codigo_unidade_orcamentaria":"02050","numero_empenho":"0001895","classificacao":"105","data_empenho":"2022-04-27","codigo_credor":"09048976000109","nome_credor":"Prefeitura Municipal de Remígio","valor_contratado":44191.00,"valor_pago":44191.00},{"codigo_unidade_gestora":"201157","codigo_unidade_orcamentaria":"02040","numero_empenho":"0001896","classificacao":"105","data_empenho":"2022-04-27","codigo_credor":"09048976000109","nome_credor":"Prefeitura Municipal de Remígio","valor_contratado":30484.00,"valor_pago":30484.00},{"codigo_unidade_gestora":"201157","codigo_unidade_orcamentaria":"02110","numero_empenho":"0001897","classificacao":"135","data_empenho":"2022-04-27","codigo_credor":"34783914000198","nome_credor":"JOSE WAGNER DE LIMA","valor_contratado":16150.00,"valor_pago":16150.00},{"codigo_unidade_gestora":"201157","codigo_unidade_orcamentaria":"02030","numero_empenho":"0001898","classificacao":"191","data_empenho":"2022-04-27","codigo_credor":"09283185000163","nome_credor":"JOAO PESSOA TRIBUNAL DE JUSTIÇA DO ESTADO DA PARAIBA","valor_contratado":92927.68,"valor_pago":92927.68},{"codigo_unidade_gestora":"201157","codigo_unidade_orcamentaria":"02070","numero_empenho":"0001899","classificacao":"105","data_empenho":"2022-04-27","codigo_credor":"09048976000109","nome_credor":"Prefeitura Municipal de Remígio","valor_contratado":19636.00,"valor_pago":19636.00},{"codigo_unidade_gestora":"201157","codigo_unidade_orcamentaria":"02080","numero_empenho":"0001900","classificacao":"105","data_empenho":"2022-04-27","codigo_credor":"09048976000109","nome_credor":"Prefeitura Municipal de Remígio","valor_contratado":26056.00,"valor_pago":26056.00},{"codigo_unidade_gestora":"201157","codigo_unidade_orcamentaria":"02090","numero_empenho":"0001901","classificacao":"105","data_empenho":"2022-04-27","codigo_credor":"09048976000109","nome_credor":"Prefeitura Municipal de Remígio","valor_contratado":15960.00,"valor_pago":15960.00},{"codigo_unidade_gestora":"201157","codigo_unidade_orcamentaria":"02060","numero_empenho":"0001902","classificacao":"105","data_empenho":"2022-04-27","codigo_credor":"09048976000109","nome_credor":"Prefeitura Municipal de Remígio","valor_contratado":4500.00,"valor_pago":4500.00},{"codigo_unidade_gestora":"201157","codigo_unidade_orcamentaria":"02130","numero_empenho":"0001903","classificacao":"105","data_empenho":"2022-04-27","codigo_credor":"09048976000109","nome_credor":"Prefeitura Municipal de Remígio","valor_contratado":5000.00,"valor_pago":5000.00},{"codigo_unidade_gestora":"201157","codigo_unidade_orcamentaria":"02120","numero_empenho":"0001904","classificacao":"105","data_empenho":"2022-04-27","codigo_credor":"09048976000109","nome_credor":"Prefeitura Municipal de Remígio","valor_contratado":4500.00,"valor_pago":4500.00},{"codigo_unidade_gestora":"201157","codigo_unidade_orcamentaria":"02110","numero_empenho":"0001905","classificacao":"126","data_empenho":"2022-04-27","codigo_credor":"03995452000149","nome_credor":"SOUZAUTO LUB COMERCIO DE LUBRIFICANTE EIRELI","valor_contratado":82.00,"valor_pago":82.00},{"codigo_unidade_gestora":"201157","codigo_unidade_orcamentaria":"02140","numero_empenho":"0001906","classificacao":"126","data_empenho":"2022-04-27","codigo_credor":"03995452000149","nome_credor":"SOUZAUTO LUB COMERCIO DE LUBRIFICANTE EIRELI","valor_contratado":25.00,"valor_pago":25.00},{"codigo_unidade_gestora":"201157","codigo_unidade_orcamentaria":"02040","numero_empenho":"0001907","classificacao":"126","data_empenho":"2022-04-27","codigo_credor":"03995452000149","nome_credor":"SOUZAUTO LUB COMERCIO DE LUBRIFICANTE EIRELI","valor_contratado":82.00,"valor_pago":82.00},{"codigo_unidade_gestora":"201157","codigo_unidade_orcamentaria":"02040","numero_empenho":"0001908","classificacao":"126","data_empenho":"2022-04-27","codigo_credor":"03995452000149","nome_credor":"SOUZAUTO LUB COMERCIO DE LUBRIFICANTE EIRELI","valor_contratado":25.00,"valor_pago":25.00},{"codigo_unidade_gestora":"201157","codigo_unidade_orcamentaria":"02130","numero_empenho":"0001909","classificacao":"126","data_empenho":"2022-04-27","codigo_credor":"03995452000149","nome_credor":"SOUZAUTO LUB COMERCIO DE LUBRIFICANTE EIRELI","valor_contratado":82.00,"valor_pago":82.00},{"codigo_unidade_gestora":"201157","codigo_unidade_orcamentaria":"02010","numero_empenho":"0001910","classificacao":"98","data_empenho":"2022-04-27","codigo_credor":"09048976000109","nome_credor":"Prefeitura Municipal de Remígio","valor_contratado":2000.00,"valor_pago":2000.00},{"codigo_unidade_gestora":"201157","codigo_unidade_orcamentaria":"02040","numero_empenho":"0001911","classificacao":"98","data_empenho":"2022-04-27","codigo_credor":"09048976000109","nome_credor":"Prefeitura Municipal de Remígio","valor_contratado":21647.40,"valor_pago":21647.40},{"codigo_unidade_gestora":"201157","codigo_unidade_orcamentaria":"02040","numero_empenho":"0001912","classificacao":"126","data_empenho":"2022-04-27","codigo_credor":"03995452000149","nome_credor":"SOUZAUTO LUB COMERCIO DE LUBRIFICANTE EIRELI","valor_contratado":50.00,"valor_pago":50.00},{"codigo_unidade_gestora":"201157","codigo_unidade_orcamentaria":"02110","numero_empenho":"0001913","classificacao":"126","data_empenho":"2022-04-27","codigo_credor":"02977362000162","nome_credor":"A.COSTA COM.ATAC. DE PROD.FARM. LTDA","valor_contratado":14754.08,"valor_pago":14754.08},{"codigo_unidade_gestora":"201157","codigo_unidade_orcamentaria":"02110","numero_empenho":"0001914","classificacao":"98","data_empenho":"2022-04-27","codigo_credor":"09048976000109","nome_credor":"Prefeitura Municipal de Remígio","valor_contratado":10098.50,"valor_pago":10098.50},{"codigo_unidade_gestora":"201157","codigo_unidade_orcamentaria":"02110","numero_empenho":"0001915","classificacao":"98","data_empenho":"2022-04-27","codigo_credor":"09048976000109","nome_credor":"Prefeitura Municipal de Remígio","valor_contratado":76999.99,"valor_pago":76999.99},{"codigo_unidade_gestora":"201157","codigo_unidade_orcamentaria":"02110","numero_empenho":"0001916","classificacao":"98","data_empenho":"2022-04-27","codigo_credor":"09048976000109","nome_credor":"Prefeitura Municipal de Remígio","valor_contratado":68694.00,"valor_pago":68694.00},{"codigo_unidade_gestora":"201157","codigo_unidade_orcamentaria":"02110","numero_empenho":"0001917","classificacao":"98","data_empenho":"2022-04-27","codigo_credor":"09048976000109","nome_credor":"Prefeitura Municipal de Remígio","valor_contratado":8200.00,"valor_pago":8200.00},{"codigo_unidade_gestora":"201157","codigo_unidade_orcamentaria":"02110","numero_empenho":"0001918","classificacao":"98","data_empenho":"2022-04-27","codigo_credor":"09048976000109","nome_credor":"Prefeitura Municipal de Remígio","valor_contratado":33786.27,"valor_pago":33786.27},{"codigo_unidade_gestora":"201157","codigo_unidade_orcamentaria":"02140","numero_empenho":"0001919","classificacao":"135","data_empenho":"2022-04-27","codigo_credor":"00000000280704","nome_credor":"BANCO DO BRASIL S/A","valor_contratado":55.00,"valor_pago":55.00},{"codigo_unidade_gestora":"201157","codigo_unidade_orcamentaria":"02110","numero_empenho":"0001920","classificacao":"98","data_empenho":"2022-04-27","codigo_credor":"09048976000109","nome_credor":"Prefeitura Municipal de Remígio","valor_contratado":6500.00,"valor_pago":6500.00},{"codigo_unidade_gestora":"201157","codigo_unidade_orcamentaria":"02110","numero_empenho":"0001921","classificacao":"98","data_empenho":"2022-04-27","codigo_credor":"09048976000109","nome_credor":"Prefeitura Municipal de Remígio","valor_contratado":12876.00,"valor_pago":12876.00},{"codigo_unidade_gestora":"201157","codigo_unidade_orcamentaria":"02110","numero_empenho":"0001922","classificacao":"98","data_empenho":"2022-04-27","codigo_credor":"09048976000109","nome_credor":"Prefeitura Municipal de Remígio","valor_contratado":2424.00,"valor_pago":2424.00},{"codigo_unidade_gestora":"201157","codigo_unidade_orcamentaria":"02070","numero_empenho":"0001923","classificacao":"98","data_empenho":"2022-04-27","codigo_credor":"09048976000109","nome_credor":"Prefeitura Municipal de Remígio","valor_contratado":2524.00,"valor_pago":2524.00},{"codigo_unidade_gestora":"201157","codigo_unidade_orcamentaria":"02080","numero_empenho":"0001924","classificacao":"98","data_empenho":"2022-04-27","codigo_credor":"09048976000109","nome_credor":"Prefeitura Municipal de Remígio","valor_contratado":13258.00,"valor_pago":13258.00},{"codigo_unidade_gestora":"201157","codigo_unidade_orcamentaria":"02080","numero_empenho":"0001925","classificacao":"98","data_empenho":"2022-04-27","codigo_credor":"09048976000109","nome_credor":"Prefeitura Municipal de Remígio","valor_contratado":2012.00,"valor_pago":2012.00},{"codigo_unidade_gestora":"201157","codigo_unidade_orcamentaria":"02090","numero_empenho":"0001926","classificacao":"98","data_empenho":"2022-04-27","codigo_credor":"09048976000109","nome_credor":"Prefeitura Municipal de Remígio","valor_contratado":1212.00,"valor_pago":1212.00},{"codigo_unidade_gestora":"201157","codigo_unidade_orcamentaria":"02050","numero_empenho":"0001927","classificacao":"98","data_empenho":"2022-04-27","codigo_credor":"09048976000109","nome_credor":"Prefeitura Municipal de Remígio","valor_contratado":122711.51,"valor_pago":122711.51},{"codigo_unidade_gestora":"201157","codigo_unidade_orcamentaria":"02050","numero_empenho":"0001928","classificacao":"98","data_empenho":"2022-04-28","codigo_credor":"09048976000109","nome_credor":"Prefeitura Municipal de Remígio","valor_contratado":58012.88,"valor_pago":58012.88}]}}