{"size":50,"page":18,"total":1183,"count":50,"_embedded":{"empenhos":[{"codigo_unidade_gestora":"201157","codigo_unidade_orcamentaria":"02120","numero_empenho":"0008307","classificacao":"135","data_empenho":"2022-12-22","codigo_credor":"22230656000133","nome_credor":"MARIA ELIANE DIAS DA SILVA 51916743468","valor_contratado":5000.00,"valor_pago":5000.00},{"codigo_unidade_gestora":"201157","codigo_unidade_orcamentaria":"02020","numero_empenho":"0008308","classificacao":"135","data_empenho":"2022-12-22","codigo_credor":"00000000280704","nome_credor":"BANCO DO BRASIL S/A","valor_contratado":11.00,"valor_pago":11.00},{"codigo_unidade_gestora":"201157","codigo_unidade_orcamentaria":"02050","numero_empenho":"0008309","classificacao":"105","data_empenho":"2022-12-22","codigo_credor":"09048976000109","nome_credor":"Prefeitura Municipal de Remígio","valor_contratado":19530.20,"valor_pago":19530.20},{"codigo_unidade_gestora":"201157","codigo_unidade_orcamentaria":"02050","numero_empenho":"0008310","classificacao":"105","data_empenho":"2022-12-22","codigo_credor":"09048976000109","nome_credor":"Prefeitura Municipal de Remígio","valor_contratado":437454.08,"valor_pago":437454.08},{"codigo_unidade_gestora":"201157","codigo_unidade_orcamentaria":"02010","numero_empenho":"0008311","classificacao":"135","data_empenho":"2022-12-22","codigo_credor":"28253940000101","nome_credor":"DAVILLA IZIDIO DE ANDRADE","valor_contratado":1000.00,"valor_pago":1000.00},{"codigo_unidade_gestora":"201157","codigo_unidade_orcamentaria":"02010","numero_empenho":"0008312","classificacao":"135","data_empenho":"2022-12-22","codigo_credor":"22909263000150","nome_credor":"JOSE DE ARIMATEIA R.GONÇALVES 01608645428","valor_contratado":1000.00,"valor_pago":1000.00},{"codigo_unidade_gestora":"201157","codigo_unidade_orcamentaria":"02050","numero_empenho":"0008313","classificacao":"105","data_empenho":"2022-12-22","codigo_credor":"09048976000109","nome_credor":"Prefeitura Municipal de Remígio","valor_contratado":315446.50,"valor_pago":315446.50},{"codigo_unidade_gestora":"201157","codigo_unidade_orcamentaria":"02040","numero_empenho":"0008314","classificacao":"135","data_empenho":"2022-12-22","codigo_credor":"21993674000104","nome_credor":"ANDRE RODRIGUES DE SALES 11344879403","valor_contratado":220.00,"valor_pago":220.00},{"codigo_unidade_gestora":"201157","codigo_unidade_orcamentaria":"02040","numero_empenho":"0008315","classificacao":"135","data_empenho":"2022-12-22","codigo_credor":"41453749000171","nome_credor":"ANTONIO VICTOR FIDELIS DA SILVA","valor_contratado":150.00,"valor_pago":150.00},{"codigo_unidade_gestora":"201157","codigo_unidade_orcamentaria":"02010","numero_empenho":"0008316","classificacao":"135","data_empenho":"2022-12-22","codigo_credor":"14949698000109","nome_credor":"G O L NETO EIRELI","valor_contratado":2466.86,"valor_pago":2466.86},{"codigo_unidade_gestora":"201157","codigo_unidade_orcamentaria":"02050","numero_empenho":"0008317","classificacao":"105","data_empenho":"2022-12-22","codigo_credor":"09048976000109","nome_credor":"Prefeitura Municipal de Remígio","valor_contratado":41745.10,"valor_pago":41745.10},{"codigo_unidade_gestora":"201157","codigo_unidade_orcamentaria":"02040","numero_empenho":"0008318","classificacao":"135","data_empenho":"2022-12-22","codigo_credor":"14949698000109","nome_credor":"G O L NETO EIRELI","valor_contratado":4200.00,"valor_pago":4200.00},{"codigo_unidade_gestora":"201157","codigo_unidade_orcamentaria":"02050","numero_empenho":"0008319","classificacao":"105","data_empenho":"2022-12-22","codigo_credor":"09048976000109","nome_credor":"Prefeitura Municipal de Remígio","valor_contratado":248329.57,"valor_pago":248329.57},{"codigo_unidade_gestora":"201157","codigo_unidade_orcamentaria":"02050","numero_empenho":"0008320","classificacao":"105","data_empenho":"2022-12-22","codigo_credor":"09048976000109","nome_credor":"Prefeitura Municipal de Remígio","valor_contratado":28861.90,"valor_pago":28861.90},{"codigo_unidade_gestora":"201157","codigo_unidade_orcamentaria":"02020","numero_empenho":"0008321","classificacao":"136","data_empenho":"2022-12-22","codigo_credor":"03500830000176","nome_credor":"RICARDO GUERRA INFORMATICA-ME","valor_contratado":1000.00,"valor_pago":1000.00},{"codigo_unidade_gestora":"201157","codigo_unidade_orcamentaria":"02050","numero_empenho":"0008322","classificacao":"105","data_empenho":"2022-12-23","codigo_credor":"09048976000109","nome_credor":"Prefeitura Municipal de Remígio","valor_contratado":17569.54,"valor_pago":17569.54},{"codigo_unidade_gestora":"201157","codigo_unidade_orcamentaria":"02010","numero_empenho":"0008323","classificacao":"135","data_empenho":"2022-12-23","codigo_credor":"09366790000106","nome_credor":"EMPRESA PARAIBANA DE COMUNICAÇÃO S.A -EPC","valor_contratado":420.00,"valor_pago":420.00},{"codigo_unidade_gestora":"201157","codigo_unidade_orcamentaria":"02050","numero_empenho":"0008324","classificacao":"105","data_empenho":"2022-12-23","codigo_credor":"09048976000109","nome_credor":"Prefeitura Municipal de Remígio","valor_contratado":7770.30,"valor_pago":7770.30},{"codigo_unidade_gestora":"201157","codigo_unidade_orcamentaria":"02050","numero_empenho":"0008325","classificacao":"105","data_empenho":"2022-12-23","codigo_credor":"09048976000109","nome_credor":"Prefeitura Municipal de Remígio","valor_contratado":7143.24,"valor_pago":7143.24},{"codigo_unidade_gestora":"201157","codigo_unidade_orcamentaria":"02010","numero_empenho":"0008326","classificacao":"135","data_empenho":"2022-12-23","codigo_credor":"09366790000106","nome_credor":"EMPRESA PARAIBANA DE COMUNICAÇÃO S.A -EPC","valor_contratado":592.00,"valor_pago":592.00},{"codigo_unidade_gestora":"201157","codigo_unidade_orcamentaria":"02050","numero_empenho":"0008327","classificacao":"150","data_empenho":"2022-12-23","codigo_credor":"07239645000120","nome_credor":"EMILLY INDUSTRIA E COMERCIO DE MOVEIS LTDA EPP","valor_contratado":0.00,"valor_pago":0.00},{"codigo_unidade_gestora":"201157","codigo_unidade_orcamentaria":"02050","numero_empenho":"0008328","classificacao":"105","data_empenho":"2022-12-23","codigo_credor":"09048976000109","nome_credor":"Prefeitura Municipal de Remígio","valor_contratado":180962.74,"valor_pago":180962.74},{"codigo_unidade_gestora":"201157","codigo_unidade_orcamentaria":"02050","numero_empenho":"0008329","classificacao":"105","data_empenho":"2022-12-23","codigo_credor":"09048976000109","nome_credor":"Prefeitura Municipal de Remígio","valor_contratado":16276.11,"valor_pago":16276.11},{"codigo_unidade_gestora":"201157","codigo_unidade_orcamentaria":"02050","numero_empenho":"0008330","classificacao":"105","data_empenho":"2022-12-23","codigo_credor":"09048976000109","nome_credor":"Prefeitura Municipal de Remígio","valor_contratado":157970.63,"valor_pago":157970.63},{"codigo_unidade_gestora":"201157","codigo_unidade_orcamentaria":"02040","numero_empenho":"0008331","classificacao":"135","data_empenho":"2022-12-23","codigo_credor":"47893332000106","nome_credor":"ESTEPHANE GRACE NUNES DANTAS","valor_contratado":850.00,"valor_pago":850.00},{"codigo_unidade_gestora":"201157","codigo_unidade_orcamentaria":"02040","numero_empenho":"0008332","classificacao":"105","data_empenho":"2022-12-23","codigo_credor":"09048976000109","nome_credor":"Prefeitura Municipal de Remígio","valor_contratado":104930.38,"valor_pago":104930.38},{"codigo_unidade_gestora":"201157","codigo_unidade_orcamentaria":"02110","numero_empenho":"0008333","classificacao":"105","data_empenho":"2022-12-23","codigo_credor":"09048976000109","nome_credor":"Prefeitura Municipal de Remígio","valor_contratado":600.00,"valor_pago":600.00},{"codigo_unidade_gestora":"201157","codigo_unidade_orcamentaria":"02110","numero_empenho":"0008334","classificacao":"105","data_empenho":"2022-12-23","codigo_credor":"09048976000109","nome_credor":"Prefeitura Municipal de Remígio","valor_contratado":38683.39,"valor_pago":38683.39},{"codigo_unidade_gestora":"201157","codigo_unidade_orcamentaria":"02110","numero_empenho":"0008335","classificacao":"105","data_empenho":"2022-12-23","codigo_credor":"09048976000109","nome_credor":"Prefeitura Municipal de Remígio","valor_contratado":30420.00,"valor_pago":30420.00},{"codigo_unidade_gestora":"201157","codigo_unidade_orcamentaria":"02110","numero_empenho":"0008336","classificacao":"105","data_empenho":"2022-12-23","codigo_credor":"09048976000109","nome_credor":"Prefeitura Municipal de Remígio","valor_contratado":142525.92,"valor_pago":142525.92},{"codigo_unidade_gestora":"201157","codigo_unidade_orcamentaria":"02110","numero_empenho":"0008337","classificacao":"105","data_empenho":"2022-12-23","codigo_credor":"09048976000109","nome_credor":"Prefeitura Municipal de Remígio","valor_contratado":30847.08,"valor_pago":30847.08},{"codigo_unidade_gestora":"201157","codigo_unidade_orcamentaria":"02040","numero_empenho":"0008338","classificacao":"105","data_empenho":"2022-12-23","codigo_credor":"09048976000109","nome_credor":"Prefeitura Municipal de Remígio","valor_contratado":1500.00,"valor_pago":1500.00},{"codigo_unidade_gestora":"201157","codigo_unidade_orcamentaria":"02070","numero_empenho":"0008339","classificacao":"105","data_empenho":"2022-12-23","codigo_credor":"09048976000109","nome_credor":"Prefeitura Municipal de Remígio","valor_contratado":13402.70,"valor_pago":13402.70},{"codigo_unidade_gestora":"201157","codigo_unidade_orcamentaria":"02070","numero_empenho":"0008340","classificacao":"105","data_empenho":"2022-12-23","codigo_credor":"09048976000109","nome_credor":"Prefeitura Municipal de Remígio","valor_contratado":12604.80,"valor_pago":12604.80},{"codigo_unidade_gestora":"201157","codigo_unidade_orcamentaria":"02080","numero_empenho":"0008341","classificacao":"105","data_empenho":"2022-12-23","codigo_credor":"09048976000109","nome_credor":"Prefeitura Municipal de Remígio","valor_contratado":23049.74,"valor_pago":23049.74},{"codigo_unidade_gestora":"201157","codigo_unidade_orcamentaria":"02080","numero_empenho":"0008342","classificacao":"105","data_empenho":"2022-12-23","codigo_credor":"09048976000109","nome_credor":"Prefeitura Municipal de Remígio","valor_contratado":45566.12,"valor_pago":45566.12},{"codigo_unidade_gestora":"201157","codigo_unidade_orcamentaria":"02080","numero_empenho":"0008343","classificacao":"105","data_empenho":"2022-12-23","codigo_credor":"09048976000109","nome_credor":"Prefeitura Municipal de Remígio","valor_contratado":3000.00,"valor_pago":3000.00},{"codigo_unidade_gestora":"201157","codigo_unidade_orcamentaria":"02110","numero_empenho":"0008344","classificacao":"126","data_empenho":"2022-12-23","codigo_credor":"17227485000153","nome_credor":"LG PRODUTOS HOSPITALARES LTDA","valor_contratado":7496.62,"valor_pago":0.00},{"codigo_unidade_gestora":"201157","codigo_unidade_orcamentaria":"02090","numero_empenho":"0008345","classificacao":"105","data_empenho":"2022-12-23","codigo_credor":"09048976000109","nome_credor":"Prefeitura Municipal de Remígio","valor_contratado":6951.08,"valor_pago":6951.08},{"codigo_unidade_gestora":"201157","codigo_unidade_orcamentaria":"02060","numero_empenho":"0008346","classificacao":"105","data_empenho":"2022-12-23","codigo_credor":"09048976000109","nome_credor":"Prefeitura Municipal de Remígio","valor_contratado":5134.14,"valor_pago":5134.14},{"codigo_unidade_gestora":"201157","codigo_unidade_orcamentaria":"02110","numero_empenho":"0008347","classificacao":"126","data_empenho":"2022-12-23","codigo_credor":"17227485000153","nome_credor":"LG PRODUTOS HOSPITALARES LTDA","valor_contratado":3001.60,"valor_pago":0.00},{"codigo_unidade_gestora":"201157","codigo_unidade_orcamentaria":"02080","numero_empenho":"0008348","classificacao":"135","data_empenho":"2022-12-23","codigo_credor":"73471963010614","nome_credor":"SENAT SERV. NACIONAL DE APREND. DO TRANS","valor_contratado":1600.00,"valor_pago":0.00},{"codigo_unidade_gestora":"201157","codigo_unidade_orcamentaria":"02050","numero_empenho":"0008349","classificacao":"135","data_empenho":"2022-12-23","codigo_credor":"73471963010614","nome_credor":"SENAT SERV. NACIONAL DE APREND. DO TRANS","valor_contratado":1200.00,"valor_pago":0.00},{"codigo_unidade_gestora":"201157","codigo_unidade_orcamentaria":"02050","numero_empenho":"0008350","classificacao":"135","data_empenho":"2022-12-23","codigo_credor":"73471963010614","nome_credor":"SENAT SERV. NACIONAL DE APREND. DO TRANS","valor_contratado":1200.00,"valor_pago":0.00},{"codigo_unidade_gestora":"201157","codigo_unidade_orcamentaria":"02050","numero_empenho":"0008351","classificacao":"135","data_empenho":"2022-12-23","codigo_credor":"73471963010614","nome_credor":"SENAT SERV. NACIONAL DE APREND. DO TRANS","valor_contratado":2500.00,"valor_pago":0.00},{"codigo_unidade_gestora":"201157","codigo_unidade_orcamentaria":"02010","numero_empenho":"0008352","classificacao":"105","data_empenho":"2022-12-23","codigo_credor":"09048976000109","nome_credor":"Prefeitura Municipal de Remígio","valor_contratado":12358.39,"valor_pago":12358.39},{"codigo_unidade_gestora":"201157","codigo_unidade_orcamentaria":"02030","numero_empenho":"0008353","classificacao":"105","data_empenho":"2022-12-23","codigo_credor":"09048976000109","nome_credor":"Prefeitura Municipal de Remígio","valor_contratado":4500.00,"valor_pago":4500.00},{"codigo_unidade_gestora":"201157","codigo_unidade_orcamentaria":"02020","numero_empenho":"0008354","classificacao":"105","data_empenho":"2022-12-23","codigo_credor":"09048976000109","nome_credor":"Prefeitura Municipal de Remígio","valor_contratado":12825.87,"valor_pago":12825.87},{"codigo_unidade_gestora":"201157","codigo_unidade_orcamentaria":"02050","numero_empenho":"0008355","classificacao":"105","data_empenho":"2022-12-23","codigo_credor":"09048976000109","nome_credor":"Prefeitura Municipal de Remígio","valor_contratado":4500.00,"valor_pago":4500.00},{"codigo_unidade_gestora":"201157","codigo_unidade_orcamentaria":"02040","numero_empenho":"0008356","classificacao":"105","data_empenho":"2022-12-23","codigo_credor":"09048976000109","nome_credor":"Prefeitura Municipal de Remígio","valor_contratado":11612.00,"valor_pago":11612.00}]}}