{"size":50,"page":8,"total":795,"count":50,"_embedded":{"empenhos":[{"codigo_unidade_gestora":"201157","codigo_unidade_orcamentaria":"02080","numero_empenho":"0005438","classificacao":"135","data_empenho":"2022-09-13","codigo_credor":"42073356000103","nome_credor":"DIEGO NUNES BENEVENUTO 44622283832","valor_contratado":1500.00,"valor_pago":1500.00},{"codigo_unidade_gestora":"201157","codigo_unidade_orcamentaria":"02140","numero_empenho":"0005439","classificacao":"144","data_empenho":"2022-09-13","codigo_credor":"00006113409414","nome_credor":"FRANCINEIDE ANDRE DO NASCIMENTO","valor_contratado":612.00,"valor_pago":612.00},{"codigo_unidade_gestora":"201157","codigo_unidade_orcamentaria":"02120","numero_empenho":"0005440","classificacao":"135","data_empenho":"2022-09-13","codigo_credor":"41448185000189","nome_credor":"FELIPE DOS SANTOS OLIVEIRA DE SOUZA 13801424405","valor_contratado":1200.00,"valor_pago":1200.00},{"codigo_unidade_gestora":"201157","codigo_unidade_orcamentaria":"02040","numero_empenho":"0005441","classificacao":"135","data_empenho":"2022-09-13","codigo_credor":"23960587000186","nome_credor":"ARLINDO SOARES DA SILVA 03406315461","valor_contratado":1100.00,"valor_pago":1100.00},{"codigo_unidade_gestora":"201157","codigo_unidade_orcamentaria":"02080","numero_empenho":"0005442","classificacao":"135","data_empenho":"2022-09-13","codigo_credor":"23960587000186","nome_credor":"ARLINDO SOARES DA SILVA 03406315461","valor_contratado":1100.00,"valor_pago":1100.00},{"codigo_unidade_gestora":"201157","codigo_unidade_orcamentaria":"02140","numero_empenho":"0005443","classificacao":"144","data_empenho":"2022-09-13","codigo_credor":"00070254326447","nome_credor":"JANAINA DE ARAUJO SOARES","valor_contratado":612.00,"valor_pago":612.00},{"codigo_unidade_gestora":"201157","codigo_unidade_orcamentaria":"02050","numero_empenho":"0005444","classificacao":"135","data_empenho":"2022-09-13","codigo_credor":"23960587000186","nome_credor":"ARLINDO SOARES DA SILVA 03406315461","valor_contratado":880.00,"valor_pago":880.00},{"codigo_unidade_gestora":"201157","codigo_unidade_orcamentaria":"02010","numero_empenho":"0005445","classificacao":"135","data_empenho":"2022-09-13","codigo_credor":"29458217000121","nome_credor":"MARCOS ANTONIO BATISTA REIS 85353213491","valor_contratado":3350.00,"valor_pago":3350.00},{"codigo_unidade_gestora":"201157","codigo_unidade_orcamentaria":"02080","numero_empenho":"0005446","classificacao":"135","data_empenho":"2022-09-13","codigo_credor":"23960587000186","nome_credor":"ARLINDO SOARES DA SILVA 03406315461","valor_contratado":880.00,"valor_pago":880.00},{"codigo_unidade_gestora":"201157","codigo_unidade_orcamentaria":"02080","numero_empenho":"0005447","classificacao":"135","data_empenho":"2022-09-13","codigo_credor":"31390801000134","nome_credor":"JOSEMI ROBERTO DE FREITAS 08726908492","valor_contratado":6900.00,"valor_pago":6900.00},{"codigo_unidade_gestora":"201157","codigo_unidade_orcamentaria":"02080","numero_empenho":"0005448","classificacao":"135","data_empenho":"2022-09-13","codigo_credor":"29416266000100","nome_credor":"CICERO RENATO SOUZA SILVA 05855997421","valor_contratado":1130.00,"valor_pago":1130.00},{"codigo_unidade_gestora":"201157","codigo_unidade_orcamentaria":"02140","numero_empenho":"0005449","classificacao":"144","data_empenho":"2022-09-13","codigo_credor":"00009671103430","nome_credor":"TAIZE SAMARA DE SOUZA","valor_contratado":612.00,"valor_pago":612.00},{"codigo_unidade_gestora":"201157","codigo_unidade_orcamentaria":"02080","numero_empenho":"0005450","classificacao":"135","data_empenho":"2022-09-13","codigo_credor":"24518477000121","nome_credor":"ERMINIO PEREIRA DE OLIVEIRA 03814233441","valor_contratado":1400.00,"valor_pago":1400.00},{"codigo_unidade_gestora":"201157","codigo_unidade_orcamentaria":"02080","numero_empenho":"0005451","classificacao":"135","data_empenho":"2022-09-13","codigo_credor":"24518477000121","nome_credor":"ERMINIO PEREIRA DE OLIVEIRA 03814233441","valor_contratado":1440.00,"valor_pago":1440.00},{"codigo_unidade_gestora":"201157","codigo_unidade_orcamentaria":"02080","numero_empenho":"0005452","classificacao":"135","data_empenho":"2022-09-13","codigo_credor":"29416266000100","nome_credor":"CICERO RENATO SOUZA SILVA 05855997421","valor_contratado":904.00,"valor_pago":904.00},{"codigo_unidade_gestora":"201157","codigo_unidade_orcamentaria":"02140","numero_empenho":"0005453","classificacao":"144","data_empenho":"2022-09-13","codigo_credor":"00013518475460","nome_credor":"AMANDA LIMA LOPES","valor_contratado":400.00,"valor_pago":400.00},{"codigo_unidade_gestora":"201157","codigo_unidade_orcamentaria":"02080","numero_empenho":"0005454","classificacao":"135","data_empenho":"2022-09-13","codigo_credor":"29416266000100","nome_credor":"CICERO RENATO SOUZA SILVA 05855997421","valor_contratado":904.00,"valor_pago":904.00},{"codigo_unidade_gestora":"201157","codigo_unidade_orcamentaria":"02080","numero_empenho":"0005455","classificacao":"135","data_empenho":"2022-09-13","codigo_credor":"29416266000100","nome_credor":"CICERO RENATO SOUZA SILVA 05855997421","valor_contratado":1130.00,"valor_pago":1130.00},{"codigo_unidade_gestora":"201157","codigo_unidade_orcamentaria":"02140","numero_empenho":"0005456","classificacao":"144","data_empenho":"2022-09-13","codigo_credor":"00070774770457","nome_credor":"LARISSA VITORIA COSTA","valor_contratado":300.00,"valor_pago":300.00},{"codigo_unidade_gestora":"201157","codigo_unidade_orcamentaria":"02020","numero_empenho":"0005457","classificacao":"135","data_empenho":"2022-09-13","codigo_credor":"00000000280704","nome_credor":"BANCO DO BRASIL S/A","valor_contratado":33.00,"valor_pago":33.00},{"codigo_unidade_gestora":"201157","codigo_unidade_orcamentaria":"02110","numero_empenho":"0005458","classificacao":"126","data_empenho":"2022-09-14","codigo_credor":"17227485000153","nome_credor":"LG PRODUTOS HOSPITALARES LTDA","valor_contratado":24592.50,"valor_pago":24592.50},{"codigo_unidade_gestora":"201157","codigo_unidade_orcamentaria":"02110","numero_empenho":"0005459","classificacao":"126","data_empenho":"2022-09-14","codigo_credor":"17227485000153","nome_credor":"LG PRODUTOS HOSPITALARES LTDA","valor_contratado":18683.90,"valor_pago":18683.90},{"codigo_unidade_gestora":"201157","codigo_unidade_orcamentaria":"02110","numero_empenho":"0005460","classificacao":"126","data_empenho":"2022-09-14","codigo_credor":"08778201000126","nome_credor":"DROGAFONTE LTDA.","valor_contratado":1830.40,"valor_pago":1830.40},{"codigo_unidade_gestora":"201157","codigo_unidade_orcamentaria":"02110","numero_empenho":"0005461","classificacao":"150","data_empenho":"2022-09-14","codigo_credor":"40295063000137","nome_credor":"ALEXANDRE R BARBOSA DA SILVA","valor_contratado":1520.00,"valor_pago":1520.00},{"codigo_unidade_gestora":"201157","codigo_unidade_orcamentaria":"02120","numero_empenho":"0005462","classificacao":"132","data_empenho":"2022-09-14","codigo_credor":"00005126579479","nome_credor":"EMANUEL JORGE DE OLIVEIRA CUNHA","valor_contratado":1500.00,"valor_pago":1500.00},{"codigo_unidade_gestora":"201157","codigo_unidade_orcamentaria":"02110","numero_empenho":"0005463","classificacao":"150","data_empenho":"2022-09-14","codigo_credor":"40295063000137","nome_credor":"ALEXANDRE R BARBOSA DA SILVA","valor_contratado":23397.00,"valor_pago":23397.00},{"codigo_unidade_gestora":"201157","codigo_unidade_orcamentaria":"02110","numero_empenho":"0005464","classificacao":"150","data_empenho":"2022-09-14","codigo_credor":"40295063000137","nome_credor":"ALEXANDRE R BARBOSA DA SILVA","valor_contratado":19261.99,"valor_pago":19261.99},{"codigo_unidade_gestora":"201157","codigo_unidade_orcamentaria":"02110","numero_empenho":"0005465","classificacao":"135","data_empenho":"2022-09-14","codigo_credor":"08716557000135","nome_credor":"CLINICA RADIOLOGICA DR.WANDERLEY LTDA","valor_contratado":1080.00,"valor_pago":1080.00},{"codigo_unidade_gestora":"201157","codigo_unidade_orcamentaria":"02080","numero_empenho":"0005466","classificacao":"149","data_empenho":"2022-09-14","codigo_credor":"22759235000102","nome_credor":"SENA CONSTRUÇÕES EIRELI-ME","valor_contratado":26881.96,"valor_pago":26881.96},{"codigo_unidade_gestora":"201157","codigo_unidade_orcamentaria":"02050","numero_empenho":"0005467","classificacao":"126","data_empenho":"2022-09-14","codigo_credor":"15609075000141","nome_credor":"CICERO GEOVANIO PRAZERES MELO - ME","valor_contratado":828.00,"valor_pago":828.00},{"codigo_unidade_gestora":"201157","codigo_unidade_orcamentaria":"02080","numero_empenho":"0005468","classificacao":"126","data_empenho":"2022-09-14","codigo_credor":"15609075000141","nome_credor":"CICERO GEOVANIO PRAZERES MELO - ME","valor_contratado":1320.00,"valor_pago":1320.00},{"codigo_unidade_gestora":"201157","codigo_unidade_orcamentaria":"02110","numero_empenho":"0005469","classificacao":"126","data_empenho":"2022-09-14","codigo_credor":"15609075000141","nome_credor":"CICERO GEOVANIO PRAZERES MELO - ME","valor_contratado":3312.00,"valor_pago":3312.00},{"codigo_unidade_gestora":"201157","codigo_unidade_orcamentaria":"02050","numero_empenho":"0005470","classificacao":"126","data_empenho":"2022-09-14","codigo_credor":"15609075000141","nome_credor":"CICERO GEOVANIO PRAZERES MELO - ME","valor_contratado":2124.00,"valor_pago":2124.00},{"codigo_unidade_gestora":"201157","codigo_unidade_orcamentaria":"02110","numero_empenho":"0005471","classificacao":"126","data_empenho":"2022-09-14","codigo_credor":"15609075000141","nome_credor":"CICERO GEOVANIO PRAZERES MELO - ME","valor_contratado":1647.00,"valor_pago":1647.00},{"codigo_unidade_gestora":"201157","codigo_unidade_orcamentaria":"02120","numero_empenho":"0005472","classificacao":"126","data_empenho":"2022-09-14","codigo_credor":"15609075000141","nome_credor":"CICERO GEOVANIO PRAZERES MELO - ME","valor_contratado":216.00,"valor_pago":216.00},{"codigo_unidade_gestora":"201157","codigo_unidade_orcamentaria":"02110","numero_empenho":"0005473","classificacao":"126","data_empenho":"2022-09-14","codigo_credor":"15609075000141","nome_credor":"CICERO GEOVANIO PRAZERES MELO - ME","valor_contratado":772.00,"valor_pago":772.00},{"codigo_unidade_gestora":"201157","codigo_unidade_orcamentaria":"02080","numero_empenho":"0005474","classificacao":"126","data_empenho":"2022-09-14","codigo_credor":"15609075000141","nome_credor":"CICERO GEOVANIO PRAZERES MELO - ME","valor_contratado":1920.00,"valor_pago":1920.00},{"codigo_unidade_gestora":"201157","codigo_unidade_orcamentaria":"02080","numero_empenho":"0005475","classificacao":"126","data_empenho":"2022-09-14","codigo_credor":"15609075000141","nome_credor":"CICERO GEOVANIO PRAZERES MELO - ME","valor_contratado":3744.00,"valor_pago":3744.00},{"codigo_unidade_gestora":"201157","codigo_unidade_orcamentaria":"02080","numero_empenho":"0005476","classificacao":"126","data_empenho":"2022-09-14","codigo_credor":"15609075000141","nome_credor":"CICERO GEOVANIO PRAZERES MELO - ME","valor_contratado":1872.00,"valor_pago":1872.00},{"codigo_unidade_gestora":"201157","codigo_unidade_orcamentaria":"02110","numero_empenho":"0005477","classificacao":"126","data_empenho":"2022-09-14","codigo_credor":"15609075000141","nome_credor":"CICERO GEOVANIO PRAZERES MELO - ME","valor_contratado":2734.00,"valor_pago":2734.00},{"codigo_unidade_gestora":"201157","codigo_unidade_orcamentaria":"02020","numero_empenho":"0005478","classificacao":"135","data_empenho":"2022-09-14","codigo_credor":"00000000280704","nome_credor":"BANCO DO BRASIL S/A","valor_contratado":462.00,"valor_pago":462.00},{"codigo_unidade_gestora":"201157","codigo_unidade_orcamentaria":"02020","numero_empenho":"0005479","classificacao":"135","data_empenho":"2022-09-14","codigo_credor":"00000000280704","nome_credor":"BANCO DO BRASIL S/A","valor_contratado":11.00,"valor_pago":11.00},{"codigo_unidade_gestora":"201157","codigo_unidade_orcamentaria":"02040","numero_empenho":"0005480","classificacao":"135","data_empenho":"2022-09-14","codigo_credor":"00000000280704","nome_credor":"BANCO DO BRASIL S/A","valor_contratado":11.00,"valor_pago":11.00},{"codigo_unidade_gestora":"201157","codigo_unidade_orcamentaria":"02020","numero_empenho":"0005481","classificacao":"135","data_empenho":"2022-09-14","codigo_credor":"00000000280704","nome_credor":"BANCO DO BRASIL S/A","valor_contratado":11.00,"valor_pago":11.00},{"codigo_unidade_gestora":"201157","codigo_unidade_orcamentaria":"02110","numero_empenho":"0005482","classificacao":"126","data_empenho":"2022-09-15","codigo_credor":"08674752000140","nome_credor":"CIRURGICA MONTEBELLO LTDA","valor_contratado":996.00,"valor_pago":996.00},{"codigo_unidade_gestora":"201157","codigo_unidade_orcamentaria":"02050","numero_empenho":"0005483","classificacao":"126","data_empenho":"2022-09-15","codigo_credor":"42878093000100","nome_credor":"JCASIF COMERCIO VAREJISTA DE CEREAIS LTDA","valor_contratado":11483.00,"valor_pago":11483.00},{"codigo_unidade_gestora":"201157","codigo_unidade_orcamentaria":"02040","numero_empenho":"0005484","classificacao":"135","data_empenho":"2022-09-15","codigo_credor":"19144465000144","nome_credor":"ANTONIO MARIO DOS SANTOS JUNIOR 05954876452","valor_contratado":1050.00,"valor_pago":1050.00},{"codigo_unidade_gestora":"201157","codigo_unidade_orcamentaria":"02080","numero_empenho":"0005485","classificacao":"135","data_empenho":"2022-09-15","codigo_credor":"19144465000144","nome_credor":"ANTONIO MARIO DOS SANTOS JUNIOR 05954876452","valor_contratado":1680.00,"valor_pago":1680.00},{"codigo_unidade_gestora":"201157","codigo_unidade_orcamentaria":"02050","numero_empenho":"0005486","classificacao":"135","data_empenho":"2022-09-15","codigo_credor":"19144465000144","nome_credor":"ANTONIO MARIO DOS SANTOS JUNIOR 05954876452","valor_contratado":1470.00,"valor_pago":1470.00},{"codigo_unidade_gestora":"201157","codigo_unidade_orcamentaria":"02080","numero_empenho":"0005487","classificacao":"135","data_empenho":"2022-09-15","codigo_credor":"32593366000108","nome_credor":"DJAILSON DE FARIAS FERREIRA 09774773470","valor_contratado":2200.00,"valor_pago":2200.00}]}}