{"size":50,"page":13,"total":1183,"count":50,"_embedded":{"empenhos":[{"codigo_unidade_gestora":"201157","codigo_unidade_orcamentaria":"02050","numero_empenho":"0008057","classificacao":"135","data_empenho":"2022-12-16","codigo_credor":"19573653000198","nome_credor":"JOSE PEDRO DA SILVA - 026.799.054-58","valor_contratado":2090.00,"valor_pago":2090.00},{"codigo_unidade_gestora":"201157","codigo_unidade_orcamentaria":"02050","numero_empenho":"0008058","classificacao":"135","data_empenho":"2022-12-16","codigo_credor":"19192694000134","nome_credor":"EDMILSON SOARES DE OLIVEIRA - 155.429.828-83","valor_contratado":2468.67,"valor_pago":2468.67},{"codigo_unidade_gestora":"201157","codigo_unidade_orcamentaria":"02050","numero_empenho":"0008059","classificacao":"135","data_empenho":"2022-12-16","codigo_credor":"19573653000198","nome_credor":"JOSE PEDRO DA SILVA - 026.799.054-58","valor_contratado":2090.00,"valor_pago":2090.00},{"codigo_unidade_gestora":"201157","codigo_unidade_orcamentaria":"02050","numero_empenho":"0008060","classificacao":"135","data_empenho":"2022-12-16","codigo_credor":"19192694000134","nome_credor":"EDMILSON SOARES DE OLIVEIRA - 155.429.828-83","valor_contratado":2918.21,"valor_pago":2918.21},{"codigo_unidade_gestora":"201157","codigo_unidade_orcamentaria":"02020","numero_empenho":"0008061","classificacao":"135","data_empenho":"2022-12-16","codigo_credor":"00360305000104","nome_credor":"CAIXA ECONOMICA FEDERAL","valor_contratado":57.97,"valor_pago":57.97},{"codigo_unidade_gestora":"201157","codigo_unidade_orcamentaria":"02050","numero_empenho":"0008062","classificacao":"135","data_empenho":"2022-12-16","codigo_credor":"36326180000143","nome_credor":"GEFERSON MORAIS BATISTA 06896637498","valor_contratado":2269.17,"valor_pago":2269.17},{"codigo_unidade_gestora":"201157","codigo_unidade_orcamentaria":"02050","numero_empenho":"0008063","classificacao":"135","data_empenho":"2022-12-16","codigo_credor":"18973469000172","nome_credor":"ROBERTO GOMES DA SILVA","valor_contratado":2204.00,"valor_pago":2204.00},{"codigo_unidade_gestora":"201157","codigo_unidade_orcamentaria":"02050","numero_empenho":"0008064","classificacao":"135","data_empenho":"2022-12-16","codigo_credor":"36326180000143","nome_credor":"GEFERSON MORAIS BATISTA 06896637498","valor_contratado":2269.17,"valor_pago":2269.17},{"codigo_unidade_gestora":"201157","codigo_unidade_orcamentaria":"02050","numero_empenho":"0008065","classificacao":"135","data_empenho":"2022-12-16","codigo_credor":"19699196000182","nome_credor":"THIAGO FELIX SOUTO - 110.345.324-64","valor_contratado":2223.00,"valor_pago":2223.00},{"codigo_unidade_gestora":"201157","codigo_unidade_orcamentaria":"02050","numero_empenho":"0008066","classificacao":"135","data_empenho":"2022-12-16","codigo_credor":"19712469000181","nome_credor":"MICHEL LOPES DE LIMA 09808104428","valor_contratado":2106.53,"valor_pago":2106.53},{"codigo_unidade_gestora":"201157","codigo_unidade_orcamentaria":"02020","numero_empenho":"0008067","classificacao":"135","data_empenho":"2022-12-16","codigo_credor":"00360305000104","nome_credor":"CAIXA ECONOMICA FEDERAL","valor_contratado":183.26,"valor_pago":183.26},{"codigo_unidade_gestora":"201157","codigo_unidade_orcamentaria":"02090","numero_empenho":"0008068","classificacao":"135","data_empenho":"2022-12-16","codigo_credor":"46650687000101","nome_credor":"GEOVANE SOARES PEREIRA","valor_contratado":1100.00,"valor_pago":1100.00},{"codigo_unidade_gestora":"201157","codigo_unidade_orcamentaria":"02090","numero_empenho":"0008069","classificacao":"126","data_empenho":"2022-12-16","codigo_credor":"28695805000116","nome_credor":"GB COMERCIO E SERVICOS LTDA - EPP","valor_contratado":11694.83,"valor_pago":0.00},{"codigo_unidade_gestora":"201157","codigo_unidade_orcamentaria":"02090","numero_empenho":"0008070","classificacao":"126","data_empenho":"2022-12-16","codigo_credor":"28695805000116","nome_credor":"GB COMERCIO E SERVICOS LTDA - EPP","valor_contratado":10343.65,"valor_pago":0.00},{"codigo_unidade_gestora":"201157","codigo_unidade_orcamentaria":"02090","numero_empenho":"0008071","classificacao":"126","data_empenho":"2022-12-16","codigo_credor":"28695805000116","nome_credor":"GB COMERCIO E SERVICOS LTDA - EPP","valor_contratado":10637.83,"valor_pago":0.00},{"codigo_unidade_gestora":"201157","codigo_unidade_orcamentaria":"02050","numero_empenho":"0008072","classificacao":"126","data_empenho":"2022-12-16","codigo_credor":"28695805000116","nome_credor":"GB COMERCIO E SERVICOS LTDA - EPP","valor_contratado":1972.19,"valor_pago":0.00},{"codigo_unidade_gestora":"201157","codigo_unidade_orcamentaria":"02040","numero_empenho":"0008073","classificacao":"126","data_empenho":"2022-12-16","codigo_credor":"28695805000116","nome_credor":"GB COMERCIO E SERVICOS LTDA - EPP","valor_contratado":1749.86,"valor_pago":0.00},{"codigo_unidade_gestora":"201157","codigo_unidade_orcamentaria":"02140","numero_empenho":"0008074","classificacao":"135","data_empenho":"2022-12-16","codigo_credor":"00000000280704","nome_credor":"BANCO DO BRASIL S/A","valor_contratado":22.00,"valor_pago":22.00},{"codigo_unidade_gestora":"201157","codigo_unidade_orcamentaria":"02090","numero_empenho":"0008075","classificacao":"135","data_empenho":"2022-12-16","codigo_credor":"28695805000116","nome_credor":"GB COMERCIO E SERVICOS LTDA - EPP","valor_contratado":4740.46,"valor_pago":0.00},{"codigo_unidade_gestora":"201157","codigo_unidade_orcamentaria":"02140","numero_empenho":"0008076","classificacao":"135","data_empenho":"2022-12-16","codigo_credor":"00000000280704","nome_credor":"BANCO DO BRASIL S/A","valor_contratado":11.00,"valor_pago":11.00},{"codigo_unidade_gestora":"201157","codigo_unidade_orcamentaria":"02090","numero_empenho":"0008077","classificacao":"135","data_empenho":"2022-12-16","codigo_credor":"28695805000116","nome_credor":"GB COMERCIO E SERVICOS LTDA - EPP","valor_contratado":3335.97,"valor_pago":0.00},{"codigo_unidade_gestora":"201157","codigo_unidade_orcamentaria":"02080","numero_empenho":"0008078","classificacao":"135","data_empenho":"2022-12-16","codigo_credor":"28695805000116","nome_credor":"GB COMERCIO E SERVICOS LTDA - EPP","valor_contratado":3434.85,"valor_pago":0.00},{"codigo_unidade_gestora":"201157","codigo_unidade_orcamentaria":"02010","numero_empenho":"0008079","classificacao":"135","data_empenho":"2022-12-16","codigo_credor":"42350692000148","nome_credor":"FABRICIO ARTHUR RAMOS DE ALMEIDA","valor_contratado":1500.00,"valor_pago":1500.00},{"codigo_unidade_gestora":"201157","codigo_unidade_orcamentaria":"02020","numero_empenho":"0008080","classificacao":"135","data_empenho":"2022-12-16","codigo_credor":"00000000280704","nome_credor":"BANCO DO BRASIL S/A","valor_contratado":77.00,"valor_pago":77.00},{"codigo_unidade_gestora":"201157","codigo_unidade_orcamentaria":"02020","numero_empenho":"0008081","classificacao":"135","data_empenho":"2022-12-16","codigo_credor":"00000000280704","nome_credor":"BANCO DO BRASIL S/A","valor_contratado":22.00,"valor_pago":22.00},{"codigo_unidade_gestora":"201157","codigo_unidade_orcamentaria":"02080","numero_empenho":"0008082","classificacao":"135","data_empenho":"2022-12-19","codigo_credor":"32621662000175","nome_credor":"BELARMINO ROQUE DA SILVA NETO 01683378431","valor_contratado":1300.00,"valor_pago":1300.00},{"codigo_unidade_gestora":"201157","codigo_unidade_orcamentaria":"02050","numero_empenho":"0008083","classificacao":"135","data_empenho":"2022-12-19","codigo_credor":"32621662000175","nome_credor":"BELARMINO ROQUE DA SILVA NETO 01683378431","valor_contratado":2470.00,"valor_pago":2470.00},{"codigo_unidade_gestora":"201157","codigo_unidade_orcamentaria":"02050","numero_empenho":"0008084","classificacao":"135","data_empenho":"2022-12-19","codigo_credor":"27123627000196","nome_credor":"MARILIA DA SILVA CAVALCANTE - 08142292475","valor_contratado":3206.44,"valor_pago":3206.44},{"codigo_unidade_gestora":"201157","codigo_unidade_orcamentaria":"02050","numero_empenho":"0008085","classificacao":"126","data_empenho":"2022-12-19","codigo_credor":"20245870000138","nome_credor":"VERIDIANA DA CUNHA QUERINO 01971365408","valor_contratado":7211.40,"valor_pago":7211.40},{"codigo_unidade_gestora":"201157","codigo_unidade_orcamentaria":"02020","numero_empenho":"0008086","classificacao":"143","data_empenho":"2022-12-19","codigo_credor":"00000000280704","nome_credor":"BANCO DO BRASIL S/A","valor_contratado":387.63,"valor_pago":387.63},{"codigo_unidade_gestora":"201157","codigo_unidade_orcamentaria":"02050","numero_empenho":"0008087","classificacao":"126","data_empenho":"2022-12-19","codigo_credor":"20245870000138","nome_credor":"VERIDIANA DA CUNHA QUERINO 01971365408","valor_contratado":4808.40,"valor_pago":4808.40},{"codigo_unidade_gestora":"201157","codigo_unidade_orcamentaria":"02110","numero_empenho":"0008088","classificacao":"135","data_empenho":"2022-12-19","codigo_credor":"23472167000150","nome_credor":"IVANILDO FRANCO DA SILVA EIRELI - ME","valor_contratado":1800.00,"valor_pago":0.00},{"codigo_unidade_gestora":"201157","codigo_unidade_orcamentaria":"02110","numero_empenho":"0008089","classificacao":"126","data_empenho":"2022-12-19","codigo_credor":"02737810000150","nome_credor":"JOSE ARLINDO OLIVEIRA  SILVA","valor_contratado":439.05,"valor_pago":0.00},{"codigo_unidade_gestora":"201157","codigo_unidade_orcamentaria":"02110","numero_empenho":"0008090","classificacao":"126","data_empenho":"2022-12-19","codigo_credor":"02737810000150","nome_credor":"JOSE ARLINDO OLIVEIRA  SILVA","valor_contratado":1784.87,"valor_pago":0.00},{"codigo_unidade_gestora":"201157","codigo_unidade_orcamentaria":"02110","numero_empenho":"0008091","classificacao":"126","data_empenho":"2022-12-19","codigo_credor":"02737810000150","nome_credor":"JOSE ARLINDO OLIVEIRA  SILVA","valor_contratado":865.91,"valor_pago":0.00},{"codigo_unidade_gestora":"201157","codigo_unidade_orcamentaria":"02110","numero_empenho":"0008092","classificacao":"126","data_empenho":"2022-12-19","codigo_credor":"02737810000150","nome_credor":"JOSE ARLINDO OLIVEIRA  SILVA","valor_contratado":2133.76,"valor_pago":0.00},{"codigo_unidade_gestora":"201157","codigo_unidade_orcamentaria":"02020","numero_empenho":"0008093","classificacao":"136","data_empenho":"2022-12-19","codigo_credor":"17758807000190","nome_credor":"E-SOFT TECNOLOGIA EM INFORMATICA LTDA-EPP","valor_contratado":930.00,"valor_pago":930.00},{"codigo_unidade_gestora":"201157","codigo_unidade_orcamentaria":"02070","numero_empenho":"0008094","classificacao":"132","data_empenho":"2022-12-19","codigo_credor":"00041943023468","nome_credor":"CELIA MARIA PEREIRA PASSOS","valor_contratado":2000.00,"valor_pago":2000.00},{"codigo_unidade_gestora":"201157","codigo_unidade_orcamentaria":"02050","numero_empenho":"0008095","classificacao":"132","data_empenho":"2022-12-19","codigo_credor":"00049910990482","nome_credor":"MARIA DO SOCORRO DINIZ FIDELIS","valor_contratado":700.00,"valor_pago":700.00},{"codigo_unidade_gestora":"201157","codigo_unidade_orcamentaria":"02070","numero_empenho":"0008096","classificacao":"132","data_empenho":"2022-12-19","codigo_credor":"00083910409415","nome_credor":"LUCIO BARROS DOS SANTOS","valor_contratado":800.00,"valor_pago":800.00},{"codigo_unidade_gestora":"201157","codigo_unidade_orcamentaria":"02010","numero_empenho":"0008097","classificacao":"132","data_empenho":"2022-12-19","codigo_credor":"00048424803191","nome_credor":"MARIA JACINTA PONTES","valor_contratado":2200.00,"valor_pago":2200.00},{"codigo_unidade_gestora":"201157","codigo_unidade_orcamentaria":"02040","numero_empenho":"0008098","classificacao":"132","data_empenho":"2022-12-19","codigo_credor":"00016024036434","nome_credor":"JOSE PEREIRA GONÇALVES","valor_contratado":724.00,"valor_pago":724.00},{"codigo_unidade_gestora":"201157","codigo_unidade_orcamentaria":"02010","numero_empenho":"0008099","classificacao":"132","data_empenho":"2022-12-19","codigo_credor":"00011642062812","nome_credor":"MARINES MARQUES DA SILVA","valor_contratado":1000.00,"valor_pago":1000.00},{"codigo_unidade_gestora":"201157","codigo_unidade_orcamentaria":"02040","numero_empenho":"0008100","classificacao":"132","data_empenho":"2022-12-19","codigo_credor":"00085339946487","nome_credor":"JOSE ANTONIO PAULINO DA SILVA","valor_contratado":1000.00,"valor_pago":1000.00},{"codigo_unidade_gestora":"201157","codigo_unidade_orcamentaria":"02080","numero_empenho":"0008101","classificacao":"135","data_empenho":"2022-12-19","codigo_credor":"08298416002517","nome_credor":"PAROQUIA NOSSA SENHORA DO PATROCINIO","valor_contratado":1200.00,"valor_pago":1200.00},{"codigo_unidade_gestora":"201157","codigo_unidade_orcamentaria":"02110","numero_empenho":"0008102","classificacao":"132","data_empenho":"2022-12-19","codigo_credor":"00006333892424","nome_credor":"JOSE IORDAN DA COSTA GONÇALVES","valor_contratado":500.00,"valor_pago":500.00},{"codigo_unidade_gestora":"201157","codigo_unidade_orcamentaria":"02110","numero_empenho":"0008103","classificacao":"132","data_empenho":"2022-12-19","codigo_credor":"00013199132880","nome_credor":"MARIA DA PENHA DIAS MONTEIRO","valor_contratado":1300.00,"valor_pago":1300.00},{"codigo_unidade_gestora":"201157","codigo_unidade_orcamentaria":"02080","numero_empenho":"0008104","classificacao":"132","data_empenho":"2022-12-19","codigo_credor":"00006457865437","nome_credor":"ANTONIO GUSTAVO DE LUNA SOUTO","valor_contratado":700.00,"valor_pago":700.00},{"codigo_unidade_gestora":"201157","codigo_unidade_orcamentaria":"02070","numero_empenho":"0008105","classificacao":"132","data_empenho":"2022-12-19","codigo_credor":"00025879499120","nome_credor":"PAULO CESAR DE SOUZA","valor_contratado":1500.00,"valor_pago":1500.00},{"codigo_unidade_gestora":"201157","codigo_unidade_orcamentaria":"02090","numero_empenho":"0008106","classificacao":"135","data_empenho":"2022-12-19","codigo_credor":"08298416002517","nome_credor":"PAROQUIA NOSSA SENHORA DO PATROCINIO","valor_contratado":500.00,"valor_pago":500.00}]}}