{"size":50,"page":4,"total":703,"count":50,"_embedded":{"empenhos":[{"codigo_unidade_gestora":"201157","codigo_unidade_orcamentaria":"02120","numero_empenho":"0001424","classificacao":"135","data_empenho":"2022-04-07","codigo_credor":"30105898000123","nome_credor":"JOSE MOISES DIAS DOS SANTOS 10248839497","valor_contratado":2100.00,"valor_pago":2100.00},{"codigo_unidade_gestora":"201157","codigo_unidade_orcamentaria":"02020","numero_empenho":"0001425","classificacao":"135","data_empenho":"2022-04-07","codigo_credor":"00000000280704","nome_credor":"BANCO DO BRASIL S/A","valor_contratado":66.00,"valor_pago":66.00},{"codigo_unidade_gestora":"201157","codigo_unidade_orcamentaria":"02130","numero_empenho":"0001426","classificacao":"126","data_empenho":"2022-04-07","codigo_credor":"11691129000100","nome_credor":"PAULO RICARDO LINS MACEDO","valor_contratado":17400.00,"valor_pago":17400.00},{"codigo_unidade_gestora":"201157","codigo_unidade_orcamentaria":"02090","numero_empenho":"0001427","classificacao":"135","data_empenho":"2022-04-07","codigo_credor":"23816108000152","nome_credor":"RICARDO GOMES DOS SANTOS 03329722401","valor_contratado":1600.00,"valor_pago":1600.00},{"codigo_unidade_gestora":"201157","codigo_unidade_orcamentaria":"02090","numero_empenho":"0001428","classificacao":"135","data_empenho":"2022-04-07","codigo_credor":"32462070000158","nome_credor":"WILHAMY GENESEIS DE LIMA MATIAS 09788043410","valor_contratado":1200.00,"valor_pago":1200.00},{"codigo_unidade_gestora":"201157","codigo_unidade_orcamentaria":"02010","numero_empenho":"0001429","classificacao":"135","data_empenho":"2022-04-07","codigo_credor":"42350692000148","nome_credor":"FABRICIO ARTHUR RAMOS DE ALMEIDA","valor_contratado":1300.00,"valor_pago":1300.00},{"codigo_unidade_gestora":"201157","codigo_unidade_orcamentaria":"02010","numero_empenho":"0001431","classificacao":"135","data_empenho":"2022-04-07","codigo_credor":"17645592000100","nome_credor":"NIVALDO BARROS FILHO - ME","valor_contratado":1800.00,"valor_pago":1800.00},{"codigo_unidade_gestora":"201157","codigo_unidade_orcamentaria":"02010","numero_empenho":"0001432","classificacao":"135","data_empenho":"2022-04-07","codigo_credor":"30970095000137","nome_credor":"JOZIVAL ALVES DA SILVA 45242135468","valor_contratado":1100.00,"valor_pago":1100.00},{"codigo_unidade_gestora":"201157","codigo_unidade_orcamentaria":"02050","numero_empenho":"0001433","classificacao":"135","data_empenho":"2022-04-07","codigo_credor":"41640336000104","nome_credor":"RENATO COSTA SILVA","valor_contratado":0.00,"valor_pago":0.00},{"codigo_unidade_gestora":"201157","codigo_unidade_orcamentaria":"02090","numero_empenho":"0001434","classificacao":"135","data_empenho":"2022-04-07","codigo_credor":"28839880000103","nome_credor":"JESSICA KAROLINE DE SOUTO BATISTA 11838916440","valor_contratado":1200.00,"valor_pago":1200.00},{"codigo_unidade_gestora":"201157","codigo_unidade_orcamentaria":"02130","numero_empenho":"0001435","classificacao":"135","data_empenho":"2022-04-08","codigo_credor":"32337210000166","nome_credor":"ADRIANO PEREIRA DO NASCIMENTO 03829603436","valor_contratado":0.00,"valor_pago":0.00},{"codigo_unidade_gestora":"201157","codigo_unidade_orcamentaria":"02110","numero_empenho":"0001436","classificacao":"126","data_empenho":"2022-04-08","codigo_credor":"09261355000109","nome_credor":"HILTON PINHEIRO DANTAS","valor_contratado":1750.00,"valor_pago":1750.00},{"codigo_unidade_gestora":"201157","codigo_unidade_orcamentaria":"02010","numero_empenho":"0001437","classificacao":"126","data_empenho":"2022-04-08","codigo_credor":"09261355000109","nome_credor":"HILTON PINHEIRO DANTAS","valor_contratado":704.33,"valor_pago":704.33},{"codigo_unidade_gestora":"201157","codigo_unidade_orcamentaria":"02010","numero_empenho":"0001438","classificacao":"97","data_empenho":"2022-04-08","codigo_credor":"00703157000183","nome_credor":"CNM-CONFEDERAÇÃO NACIONAL DOS MUNICIPIOS","valor_contratado":1133.00,"valor_pago":1133.00},{"codigo_unidade_gestora":"201157","codigo_unidade_orcamentaria":"02050","numero_empenho":"0001439","classificacao":"110","data_empenho":"2022-04-08","codigo_credor":"00001561724459","nome_credor":"ROBERVAL DA SILVA PEREIRA","valor_contratado":255.00,"valor_pago":255.00},{"codigo_unidade_gestora":"201157","codigo_unidade_orcamentaria":"02040","numero_empenho":"0001440","classificacao":"126","data_empenho":"2022-04-08","codigo_credor":"09261355000109","nome_credor":"HILTON PINHEIRO DANTAS","valor_contratado":27.85,"valor_pago":27.85},{"codigo_unidade_gestora":"201157","codigo_unidade_orcamentaria":"02010","numero_empenho":"0001441","classificacao":"135","data_empenho":"2022-04-08","codigo_credor":"09366790000106","nome_credor":"EMPRESA PARAIBANA DE COMUNICAÇÃO S.A -EPC","valor_contratado":1878.00,"valor_pago":1878.00},{"codigo_unidade_gestora":"201157","codigo_unidade_orcamentaria":"02050","numero_empenho":"0001442","classificacao":"110","data_empenho":"2022-04-08","codigo_credor":"00005005351400","nome_credor":"MARCIA CASSIMIRO DO NASCIMENTO","valor_contratado":135.00,"valor_pago":135.00},{"codigo_unidade_gestora":"201157","codigo_unidade_orcamentaria":"02110","numero_empenho":"0001443","classificacao":"126","data_empenho":"2022-04-08","codigo_credor":"09261355000109","nome_credor":"HILTON PINHEIRO DANTAS","valor_contratado":176.90,"valor_pago":176.90},{"codigo_unidade_gestora":"201157","codigo_unidade_orcamentaria":"02050","numero_empenho":"0001444","classificacao":"110","data_empenho":"2022-04-08","codigo_credor":"00068868839415","nome_credor":"RILMA SUELY DE SOUZA MELO","valor_contratado":135.00,"valor_pago":135.00},{"codigo_unidade_gestora":"201157","codigo_unidade_orcamentaria":"02040","numero_empenho":"0001445","classificacao":"126","data_empenho":"2022-04-08","codigo_credor":"09261355000109","nome_credor":"HILTON PINHEIRO DANTAS","valor_contratado":6482.55,"valor_pago":6482.55},{"codigo_unidade_gestora":"201157","codigo_unidade_orcamentaria":"02050","numero_empenho":"0001446","classificacao":"110","data_empenho":"2022-04-08","codigo_credor":"00000075164442","nome_credor":"LENIRA CAVALCANTI DE ALBUQUERQUE","valor_contratado":135.00,"valor_pago":135.00},{"codigo_unidade_gestora":"201157","codigo_unidade_orcamentaria":"02050","numero_empenho":"0001447","classificacao":"135","data_empenho":"2022-04-08","codigo_credor":"45450035000160","nome_credor":"ADRIANO MARCOS SANTANA ALVES 09665655418","valor_contratado":1250.00,"valor_pago":1250.00},{"codigo_unidade_gestora":"201157","codigo_unidade_orcamentaria":"02070","numero_empenho":"0001448","classificacao":"126","data_empenho":"2022-04-08","codigo_credor":"09261355000109","nome_credor":"HILTON PINHEIRO DANTAS","valor_contratado":294.05,"valor_pago":294.05},{"codigo_unidade_gestora":"201157","codigo_unidade_orcamentaria":"02080","numero_empenho":"0001449","classificacao":"126","data_empenho":"2022-04-08","codigo_credor":"15348142000111","nome_credor":"UZE BRINDES E UNIFORMES LTDA","valor_contratado":10390.00,"valor_pago":10390.00},{"codigo_unidade_gestora":"201157","codigo_unidade_orcamentaria":"02130","numero_empenho":"0001450","classificacao":"126","data_empenho":"2022-04-08","codigo_credor":"09261355000109","nome_credor":"HILTON PINHEIRO DANTAS","valor_contratado":106.35,"valor_pago":106.35},{"codigo_unidade_gestora":"201157","codigo_unidade_orcamentaria":"02080","numero_empenho":"0001451","classificacao":"135","data_empenho":"2022-04-08","codigo_credor":"14666954000142","nome_credor":"PONTUAL TRANSPORTE DE PASSAGEIROS LTDA","valor_contratado":2180.00,"valor_pago":2180.00},{"codigo_unidade_gestora":"201157","codigo_unidade_orcamentaria":"02040","numero_empenho":"0001452","classificacao":"135","data_empenho":"2022-04-08","codigo_credor":"14666954000142","nome_credor":"PONTUAL TRANSPORTE DE PASSAGEIROS LTDA","valor_contratado":1760.00,"valor_pago":1760.00},{"codigo_unidade_gestora":"201157","codigo_unidade_orcamentaria":"02050","numero_empenho":"0001453","classificacao":"135","data_empenho":"2022-04-08","codigo_credor":"14666954000142","nome_credor":"PONTUAL TRANSPORTE DE PASSAGEIROS LTDA","valor_contratado":1760.00,"valor_pago":1760.00},{"codigo_unidade_gestora":"201157","codigo_unidade_orcamentaria":"02120","numero_empenho":"0001454","classificacao":"132","data_empenho":"2022-04-08","codigo_credor":"00099709074415","nome_credor":"CARLOS ANTONIO DOS SANTOS E OUTROS","valor_contratado":300.00,"valor_pago":300.00},{"codigo_unidade_gestora":"201157","codigo_unidade_orcamentaria":"02090","numero_empenho":"0001455","classificacao":"126","data_empenho":"2022-04-08","codigo_credor":"09261355000109","nome_credor":"HILTON PINHEIRO DANTAS","valor_contratado":102.81,"valor_pago":102.81},{"codigo_unidade_gestora":"201157","codigo_unidade_orcamentaria":"02080","numero_empenho":"0001456","classificacao":"126","data_empenho":"2022-04-08","codigo_credor":"09261355000109","nome_credor":"HILTON PINHEIRO DANTAS","valor_contratado":175.98,"valor_pago":175.98},{"codigo_unidade_gestora":"201157","codigo_unidade_orcamentaria":"02070","numero_empenho":"0001457","classificacao":"132","data_empenho":"2022-04-08","codigo_credor":"00041943023468","nome_credor":"CELIA MARIA PEREIRA PASSOS","valor_contratado":2000.00,"valor_pago":2000.00},{"codigo_unidade_gestora":"201157","codigo_unidade_orcamentaria":"02070","numero_empenho":"0001458","classificacao":"126","data_empenho":"2022-04-08","codigo_credor":"09261355000109","nome_credor":"HILTON PINHEIRO DANTAS","valor_contratado":257.04,"valor_pago":257.04},{"codigo_unidade_gestora":"201157","codigo_unidade_orcamentaria":"02070","numero_empenho":"0001459","classificacao":"132","data_empenho":"2022-04-08","codigo_credor":"00083910409415","nome_credor":"LUCIO BARROS DOS SANTOS","valor_contratado":800.00,"valor_pago":800.00},{"codigo_unidade_gestora":"201157","codigo_unidade_orcamentaria":"02070","numero_empenho":"0001460","classificacao":"126","data_empenho":"2022-04-08","codigo_credor":"09261355000109","nome_credor":"HILTON PINHEIRO DANTAS","valor_contratado":810.33,"valor_pago":810.33},{"codigo_unidade_gestora":"201157","codigo_unidade_orcamentaria":"02040","numero_empenho":"0001461","classificacao":"132","data_empenho":"2022-04-08","codigo_credor":"00085339946487","nome_credor":"JOSE ANTONIO PAULINO DA SILVA","valor_contratado":1000.00,"valor_pago":1000.00},{"codigo_unidade_gestora":"201157","codigo_unidade_orcamentaria":"02140","numero_empenho":"0001462","classificacao":"126","data_empenho":"2022-04-08","codigo_credor":"09261355000109","nome_credor":"HILTON PINHEIRO DANTAS","valor_contratado":1347.96,"valor_pago":1347.96},{"codigo_unidade_gestora":"201157","codigo_unidade_orcamentaria":"02110","numero_empenho":"0001463","classificacao":"132","data_empenho":"2022-04-08","codigo_credor":"00013199132880","nome_credor":"MARIA DA PENHA DIAS MONTEIRO","valor_contratado":1300.00,"valor_pago":1300.00},{"codigo_unidade_gestora":"201157","codigo_unidade_orcamentaria":"02140","numero_empenho":"0001464","classificacao":"126","data_empenho":"2022-04-08","codigo_credor":"09261355000109","nome_credor":"HILTON PINHEIRO DANTAS","valor_contratado":1697.39,"valor_pago":1697.39},{"codigo_unidade_gestora":"201157","codigo_unidade_orcamentaria":"02040","numero_empenho":"0001465","classificacao":"132","data_empenho":"2022-04-08","codigo_credor":"00016024036434","nome_credor":"JOSE PEREIRA GONÇALVES","valor_contratado":724.00,"valor_pago":724.00},{"codigo_unidade_gestora":"201157","codigo_unidade_orcamentaria":"02120","numero_empenho":"0001466","classificacao":"132","data_empenho":"2022-04-08","codigo_credor":"00070340969458","nome_credor":"VICTOR AURELIO SANTOS","valor_contratado":300.00,"valor_pago":300.00},{"codigo_unidade_gestora":"201157","codigo_unidade_orcamentaria":"02010","numero_empenho":"0001467","classificacao":"126","data_empenho":"2022-04-08","codigo_credor":"09261355000109","nome_credor":"HILTON PINHEIRO DANTAS","valor_contratado":394.66,"valor_pago":394.66},{"codigo_unidade_gestora":"201157","codigo_unidade_orcamentaria":"02070","numero_empenho":"0001468","classificacao":"132","data_empenho":"2022-04-08","codigo_credor":"00005829267420","nome_credor":"CICERO BATISTA RIBEIRO","valor_contratado":700.00,"valor_pago":700.00},{"codigo_unidade_gestora":"201157","codigo_unidade_orcamentaria":"02080","numero_empenho":"0001469","classificacao":"132","data_empenho":"2022-04-08","codigo_credor":"00006457865437","nome_credor":"ANTONIO GUSTAVO DE LUNA SOUTO","valor_contratado":700.00,"valor_pago":700.00},{"codigo_unidade_gestora":"201157","codigo_unidade_orcamentaria":"02110","numero_empenho":"0001470","classificacao":"132","data_empenho":"2022-04-08","codigo_credor":"00016644118879","nome_credor":"JOSÉ TORRES BRASIL","valor_contratado":1500.00,"valor_pago":1500.00},{"codigo_unidade_gestora":"201157","codigo_unidade_orcamentaria":"02010","numero_empenho":"0001471","classificacao":"126","data_empenho":"2022-04-08","codigo_credor":"09261355000109","nome_credor":"HILTON PINHEIRO DANTAS","valor_contratado":1289.84,"valor_pago":1289.84},{"codigo_unidade_gestora":"201157","codigo_unidade_orcamentaria":"02060","numero_empenho":"0001472","classificacao":"132","data_empenho":"2022-04-08","codigo_credor":"00016024036434","nome_credor":"JOSE PEREIRA GONÇALVES","valor_contratado":1000.00,"valor_pago":1000.00},{"codigo_unidade_gestora":"201157","codigo_unidade_orcamentaria":"02110","numero_empenho":"0001473","classificacao":"132","data_empenho":"2022-04-08","codigo_credor":"00006333892424","nome_credor":"JOSE IORDAN DA COSTA GONÇALVES","valor_contratado":500.00,"valor_pago":500.00},{"codigo_unidade_gestora":"201157","codigo_unidade_orcamentaria":"02010","numero_empenho":"0001474","classificacao":"132","data_empenho":"2022-04-08","codigo_credor":"00048424803191","nome_credor":"MARIA JACINTA PONTES","valor_contratado":2200.00,"valor_pago":2200.00}]}}