{"size":50,"page":13,"total":767,"count":50,"_embedded":{"empenhos":[{"codigo_unidade_gestora":"201157","codigo_unidade_orcamentaria":"02050","numero_empenho":"0004071","classificacao":"135","data_empenho":"2022-07-26","codigo_credor":"09095183000140","nome_credor":"ENERGISA","valor_contratado":36.68,"valor_pago":36.68},{"codigo_unidade_gestora":"201157","codigo_unidade_orcamentaria":"02140","numero_empenho":"0004072","classificacao":"144","data_empenho":"2022-07-26","codigo_credor":"00017383368401","nome_credor":"ALYSSON DOS SANTOS","valor_contratado":500.00,"valor_pago":500.00},{"codigo_unidade_gestora":"201157","codigo_unidade_orcamentaria":"02110","numero_empenho":"0004073","classificacao":"126","data_empenho":"2022-07-26","codigo_credor":"02977362000162","nome_credor":"A.COSTA COM.ATAC. DE PROD.FARM. LTDA","valor_contratado":569.13,"valor_pago":569.13},{"codigo_unidade_gestora":"201157","codigo_unidade_orcamentaria":"02140","numero_empenho":"0004074","classificacao":"144","data_empenho":"2022-07-26","codigo_credor":"00005783835439","nome_credor":"JULIANA SOARES DA SILVA","valor_contratado":612.00,"valor_pago":612.00},{"codigo_unidade_gestora":"201157","codigo_unidade_orcamentaria":"02140","numero_empenho":"0004075","classificacao":"144","data_empenho":"2022-07-26","codigo_credor":"00070151965498","nome_credor":"ANYELE RAQUEL PEREIRA","valor_contratado":400.00,"valor_pago":400.00},{"codigo_unidade_gestora":"201157","codigo_unidade_orcamentaria":"02110","numero_empenho":"0004076","classificacao":"126","data_empenho":"2022-07-26","codigo_credor":"02977362000162","nome_credor":"A.COSTA COM.ATAC. DE PROD.FARM. LTDA","valor_contratado":1984.50,"valor_pago":1984.50},{"codigo_unidade_gestora":"201157","codigo_unidade_orcamentaria":"02140","numero_empenho":"0004077","classificacao":"144","data_empenho":"2022-07-26","codigo_credor":"00006700120411","nome_credor":"ROSA MARIA DA SILVA CARDOSO","valor_contratado":500.00,"valor_pago":500.00},{"codigo_unidade_gestora":"201157","codigo_unidade_orcamentaria":"02110","numero_empenho":"0004078","classificacao":"126","data_empenho":"2022-07-26","codigo_credor":"02977362000162","nome_credor":"A.COSTA COM.ATAC. DE PROD.FARM. LTDA","valor_contratado":19438.70,"valor_pago":19438.70},{"codigo_unidade_gestora":"201157","codigo_unidade_orcamentaria":"02140","numero_empenho":"0004079","classificacao":"144","data_empenho":"2022-07-26","codigo_credor":"00013430058414","nome_credor":"JAQUELINE MONTEIRO DO NASCIMENTO","valor_contratado":300.00,"valor_pago":300.00},{"codigo_unidade_gestora":"201157","codigo_unidade_orcamentaria":"02140","numero_empenho":"0004080","classificacao":"144","data_empenho":"2022-07-26","codigo_credor":"00016317763470","nome_credor":"CAYLANE GABRIELA CANDIDO DA SILVA","valor_contratado":500.00,"valor_pago":500.00},{"codigo_unidade_gestora":"201157","codigo_unidade_orcamentaria":"02140","numero_empenho":"0004081","classificacao":"144","data_empenho":"2022-07-26","codigo_credor":"00011608467406","nome_credor":"LUCAS ANTONIO FERREIRA DOS SANTOS GONÇALVES","valor_contratado":400.00,"valor_pago":400.00},{"codigo_unidade_gestora":"201157","codigo_unidade_orcamentaria":"02140","numero_empenho":"0004082","classificacao":"144","data_empenho":"2022-07-26","codigo_credor":"00014044351406","nome_credor":"NATANIELLY MIRELY LAUREANO FERREIRA","valor_contratado":600.00,"valor_pago":600.00},{"codigo_unidade_gestora":"201157","codigo_unidade_orcamentaria":"02140","numero_empenho":"0004083","classificacao":"144","data_empenho":"2022-07-26","codigo_credor":"00008030887442","nome_credor":"ROSINEIDE BONIFACIO DOS SANTOS","valor_contratado":500.00,"valor_pago":500.00},{"codigo_unidade_gestora":"201157","codigo_unidade_orcamentaria":"02140","numero_empenho":"0004084","classificacao":"144","data_empenho":"2022-07-26","codigo_credor":"00013221765401","nome_credor":"DIOGO BIANO LUCENA ALVES","valor_contratado":500.00,"valor_pago":500.00},{"codigo_unidade_gestora":"201157","codigo_unidade_orcamentaria":"02140","numero_empenho":"0004085","classificacao":"144","data_empenho":"2022-07-26","codigo_credor":"00011539219798","nome_credor":"ROSIMERE MATIAS FIGUEIRA","valor_contratado":612.00,"valor_pago":0.00},{"codigo_unidade_gestora":"201157","codigo_unidade_orcamentaria":"02010","numero_empenho":"0004086","classificacao":"105","data_empenho":"2022-07-26","codigo_credor":"09048976000109","nome_credor":"Prefeitura Municipal de Remígio","valor_contratado":19500.00,"valor_pago":19500.00},{"codigo_unidade_gestora":"201157","codigo_unidade_orcamentaria":"02010","numero_empenho":"0004087","classificacao":"105","data_empenho":"2022-07-26","codigo_credor":"09048976000109","nome_credor":"Prefeitura Municipal de Remígio","valor_contratado":14154.50,"valor_pago":14154.50},{"codigo_unidade_gestora":"201157","codigo_unidade_orcamentaria":"02010","numero_empenho":"0004088","classificacao":"105","data_empenho":"2022-07-26","codigo_credor":"09048976000109","nome_credor":"Prefeitura Municipal de Remígio","valor_contratado":13998.93,"valor_pago":13998.93},{"codigo_unidade_gestora":"201157","codigo_unidade_orcamentaria":"02010","numero_empenho":"0004089","classificacao":"105","data_empenho":"2022-07-26","codigo_credor":"09048976000109","nome_credor":"Prefeitura Municipal de Remígio","valor_contratado":3000.00,"valor_pago":3000.00},{"codigo_unidade_gestora":"201157","codigo_unidade_orcamentaria":"02020","numero_empenho":"0004090","classificacao":"105","data_empenho":"2022-07-26","codigo_credor":"09048976000109","nome_credor":"Prefeitura Municipal de Remígio","valor_contratado":13613.22,"valor_pago":13613.22},{"codigo_unidade_gestora":"201157","codigo_unidade_orcamentaria":"02020","numero_empenho":"0004091","classificacao":"136","data_empenho":"2022-07-26","codigo_credor":"03500830000176","nome_credor":"RICARDO GUERRA INFORMATICA-ME","valor_contratado":1000.00,"valor_pago":1000.00},{"codigo_unidade_gestora":"201157","codigo_unidade_orcamentaria":"02020","numero_empenho":"0004092","classificacao":"97","data_empenho":"2022-07-26","codigo_credor":"09048976000109","nome_credor":"Prefeitura Municipal de Remígio","valor_contratado":7272.00,"valor_pago":7272.00},{"codigo_unidade_gestora":"201157","codigo_unidade_orcamentaria":"02050","numero_empenho":"0004093","classificacao":"105","data_empenho":"2022-07-26","codigo_credor":"09048976000109","nome_credor":"Prefeitura Municipal de Remígio","valor_contratado":14796.65,"valor_pago":14796.65},{"codigo_unidade_gestora":"201157","codigo_unidade_orcamentaria":"02050","numero_empenho":"0004094","classificacao":"105","data_empenho":"2022-07-26","codigo_credor":"09048976000109","nome_credor":"Prefeitura Municipal de Remígio","valor_contratado":327956.18,"valor_pago":327956.18},{"codigo_unidade_gestora":"201157","codigo_unidade_orcamentaria":"02050","numero_empenho":"0004095","classificacao":"105","data_empenho":"2022-07-26","codigo_credor":"09048976000109","nome_credor":"Prefeitura Municipal de Remígio","valor_contratado":225311.40,"valor_pago":225311.40},{"codigo_unidade_gestora":"201157","codigo_unidade_orcamentaria":"02050","numero_empenho":"0004096","classificacao":"105","data_empenho":"2022-07-26","codigo_credor":"09048976000109","nome_credor":"Prefeitura Municipal de Remígio","valor_contratado":31308.84,"valor_pago":31308.84},{"codigo_unidade_gestora":"201157","codigo_unidade_orcamentaria":"02050","numero_empenho":"0004097","classificacao":"105","data_empenho":"2022-07-26","codigo_credor":"09048976000109","nome_credor":"Prefeitura Municipal de Remígio","valor_contratado":183924.04,"valor_pago":183924.04},{"codigo_unidade_gestora":"201157","codigo_unidade_orcamentaria":"02050","numero_empenho":"0004098","classificacao":"105","data_empenho":"2022-07-26","codigo_credor":"09048976000109","nome_credor":"Prefeitura Municipal de Remígio","valor_contratado":16860.53,"valor_pago":16860.53},{"codigo_unidade_gestora":"201157","codigo_unidade_orcamentaria":"02050","numero_empenho":"0004099","classificacao":"105","data_empenho":"2022-07-26","codigo_credor":"09048976000109","nome_credor":"Prefeitura Municipal de Remígio","valor_contratado":13177.16,"valor_pago":13177.16},{"codigo_unidade_gestora":"201157","codigo_unidade_orcamentaria":"02050","numero_empenho":"0004100","classificacao":"105","data_empenho":"2022-07-26","codigo_credor":"09048976000109","nome_credor":"Prefeitura Municipal de Remígio","valor_contratado":10618.50,"valor_pago":10618.50},{"codigo_unidade_gestora":"201157","codigo_unidade_orcamentaria":"02050","numero_empenho":"0004101","classificacao":"105","data_empenho":"2022-07-26","codigo_credor":"09048976000109","nome_credor":"Prefeitura Municipal de Remígio","valor_contratado":20035.25,"valor_pago":20035.25},{"codigo_unidade_gestora":"201157","codigo_unidade_orcamentaria":"02050","numero_empenho":"0004102","classificacao":"105","data_empenho":"2022-07-26","codigo_credor":"09048976000109","nome_credor":"Prefeitura Municipal de Remígio","valor_contratado":140326.86,"valor_pago":140326.86},{"codigo_unidade_gestora":"201157","codigo_unidade_orcamentaria":"02050","numero_empenho":"0004103","classificacao":"105","data_empenho":"2022-07-26","codigo_credor":"09048976000109","nome_credor":"Prefeitura Municipal de Remígio","valor_contratado":12207.09,"valor_pago":12207.09},{"codigo_unidade_gestora":"201157","codigo_unidade_orcamentaria":"02050","numero_empenho":"0004104","classificacao":"105","data_empenho":"2022-07-26","codigo_credor":"09048976000109","nome_credor":"Prefeitura Municipal de Remígio","valor_contratado":117446.02,"valor_pago":117446.02},{"codigo_unidade_gestora":"201157","codigo_unidade_orcamentaria":"02040","numero_empenho":"0004105","classificacao":"105","data_empenho":"2022-07-26","codigo_credor":"09048976000109","nome_credor":"Prefeitura Municipal de Remígio","valor_contratado":105295.37,"valor_pago":105295.37},{"codigo_unidade_gestora":"201157","codigo_unidade_orcamentaria":"02110","numero_empenho":"0004106","classificacao":"105","data_empenho":"2022-07-26","codigo_credor":"09048976000109","nome_credor":"Prefeitura Municipal de Remígio","valor_contratado":2404.00,"valor_pago":2404.00},{"codigo_unidade_gestora":"201157","codigo_unidade_orcamentaria":"02110","numero_empenho":"0004107","classificacao":"105","data_empenho":"2022-07-26","codigo_credor":"09048976000109","nome_credor":"Prefeitura Municipal de Remígio","valor_contratado":39633.46,"valor_pago":39633.46},{"codigo_unidade_gestora":"201157","codigo_unidade_orcamentaria":"02110","numero_empenho":"0004108","classificacao":"105","data_empenho":"2022-07-26","codigo_credor":"09048976000109","nome_credor":"Prefeitura Municipal de Remígio","valor_contratado":28169.00,"valor_pago":28169.00},{"codigo_unidade_gestora":"201157","codigo_unidade_orcamentaria":"02070","numero_empenho":"0004109","classificacao":"105","data_empenho":"2022-07-26","codigo_credor":"09048976000109","nome_credor":"Prefeitura Municipal de Remígio","valor_contratado":13041.11,"valor_pago":13041.11},{"codigo_unidade_gestora":"201157","codigo_unidade_orcamentaria":"02070","numero_empenho":"0004110","classificacao":"105","data_empenho":"2022-07-26","codigo_credor":"09048976000109","nome_credor":"Prefeitura Municipal de Remígio","valor_contratado":12120.00,"valor_pago":12120.00},{"codigo_unidade_gestora":"201157","codigo_unidade_orcamentaria":"02040","numero_empenho":"0004111","classificacao":"105","data_empenho":"2022-07-26","codigo_credor":"09048976000109","nome_credor":"Prefeitura Municipal de Remígio","valor_contratado":6800.00,"valor_pago":6800.00},{"codigo_unidade_gestora":"201157","codigo_unidade_orcamentaria":"02020","numero_empenho":"0004112","classificacao":"135","data_empenho":"2022-07-26","codigo_credor":"00000000280704","nome_credor":"BANCO DO BRASIL S/A","valor_contratado":22.00,"valor_pago":22.00},{"codigo_unidade_gestora":"201157","codigo_unidade_orcamentaria":"02110","numero_empenho":"0004113","classificacao":"135","data_empenho":"2022-07-27","codigo_credor":"23472167000150","nome_credor":"IVANILDO FRANCO DA SILVA EIRELI - ME","valor_contratado":1800.00,"valor_pago":1800.00},{"codigo_unidade_gestora":"201157","codigo_unidade_orcamentaria":"02050","numero_empenho":"0004114","classificacao":"126","data_empenho":"2022-07-27","codigo_credor":"28695805000116","nome_credor":"GB COMERCIO E SERVICOS LTDA - EPP","valor_contratado":5241.82,"valor_pago":5241.82},{"codigo_unidade_gestora":"201157","codigo_unidade_orcamentaria":"02080","numero_empenho":"0004115","classificacao":"105","data_empenho":"2022-07-27","codigo_credor":"09048976000109","nome_credor":"Prefeitura Municipal de Remígio","valor_contratado":20436.13,"valor_pago":20436.13},{"codigo_unidade_gestora":"201157","codigo_unidade_orcamentaria":"02080","numero_empenho":"0004116","classificacao":"135","data_empenho":"2022-07-27","codigo_credor":"28695805000116","nome_credor":"GB COMERCIO E SERVICOS LTDA - EPP","valor_contratado":2887.03,"valor_pago":2887.03},{"codigo_unidade_gestora":"201157","codigo_unidade_orcamentaria":"02080","numero_empenho":"0004117","classificacao":"105","data_empenho":"2022-07-27","codigo_credor":"09048976000109","nome_credor":"Prefeitura Municipal de Remígio","valor_contratado":45780.86,"valor_pago":45780.86},{"codigo_unidade_gestora":"201157","codigo_unidade_orcamentaria":"02080","numero_empenho":"0004118","classificacao":"135","data_empenho":"2022-07-27","codigo_credor":"28695805000116","nome_credor":"GB COMERCIO E SERVICOS LTDA - EPP","valor_contratado":2314.98,"valor_pago":2314.98},{"codigo_unidade_gestora":"201157","codigo_unidade_orcamentaria":"02080","numero_empenho":"0004119","classificacao":"105","data_empenho":"2022-07-27","codigo_credor":"09048976000109","nome_credor":"Prefeitura Municipal de Remígio","valor_contratado":7400.00,"valor_pago":7400.00},{"codigo_unidade_gestora":"201157","codigo_unidade_orcamentaria":"02080","numero_empenho":"0004120","classificacao":"135","data_empenho":"2022-07-27","codigo_credor":"28695805000116","nome_credor":"GB COMERCIO E SERVICOS LTDA - EPP","valor_contratado":2018.62,"valor_pago":2018.62}]}}