{"size":50,"page":4,"total":441,"count":50,"_embedded":{"empenhos":[{"codigo_unidade_gestora":"201157","codigo_unidade_orcamentaria":"02080","numero_empenho":"0000458","classificacao":"105","data_empenho":"2022-02-10","codigo_credor":"09048976000109","nome_credor":"Prefeitura Municipal de Remígio","valor_contratado":500.00,"valor_pago":500.00},{"codigo_unidade_gestora":"201157","codigo_unidade_orcamentaria":"02110","numero_empenho":"0000459","classificacao":"135","data_empenho":"2022-02-10","codigo_credor":"09095183000140","nome_credor":"ENERGISA","valor_contratado":397.14,"valor_pago":397.14},{"codigo_unidade_gestora":"201157","codigo_unidade_orcamentaria":"02140","numero_empenho":"0000460","classificacao":"135","data_empenho":"2022-02-10","codigo_credor":"00000000280704","nome_credor":"BANCO DO BRASIL S/A","valor_contratado":10.45,"valor_pago":10.45},{"codigo_unidade_gestora":"201157","codigo_unidade_orcamentaria":"02080","numero_empenho":"0000461","classificacao":"135","data_empenho":"2022-02-10","codigo_credor":"00360305000104","nome_credor":"CAIXA ECONOMICA FEDERAL","valor_contratado":4860.00,"valor_pago":4860.00},{"codigo_unidade_gestora":"201157","codigo_unidade_orcamentaria":"02020","numero_empenho":"0000462","classificacao":"135","data_empenho":"2022-02-10","codigo_credor":"00000000280704","nome_credor":"BANCO DO BRASIL S/A","valor_contratado":146.30,"valor_pago":146.30},{"codigo_unidade_gestora":"201157","codigo_unidade_orcamentaria":"02010","numero_empenho":"0000463","classificacao":"97","data_empenho":"2022-02-10","codigo_credor":"00703157000183","nome_credor":"CNM-CONFEDERAÇÃO NACIONAL DOS MUNICIPIOS","valor_contratado":1133.00,"valor_pago":1133.00},{"codigo_unidade_gestora":"201157","codigo_unidade_orcamentaria":"02040","numero_empenho":"0000464","classificacao":"135","data_empenho":"2022-02-10","codigo_credor":"00000000280704","nome_credor":"BANCO DO BRASIL S/A","valor_contratado":52.25,"valor_pago":52.25},{"codigo_unidade_gestora":"201157","codigo_unidade_orcamentaria":"02090","numero_empenho":"0000465","classificacao":"135","data_empenho":"2022-02-11","codigo_credor":"24316195000141","nome_credor":"JONHN RAILSON MORAIS BATISTA","valor_contratado":24800.00,"valor_pago":24800.00},{"codigo_unidade_gestora":"201157","codigo_unidade_orcamentaria":"02090","numero_empenho":"0000466","classificacao":"135","data_empenho":"2022-02-11","codigo_credor":"38439696000120","nome_credor":"RUBENS BEZERRA DE LIMA 08309528450","valor_contratado":10070.00,"valor_pago":10070.00},{"codigo_unidade_gestora":"201157","codigo_unidade_orcamentaria":"02050","numero_empenho":"0000467","classificacao":"132","data_empenho":"2022-02-11","codigo_credor":"00007386282478","nome_credor":"ALINE RIBEIRO DE LIMA","valor_contratado":500.00,"valor_pago":500.00},{"codigo_unidade_gestora":"201157","codigo_unidade_orcamentaria":"02090","numero_empenho":"0000468","classificacao":"135","data_empenho":"2022-02-11","codigo_credor":"31424800000163","nome_credor":"ADRIANO GONCALVES RODRIGUES DO NASCIMENTO","valor_contratado":19000.00,"valor_pago":19000.00},{"codigo_unidade_gestora":"201157","codigo_unidade_orcamentaria":"02020","numero_empenho":"0000469","classificacao":"172","data_empenho":"2022-02-11","codigo_credor":"70097811000138","nome_credor":"IPSER/FOLHA DE PAGAMENTO/SAL.FAMILIA","valor_contratado":7336.72,"valor_pago":7336.72},{"codigo_unidade_gestora":"201157","codigo_unidade_orcamentaria":"02020","numero_empenho":"0000470","classificacao":"172","data_empenho":"2022-02-11","codigo_credor":"70097811000138","nome_credor":"IPSER/FOLHA DE PAGAMENTO/SAL.FAMILIA","valor_contratado":13695.32,"valor_pago":13695.32},{"codigo_unidade_gestora":"201157","codigo_unidade_orcamentaria":"02090","numero_empenho":"0000471","classificacao":"135","data_empenho":"2022-02-11","codigo_credor":"31424800000163","nome_credor":"ADRIANO GONCALVES RODRIGUES DO NASCIMENTO","valor_contratado":760.00,"valor_pago":760.00},{"codigo_unidade_gestora":"201157","codigo_unidade_orcamentaria":"02020","numero_empenho":"0000472","classificacao":"172","data_empenho":"2022-02-11","codigo_credor":"70097811000138","nome_credor":"IPSER/FOLHA DE PAGAMENTO/SAL.FAMILIA","valor_contratado":860.23,"valor_pago":860.23},{"codigo_unidade_gestora":"201157","codigo_unidade_orcamentaria":"02020","numero_empenho":"0000473","classificacao":"172","data_empenho":"2022-02-11","codigo_credor":"70097811000138","nome_credor":"IPSER/FOLHA DE PAGAMENTO/SAL.FAMILIA","valor_contratado":116.10,"valor_pago":116.10},{"codigo_unidade_gestora":"201157","codigo_unidade_orcamentaria":"02020","numero_empenho":"0000474","classificacao":"172","data_empenho":"2022-02-11","codigo_credor":"70097811000138","nome_credor":"IPSER/FOLHA DE PAGAMENTO/SAL.FAMILIA","valor_contratado":1138.36,"valor_pago":1138.36},{"codigo_unidade_gestora":"201157","codigo_unidade_orcamentaria":"02020","numero_empenho":"0000475","classificacao":"172","data_empenho":"2022-02-11","codigo_credor":"70097811000138","nome_credor":"IPSER/FOLHA DE PAGAMENTO/SAL.FAMILIA","valor_contratado":21510.11,"valor_pago":21510.11},{"codigo_unidade_gestora":"201157","codigo_unidade_orcamentaria":"02020","numero_empenho":"0000476","classificacao":"172","data_empenho":"2022-02-11","codigo_credor":"70097811000138","nome_credor":"IPSER/FOLHA DE PAGAMENTO/SAL.FAMILIA","valor_contratado":2555.07,"valor_pago":2555.07},{"codigo_unidade_gestora":"201157","codigo_unidade_orcamentaria":"02090","numero_empenho":"0000477","classificacao":"135","data_empenho":"2022-02-11","codigo_credor":"28839880000103","nome_credor":"JESSICA KAROLINE DE SOUTO BATISTA 11838916440","valor_contratado":1200.00,"valor_pago":1200.00},{"codigo_unidade_gestora":"201157","codigo_unidade_orcamentaria":"02090","numero_empenho":"0000478","classificacao":"135","data_empenho":"2022-02-11","codigo_credor":"29561256000150","nome_credor":"DIMAS DA COSTA ALVES 10985830433","valor_contratado":20400.00,"valor_pago":20400.00},{"codigo_unidade_gestora":"201157","codigo_unidade_orcamentaria":"02010","numero_empenho":"0000479","classificacao":"135","data_empenho":"2022-02-11","codigo_credor":"17645592000100","nome_credor":"NIVALDO BARROS FILHO - ME","valor_contratado":1200.00,"valor_pago":1200.00},{"codigo_unidade_gestora":"201157","codigo_unidade_orcamentaria":"02090","numero_empenho":"0000480","classificacao":"135","data_empenho":"2022-02-11","codigo_credor":"23816108000152","nome_credor":"RICARDO GOMES DOS SANTOS 03329722401","valor_contratado":1600.00,"valor_pago":1600.00},{"codigo_unidade_gestora":"201157","codigo_unidade_orcamentaria":"02090","numero_empenho":"0000481","classificacao":"135","data_empenho":"2022-02-11","codigo_credor":"32462070000158","nome_credor":"WILHAMY GENESEIS DE LIMA MATIAS 09788043410","valor_contratado":1400.00,"valor_pago":1400.00},{"codigo_unidade_gestora":"201157","codigo_unidade_orcamentaria":"02090","numero_empenho":"0000482","classificacao":"135","data_empenho":"2022-02-11","codigo_credor":"30246544000107","nome_credor":"MAYARA PEREIRA FERNANDES 09495281458","valor_contratado":23180.00,"valor_pago":23180.00},{"codigo_unidade_gestora":"201157","codigo_unidade_orcamentaria":"02090","numero_empenho":"0000483","classificacao":"132","data_empenho":"2022-02-11","codigo_credor":"00008356249430","nome_credor":"JAIR ALVES F.RODRIGUES","valor_contratado":1200.00,"valor_pago":1200.00},{"codigo_unidade_gestora":"201157","codigo_unidade_orcamentaria":"02090","numero_empenho":"0000484","classificacao":"135","data_empenho":"2022-02-11","codigo_credor":"40095475000123","nome_credor":"FRANCISCO FERNANDES DIAS 13433688800","valor_contratado":15800.00,"valor_pago":15800.00},{"codigo_unidade_gestora":"201157","codigo_unidade_orcamentaria":"02010","numero_empenho":"0000485","classificacao":"135","data_empenho":"2022-02-11","codigo_credor":"19144465000144","nome_credor":"ANTONIO MARIO DOS SANTOS JUNIOR 05954876452","valor_contratado":1500.00,"valor_pago":1500.00},{"codigo_unidade_gestora":"201157","codigo_unidade_orcamentaria":"02020","numero_empenho":"0000486","classificacao":"135","data_empenho":"2022-02-11","codigo_credor":"41860308000194","nome_credor":"JULIANO BASILIO DA SILVA","valor_contratado":1300.00,"valor_pago":1300.00},{"codigo_unidade_gestora":"201157","codigo_unidade_orcamentaria":"02010","numero_empenho":"0000487","classificacao":"135","data_empenho":"2022-02-11","codigo_credor":"30970095000137","nome_credor":"JOZIVAL ALVES DA SILVA 45242135468","valor_contratado":1100.00,"valor_pago":1100.00},{"codigo_unidade_gestora":"201157","codigo_unidade_orcamentaria":"02110","numero_empenho":"0000488","classificacao":"135","data_empenho":"2022-02-11","codigo_credor":"21424424000153","nome_credor":"EVERTON RIBEIRO GALDINO 11632185458","valor_contratado":1330.00,"valor_pago":1330.00},{"codigo_unidade_gestora":"201157","codigo_unidade_orcamentaria":"02040","numero_empenho":"0000489","classificacao":"135","data_empenho":"2022-02-11","codigo_credor":"21424424000153","nome_credor":"EVERTON RIBEIRO GALDINO 11632185458","valor_contratado":190.00,"valor_pago":190.00},{"codigo_unidade_gestora":"201157","codigo_unidade_orcamentaria":"02110","numero_empenho":"0000490","classificacao":"135","data_empenho":"2022-02-11","codigo_credor":"21424424000153","nome_credor":"EVERTON RIBEIRO GALDINO 11632185458","valor_contratado":570.00,"valor_pago":570.00},{"codigo_unidade_gestora":"201157","codigo_unidade_orcamentaria":"02110","numero_empenho":"0000491","classificacao":"135","data_empenho":"2022-02-11","codigo_credor":"21424424000153","nome_credor":"EVERTON RIBEIRO GALDINO 11632185458","valor_contratado":3800.00,"valor_pago":3800.00},{"codigo_unidade_gestora":"201157","codigo_unidade_orcamentaria":"02110","numero_empenho":"0000492","classificacao":"135","data_empenho":"2022-02-11","codigo_credor":"29776170000144","nome_credor":"WALMIR BEZERRA DA SILVA 09668419480","valor_contratado":300.00,"valor_pago":300.00},{"codigo_unidade_gestora":"201157","codigo_unidade_orcamentaria":"02070","numero_empenho":"0000493","classificacao":"135","data_empenho":"2022-02-11","codigo_credor":"29776170000144","nome_credor":"WALMIR BEZERRA DA SILVA 09668419480","valor_contratado":300.00,"valor_pago":300.00},{"codigo_unidade_gestora":"201157","codigo_unidade_orcamentaria":"02090","numero_empenho":"0000494","classificacao":"135","data_empenho":"2022-02-11","codigo_credor":"29776170000144","nome_credor":"WALMIR BEZERRA DA SILVA 09668419480","valor_contratado":300.00,"valor_pago":300.00},{"codigo_unidade_gestora":"201157","codigo_unidade_orcamentaria":"02050","numero_empenho":"0000495","classificacao":"135","data_empenho":"2022-02-11","codigo_credor":"29776170000144","nome_credor":"WALMIR BEZERRA DA SILVA 09668419480","valor_contratado":300.00,"valor_pago":300.00},{"codigo_unidade_gestora":"201157","codigo_unidade_orcamentaria":"02130","numero_empenho":"0000496","classificacao":"135","data_empenho":"2022-02-11","codigo_credor":"29776170000144","nome_credor":"WALMIR BEZERRA DA SILVA 09668419480","valor_contratado":300.00,"valor_pago":300.00},{"codigo_unidade_gestora":"201157","codigo_unidade_orcamentaria":"02110","numero_empenho":"0000497","classificacao":"126","data_empenho":"2022-02-11","codigo_credor":"24914819000122","nome_credor":"PIT STOP SERVICOS DE MANUTENÇÃO EM EQUIPAMENTOS","valor_contratado":310.00,"valor_pago":310.00},{"codigo_unidade_gestora":"201157","codigo_unidade_orcamentaria":"02020","numero_empenho":"0000498","classificacao":"135","data_empenho":"2022-02-11","codigo_credor":"00000000280704","nome_credor":"BANCO DO BRASIL S/A","valor_contratado":292.60,"valor_pago":292.60},{"codigo_unidade_gestora":"201157","codigo_unidade_orcamentaria":"02040","numero_empenho":"0000499","classificacao":"135","data_empenho":"2022-02-11","codigo_credor":"00000000280704","nome_credor":"BANCO DO BRASIL S/A","valor_contratado":10.45,"valor_pago":10.45},{"codigo_unidade_gestora":"201157","codigo_unidade_orcamentaria":"02010","numero_empenho":"0000500","classificacao":"135","data_empenho":"2022-02-11","codigo_credor":"42350692000148","nome_credor":"FABRICIO ARTHUR RAMOS DE ALMEIDA","valor_contratado":1000.00,"valor_pago":1000.00},{"codigo_unidade_gestora":"201157","codigo_unidade_orcamentaria":"02120","numero_empenho":"0000501","classificacao":"135","data_empenho":"2022-02-14","codigo_credor":"29458217000121","nome_credor":"MARCOS ANTONIO BATISTA REIS 85353213491","valor_contratado":800.00,"valor_pago":800.00},{"codigo_unidade_gestora":"201157","codigo_unidade_orcamentaria":"02130","numero_empenho":"0000502","classificacao":"135","data_empenho":"2022-02-14","codigo_credor":"29458217000121","nome_credor":"MARCOS ANTONIO BATISTA REIS 85353213491","valor_contratado":1700.00,"valor_pago":1700.00},{"codigo_unidade_gestora":"201157","codigo_unidade_orcamentaria":"02090","numero_empenho":"0000503","classificacao":"135","data_empenho":"2022-02-14","codigo_credor":"17923503000131","nome_credor":"ERALDO MARINHO DA SILVA  13540129847","valor_contratado":603.00,"valor_pago":603.00},{"codigo_unidade_gestora":"201157","codigo_unidade_orcamentaria":"02010","numero_empenho":"0000504","classificacao":"135","data_empenho":"2022-02-14","codigo_credor":"22909263000150","nome_credor":"JOSE DE ARIMATEIA R.GONÇALVES 01608645428","valor_contratado":1100.00,"valor_pago":1100.00},{"codigo_unidade_gestora":"201157","codigo_unidade_orcamentaria":"02010","numero_empenho":"0000505","classificacao":"135","data_empenho":"2022-02-14","codigo_credor":"28253940000101","nome_credor":"DAVILLA IZIDIO DE ANDRADE","valor_contratado":1100.00,"valor_pago":1100.00},{"codigo_unidade_gestora":"201157","codigo_unidade_orcamentaria":"02090","numero_empenho":"0000506","classificacao":"135","data_empenho":"2022-02-14","codigo_credor":"44481595000110","nome_credor":"ARISTONES PAULINO DA SILVA","valor_contratado":500.00,"valor_pago":500.00},{"codigo_unidade_gestora":"201157","codigo_unidade_orcamentaria":"02110","numero_empenho":"0000507","classificacao":"135","data_empenho":"2022-02-14","codigo_credor":"08667024000100","nome_credor":"CREA/PB","valor_contratado":88.78,"valor_pago":88.78}]}}