{"size":50,"page":19,"total":1183,"count":50,"_embedded":{"empenhos":[{"codigo_unidade_gestora":"201157","codigo_unidade_orcamentaria":"02070","numero_empenho":"0008357","classificacao":"105","data_empenho":"2022-12-23","codigo_credor":"09048976000109","nome_credor":"Prefeitura Municipal de Remígio","valor_contratado":6233.33,"valor_pago":6233.33},{"codigo_unidade_gestora":"201157","codigo_unidade_orcamentaria":"02080","numero_empenho":"0008358","classificacao":"105","data_empenho":"2022-12-23","codigo_credor":"09048976000109","nome_credor":"Prefeitura Municipal de Remígio","valor_contratado":8566.67,"valor_pago":8566.67},{"codigo_unidade_gestora":"201157","codigo_unidade_orcamentaria":"02090","numero_empenho":"0008359","classificacao":"105","data_empenho":"2022-12-23","codigo_credor":"09048976000109","nome_credor":"Prefeitura Municipal de Remígio","valor_contratado":7500.00,"valor_pago":7500.00},{"codigo_unidade_gestora":"201157","codigo_unidade_orcamentaria":"02060","numero_empenho":"0008360","classificacao":"105","data_empenho":"2022-12-23","codigo_credor":"09048976000109","nome_credor":"Prefeitura Municipal de Remígio","valor_contratado":4500.00,"valor_pago":4500.00},{"codigo_unidade_gestora":"201157","codigo_unidade_orcamentaria":"02130","numero_empenho":"0008361","classificacao":"105","data_empenho":"2022-12-23","codigo_credor":"09048976000109","nome_credor":"Prefeitura Municipal de Remígio","valor_contratado":3000.00,"valor_pago":3000.00},{"codigo_unidade_gestora":"201157","codigo_unidade_orcamentaria":"02050","numero_empenho":"0008362","classificacao":"98","data_empenho":"2022-12-23","codigo_credor":"09048976000109","nome_credor":"Prefeitura Municipal de Remígio","valor_contratado":79658.87,"valor_pago":79658.87},{"codigo_unidade_gestora":"201157","codigo_unidade_orcamentaria":"02120","numero_empenho":"0008363","classificacao":"135","data_empenho":"2022-12-23","codigo_credor":"33240978000180","nome_credor":"KEYCIANE PEREIRA MELO SANTOS","valor_contratado":30000.00,"valor_pago":15000.00},{"codigo_unidade_gestora":"201157","codigo_unidade_orcamentaria":"02050","numero_empenho":"0008364","classificacao":"98","data_empenho":"2022-12-23","codigo_credor":"09048976000109","nome_credor":"Prefeitura Municipal de Remígio","valor_contratado":34127.78,"valor_pago":34127.78},{"codigo_unidade_gestora":"201157","codigo_unidade_orcamentaria":"02050","numero_empenho":"0008365","classificacao":"98","data_empenho":"2022-12-23","codigo_credor":"09048976000109","nome_credor":"Prefeitura Municipal de Remígio","valor_contratado":23913.45,"valor_pago":23913.45},{"codigo_unidade_gestora":"201157","codigo_unidade_orcamentaria":"02050","numero_empenho":"0008366","classificacao":"98","data_empenho":"2022-12-23","codigo_credor":"09048976000109","nome_credor":"Prefeitura Municipal de Remígio","valor_contratado":29846.91,"valor_pago":29846.91},{"codigo_unidade_gestora":"201157","codigo_unidade_orcamentaria":"02040","numero_empenho":"0008367","classificacao":"98","data_empenho":"2022-12-23","codigo_credor":"09048976000109","nome_credor":"Prefeitura Municipal de Remígio","valor_contratado":18625.39,"valor_pago":18625.39},{"codigo_unidade_gestora":"201157","codigo_unidade_orcamentaria":"02110","numero_empenho":"0008368","classificacao":"98","data_empenho":"2022-12-23","codigo_credor":"09048976000109","nome_credor":"Prefeitura Municipal de Remígio","valor_contratado":9961.00,"valor_pago":9961.00},{"codigo_unidade_gestora":"201157","codigo_unidade_orcamentaria":"02110","numero_empenho":"0008369","classificacao":"98","data_empenho":"2022-12-23","codigo_credor":"09048976000109","nome_credor":"Prefeitura Municipal de Remígio","valor_contratado":86402.92,"valor_pago":86402.92},{"codigo_unidade_gestora":"201157","codigo_unidade_orcamentaria":"02110","numero_empenho":"0008370","classificacao":"98","data_empenho":"2022-12-23","codigo_credor":"09048976000109","nome_credor":"Prefeitura Municipal de Remígio","valor_contratado":85941.80,"valor_pago":85941.80},{"codigo_unidade_gestora":"201157","codigo_unidade_orcamentaria":"02110","numero_empenho":"0008371","classificacao":"98","data_empenho":"2022-12-23","codigo_credor":"09048976000109","nome_credor":"Prefeitura Municipal de Remígio","valor_contratado":6073.32,"valor_pago":6073.32},{"codigo_unidade_gestora":"201157","codigo_unidade_orcamentaria":"02110","numero_empenho":"0008372","classificacao":"98","data_empenho":"2022-12-23","codigo_credor":"09048976000109","nome_credor":"Prefeitura Municipal de Remígio","valor_contratado":22248.19,"valor_pago":22248.19},{"codigo_unidade_gestora":"201157","codigo_unidade_orcamentaria":"02050","numero_empenho":"0008373","classificacao":"150","data_empenho":"2022-12-23","codigo_credor":"07239645000120","nome_credor":"EMILLY INDUSTRIA E COMERCIO DE MOVEIS LTDA EPP","valor_contratado":30625.00,"valor_pago":30625.00},{"codigo_unidade_gestora":"201157","codigo_unidade_orcamentaria":"02110","numero_empenho":"0008374","classificacao":"98","data_empenho":"2022-12-23","codigo_credor":"09048976000109","nome_credor":"Prefeitura Municipal de Remígio","valor_contratado":3466.67,"valor_pago":3466.67},{"codigo_unidade_gestora":"201157","codigo_unidade_orcamentaria":"02110","numero_empenho":"0008375","classificacao":"98","data_empenho":"2022-12-23","codigo_credor":"09048976000109","nome_credor":"Prefeitura Municipal de Remígio","valor_contratado":10366.60,"valor_pago":10366.60},{"codigo_unidade_gestora":"201157","codigo_unidade_orcamentaria":"02070","numero_empenho":"0008376","classificacao":"98","data_empenho":"2022-12-23","codigo_credor":"09048976000109","nome_credor":"Prefeitura Municipal de Remígio","valor_contratado":1908.40,"valor_pago":1908.40},{"codigo_unidade_gestora":"201157","codigo_unidade_orcamentaria":"02120","numero_empenho":"0008377","classificacao":"135","data_empenho":"2022-12-23","codigo_credor":"45142804000163","nome_credor":"NORDESTE EVENTOS LTDA","valor_contratado":0.00,"valor_pago":0.00},{"codigo_unidade_gestora":"201157","codigo_unidade_orcamentaria":"02010","numero_empenho":"0008378","classificacao":"98","data_empenho":"2022-12-23","codigo_credor":"09048976000109","nome_credor":"Prefeitura Municipal de Remígio","valor_contratado":2000.00,"valor_pago":2000.00},{"codigo_unidade_gestora":"201157","codigo_unidade_orcamentaria":"02080","numero_empenho":"0008379","classificacao":"98","data_empenho":"2022-12-23","codigo_credor":"09048976000109","nome_credor":"Prefeitura Municipal de Remígio","valor_contratado":13695.20,"valor_pago":13695.20},{"codigo_unidade_gestora":"201157","codigo_unidade_orcamentaria":"02080","numero_empenho":"0008380","classificacao":"98","data_empenho":"2022-12-23","codigo_credor":"09048976000109","nome_credor":"Prefeitura Municipal de Remígio","valor_contratado":2000.00,"valor_pago":2000.00},{"codigo_unidade_gestora":"201157","codigo_unidade_orcamentaria":"02090","numero_empenho":"0008381","classificacao":"98","data_empenho":"2022-12-23","codigo_credor":"09048976000109","nome_credor":"Prefeitura Municipal de Remígio","valor_contratado":1312.00,"valor_pago":1312.00},{"codigo_unidade_gestora":"201157","codigo_unidade_orcamentaria":"02120","numero_empenho":"0008382","classificacao":"132","data_empenho":"2022-12-23","codigo_credor":"00008866218448","nome_credor":"IURY COSTA LEITE","valor_contratado":1500.00,"valor_pago":1500.00},{"codigo_unidade_gestora":"201157","codigo_unidade_orcamentaria":"02020","numero_empenho":"0008383","classificacao":"135","data_empenho":"2022-12-23","codigo_credor":"00000000280704","nome_credor":"BANCO DO BRASIL S/A","valor_contratado":22.00,"valor_pago":22.00},{"codigo_unidade_gestora":"201157","codigo_unidade_orcamentaria":"02020","numero_empenho":"0008384","classificacao":"143","data_empenho":"2022-12-23","codigo_credor":"00000000280704","nome_credor":"BANCO DO BRASIL S/A","valor_contratado":33497.47,"valor_pago":33497.47},{"codigo_unidade_gestora":"201157","codigo_unidade_orcamentaria":"02110","numero_empenho":"0008385","classificacao":"126","data_empenho":"2022-12-23","codigo_credor":"05329135000119","nome_credor":"ALEXSANDRO SANTOS DA SILVA","valor_contratado":3038.00,"valor_pago":3038.00},{"codigo_unidade_gestora":"201157","codigo_unidade_orcamentaria":"02110","numero_empenho":"0008386","classificacao":"126","data_empenho":"2022-12-23","codigo_credor":"05329135000119","nome_credor":"ALEXSANDRO SANTOS DA SILVA","valor_contratado":3038.00,"valor_pago":3038.00},{"codigo_unidade_gestora":"201157","codigo_unidade_orcamentaria":"02020","numero_empenho":"0008387","classificacao":"108","data_empenho":"2022-12-23","codigo_credor":"70097811000138","nome_credor":"IPSER/FOLHA DE PAGAMENTO/SAL.FAMILIA","valor_contratado":29043.06,"valor_pago":0.00},{"codigo_unidade_gestora":"201157","codigo_unidade_orcamentaria":"02110","numero_empenho":"0008388","classificacao":"108","data_empenho":"2022-12-23","codigo_credor":"70097811000138","nome_credor":"IPSER/FOLHA DE PAGAMENTO/SAL.FAMILIA","valor_contratado":6920.71,"valor_pago":0.00},{"codigo_unidade_gestora":"201157","codigo_unidade_orcamentaria":"02040","numero_empenho":"0008389","classificacao":"108","data_empenho":"2022-12-23","codigo_credor":"70097811000138","nome_credor":"IPSER/FOLHA DE PAGAMENTO/SAL.FAMILIA","valor_contratado":35254.60,"valor_pago":0.00},{"codigo_unidade_gestora":"201157","codigo_unidade_orcamentaria":"02050","numero_empenho":"0008390","classificacao":"108","data_empenho":"2022-12-23","codigo_credor":"70097811000138","nome_credor":"IPSER/FOLHA DE PAGAMENTO/SAL.FAMILIA","valor_contratado":269755.91,"valor_pago":269755.91},{"codigo_unidade_gestora":"201157","codigo_unidade_orcamentaria":"02050","numero_empenho":"0008391","classificacao":"150","data_empenho":"2022-12-23","codigo_credor":"03961467000196","nome_credor":"MULTI QUADROS E VIDROS LTDA","valor_contratado":0.00,"valor_pago":0.00},{"codigo_unidade_gestora":"201157","codigo_unidade_orcamentaria":"02070","numero_empenho":"0008392","classificacao":"108","data_empenho":"2022-12-23","codigo_credor":"70097811000138","nome_credor":"IPSER/FOLHA DE PAGAMENTO/SAL.FAMILIA","valor_contratado":3219.05,"valor_pago":0.00},{"codigo_unidade_gestora":"201157","codigo_unidade_orcamentaria":"02050","numero_empenho":"0008393","classificacao":"108","data_empenho":"2022-12-23","codigo_credor":"70097811000138","nome_credor":"IPSER/FOLHA DE PAGAMENTO/SAL.FAMILIA","valor_contratado":8682.21,"valor_pago":0.00},{"codigo_unidade_gestora":"201157","codigo_unidade_orcamentaria":"02110","numero_empenho":"0008394","classificacao":"108","data_empenho":"2022-12-23","codigo_credor":"70097811000138","nome_credor":"IPSER/FOLHA DE PAGAMENTO/SAL.FAMILIA","valor_contratado":32267.39,"valor_pago":0.00},{"codigo_unidade_gestora":"201157","codigo_unidade_orcamentaria":"02090","numero_empenho":"0008395","classificacao":"135","data_empenho":"2022-12-26","codigo_credor":"09095183000140","nome_credor":"ENERGISA","valor_contratado":28.75,"valor_pago":28.75},{"codigo_unidade_gestora":"201157","codigo_unidade_orcamentaria":"02110","numero_empenho":"0008396","classificacao":"126","data_empenho":"2022-12-26","codigo_credor":"04451626000175","nome_credor":"PHOSPODONT LTDA","valor_contratado":1883.00,"valor_pago":1883.00},{"codigo_unidade_gestora":"201157","codigo_unidade_orcamentaria":"02050","numero_empenho":"0008397","classificacao":"135","data_empenho":"2022-12-26","codigo_credor":"09095183000140","nome_credor":"ENERGISA","valor_contratado":30.73,"valor_pago":30.73},{"codigo_unidade_gestora":"201157","codigo_unidade_orcamentaria":"02030","numero_empenho":"0008398","classificacao":"131","data_empenho":"2022-12-26","codigo_credor":"20503858000186","nome_credor":"SILANS & SILVA ADVOGADOS","valor_contratado":3500.00,"valor_pago":3500.00},{"codigo_unidade_gestora":"201157","codigo_unidade_orcamentaria":"02070","numero_empenho":"0008399","classificacao":"132","data_empenho":"2022-12-26","codigo_credor":"00007302074470","nome_credor":"FRANCISCO CAVALCANTE SOUTO NETO","valor_contratado":2350.00,"valor_pago":2350.00},{"codigo_unidade_gestora":"201157","codigo_unidade_orcamentaria":"02070","numero_empenho":"0008400","classificacao":"135","data_empenho":"2022-12-26","codigo_credor":"45373292000146","nome_credor":"TATIANE BELIZIO DOS SANTOS 09832067405","valor_contratado":1100.00,"valor_pago":1100.00},{"codigo_unidade_gestora":"201157","codigo_unidade_orcamentaria":"02070","numero_empenho":"0008401","classificacao":"135","data_empenho":"2022-12-26","codigo_credor":"21495037000108","nome_credor":"JAQUELINE QUERINO DE FREITAS","valor_contratado":1500.00,"valor_pago":1500.00},{"codigo_unidade_gestora":"201157","codigo_unidade_orcamentaria":"02140","numero_empenho":"0008402","classificacao":"135","data_empenho":"2022-12-26","codigo_credor":"31082268000143","nome_credor":"MARIA EUNICE FIDELIS DE LIMA 01844384462","valor_contratado":1600.00,"valor_pago":1600.00},{"codigo_unidade_gestora":"201157","codigo_unidade_orcamentaria":"02140","numero_empenho":"0008403","classificacao":"135","data_empenho":"2022-12-26","codigo_credor":"39154988000189","nome_credor":"LUCIANO OLIVEIRA DA SILVA","valor_contratado":0.00,"valor_pago":0.00},{"codigo_unidade_gestora":"201157","codigo_unidade_orcamentaria":"02140","numero_empenho":"0008404","classificacao":"135","data_empenho":"2022-12-26","codigo_credor":"29616667000103","nome_credor":"CARLOS DANIEL CRUZ FERREIRA 47459129860","valor_contratado":1200.00,"valor_pago":1200.00},{"codigo_unidade_gestora":"201157","codigo_unidade_orcamentaria":"02140","numero_empenho":"0008405","classificacao":"135","data_empenho":"2022-12-26","codigo_credor":"45908534000159","nome_credor":"LUIZ FELIPE RODRIGUES PATRICIO","valor_contratado":1200.00,"valor_pago":1200.00},{"codigo_unidade_gestora":"201157","codigo_unidade_orcamentaria":"02140","numero_empenho":"0008406","classificacao":"135","data_empenho":"2022-12-26","codigo_credor":"36365643000186","nome_credor":"GEANE FIDELIS DE LIMA 05568969477","valor_contratado":1400.00,"valor_pago":1400.00}]}}