{"size":50,"page":16,"total":795,"count":45,"_embedded":{"empenhos":[{"codigo_unidade_gestora":"201157","codigo_unidade_orcamentaria":"02140","numero_empenho":"0005838","classificacao":"128","data_empenho":"2022-09-29","codigo_credor":"00004888723400","nome_credor":"GILBERTO ANTONIO CARNEIRO","valor_contratado":750.00,"valor_pago":750.00},{"codigo_unidade_gestora":"201157","codigo_unidade_orcamentaria":"02130","numero_empenho":"0005839","classificacao":"135","data_empenho":"2022-09-29","codigo_credor":"17558716000101","nome_credor":"CAMPINA-COMERCIO VAREJISTA DE PEÇAS E TACOGRAFOS LTDA","valor_contratado":580.00,"valor_pago":580.00},{"codigo_unidade_gestora":"201157","codigo_unidade_orcamentaria":"02130","numero_empenho":"0005840","classificacao":"126","data_empenho":"2022-09-29","codigo_credor":"17558716000101","nome_credor":"CAMPINA-COMERCIO VAREJISTA DE PEÇAS E TACOGRAFOS LTDA","valor_contratado":2900.00,"valor_pago":2900.00},{"codigo_unidade_gestora":"201157","codigo_unidade_orcamentaria":"02140","numero_empenho":"0005841","classificacao":"144","data_empenho":"2022-09-29","codigo_credor":"00013309874460","nome_credor":"CAMILE VITORIA PIZIOLO DA SILVA","valor_contratado":300.00,"valor_pago":300.00},{"codigo_unidade_gestora":"201157","codigo_unidade_orcamentaria":"02140","numero_empenho":"0005842","classificacao":"144","data_empenho":"2022-09-29","codigo_credor":"00009526038452","nome_credor":"JULIANA PAULO DOS SANTOS","valor_contratado":500.00,"valor_pago":500.00},{"codigo_unidade_gestora":"201157","codigo_unidade_orcamentaria":"02140","numero_empenho":"0005843","classificacao":"144","data_empenho":"2022-09-29","codigo_credor":"00016246696465","nome_credor":"MARIA CLARA FIDELIS DOS SANTOS","valor_contratado":300.00,"valor_pago":300.00},{"codigo_unidade_gestora":"201157","codigo_unidade_orcamentaria":"02140","numero_empenho":"0005844","classificacao":"144","data_empenho":"2022-09-29","codigo_credor":"00002799239455","nome_credor":"JOSÉ ALENCAR DE OLIVEIRA","valor_contratado":200.00,"valor_pago":200.00},{"codigo_unidade_gestora":"201157","codigo_unidade_orcamentaria":"02140","numero_empenho":"0005845","classificacao":"144","data_empenho":"2022-09-29","codigo_credor":"00070474970485","nome_credor":"JULIANA FRANCELINO DOS SANTOS","valor_contratado":300.00,"valor_pago":300.00},{"codigo_unidade_gestora":"201157","codigo_unidade_orcamentaria":"02140","numero_empenho":"0005846","classificacao":"144","data_empenho":"2022-09-29","codigo_credor":"00007790098438","nome_credor":"MARIZELIA FERREIRA DA SILVA","valor_contratado":300.00,"valor_pago":300.00},{"codigo_unidade_gestora":"201157","codigo_unidade_orcamentaria":"02010","numero_empenho":"0005847","classificacao":"135","data_empenho":"2022-09-29","codigo_credor":"41207796000135","nome_credor":"ASSOC. ASSIST. E COMUNICAÇÃO DE ESPERANÇ","valor_contratado":500.00,"valor_pago":500.00},{"codigo_unidade_gestora":"201157","codigo_unidade_orcamentaria":"02140","numero_empenho":"0005848","classificacao":"144","data_empenho":"2022-09-30","codigo_credor":"00006248376450","nome_credor":"MARIA ISONEIDE ARCANJO DA SILVA","valor_contratado":400.00,"valor_pago":400.00},{"codigo_unidade_gestora":"201157","codigo_unidade_orcamentaria":"02140","numero_empenho":"0005849","classificacao":"144","data_empenho":"2022-09-30","codigo_credor":"00070246291427","nome_credor":"ROSINEIDE DOS SANTOS","valor_contratado":300.00,"valor_pago":300.00},{"codigo_unidade_gestora":"201157","codigo_unidade_orcamentaria":"02140","numero_empenho":"0005850","classificacao":"144","data_empenho":"2022-09-30","codigo_credor":"00004389192469","nome_credor":"MARIA JOSÉ DE MACÊDO SANTOS","valor_contratado":400.00,"valor_pago":400.00},{"codigo_unidade_gestora":"201157","codigo_unidade_orcamentaria":"02140","numero_empenho":"0005851","classificacao":"144","data_empenho":"2022-09-30","codigo_credor":"00013640394860","nome_credor":"LUZINETE DA CONCEIÇÃO SILVA","valor_contratado":300.00,"valor_pago":300.00},{"codigo_unidade_gestora":"201157","codigo_unidade_orcamentaria":"02140","numero_empenho":"0005852","classificacao":"144","data_empenho":"2022-09-30","codigo_credor":"00005938375410","nome_credor":"CELY TÂNIA FELIX DE SOUZA","valor_contratado":200.00,"valor_pago":200.00},{"codigo_unidade_gestora":"201157","codigo_unidade_orcamentaria":"02010","numero_empenho":"0005853","classificacao":"135","data_empenho":"2022-09-30","codigo_credor":"09366790000106","nome_credor":"EMPRESA PARAIBANA DE COMUNICAÇÃO S.A -EPC","valor_contratado":1247.00,"valor_pago":1247.00},{"codigo_unidade_gestora":"201157","codigo_unidade_orcamentaria":"02140","numero_empenho":"0005854","classificacao":"144","data_empenho":"2022-09-30","codigo_credor":"00016445245463","nome_credor":"MATHEUS MARQUES DE FREITAS FREIRE","valor_contratado":300.00,"valor_pago":300.00},{"codigo_unidade_gestora":"201157","codigo_unidade_orcamentaria":"02140","numero_empenho":"0005855","classificacao":"144","data_empenho":"2022-09-30","codigo_credor":"00007920243467","nome_credor":"SIMONE PATRICIA LOPES DA SILVA","valor_contratado":250.00,"valor_pago":250.00},{"codigo_unidade_gestora":"201157","codigo_unidade_orcamentaria":"02140","numero_empenho":"0005856","classificacao":"144","data_empenho":"2022-09-30","codigo_credor":"00012711244407","nome_credor":"SUELDES CARLOS DA SILVA","valor_contratado":612.00,"valor_pago":612.00},{"codigo_unidade_gestora":"201157","codigo_unidade_orcamentaria":"02140","numero_empenho":"0005857","classificacao":"144","data_empenho":"2022-09-30","codigo_credor":"00096454210472","nome_credor":"ANA MARIA DUARTE DE OLIVEIRA","valor_contratado":400.00,"valor_pago":400.00},{"codigo_unidade_gestora":"201157","codigo_unidade_orcamentaria":"02080","numero_empenho":"0005858","classificacao":"135","data_empenho":"2022-09-30","codigo_credor":"32621662000175","nome_credor":"BELARMINO ROQUE DA SILVA NETO 01683378431","valor_contratado":1300.00,"valor_pago":1300.00},{"codigo_unidade_gestora":"201157","codigo_unidade_orcamentaria":"02140","numero_empenho":"0005859","classificacao":"144","data_empenho":"2022-09-30","codigo_credor":"00011699629471","nome_credor":"LUCIANA DUARTE DOS SANTOS","valor_contratado":612.00,"valor_pago":612.00},{"codigo_unidade_gestora":"201157","codigo_unidade_orcamentaria":"02110","numero_empenho":"0005860","classificacao":"126","data_empenho":"2022-09-30","codigo_credor":"02977362000162","nome_credor":"A.COSTA COM.ATAC. DE PROD.FARM. LTDA","valor_contratado":2253.50,"valor_pago":2253.50},{"codigo_unidade_gestora":"201157","codigo_unidade_orcamentaria":"02030","numero_empenho":"0005861","classificacao":"131","data_empenho":"2022-09-30","codigo_credor":"20503858000186","nome_credor":"SILANS & SILVA ADVOGADOS","valor_contratado":3500.00,"valor_pago":3500.00},{"codigo_unidade_gestora":"201157","codigo_unidade_orcamentaria":"02040","numero_empenho":"0005862","classificacao":"189","data_empenho":"2022-09-30","codigo_credor":"00005297786452","nome_credor":"RAVEL DUARTE BELARMINO","valor_contratado":1100.00,"valor_pago":1100.00},{"codigo_unidade_gestora":"201157","codigo_unidade_orcamentaria":"02020","numero_empenho":"0005863","classificacao":"136","data_empenho":"2022-09-30","codigo_credor":"07553129000176","nome_credor":"PUBLIC SOFTWARE INFORMATICA LTDA-ME","valor_contratado":5790.50,"valor_pago":5790.50},{"codigo_unidade_gestora":"201157","codigo_unidade_orcamentaria":"02140","numero_empenho":"0005864","classificacao":"128","data_empenho":"2022-09-30","codigo_credor":"04949494000106","nome_credor":"XAND S COMÉRCIO E REPRESENTACOES LTDA","valor_contratado":1320.00,"valor_pago":1320.00},{"codigo_unidade_gestora":"201157","codigo_unidade_orcamentaria":"02140","numero_empenho":"0005865","classificacao":"131","data_empenho":"2022-09-30","codigo_credor":"45419753000174","nome_credor":"VIVIANN FRANCISCA SALES FERNANDES 01175933465","valor_contratado":1400.00,"valor_pago":1400.00},{"codigo_unidade_gestora":"201157","codigo_unidade_orcamentaria":"02130","numero_empenho":"0005866","classificacao":"135","data_empenho":"2022-09-30","codigo_credor":"04724352000140","nome_credor":"PINHEIRAO VIAGENS E TURISMO LTDA.","valor_contratado":1572.47,"valor_pago":1572.47},{"codigo_unidade_gestora":"201157","codigo_unidade_orcamentaria":"02080","numero_empenho":"0005867","classificacao":"135","data_empenho":"2022-09-30","codigo_credor":"46650687000101","nome_credor":"GEOVANE SOARES PEREIRA","valor_contratado":3200.00,"valor_pago":3200.00},{"codigo_unidade_gestora":"201157","codigo_unidade_orcamentaria":"02020","numero_empenho":"0005868","classificacao":"135","data_empenho":"2022-09-30","codigo_credor":"41860308000194","nome_credor":"JULIANO BASILIO DA SILVA","valor_contratado":1700.00,"valor_pago":1700.00},{"codigo_unidade_gestora":"201157","codigo_unidade_orcamentaria":"02140","numero_empenho":"0005869","classificacao":"135","data_empenho":"2022-09-30","codigo_credor":"45308089000196","nome_credor":"WESLEY RODRIGUES DA COSTA 11740339401","valor_contratado":1800.00,"valor_pago":1800.00},{"codigo_unidade_gestora":"201157","codigo_unidade_orcamentaria":"02140","numero_empenho":"0005870","classificacao":"135","data_empenho":"2022-09-30","codigo_credor":"31082268000143","nome_credor":"MARIA EUNICE FIDELIS DE LIMA 01844384462","valor_contratado":1200.00,"valor_pago":1200.00},{"codigo_unidade_gestora":"201157","codigo_unidade_orcamentaria":"02070","numero_empenho":"0005871","classificacao":"135","data_empenho":"2022-09-30","codigo_credor":"45373292000146","nome_credor":"TATIANE BELIZIO DOS SANTOS 09832067405","valor_contratado":1400.00,"valor_pago":1400.00},{"codigo_unidade_gestora":"201157","codigo_unidade_orcamentaria":"02140","numero_empenho":"0005872","classificacao":"135","data_empenho":"2022-09-30","codigo_credor":"45908534000159","nome_credor":"LUIZ FELIPE RODRIGUES PATRICIO","valor_contratado":1200.00,"valor_pago":1200.00},{"codigo_unidade_gestora":"201157","codigo_unidade_orcamentaria":"02140","numero_empenho":"0005873","classificacao":"135","data_empenho":"2022-09-30","codigo_credor":"39154988000189","nome_credor":"LUCIANO OLIVEIRA DA SILVA","valor_contratado":1200.00,"valor_pago":1200.00},{"codigo_unidade_gestora":"201157","codigo_unidade_orcamentaria":"02140","numero_empenho":"0005874","classificacao":"135","data_empenho":"2022-09-30","codigo_credor":"30665353000171","nome_credor":"CLODOALDO DE SOUZA LIMA 04385210489","valor_contratado":1200.00,"valor_pago":1200.00},{"codigo_unidade_gestora":"201157","codigo_unidade_orcamentaria":"02140","numero_empenho":"0005875","classificacao":"135","data_empenho":"2022-09-30","codigo_credor":"29616667000103","nome_credor":"CARLOS DANIEL CRUZ FERREIRA 47459129860","valor_contratado":600.00,"valor_pago":600.00},{"codigo_unidade_gestora":"201157","codigo_unidade_orcamentaria":"02140","numero_empenho":"0005876","classificacao":"135","data_empenho":"2022-09-30","codigo_credor":"00000000280704","nome_credor":"BANCO DO BRASIL S/A","valor_contratado":11.00,"valor_pago":11.00},{"codigo_unidade_gestora":"201157","codigo_unidade_orcamentaria":"02020","numero_empenho":"0005877","classificacao":"135","data_empenho":"2022-09-30","codigo_credor":"00000000280704","nome_credor":"BANCO DO BRASIL S/A","valor_contratado":77.00,"valor_pago":77.00},{"codigo_unidade_gestora":"201157","codigo_unidade_orcamentaria":"02020","numero_empenho":"0005878","classificacao":"135","data_empenho":"2022-09-30","codigo_credor":"00000000280704","nome_credor":"BANCO DO BRASIL S/A","valor_contratado":22.00,"valor_pago":22.00},{"codigo_unidade_gestora":"201157","codigo_unidade_orcamentaria":"02040","numero_empenho":"0005879","classificacao":"135","data_empenho":"2022-09-30","codigo_credor":"00000000280704","nome_credor":"BANCO DO BRASIL S/A","valor_contratado":11.00,"valor_pago":11.00},{"codigo_unidade_gestora":"201157","codigo_unidade_orcamentaria":"02020","numero_empenho":"0005880","classificacao":"135","data_empenho":"2022-09-30","codigo_credor":"00000000280704","nome_credor":"BANCO DO BRASIL S/A","valor_contratado":11.00,"valor_pago":11.00},{"codigo_unidade_gestora":"201157","codigo_unidade_orcamentaria":"02110","numero_empenho":"0005881","classificacao":"135","data_empenho":"2022-09-30","codigo_credor":"09136540000171","nome_credor":"CLINICA RADIOLOGICA AZUIR LESSA LTDA.","valor_contratado":630.00,"valor_pago":630.00},{"codigo_unidade_gestora":"201157","codigo_unidade_orcamentaria":"02050","numero_empenho":"0005882","classificacao":"135","data_empenho":"2022-09-30","codigo_credor":"00000000280704","nome_credor":"BANCO DO BRASIL S/A","valor_contratado":36.50,"valor_pago":36.50}]}}