{"size":50,"page":6,"total":441,"count":50,"_embedded":{"empenhos":[{"codigo_unidade_gestora":"201157","codigo_unidade_orcamentaria":"02110","numero_empenho":"0000558","classificacao":"135","data_empenho":"2022-02-16","codigo_credor":"76535764001972","nome_credor":"OI S.A.","valor_contratado":165.79,"valor_pago":165.79},{"codigo_unidade_gestora":"201157","codigo_unidade_orcamentaria":"02110","numero_empenho":"0000559","classificacao":"135","data_empenho":"2022-02-16","codigo_credor":"76535764001972","nome_credor":"OI S.A.","valor_contratado":133.72,"valor_pago":133.72},{"codigo_unidade_gestora":"201157","codigo_unidade_orcamentaria":"02020","numero_empenho":"0000560","classificacao":"135","data_empenho":"2022-02-16","codigo_credor":"00000000280704","nome_credor":"BANCO DO BRASIL S/A","valor_contratado":83.60,"valor_pago":83.60},{"codigo_unidade_gestora":"201157","codigo_unidade_orcamentaria":"02020","numero_empenho":"0000561","classificacao":"188","data_empenho":"2022-02-16","codigo_credor":"29698160000138","nome_credor":"ACESSO ASSESSORIA DE COBRANCA LTDA","valor_contratado":8966.00,"valor_pago":8966.00},{"codigo_unidade_gestora":"201157","codigo_unidade_orcamentaria":"02070","numero_empenho":"0000562","classificacao":"188","data_empenho":"2022-02-16","codigo_credor":"00005829267420","nome_credor":"CICERO BATISTA RIBEIRO","valor_contratado":1400.00,"valor_pago":1400.00},{"codigo_unidade_gestora":"201157","codigo_unidade_orcamentaria":"02020","numero_empenho":"0000563","classificacao":"143","data_empenho":"2022-02-16","codigo_credor":"02494312000124","nome_credor":"SECRETARIA DA RECEITA FEDERAL DO BRASIL","valor_contratado":1463.26,"valor_pago":1463.26},{"codigo_unidade_gestora":"201157","codigo_unidade_orcamentaria":"02020","numero_empenho":"0000564","classificacao":"143","data_empenho":"2022-02-16","codigo_credor":"02494312000124","nome_credor":"SECRETARIA DA RECEITA FEDERAL DO BRASIL","valor_contratado":1463.26,"valor_pago":1463.26},{"codigo_unidade_gestora":"201157","codigo_unidade_orcamentaria":"02040","numero_empenho":"0000565","classificacao":"135","data_empenho":"2022-02-17","codigo_credor":"09095183000140","nome_credor":"ENERGISA","valor_contratado":67.96,"valor_pago":67.96},{"codigo_unidade_gestora":"201157","codigo_unidade_orcamentaria":"02010","numero_empenho":"0000566","classificacao":"135","data_empenho":"2022-02-17","codigo_credor":"20691271000148","nome_credor":"HIAGO MATEUS SANTOS 01670810470","valor_contratado":800.00,"valor_pago":800.00},{"codigo_unidade_gestora":"201157","codigo_unidade_orcamentaria":"02120","numero_empenho":"0000567","classificacao":"135","data_empenho":"2022-02-17","codigo_credor":"09139551000105","nome_credor":"SEBRAE - SERVIÇO DE APOIO AS MICRO E PEQ.EMP.DA PARAIBA","valor_contratado":800.00,"valor_pago":800.00},{"codigo_unidade_gestora":"201157","codigo_unidade_orcamentaria":"02070","numero_empenho":"0000568","classificacao":"135","data_empenho":"2022-02-17","codigo_credor":"09095183000140","nome_credor":"ENERGISA","valor_contratado":134.04,"valor_pago":134.04},{"codigo_unidade_gestora":"201157","codigo_unidade_orcamentaria":"02040","numero_empenho":"0000569","classificacao":"135","data_empenho":"2022-02-17","codigo_credor":"22371960000109","nome_credor":"PEDRO TORQUATO DA SILVA-ME","valor_contratado":190.00,"valor_pago":190.00},{"codigo_unidade_gestora":"201157","codigo_unidade_orcamentaria":"02110","numero_empenho":"0000570","classificacao":"135","data_empenho":"2022-02-17","codigo_credor":"28695805000116","nome_credor":"GB COMERCIO E SERVICOS LTDA - EPP","valor_contratado":273.62,"valor_pago":273.62},{"codigo_unidade_gestora":"201157","codigo_unidade_orcamentaria":"02040","numero_empenho":"0000571","classificacao":"135","data_empenho":"2022-02-17","codigo_credor":"28695805000116","nome_credor":"GB COMERCIO E SERVICOS LTDA - EPP","valor_contratado":724.98,"valor_pago":724.98},{"codigo_unidade_gestora":"201157","codigo_unidade_orcamentaria":"02040","numero_empenho":"0000572","classificacao":"135","data_empenho":"2022-02-17","codigo_credor":"28695805000116","nome_credor":"GB COMERCIO E SERVICOS LTDA - EPP","valor_contratado":1570.79,"valor_pago":1570.79},{"codigo_unidade_gestora":"201157","codigo_unidade_orcamentaria":"02050","numero_empenho":"0000573","classificacao":"135","data_empenho":"2022-02-17","codigo_credor":"28695805000116","nome_credor":"GB COMERCIO E SERVICOS LTDA - EPP","valor_contratado":192.34,"valor_pago":192.34},{"codigo_unidade_gestora":"201157","codigo_unidade_orcamentaria":"02050","numero_empenho":"0000574","classificacao":"135","data_empenho":"2022-02-17","codigo_credor":"28695805000116","nome_credor":"GB COMERCIO E SERVICOS LTDA - EPP","valor_contratado":192.34,"valor_pago":192.34},{"codigo_unidade_gestora":"201157","codigo_unidade_orcamentaria":"02090","numero_empenho":"0000575","classificacao":"135","data_empenho":"2022-02-17","codigo_credor":"28695805000116","nome_credor":"GB COMERCIO E SERVICOS LTDA - EPP","valor_contratado":1400.00,"valor_pago":1400.00},{"codigo_unidade_gestora":"201157","codigo_unidade_orcamentaria":"02050","numero_empenho":"0000576","classificacao":"126","data_empenho":"2022-02-17","codigo_credor":"28695805000116","nome_credor":"GB COMERCIO E SERVICOS LTDA - EPP","valor_contratado":1859.92,"valor_pago":1859.92},{"codigo_unidade_gestora":"201157","codigo_unidade_orcamentaria":"02110","numero_empenho":"0000577","classificacao":"126","data_empenho":"2022-02-17","codigo_credor":"28695805000116","nome_credor":"GB COMERCIO E SERVICOS LTDA - EPP","valor_contratado":558.00,"valor_pago":558.00},{"codigo_unidade_gestora":"201157","codigo_unidade_orcamentaria":"02040","numero_empenho":"0000578","classificacao":"126","data_empenho":"2022-02-17","codigo_credor":"28695805000116","nome_credor":"GB COMERCIO E SERVICOS LTDA - EPP","valor_contratado":1685.41,"valor_pago":1685.41},{"codigo_unidade_gestora":"201157","codigo_unidade_orcamentaria":"02040","numero_empenho":"0000579","classificacao":"126","data_empenho":"2022-02-17","codigo_credor":"28695805000116","nome_credor":"GB COMERCIO E SERVICOS LTDA - EPP","valor_contratado":867.94,"valor_pago":867.94},{"codigo_unidade_gestora":"201157","codigo_unidade_orcamentaria":"02040","numero_empenho":"0000580","classificacao":"126","data_empenho":"2022-02-17","codigo_credor":"28695805000116","nome_credor":"GB COMERCIO E SERVICOS LTDA - EPP","valor_contratado":5250.36,"valor_pago":5250.36},{"codigo_unidade_gestora":"201157","codigo_unidade_orcamentaria":"02040","numero_empenho":"0000581","classificacao":"126","data_empenho":"2022-02-17","codigo_credor":"28695805000116","nome_credor":"GB COMERCIO E SERVICOS LTDA - EPP","valor_contratado":2058.26,"valor_pago":2058.26},{"codigo_unidade_gestora":"201157","codigo_unidade_orcamentaria":"02080","numero_empenho":"0000582","classificacao":"135","data_empenho":"2022-02-17","codigo_credor":"22371960000109","nome_credor":"PEDRO TORQUATO DA SILVA-ME","valor_contratado":600.00,"valor_pago":600.00},{"codigo_unidade_gestora":"201157","codigo_unidade_orcamentaria":"02020","numero_empenho":"0000583","classificacao":"135","data_empenho":"2022-02-17","codigo_credor":"00000000280704","nome_credor":"BANCO DO BRASIL S/A","valor_contratado":52.25,"valor_pago":52.25},{"codigo_unidade_gestora":"201157","codigo_unidade_orcamentaria":"02080","numero_empenho":"0000584","classificacao":"135","data_empenho":"2022-02-18","codigo_credor":"41201592000197","nome_credor":"ARNOBIO TEIXEIRA DE BRITO LYRA JUNIOR 04183890470","valor_contratado":2283.00,"valor_pago":2283.00},{"codigo_unidade_gestora":"201157","codigo_unidade_orcamentaria":"02080","numero_empenho":"0000585","classificacao":"135","data_empenho":"2022-02-18","codigo_credor":"41201592000197","nome_credor":"ARNOBIO TEIXEIRA DE BRITO LYRA JUNIOR 04183890470","valor_contratado":4566.00,"valor_pago":4566.00},{"codigo_unidade_gestora":"201157","codigo_unidade_orcamentaria":"02050","numero_empenho":"0000586","classificacao":"135","data_empenho":"2022-02-18","codigo_credor":"09095183000140","nome_credor":"ENERGISA","valor_contratado":11274.00,"valor_pago":11274.00},{"codigo_unidade_gestora":"201157","codigo_unidade_orcamentaria":"02110","numero_empenho":"0000587","classificacao":"135","data_empenho":"2022-02-18","codigo_credor":"28695805000116","nome_credor":"GB COMERCIO E SERVICOS LTDA - EPP","valor_contratado":95.07,"valor_pago":95.07},{"codigo_unidade_gestora":"201157","codigo_unidade_orcamentaria":"02010","numero_empenho":"0000588","classificacao":"135","data_empenho":"2022-02-18","codigo_credor":"09366790000106","nome_credor":"EMPRESA PARAIBANA DE COMUNICAÇÃO S.A -EPC","valor_contratado":3060.00,"valor_pago":3060.00},{"codigo_unidade_gestora":"201157","codigo_unidade_orcamentaria":"02110","numero_empenho":"0000589","classificacao":"126","data_empenho":"2022-02-18","codigo_credor":"28695805000116","nome_credor":"GB COMERCIO E SERVICOS LTDA - EPP","valor_contratado":120.31,"valor_pago":120.31},{"codigo_unidade_gestora":"201157","codigo_unidade_orcamentaria":"02080","numero_empenho":"0000590","classificacao":"135","data_empenho":"2022-02-18","codigo_credor":"09095183000140","nome_credor":"ENERGISA","valor_contratado":57508.16,"valor_pago":57508.16},{"codigo_unidade_gestora":"201157","codigo_unidade_orcamentaria":"02140","numero_empenho":"0000591","classificacao":"144","data_empenho":"2022-02-18","codigo_credor":"00005146066493","nome_credor":"MARCELO VITORIO CUNHA DA SILVA E OUTROS","valor_contratado":500.00,"valor_pago":500.00},{"codigo_unidade_gestora":"201157","codigo_unidade_orcamentaria":"02040","numero_empenho":"0000592","classificacao":"135","data_empenho":"2022-02-18","codigo_credor":"15602075000110","nome_credor":"SEGINALDO DOS SANTOS - ME","valor_contratado":700.00,"valor_pago":700.00},{"codigo_unidade_gestora":"201157","codigo_unidade_orcamentaria":"02020","numero_empenho":"0000593","classificacao":"135","data_empenho":"2022-02-18","codigo_credor":"00000000280704","nome_credor":"BANCO DO BRASIL S/A","valor_contratado":20.90,"valor_pago":20.90},{"codigo_unidade_gestora":"201157","codigo_unidade_orcamentaria":"02140","numero_empenho":"0000594","classificacao":"128","data_empenho":"2022-02-18","codigo_credor":"00002311512412","nome_credor":"IVAN SERAFIM","valor_contratado":1500.00,"valor_pago":1500.00},{"codigo_unidade_gestora":"201157","codigo_unidade_orcamentaria":"02140","numero_empenho":"0000595","classificacao":"128","data_empenho":"2022-02-18","codigo_credor":"00008423826406","nome_credor":"RENATO SOARES DA SILVA","valor_contratado":1500.00,"valor_pago":1500.00},{"codigo_unidade_gestora":"201157","codigo_unidade_orcamentaria":"02140","numero_empenho":"0000596","classificacao":"128","data_empenho":"2022-02-18","codigo_credor":"00002402380446","nome_credor":"JOSINALDO FREIRE DA SILVA","valor_contratado":1500.00,"valor_pago":1500.00},{"codigo_unidade_gestora":"201157","codigo_unidade_orcamentaria":"02140","numero_empenho":"0000597","classificacao":"128","data_empenho":"2022-02-18","codigo_credor":"00036517305491","nome_credor":"MARIA CARMONIZIA DANIEL DE ASSIS DINIZ","valor_contratado":750.00,"valor_pago":750.00},{"codigo_unidade_gestora":"201157","codigo_unidade_orcamentaria":"02140","numero_empenho":"0000598","classificacao":"128","data_empenho":"2022-02-18","codigo_credor":"00003597306470","nome_credor":"VENANCIO GUEDES DE ANDRADE","valor_contratado":1500.00,"valor_pago":1500.00},{"codigo_unidade_gestora":"201157","codigo_unidade_orcamentaria":"02140","numero_empenho":"0000599","classificacao":"128","data_empenho":"2022-02-18","codigo_credor":"00051560119420","nome_credor":"ARIOSVALDO FREIRE DA SILVA","valor_contratado":1500.00,"valor_pago":1500.00},{"codigo_unidade_gestora":"201157","codigo_unidade_orcamentaria":"02140","numero_empenho":"0000600","classificacao":"128","data_empenho":"2022-02-18","codigo_credor":"00002402380446","nome_credor":"JOSINALDO FREIRE DA SILVA","valor_contratado":1500.00,"valor_pago":1250.00},{"codigo_unidade_gestora":"201157","codigo_unidade_orcamentaria":"02130","numero_empenho":"0000601","classificacao":"126","data_empenho":"2022-02-18","codigo_credor":"18880026000137","nome_credor":"ELIOSVALDO ALVES DA SILVA  04288072751","valor_contratado":3650.00,"valor_pago":3650.00},{"codigo_unidade_gestora":"201157","codigo_unidade_orcamentaria":"02130","numero_empenho":"0000602","classificacao":"126","data_empenho":"2022-02-18","codigo_credor":"18880026000137","nome_credor":"ELIOSVALDO ALVES DA SILVA  04288072751","valor_contratado":2480.00,"valor_pago":2480.00},{"codigo_unidade_gestora":"201157","codigo_unidade_orcamentaria":"02040","numero_empenho":"0000603","classificacao":"143","data_empenho":"2022-02-18","codigo_credor":"09188376000146","nome_credor":"DETRAN-DEP.EST.DE TRANSITO DA PARAIBA","valor_contratado":405.14,"valor_pago":405.14},{"codigo_unidade_gestora":"201157","codigo_unidade_orcamentaria":"02040","numero_empenho":"0000604","classificacao":"143","data_empenho":"2022-02-18","codigo_credor":"09188376000146","nome_credor":"DETRAN-DEP.EST.DE TRANSITO DA PARAIBA","valor_contratado":1261.61,"valor_pago":1261.61},{"codigo_unidade_gestora":"201157","codigo_unidade_orcamentaria":"02130","numero_empenho":"0000605","classificacao":"126","data_empenho":"2022-02-18","codigo_credor":"18880026000137","nome_credor":"ELIOSVALDO ALVES DA SILVA  04288072751","valor_contratado":880.00,"valor_pago":880.00},{"codigo_unidade_gestora":"201157","codigo_unidade_orcamentaria":"02140","numero_empenho":"0000606","classificacao":"135","data_empenho":"2022-02-21","codigo_credor":"29870408000104","nome_credor":"MARIA LUCIA DIAS DE AQUINO GONCALO 04061801481","valor_contratado":1100.00,"valor_pago":1100.00},{"codigo_unidade_gestora":"201157","codigo_unidade_orcamentaria":"02140","numero_empenho":"0000607","classificacao":"135","data_empenho":"2022-02-21","codigo_credor":"29816462000163","nome_credor":"MARIA DO SOCORRO BATISTA DO NASCIMENTO 13563074852","valor_contratado":1100.00,"valor_pago":1100.00}]}}