{"size":50,"page":7,"total":763,"count":50,"_embedded":{"empenhos":[{"codigo_unidade_gestora":"201157","codigo_unidade_orcamentaria":"02050","numero_empenho":"0003006","classificacao":"135","data_empenho":"2022-06-08","codigo_credor":"19144465000144","nome_credor":"ANTONIO MARIO DOS SANTOS JUNIOR 05954876452","valor_contratado":945.00,"valor_pago":945.00},{"codigo_unidade_gestora":"201157","codigo_unidade_orcamentaria":"02050","numero_empenho":"0003007","classificacao":"135","data_empenho":"2022-06-08","codigo_credor":"23960587000186","nome_credor":"ARLINDO SOARES DA SILVA 03406315461","valor_contratado":440.00,"valor_pago":440.00},{"codigo_unidade_gestora":"201157","codigo_unidade_orcamentaria":"02040","numero_empenho":"0003008","classificacao":"135","data_empenho":"2022-06-08","codigo_credor":"23960587000186","nome_credor":"ARLINDO SOARES DA SILVA 03406315461","valor_contratado":2640.00,"valor_pago":2640.00},{"codigo_unidade_gestora":"201157","codigo_unidade_orcamentaria":"02080","numero_empenho":"0003009","classificacao":"135","data_empenho":"2022-06-08","codigo_credor":"31390801000134","nome_credor":"JOSEMI ROBERTO DE FREITAS 08726908492","valor_contratado":2760.00,"valor_pago":2760.00},{"codigo_unidade_gestora":"201157","codigo_unidade_orcamentaria":"02080","numero_empenho":"0003010","classificacao":"135","data_empenho":"2022-06-08","codigo_credor":"24853787000100","nome_credor":"MARCOS ANTONIO DO NASCIMENTO 09535475827","valor_contratado":1190.00,"valor_pago":1190.00},{"codigo_unidade_gestora":"201157","codigo_unidade_orcamentaria":"02050","numero_empenho":"0003011","classificacao":"135","data_empenho":"2022-06-08","codigo_credor":"24853787000100","nome_credor":"MARCOS ANTONIO DO NASCIMENTO 09535475827","valor_contratado":340.00,"valor_pago":340.00},{"codigo_unidade_gestora":"201157","codigo_unidade_orcamentaria":"02080","numero_empenho":"0003012","classificacao":"135","data_empenho":"2022-06-08","codigo_credor":"32666493000190","nome_credor":"VITOR FERREIRA DOS SANTOS 09470814452","valor_contratado":600.00,"valor_pago":600.00},{"codigo_unidade_gestora":"201157","codigo_unidade_orcamentaria":"02080","numero_empenho":"0003013","classificacao":"135","data_empenho":"2022-06-08","codigo_credor":"32666493000190","nome_credor":"VITOR FERREIRA DOS SANTOS 09470814452","valor_contratado":400.00,"valor_pago":400.00},{"codigo_unidade_gestora":"201157","codigo_unidade_orcamentaria":"02080","numero_empenho":"0003014","classificacao":"135","data_empenho":"2022-06-08","codigo_credor":"32666493000190","nome_credor":"VITOR FERREIRA DOS SANTOS 09470814452","valor_contratado":800.00,"valor_pago":800.00},{"codigo_unidade_gestora":"201157","codigo_unidade_orcamentaria":"02040","numero_empenho":"0003015","classificacao":"135","data_empenho":"2022-06-08","codigo_credor":"24853787000100","nome_credor":"MARCOS ANTONIO DO NASCIMENTO 09535475827","valor_contratado":1700.00,"valor_pago":1700.00},{"codigo_unidade_gestora":"201157","codigo_unidade_orcamentaria":"02080","numero_empenho":"0003016","classificacao":"135","data_empenho":"2022-06-08","codigo_credor":"29416266000100","nome_credor":"CICERO RENATO SOUZA SILVA 05855997421","valor_contratado":565.00,"valor_pago":565.00},{"codigo_unidade_gestora":"201157","codigo_unidade_orcamentaria":"02080","numero_empenho":"0003017","classificacao":"135","data_empenho":"2022-06-08","codigo_credor":"29416266000100","nome_credor":"CICERO RENATO SOUZA SILVA 05855997421","valor_contratado":452.00,"valor_pago":452.00},{"codigo_unidade_gestora":"201157","codigo_unidade_orcamentaria":"02080","numero_empenho":"0003018","classificacao":"135","data_empenho":"2022-06-08","codigo_credor":"29416266000100","nome_credor":"CICERO RENATO SOUZA SILVA 05855997421","valor_contratado":1130.00,"valor_pago":1130.00},{"codigo_unidade_gestora":"201157","codigo_unidade_orcamentaria":"02080","numero_empenho":"0003019","classificacao":"135","data_empenho":"2022-06-08","codigo_credor":"29416266000100","nome_credor":"CICERO RENATO SOUZA SILVA 05855997421","valor_contratado":904.00,"valor_pago":904.00},{"codigo_unidade_gestora":"201157","codigo_unidade_orcamentaria":"02080","numero_empenho":"0003020","classificacao":"135","data_empenho":"2022-06-08","codigo_credor":"24518477000121","nome_credor":"ERMINIO PEREIRA DE OLIVEIRA 03814233441","valor_contratado":1100.00,"valor_pago":1100.00},{"codigo_unidade_gestora":"201157","codigo_unidade_orcamentaria":"02080","numero_empenho":"0003021","classificacao":"135","data_empenho":"2022-06-08","codigo_credor":"32666493000190","nome_credor":"VITOR FERREIRA DOS SANTOS 09470814452","valor_contratado":1200.00,"valor_pago":1200.00},{"codigo_unidade_gestora":"201157","codigo_unidade_orcamentaria":"02080","numero_empenho":"0003022","classificacao":"135","data_empenho":"2022-06-08","codigo_credor":"24518477000121","nome_credor":"ERMINIO PEREIRA DE OLIVEIRA 03814233441","valor_contratado":1440.00,"valor_pago":1440.00},{"codigo_unidade_gestora":"201157","codigo_unidade_orcamentaria":"02080","numero_empenho":"0003023","classificacao":"135","data_empenho":"2022-06-08","codigo_credor":"32593366000108","nome_credor":"DJAILSON DE FARIAS FERREIRA 09774773470","valor_contratado":2200.00,"valor_pago":2200.00},{"codigo_unidade_gestora":"201157","codigo_unidade_orcamentaria":"02080","numero_empenho":"0003024","classificacao":"135","data_empenho":"2022-06-08","codigo_credor":"32593366000108","nome_credor":"DJAILSON DE FARIAS FERREIRA 09774773470","valor_contratado":1150.00,"valor_pago":1150.00},{"codigo_unidade_gestora":"201157","codigo_unidade_orcamentaria":"02080","numero_empenho":"0003025","classificacao":"135","data_empenho":"2022-06-08","codigo_credor":"32593366000108","nome_credor":"DJAILSON DE FARIAS FERREIRA 09774773470","valor_contratado":1380.00,"valor_pago":1380.00},{"codigo_unidade_gestora":"201157","codigo_unidade_orcamentaria":"02090","numero_empenho":"0003026","classificacao":"135","data_empenho":"2022-06-08","codigo_credor":"28839880000103","nome_credor":"JESSICA KAROLINE DE SOUTO BATISTA 11838916440","valor_contratado":1600.00,"valor_pago":1600.00},{"codigo_unidade_gestora":"201157","codigo_unidade_orcamentaria":"02110","numero_empenho":"0003027","classificacao":"135","data_empenho":"2022-06-08","codigo_credor":"36766570000134","nome_credor":"SIMONE FAUSTINO DOS SANTOS 05961077497","valor_contratado":1500.00,"valor_pago":1500.00},{"codigo_unidade_gestora":"201157","codigo_unidade_orcamentaria":"02110","numero_empenho":"0003028","classificacao":"135","data_empenho":"2022-06-08","codigo_credor":"36401036000124","nome_credor":"MARIA DO SOCORRO LAURENTINO DA SILVA 45241325468","valor_contratado":1000.00,"valor_pago":1000.00},{"codigo_unidade_gestora":"201157","codigo_unidade_orcamentaria":"02110","numero_empenho":"0003029","classificacao":"135","data_empenho":"2022-06-08","codigo_credor":"36394457000175","nome_credor":"JOAO VICTOR DE OLIVEIRA GONCALVES 09843480422","valor_contratado":1180.00,"valor_pago":1180.00},{"codigo_unidade_gestora":"201157","codigo_unidade_orcamentaria":"02010","numero_empenho":"0003030","classificacao":"135","data_empenho":"2022-06-08","codigo_credor":"17645592000100","nome_credor":"NIVALDO BARROS FILHO - ME","valor_contratado":1300.00,"valor_pago":1300.00},{"codigo_unidade_gestora":"201157","codigo_unidade_orcamentaria":"02040","numero_empenho":"0003031","classificacao":"135","data_empenho":"2022-06-08","codigo_credor":"41757219000117","nome_credor":"INACIO BALBINO DA SILVA 58634711404","valor_contratado":1205.00,"valor_pago":1205.00},{"codigo_unidade_gestora":"201157","codigo_unidade_orcamentaria":"02110","numero_empenho":"0003032","classificacao":"135","data_empenho":"2022-06-08","codigo_credor":"36330418000104","nome_credor":"ANDREIA TRAJANO DOS SANTOS 06604177408","valor_contratado":1000.00,"valor_pago":1000.00},{"codigo_unidade_gestora":"201157","codigo_unidade_orcamentaria":"02110","numero_empenho":"0003033","classificacao":"135","data_empenho":"2022-06-08","codigo_credor":"36415682000140","nome_credor":"CELIA REGINA IZIDIO DE ANDRADE 97980536487","valor_contratado":610.00,"valor_pago":610.00},{"codigo_unidade_gestora":"201157","codigo_unidade_orcamentaria":"02110","numero_empenho":"0003034","classificacao":"135","data_empenho":"2022-06-08","codigo_credor":"41989653000122","nome_credor":"MARIA DAS VITORIAS DOS SANTOS 08868876744","valor_contratado":1000.00,"valor_pago":1000.00},{"codigo_unidade_gestora":"201157","codigo_unidade_orcamentaria":"02110","numero_empenho":"0003035","classificacao":"135","data_empenho":"2022-06-08","codigo_credor":"36416137000179","nome_credor":"MARINEZ FAUSTINO 04725426482","valor_contratado":610.00,"valor_pago":610.00},{"codigo_unidade_gestora":"201157","codigo_unidade_orcamentaria":"02020","numero_empenho":"0003036","classificacao":"135","data_empenho":"2022-06-08","codigo_credor":"00000000280704","nome_credor":"BANCO DO BRASIL S/A","valor_contratado":88.00,"valor_pago":88.00},{"codigo_unidade_gestora":"201157","codigo_unidade_orcamentaria":"02040","numero_empenho":"0003037","classificacao":"135","data_empenho":"2022-06-08","codigo_credor":"19778033000195","nome_credor":"CARLOS ANTONIO PEREIRA 48394882404","valor_contratado":1180.00,"valor_pago":1180.00},{"codigo_unidade_gestora":"201157","codigo_unidade_orcamentaria":"02040","numero_empenho":"0003038","classificacao":"135","data_empenho":"2022-06-08","codigo_credor":"38058364000103","nome_credor":"JOSE ALEXANDRE SANTOS CARDOSO 02726187480","valor_contratado":1780.00,"valor_pago":1780.00},{"codigo_unidade_gestora":"201157","codigo_unidade_orcamentaria":"02110","numero_empenho":"0003039","classificacao":"135","data_empenho":"2022-06-08","codigo_credor":"36328179000158","nome_credor":"ELIANE GONCALVES GOMES 25647928803","valor_contratado":660.00,"valor_pago":660.00},{"codigo_unidade_gestora":"201157","codigo_unidade_orcamentaria":"02110","numero_empenho":"0003040","classificacao":"135","data_empenho":"2022-06-08","codigo_credor":"36277230000140","nome_credor":"JOSILEIDE SOUZA VIANA FERNANDES 06058281482","valor_contratado":1000.00,"valor_pago":1000.00},{"codigo_unidade_gestora":"201157","codigo_unidade_orcamentaria":"02110","numero_empenho":"0003041","classificacao":"135","data_empenho":"2022-06-08","codigo_credor":"36319807000139","nome_credor":"ANA EMILIA DANIEL DA SILVA 09461623445","valor_contratado":1000.00,"valor_pago":1000.00},{"codigo_unidade_gestora":"201157","codigo_unidade_orcamentaria":"02040","numero_empenho":"0003042","classificacao":"129","data_empenho":"2022-06-08","codigo_credor":"14046733000171","nome_credor":"MARIA DAS GRACAS ARAUJO MARTINS","valor_contratado":0.00,"valor_pago":0.00},{"codigo_unidade_gestora":"201157","codigo_unidade_orcamentaria":"02110","numero_empenho":"0003043","classificacao":"135","data_empenho":"2022-06-08","codigo_credor":"42744709000141","nome_credor":"MARIA COSMA FREIRE DOS SANTOS 06262745408","valor_contratado":660.00,"valor_pago":660.00},{"codigo_unidade_gestora":"201157","codigo_unidade_orcamentaria":"02090","numero_empenho":"0003044","classificacao":"135","data_empenho":"2022-06-08","codigo_credor":"32462070000158","nome_credor":"WILHAMY GENESEIS DE LIMA MATIAS 09788043410","valor_contratado":2200.00,"valor_pago":2200.00},{"codigo_unidade_gestora":"201157","codigo_unidade_orcamentaria":"02130","numero_empenho":"0003045","classificacao":"135","data_empenho":"2022-06-08","codigo_credor":"42488051000154","nome_credor":"MICHEL ANTHONY ALVES DE SOUZA","valor_contratado":975.00,"valor_pago":975.00},{"codigo_unidade_gestora":"201157","codigo_unidade_orcamentaria":"02130","numero_empenho":"0003046","classificacao":"135","data_empenho":"2022-06-08","codigo_credor":"41769438000116","nome_credor":"JOAO VICTOR OLIVEIRA DOS SANTOS 71993888454","valor_contratado":1200.00,"valor_pago":1200.00},{"codigo_unidade_gestora":"201157","codigo_unidade_orcamentaria":"02130","numero_empenho":"0003047","classificacao":"135","data_empenho":"2022-06-08","codigo_credor":"43330097000103","nome_credor":"JOSE ROMULO GALDINO DA SILVA","valor_contratado":1200.00,"valor_pago":1200.00},{"codigo_unidade_gestora":"201157","codigo_unidade_orcamentaria":"02080","numero_empenho":"0003048","classificacao":"135","data_empenho":"2022-06-08","codigo_credor":"45450035000160","nome_credor":"ADRIANO MARCOS SANTANA ALVES 09665655418","valor_contratado":1250.00,"valor_pago":1250.00},{"codigo_unidade_gestora":"201157","codigo_unidade_orcamentaria":"02090","numero_empenho":"0003049","classificacao":"135","data_empenho":"2022-06-08","codigo_credor":"41186292000186","nome_credor":"MANOEL MESSIAS BENTO ALVES 08977864402","valor_contratado":1900.00,"valor_pago":1900.00},{"codigo_unidade_gestora":"201157","codigo_unidade_orcamentaria":"02050","numero_empenho":"0003050","classificacao":"135","data_empenho":"2022-06-08","codigo_credor":"18075547000111","nome_credor":"EDMILSON ALVES MASCARENHAS 11236239881","valor_contratado":490.00,"valor_pago":490.00},{"codigo_unidade_gestora":"201157","codigo_unidade_orcamentaria":"02090","numero_empenho":"0003051","classificacao":"135","data_empenho":"2022-06-08","codigo_credor":"41448092000154","nome_credor":"JOSE MATIAS FILHO 01044299843","valor_contratado":1700.00,"valor_pago":1700.00},{"codigo_unidade_gestora":"201157","codigo_unidade_orcamentaria":"02020","numero_empenho":"0003052","classificacao":"135","data_empenho":"2022-06-08","codigo_credor":"41860308000194","nome_credor":"JULIANO BASILIO DA SILVA","valor_contratado":1200.00,"valor_pago":1200.00},{"codigo_unidade_gestora":"201157","codigo_unidade_orcamentaria":"02010","numero_empenho":"0003053","classificacao":"135","data_empenho":"2022-06-08","codigo_credor":"30970095000137","nome_credor":"JOZIVAL ALVES DA SILVA 45242135468","valor_contratado":1100.00,"valor_pago":1100.00},{"codigo_unidade_gestora":"201157","codigo_unidade_orcamentaria":"02010","numero_empenho":"0003054","classificacao":"135","data_empenho":"2022-06-08","codigo_credor":"20691271000148","nome_credor":"HIAGO MATEUS SANTOS 01670810470","valor_contratado":800.00,"valor_pago":800.00},{"codigo_unidade_gestora":"201157","codigo_unidade_orcamentaria":"02020","numero_empenho":"0003055","classificacao":"127","data_empenho":"2022-06-09","codigo_credor":"00092767044420","nome_credor":"MARIA DO SOCORRO BARBOSA DA CRUZ","valor_contratado":5000.00,"valor_pago":5000.00}]}}