{"size":50,"page":10,"total":703,"count":50,"_embedded":{"empenhos":[{"codigo_unidade_gestora":"201157","codigo_unidade_orcamentaria":"02140","numero_empenho":"0001725","classificacao":"144","data_empenho":"2022-04-22","codigo_credor":"00004507632420","nome_credor":"MARIA APARECIDA FIDELIS DE OLIVEIRA","valor_contratado":120.00,"valor_pago":120.00},{"codigo_unidade_gestora":"201157","codigo_unidade_orcamentaria":"02110","numero_empenho":"0001726","classificacao":"126","data_empenho":"2022-04-22","codigo_credor":"01686814000194","nome_credor":"ALEXSANDRA DINIZ FERNANDES","valor_contratado":1534.00,"valor_pago":1534.00},{"codigo_unidade_gestora":"201157","codigo_unidade_orcamentaria":"02140","numero_empenho":"0001727","classificacao":"126","data_empenho":"2022-04-22","codigo_credor":"01686814000194","nome_credor":"ALEXSANDRA DINIZ FERNANDES","valor_contratado":462.40,"valor_pago":462.40},{"codigo_unidade_gestora":"201157","codigo_unidade_orcamentaria":"02050","numero_empenho":"0001728","classificacao":"126","data_empenho":"2022-04-22","codigo_credor":"29857100000110","nome_credor":"FAGNER HENRIQUE DA SILVA","valor_contratado":354.72,"valor_pago":354.72},{"codigo_unidade_gestora":"201157","codigo_unidade_orcamentaria":"02110","numero_empenho":"0001729","classificacao":"126","data_empenho":"2022-04-22","codigo_credor":"01686814000194","nome_credor":"ALEXSANDRA DINIZ FERNANDES","valor_contratado":1156.00,"valor_pago":1156.00},{"codigo_unidade_gestora":"201157","codigo_unidade_orcamentaria":"02080","numero_empenho":"0001730","classificacao":"126","data_empenho":"2022-04-22","codigo_credor":"29857100000110","nome_credor":"FAGNER HENRIQUE DA SILVA","valor_contratado":5229.16,"valor_pago":5229.16},{"codigo_unidade_gestora":"201157","codigo_unidade_orcamentaria":"02050","numero_empenho":"0001731","classificacao":"126","data_empenho":"2022-04-22","codigo_credor":"29857100000110","nome_credor":"FAGNER HENRIQUE DA SILVA","valor_contratado":327.52,"valor_pago":327.52},{"codigo_unidade_gestora":"201157","codigo_unidade_orcamentaria":"02010","numero_empenho":"0001732","classificacao":"126","data_empenho":"2022-04-22","codigo_credor":"01686814000194","nome_credor":"ALEXSANDRA DINIZ FERNANDES","valor_contratado":613.60,"valor_pago":613.60},{"codigo_unidade_gestora":"201157","codigo_unidade_orcamentaria":"02050","numero_empenho":"0001733","classificacao":"126","data_empenho":"2022-04-22","codigo_credor":"01686814000194","nome_credor":"ALEXSANDRA DINIZ FERNANDES","valor_contratado":1156.00,"valor_pago":1156.00},{"codigo_unidade_gestora":"201157","codigo_unidade_orcamentaria":"02040","numero_empenho":"0001734","classificacao":"126","data_empenho":"2022-04-22","codigo_credor":"01686814000194","nome_credor":"ALEXSANDRA DINIZ FERNANDES","valor_contratado":538.00,"valor_pago":538.00},{"codigo_unidade_gestora":"201157","codigo_unidade_orcamentaria":"02050","numero_empenho":"0001735","classificacao":"126","data_empenho":"2022-04-22","codigo_credor":"01686814000194","nome_credor":"ALEXSANDRA DINIZ FERNANDES","valor_contratado":613.60,"valor_pago":613.60},{"codigo_unidade_gestora":"201157","codigo_unidade_orcamentaria":"02080","numero_empenho":"0001736","classificacao":"135","data_empenho":"2022-04-22","codigo_credor":"41186292000186","nome_credor":"MANOEL MESSIAS BENTO ALVES 08977864402","valor_contratado":1900.00,"valor_pago":1900.00},{"codigo_unidade_gestora":"201157","codigo_unidade_orcamentaria":"02010","numero_empenho":"0001737","classificacao":"135","data_empenho":"2022-04-22","codigo_credor":"14949698000109","nome_credor":"G O L NETO EIRELI","valor_contratado":2200.00,"valor_pago":2200.00},{"codigo_unidade_gestora":"201157","codigo_unidade_orcamentaria":"02090","numero_empenho":"0001738","classificacao":"135","data_empenho":"2022-04-22","codigo_credor":"41186292000186","nome_credor":"MANOEL MESSIAS BENTO ALVES 08977864402","valor_contratado":2000.00,"valor_pago":2000.00},{"codigo_unidade_gestora":"201157","codigo_unidade_orcamentaria":"02020","numero_empenho":"0001739","classificacao":"135","data_empenho":"2022-04-22","codigo_credor":"00000000280704","nome_credor":"BANCO DO BRASIL S/A","valor_contratado":22.00,"valor_pago":22.00},{"codigo_unidade_gestora":"201157","codigo_unidade_orcamentaria":"02110","numero_empenho":"0001740","classificacao":"126","data_empenho":"2022-04-22","codigo_credor":"23829339000109","nome_credor":"M.TESTA CONFECCAO","valor_contratado":2876.00,"valor_pago":2876.00},{"codigo_unidade_gestora":"201157","codigo_unidade_orcamentaria":"02080","numero_empenho":"0001741","classificacao":"126","data_empenho":"2022-04-25","codigo_credor":"28302534000191","nome_credor":"JSA COMERCIO E SERVIÇOS LTDA","valor_contratado":2760.00,"valor_pago":2760.00},{"codigo_unidade_gestora":"201157","codigo_unidade_orcamentaria":"02130","numero_empenho":"0001742","classificacao":"127","data_empenho":"2022-04-25","codigo_credor":"00070608592412","nome_credor":"CICERO LUDUGERO BEZERRA NETO","valor_contratado":150.00,"valor_pago":150.00},{"codigo_unidade_gestora":"201157","codigo_unidade_orcamentaria":"02130","numero_empenho":"0001743","classificacao":"127","data_empenho":"2022-04-25","codigo_credor":"00013172408710","nome_credor":"BATISTA FERREIRA MACHADO","valor_contratado":70.00,"valor_pago":70.00},{"codigo_unidade_gestora":"201157","codigo_unidade_orcamentaria":"02130","numero_empenho":"0001744","classificacao":"127","data_empenho":"2022-04-25","codigo_credor":"00070056469403","nome_credor":"ANA CATARINA AMANCIO DE OLIVEIRA RIBEIRO","valor_contratado":150.00,"valor_pago":150.00},{"codigo_unidade_gestora":"201157","codigo_unidade_orcamentaria":"02130","numero_empenho":"0001745","classificacao":"127","data_empenho":"2022-04-25","codigo_credor":"00013089539411","nome_credor":"AUGUSTO ROERTO ALVES DA NOBREGA","valor_contratado":0.00,"valor_pago":0.00},{"codigo_unidade_gestora":"201157","codigo_unidade_orcamentaria":"02130","numero_empenho":"0001746","classificacao":"127","data_empenho":"2022-04-25","codigo_credor":"00003469427488","nome_credor":"SILVANA DA SILVA PONTES","valor_contratado":150.00,"valor_pago":150.00},{"codigo_unidade_gestora":"201157","codigo_unidade_orcamentaria":"02130","numero_empenho":"0001747","classificacao":"127","data_empenho":"2022-04-25","codigo_credor":"00000986731498","nome_credor":"EDCLEIDE REINALDO DA SILVA","valor_contratado":70.00,"valor_pago":70.00},{"codigo_unidade_gestora":"201157","codigo_unidade_orcamentaria":"02130","numero_empenho":"0001748","classificacao":"127","data_empenho":"2022-04-25","codigo_credor":"00014121730437","nome_credor":"RANIEL MOTTA DOS SANTOS","valor_contratado":150.00,"valor_pago":150.00},{"codigo_unidade_gestora":"201157","codigo_unidade_orcamentaria":"02130","numero_empenho":"0001749","classificacao":"127","data_empenho":"2022-04-25","codigo_credor":"00012997850428","nome_credor":"VINICIUS PEREIRA PATRICIO","valor_contratado":100.00,"valor_pago":100.00},{"codigo_unidade_gestora":"201157","codigo_unidade_orcamentaria":"02130","numero_empenho":"0001750","classificacao":"127","data_empenho":"2022-04-25","codigo_credor":"00081388136449","nome_credor":"MARIA CRISTIANE FERREIRA DA CRUZ","valor_contratado":100.00,"valor_pago":100.00},{"codigo_unidade_gestora":"201157","codigo_unidade_orcamentaria":"02130","numero_empenho":"0001751","classificacao":"127","data_empenho":"2022-04-25","codigo_credor":"00070518814424","nome_credor":"ANASTACIA ROCHA PEREIRA","valor_contratado":100.00,"valor_pago":100.00},{"codigo_unidade_gestora":"201157","codigo_unidade_orcamentaria":"02130","numero_empenho":"0001752","classificacao":"127","data_empenho":"2022-04-25","codigo_credor":"00070608591440","nome_credor":"JOÃO LUCAS GUEDES DE ALMEIDA","valor_contratado":70.00,"valor_pago":70.00},{"codigo_unidade_gestora":"201157","codigo_unidade_orcamentaria":"02130","numero_empenho":"0001753","classificacao":"127","data_empenho":"2022-04-25","codigo_credor":"00075251108400","nome_credor":"LUCIENE DE SOUZA CASTRO","valor_contratado":70.00,"valor_pago":70.00},{"codigo_unidade_gestora":"201157","codigo_unidade_orcamentaria":"02130","numero_empenho":"0001754","classificacao":"127","data_empenho":"2022-04-25","codigo_credor":"00012156120447","nome_credor":"CAMILA VITAL DOS SANTOS","valor_contratado":70.00,"valor_pago":70.00},{"codigo_unidade_gestora":"201157","codigo_unidade_orcamentaria":"02130","numero_empenho":"0001755","classificacao":"127","data_empenho":"2022-04-25","codigo_credor":"00002587110432","nome_credor":"ADÃO DANTAS DOS SANTOS","valor_contratado":70.00,"valor_pago":70.00},{"codigo_unidade_gestora":"201157","codigo_unidade_orcamentaria":"02130","numero_empenho":"0001756","classificacao":"127","data_empenho":"2022-04-25","codigo_credor":"00001270945475","nome_credor":"ADNILSON PIMENTEL DE SOUZA","valor_contratado":150.00,"valor_pago":150.00},{"codigo_unidade_gestora":"201157","codigo_unidade_orcamentaria":"02130","numero_empenho":"0001757","classificacao":"127","data_empenho":"2022-04-25","codigo_credor":"00004621279408","nome_credor":"MARY EMANNUELLA DA COSTA OLIVEIRA","valor_contratado":150.00,"valor_pago":150.00},{"codigo_unidade_gestora":"201157","codigo_unidade_orcamentaria":"02130","numero_empenho":"0001758","classificacao":"127","data_empenho":"2022-04-25","codigo_credor":"00007815959407","nome_credor":"JOSE MARCIO LEÃO DA SILVA","valor_contratado":1000.00,"valor_pago":1000.00},{"codigo_unidade_gestora":"201157","codigo_unidade_orcamentaria":"02130","numero_empenho":"0001759","classificacao":"127","data_empenho":"2022-04-25","codigo_credor":"00009244372436","nome_credor":"YURI CARDOSA DA SILVA","valor_contratado":150.00,"valor_pago":150.00},{"codigo_unidade_gestora":"201157","codigo_unidade_orcamentaria":"02130","numero_empenho":"0001760","classificacao":"127","data_empenho":"2022-04-25","codigo_credor":"00010833335421","nome_credor":"SONEIDE FERREIRA DA SILVA","valor_contratado":70.00,"valor_pago":70.00},{"codigo_unidade_gestora":"201157","codigo_unidade_orcamentaria":"02130","numero_empenho":"0001761","classificacao":"127","data_empenho":"2022-04-25","codigo_credor":"00003620962448","nome_credor":"ALEXANDRE BATISTA  REIS","valor_contratado":100.00,"valor_pago":100.00},{"codigo_unidade_gestora":"201157","codigo_unidade_orcamentaria":"02130","numero_empenho":"0001762","classificacao":"127","data_empenho":"2022-04-25","codigo_credor":"00011065085486","nome_credor":"GLEISON DA SILVA SANTOS","valor_contratado":600.00,"valor_pago":600.00},{"codigo_unidade_gestora":"201157","codigo_unidade_orcamentaria":"02130","numero_empenho":"0001763","classificacao":"127","data_empenho":"2022-04-25","codigo_credor":"00003038641413","nome_credor":"MARINALDO COELHO DE SOUZA","valor_contratado":70.00,"valor_pago":70.00},{"codigo_unidade_gestora":"201157","codigo_unidade_orcamentaria":"02130","numero_empenho":"0001764","classificacao":"127","data_empenho":"2022-04-25","codigo_credor":"00005125586471","nome_credor":"DIANA JUSTINO DOS SANTOS","valor_contratado":700.00,"valor_pago":700.00},{"codigo_unidade_gestora":"201157","codigo_unidade_orcamentaria":"02130","numero_empenho":"0001765","classificacao":"127","data_empenho":"2022-04-25","codigo_credor":"00010259086436","nome_credor":"MIRELA SATURNINO DE ANDRADE","valor_contratado":600.00,"valor_pago":600.00},{"codigo_unidade_gestora":"201157","codigo_unidade_orcamentaria":"02130","numero_empenho":"0001766","classificacao":"127","data_empenho":"2022-04-25","codigo_credor":"00001432446800","nome_credor":"EDUARDO ALVES DE LACERDA","valor_contratado":150.00,"valor_pago":150.00},{"codigo_unidade_gestora":"201157","codigo_unidade_orcamentaria":"02130","numero_empenho":"0001767","classificacao":"127","data_empenho":"2022-04-25","codigo_credor":"00008052353459","nome_credor":"LEILA CRISTINA DA SILVA","valor_contratado":500.00,"valor_pago":500.00},{"codigo_unidade_gestora":"201157","codigo_unidade_orcamentaria":"02130","numero_empenho":"0001768","classificacao":"127","data_empenho":"2022-04-25","codigo_credor":"00000823184412","nome_credor":"MIRIAN FRANCO DA SILVA","valor_contratado":300.00,"valor_pago":300.00},{"codigo_unidade_gestora":"201157","codigo_unidade_orcamentaria":"02130","numero_empenho":"0001769","classificacao":"127","data_empenho":"2022-04-25","codigo_credor":"00026720086472","nome_credor":"MANOEL LUIZ BARBOSA","valor_contratado":100.00,"valor_pago":100.00},{"codigo_unidade_gestora":"201157","codigo_unidade_orcamentaria":"02130","numero_empenho":"0001770","classificacao":"127","data_empenho":"2022-04-25","codigo_credor":"00010449598438","nome_credor":"CRIZONELIA DA SILVA","valor_contratado":300.00,"valor_pago":300.00},{"codigo_unidade_gestora":"201157","codigo_unidade_orcamentaria":"02130","numero_empenho":"0001771","classificacao":"127","data_empenho":"2022-04-25","codigo_credor":"00006911826470","nome_credor":"EDINALDO BATISTA DE SOUZA","valor_contratado":700.00,"valor_pago":700.00},{"codigo_unidade_gestora":"201157","codigo_unidade_orcamentaria":"02130","numero_empenho":"0001772","classificacao":"127","data_empenho":"2022-04-25","codigo_credor":"00006801519409","nome_credor":"ADRIANO JOSÉ DOS SANTOS","valor_contratado":250.00,"valor_pago":250.00},{"codigo_unidade_gestora":"201157","codigo_unidade_orcamentaria":"02130","numero_empenho":"0001773","classificacao":"127","data_empenho":"2022-04-25","codigo_credor":"00003484047437","nome_credor":"MARIA DAS GRACAS MARTINS DE SOUZA","valor_contratado":200.00,"valor_pago":200.00},{"codigo_unidade_gestora":"201157","codigo_unidade_orcamentaria":"02130","numero_empenho":"0001774","classificacao":"127","data_empenho":"2022-04-25","codigo_credor":"00082623090491","nome_credor":"MARIZELIO DE SOUZA","valor_contratado":500.00,"valor_pago":500.00}]}}