{"size":50,"page":16,"total":763,"count":13,"_embedded":{"empenhos":[{"codigo_unidade_gestora":"201157","codigo_unidade_orcamentaria":"02040","numero_empenho":"0003457","classificacao":"135","data_empenho":"2022-06-28","codigo_credor":"00000000280704","nome_credor":"BANCO DO BRASIL S/A","valor_contratado":22.00,"valor_pago":22.00},{"codigo_unidade_gestora":"201157","codigo_unidade_orcamentaria":"02020","numero_empenho":"0003458","classificacao":"135","data_empenho":"2022-06-28","codigo_credor":"00000000280704","nome_credor":"BANCO DO BRASIL S/A","valor_contratado":55.00,"valor_pago":55.00},{"codigo_unidade_gestora":"201157","codigo_unidade_orcamentaria":"02020","numero_empenho":"0003459","classificacao":"135","data_empenho":"2022-06-28","codigo_credor":"00000000280704","nome_credor":"BANCO DO BRASIL S/A","valor_contratado":22.00,"valor_pago":22.00},{"codigo_unidade_gestora":"201157","codigo_unidade_orcamentaria":"02010","numero_empenho":"0003460","classificacao":"131","data_empenho":"2022-06-29","codigo_credor":"10954450000177","nome_credor":"IRAMILTON SATIRO DA NOBREGA","valor_contratado":2600.00,"valor_pago":2600.00},{"codigo_unidade_gestora":"201157","codigo_unidade_orcamentaria":"02110","numero_empenho":"0003461","classificacao":"126","data_empenho":"2022-06-29","codigo_credor":"08778201000126","nome_credor":"DROGAFONTE LTDA.","valor_contratado":1572.00,"valor_pago":1572.00},{"codigo_unidade_gestora":"201157","codigo_unidade_orcamentaria":"02110","numero_empenho":"0003462","classificacao":"126","data_empenho":"2022-06-29","codigo_credor":"08778201000126","nome_credor":"DROGAFONTE LTDA.","valor_contratado":1208.00,"valor_pago":1208.00},{"codigo_unidade_gestora":"201157","codigo_unidade_orcamentaria":"02110","numero_empenho":"0003463","classificacao":"135","data_empenho":"2022-06-30","codigo_credor":"05623324000108","nome_credor":"FUNDACAO DE OLHOS DA PARAIBA - FOP","valor_contratado":796.00,"valor_pago":796.00},{"codigo_unidade_gestora":"201157","codigo_unidade_orcamentaria":"02110","numero_empenho":"0003464","classificacao":"135","data_empenho":"2022-06-30","codigo_credor":"19500415000152","nome_credor":"EDER BATISTA DE SOUSA","valor_contratado":13050.00,"valor_pago":13050.00},{"codigo_unidade_gestora":"201157","codigo_unidade_orcamentaria":"02020","numero_empenho":"0003465","classificacao":"136","data_empenho":"2022-06-30","codigo_credor":"07553129000176","nome_credor":"PUBLIC SOFTWARE INFORMATICA LTDA-ME","valor_contratado":5790.50,"valor_pago":5790.50},{"codigo_unidade_gestora":"201157","codigo_unidade_orcamentaria":"02020","numero_empenho":"0003466","classificacao":"135","data_empenho":"2022-06-30","codigo_credor":"00000000280704","nome_credor":"BANCO DO BRASIL S/A","valor_contratado":22.00,"valor_pago":22.00},{"codigo_unidade_gestora":"201157","codigo_unidade_orcamentaria":"02040","numero_empenho":"0003467","classificacao":"135","data_empenho":"2022-06-30","codigo_credor":"00000000280704","nome_credor":"BANCO DO BRASIL S/A","valor_contratado":11.00,"valor_pago":11.00},{"codigo_unidade_gestora":"201157","codigo_unidade_orcamentaria":"02020","numero_empenho":"0003468","classificacao":"135","data_empenho":"2022-06-30","codigo_credor":"00360305000104","nome_credor":"CAIXA ECONOMICA FEDERAL","valor_contratado":1211.76,"valor_pago":1211.76},{"codigo_unidade_gestora":"201157","codigo_unidade_orcamentaria":"02020","numero_empenho":"0003469","classificacao":"135","data_empenho":"2022-06-30","codigo_credor":"00360305000104","nome_credor":"CAIXA ECONOMICA FEDERAL","valor_contratado":357.17,"valor_pago":357.17}]}}