{"size":50,"page":6,"total":717,"count":50,"_embedded":{"empenhos":[{"codigo_unidade_gestora":"201157","codigo_unidade_orcamentaria":"02110","numero_empenho":"0002233","classificacao":"126","data_empenho":"2022-05-10","codigo_credor":"08778201000126","nome_credor":"DROGAFONTE LTDA.","valor_contratado":400.00,"valor_pago":400.00},{"codigo_unidade_gestora":"201157","codigo_unidade_orcamentaria":"02080","numero_empenho":"0002234","classificacao":"135","data_empenho":"2022-05-10","codigo_credor":"36291941000179","nome_credor":"ANDRE RICARDO BARRETO PERAZZO COSTA","valor_contratado":7000.00,"valor_pago":7000.00},{"codigo_unidade_gestora":"201157","codigo_unidade_orcamentaria":"02080","numero_empenho":"0002235","classificacao":"135","data_empenho":"2022-05-10","codigo_credor":"36291941000179","nome_credor":"ANDRE RICARDO BARRETO PERAZZO COSTA","valor_contratado":7000.00,"valor_pago":7000.00},{"codigo_unidade_gestora":"201157","codigo_unidade_orcamentaria":"02080","numero_empenho":"0002236","classificacao":"135","data_empenho":"2022-05-10","codigo_credor":"36291941000179","nome_credor":"ANDRE RICARDO BARRETO PERAZZO COSTA","valor_contratado":7000.00,"valor_pago":7000.00},{"codigo_unidade_gestora":"201157","codigo_unidade_orcamentaria":"02080","numero_empenho":"0002237","classificacao":"135","data_empenho":"2022-05-10","codigo_credor":"36291941000179","nome_credor":"ANDRE RICARDO BARRETO PERAZZO COSTA","valor_contratado":7000.00,"valor_pago":7000.00},{"codigo_unidade_gestora":"201157","codigo_unidade_orcamentaria":"02080","numero_empenho":"0002238","classificacao":"135","data_empenho":"2022-05-10","codigo_credor":"36291941000179","nome_credor":"ANDRE RICARDO BARRETO PERAZZO COSTA","valor_contratado":4800.00,"valor_pago":4800.00},{"codigo_unidade_gestora":"201157","codigo_unidade_orcamentaria":"02050","numero_empenho":"0002239","classificacao":"126","data_empenho":"2022-05-10","codigo_credor":"31424800000163","nome_credor":"ADRIANO GONCALVES RODRIGUES DO NASCIMENTO","valor_contratado":2382.00,"valor_pago":2382.00},{"codigo_unidade_gestora":"201157","codigo_unidade_orcamentaria":"02040","numero_empenho":"0002240","classificacao":"189","data_empenho":"2022-05-10","codigo_credor":"00000960085475","nome_credor":"ILVA PEQUENO TEJO","valor_contratado":1666.66,"valor_pago":1666.66},{"codigo_unidade_gestora":"201157","codigo_unidade_orcamentaria":"02040","numero_empenho":"0002241","classificacao":"189","data_empenho":"2022-05-10","codigo_credor":"00011181861411","nome_credor":"RENATA CRISTINA SANTOS LACERDA MARTINS","valor_contratado":5000.00,"valor_pago":5000.00},{"codigo_unidade_gestora":"201157","codigo_unidade_orcamentaria":"02010","numero_empenho":"0002242","classificacao":"110","data_empenho":"2022-05-10","codigo_credor":"00018195237487","nome_credor":"FRANCISCO ANDRE ALVES","valor_contratado":250.00,"valor_pago":250.00},{"codigo_unidade_gestora":"201157","codigo_unidade_orcamentaria":"02140","numero_empenho":"0002243","classificacao":"135","data_empenho":"2022-05-10","codigo_credor":"00000000280704","nome_credor":"BANCO DO BRASIL S/A","valor_contratado":66.00,"valor_pago":66.00},{"codigo_unidade_gestora":"201157","codigo_unidade_orcamentaria":"02140","numero_empenho":"0002244","classificacao":"135","data_empenho":"2022-05-10","codigo_credor":"00000000280704","nome_credor":"BANCO DO BRASIL S/A","valor_contratado":77.00,"valor_pago":77.00},{"codigo_unidade_gestora":"201157","codigo_unidade_orcamentaria":"02010","numero_empenho":"0002245","classificacao":"135","data_empenho":"2022-05-10","codigo_credor":"17645592000100","nome_credor":"NIVALDO BARROS FILHO - ME","valor_contratado":2000.00,"valor_pago":2000.00},{"codigo_unidade_gestora":"201157","codigo_unidade_orcamentaria":"02020","numero_empenho":"0002246","classificacao":"135","data_empenho":"2022-05-10","codigo_credor":"00000000280704","nome_credor":"BANCO DO BRASIL S/A","valor_contratado":187.00,"valor_pago":187.00},{"codigo_unidade_gestora":"201157","codigo_unidade_orcamentaria":"02040","numero_empenho":"0002247","classificacao":"135","data_empenho":"2022-05-10","codigo_credor":"00000000280704","nome_credor":"BANCO DO BRASIL S/A","valor_contratado":11.00,"valor_pago":11.00},{"codigo_unidade_gestora":"201157","codigo_unidade_orcamentaria":"02110","numero_empenho":"0002248","classificacao":"126","data_empenho":"2022-05-11","codigo_credor":"08674752000140","nome_credor":"CIRURGICA MONTEBELLO LTDA","valor_contratado":454.00,"valor_pago":454.00},{"codigo_unidade_gestora":"201157","codigo_unidade_orcamentaria":"02110","numero_empenho":"0002249","classificacao":"135","data_empenho":"2022-05-11","codigo_credor":"01024347000137","nome_credor":"NEUROCENTRO","valor_contratado":2700.00,"valor_pago":2700.00},{"codigo_unidade_gestora":"201157","codigo_unidade_orcamentaria":"02080","numero_empenho":"0002250","classificacao":"135","data_empenho":"2022-05-11","codigo_credor":"08667024000100","nome_credor":"CREA/PB","valor_contratado":88.78,"valor_pago":88.78},{"codigo_unidade_gestora":"201157","codigo_unidade_orcamentaria":"02110","numero_empenho":"0002251","classificacao":"135","data_empenho":"2022-05-11","codigo_credor":"34783914000198","nome_credor":"JOSE WAGNER DE LIMA","valor_contratado":18000.00,"valor_pago":18000.00},{"codigo_unidade_gestora":"201157","codigo_unidade_orcamentaria":"02050","numero_empenho":"0002252","classificacao":"126","data_empenho":"2022-05-11","codigo_credor":"07526979000185","nome_credor":"RAIMUNDO ADELMAR F. PIRES","valor_contratado":19076.40,"valor_pago":19076.40},{"codigo_unidade_gestora":"201157","codigo_unidade_orcamentaria":"02130","numero_empenho":"0002253","classificacao":"126","data_empenho":"2022-05-11","codigo_credor":"25077870000190","nome_credor":"DEBORA FELIX MARTINS DO MONTE 03294115431","valor_contratado":34600.00,"valor_pago":34600.00},{"codigo_unidade_gestora":"201157","codigo_unidade_orcamentaria":"02080","numero_empenho":"0002254","classificacao":"135","data_empenho":"2022-05-11","codigo_credor":"32621662000175","nome_credor":"BELARMINO ROQUE DA SILVA NETO 01683378431","valor_contratado":1300.00,"valor_pago":1300.00},{"codigo_unidade_gestora":"201157","codigo_unidade_orcamentaria":"02080","numero_empenho":"0002255","classificacao":"135","data_empenho":"2022-05-11","codigo_credor":"45450035000160","nome_credor":"ADRIANO MARCOS SANTANA ALVES 09665655418","valor_contratado":1250.00,"valor_pago":1250.00},{"codigo_unidade_gestora":"201157","codigo_unidade_orcamentaria":"02130","numero_empenho":"0002256","classificacao":"135","data_empenho":"2022-05-11","codigo_credor":"42488051000154","nome_credor":"MICHEL ANTHONY ALVES DE SOUZA","valor_contratado":600.00,"valor_pago":600.00},{"codigo_unidade_gestora":"201157","codigo_unidade_orcamentaria":"02130","numero_empenho":"0002257","classificacao":"135","data_empenho":"2022-05-11","codigo_credor":"41769438000116","nome_credor":"JOAO VICTOR OLIVEIRA DOS SANTOS 71993888454","valor_contratado":1200.00,"valor_pago":1200.00},{"codigo_unidade_gestora":"201157","codigo_unidade_orcamentaria":"02130","numero_empenho":"0002258","classificacao":"135","data_empenho":"2022-05-11","codigo_credor":"43330097000103","nome_credor":"JOSE ROMULO GALDINO DA SILVA","valor_contratado":1200.00,"valor_pago":1200.00},{"codigo_unidade_gestora":"201157","codigo_unidade_orcamentaria":"02050","numero_empenho":"0002259","classificacao":"135","data_empenho":"2022-05-11","codigo_credor":"41640336000104","nome_credor":"RENATO COSTA SILVA","valor_contratado":2400.00,"valor_pago":2400.00},{"codigo_unidade_gestora":"201157","codigo_unidade_orcamentaria":"02080","numero_empenho":"0002260","classificacao":"135","data_empenho":"2022-05-11","codigo_credor":"42073356000103","nome_credor":"DIEGO NUNES BENEVENUTO 44622283832","valor_contratado":1125.00,"valor_pago":1125.00},{"codigo_unidade_gestora":"201157","codigo_unidade_orcamentaria":"02080","numero_empenho":"0002261","classificacao":"135","data_empenho":"2022-05-11","codigo_credor":"41448185000189","nome_credor":"FELIPE DOS SANTOS OLIVEIRA DE SOUZA 13801424405","valor_contratado":1500.00,"valor_pago":1500.00},{"codigo_unidade_gestora":"201157","codigo_unidade_orcamentaria":"02080","numero_empenho":"0002262","classificacao":"135","data_empenho":"2022-05-11","codigo_credor":"45672868000176","nome_credor":"FLAVIO TARGINO DA SILVA 70928394409","valor_contratado":1500.00,"valor_pago":1500.00},{"codigo_unidade_gestora":"201157","codigo_unidade_orcamentaria":"02040","numero_empenho":"0002263","classificacao":"135","data_empenho":"2022-05-11","codigo_credor":"42524968000167","nome_credor":"JORGE MAGNO GONÇALVES","valor_contratado":1200.00,"valor_pago":1200.00},{"codigo_unidade_gestora":"201157","codigo_unidade_orcamentaria":"02080","numero_empenho":"0002264","classificacao":"135","data_empenho":"2022-05-11","codigo_credor":"36271343000138","nome_credor":"JONAS GONÇALVES RODRIGUES DE LIMA 57992940172","valor_contratado":1500.00,"valor_pago":1500.00},{"codigo_unidade_gestora":"201157","codigo_unidade_orcamentaria":"02080","numero_empenho":"0002265","classificacao":"135","data_empenho":"2022-05-11","codigo_credor":"41400882000160","nome_credor":"VENICIUS FIDELIS DOS SANTOS 12007290480","valor_contratado":2500.00,"valor_pago":2500.00},{"codigo_unidade_gestora":"201157","codigo_unidade_orcamentaria":"02080","numero_empenho":"0002266","classificacao":"135","data_empenho":"2022-05-11","codigo_credor":"32666493000190","nome_credor":"VITOR FERREIRA DOS SANTOS 09470814452","valor_contratado":1500.00,"valor_pago":1500.00},{"codigo_unidade_gestora":"201157","codigo_unidade_orcamentaria":"02080","numero_empenho":"0002267","classificacao":"135","data_empenho":"2022-05-11","codigo_credor":"36579872000101","nome_credor":"EDINALDO VITOR DOS SANTOS 11322123837","valor_contratado":1400.00,"valor_pago":1400.00},{"codigo_unidade_gestora":"201157","codigo_unidade_orcamentaria":"02080","numero_empenho":"0002268","classificacao":"135","data_empenho":"2022-05-11","codigo_credor":"24072047000129","nome_credor":"JOSE ADRIANO GONDIM DA SILVA","valor_contratado":1500.00,"valor_pago":1500.00},{"codigo_unidade_gestora":"201157","codigo_unidade_orcamentaria":"02080","numero_empenho":"0002269","classificacao":"135","data_empenho":"2022-05-11","codigo_credor":"29416266000100","nome_credor":"CICERO RENATO SOUZA SILVA 05855997421","valor_contratado":1125.00,"valor_pago":1125.00},{"codigo_unidade_gestora":"201157","codigo_unidade_orcamentaria":"02080","numero_empenho":"0002270","classificacao":"135","data_empenho":"2022-05-11","codigo_credor":"29416266000100","nome_credor":"CICERO RENATO SOUZA SILVA 05855997421","valor_contratado":2000.00,"valor_pago":2000.00},{"codigo_unidade_gestora":"201157","codigo_unidade_orcamentaria":"02080","numero_empenho":"0002271","classificacao":"135","data_empenho":"2022-05-11","codigo_credor":"24853787000100","nome_credor":"MARCOS ANTONIO DO NASCIMENTO 09535475827","valor_contratado":3200.00,"valor_pago":3200.00},{"codigo_unidade_gestora":"201157","codigo_unidade_orcamentaria":"02050","numero_empenho":"0002272","classificacao":"126","data_empenho":"2022-05-11","codigo_credor":"03995452000149","nome_credor":"SOUZAUTO LUB COMERCIO DE LUBRIFICANTE EIRELI","valor_contratado":212.00,"valor_pago":212.00},{"codigo_unidade_gestora":"201157","codigo_unidade_orcamentaria":"02080","numero_empenho":"0002273","classificacao":"135","data_empenho":"2022-05-11","codigo_credor":"36244814000119","nome_credor":"ROBSON SOUZA DOS SANTOS","valor_contratado":1357.20,"valor_pago":1357.20},{"codigo_unidade_gestora":"201157","codigo_unidade_orcamentaria":"02040","numero_empenho":"0002274","classificacao":"135","data_empenho":"2022-05-11","codigo_credor":"36244814000119","nome_credor":"ROBSON SOUZA DOS SANTOS","valor_contratado":1357.20,"valor_pago":1357.20},{"codigo_unidade_gestora":"201157","codigo_unidade_orcamentaria":"02040","numero_empenho":"0002275","classificacao":"189","data_empenho":"2022-05-11","codigo_credor":"00008400513100","nome_credor":"DAYAN GONZALEZ ALVAREZ","valor_contratado":1200.00,"valor_pago":1200.00},{"codigo_unidade_gestora":"201157","codigo_unidade_orcamentaria":"02080","numero_empenho":"0002276","classificacao":"135","data_empenho":"2022-05-11","codigo_credor":"24518477000121","nome_credor":"ERMINIO PEREIRA DE OLIVEIRA 03814233441","valor_contratado":1000.00,"valor_pago":1000.00},{"codigo_unidade_gestora":"201157","codigo_unidade_orcamentaria":"02080","numero_empenho":"0002277","classificacao":"135","data_empenho":"2022-05-11","codigo_credor":"24518477000121","nome_credor":"ERMINIO PEREIRA DE OLIVEIRA 03814233441","valor_contratado":1600.00,"valor_pago":1600.00},{"codigo_unidade_gestora":"201157","codigo_unidade_orcamentaria":"02080","numero_empenho":"0002278","classificacao":"135","data_empenho":"2022-05-11","codigo_credor":"30443124000102","nome_credor":"JOSE LYRA PEREIRA 02163303438","valor_contratado":1363.00,"valor_pago":1363.00},{"codigo_unidade_gestora":"201157","codigo_unidade_orcamentaria":"02080","numero_empenho":"0002279","classificacao":"135","data_empenho":"2022-05-11","codigo_credor":"32593366000108","nome_credor":"DJAILSON DE FARIAS FERREIRA 09774773470","valor_contratado":1393.00,"valor_pago":1393.00},{"codigo_unidade_gestora":"201157","codigo_unidade_orcamentaria":"02080","numero_empenho":"0002280","classificacao":"135","data_empenho":"2022-05-11","codigo_credor":"32593366000108","nome_credor":"DJAILSON DE FARIAS FERREIRA 09774773470","valor_contratado":1194.00,"valor_pago":1194.00},{"codigo_unidade_gestora":"201157","codigo_unidade_orcamentaria":"02010","numero_empenho":"0002281","classificacao":"135","data_empenho":"2022-05-11","codigo_credor":"30970095000137","nome_credor":"JOZIVAL ALVES DA SILVA 45242135468","valor_contratado":1100.00,"valor_pago":1100.00},{"codigo_unidade_gestora":"201157","codigo_unidade_orcamentaria":"02010","numero_empenho":"0002282","classificacao":"135","data_empenho":"2022-05-11","codigo_credor":"20691271000148","nome_credor":"HIAGO MATEUS SANTOS 01670810470","valor_contratado":800.00,"valor_pago":800.00}]}}