{"size":50,"page":7,"total":795,"count":50,"_embedded":{"empenhos":[{"codigo_unidade_gestora":"201157","codigo_unidade_orcamentaria":"02020","numero_empenho":"0005388","classificacao":"135","data_empenho":"2022-09-12","codigo_credor":"00000000280704","nome_credor":"BANCO DO BRASIL S/A","valor_contratado":594.00,"valor_pago":594.00},{"codigo_unidade_gestora":"201157","codigo_unidade_orcamentaria":"02010","numero_empenho":"0005389","classificacao":"135","data_empenho":"2022-09-12","codigo_credor":"19466870000189","nome_credor":"MARIVALDO RODRIGUES DA SILVA-ME","valor_contratado":2750.00,"valor_pago":2750.00},{"codigo_unidade_gestora":"201157","codigo_unidade_orcamentaria":"02040","numero_empenho":"0005390","classificacao":"135","data_empenho":"2022-09-12","codigo_credor":"00000000280704","nome_credor":"BANCO DO BRASIL S/A","valor_contratado":11.00,"valor_pago":11.00},{"codigo_unidade_gestora":"201157","codigo_unidade_orcamentaria":"02010","numero_empenho":"0005391","classificacao":"97","data_empenho":"2022-09-12","codigo_credor":"00703157000183","nome_credor":"CNM-CONFEDERAÇÃO NACIONAL DOS MUNICIPIOS","valor_contratado":1133.00,"valor_pago":1133.00},{"codigo_unidade_gestora":"201157","codigo_unidade_orcamentaria":"02110","numero_empenho":"0005392","classificacao":"126","data_empenho":"2022-09-12","codigo_credor":"04451626000175","nome_credor":"PHOSPODONT LTDA","valor_contratado":1696.00,"valor_pago":1696.00},{"codigo_unidade_gestora":"201157","codigo_unidade_orcamentaria":"02110","numero_empenho":"0005393","classificacao":"126","data_empenho":"2022-09-13","codigo_credor":"08674752000140","nome_credor":"CIRURGICA MONTEBELLO LTDA","valor_contratado":690.00,"valor_pago":690.00},{"codigo_unidade_gestora":"201157","codigo_unidade_orcamentaria":"02070","numero_empenho":"0005394","classificacao":"126","data_empenho":"2022-09-13","codigo_credor":"17599154000144","nome_credor":"JOSE DA S FERREIRA","valor_contratado":888.45,"valor_pago":888.45},{"codigo_unidade_gestora":"201157","codigo_unidade_orcamentaria":"02120","numero_empenho":"0005395","classificacao":"126","data_empenho":"2022-09-13","codigo_credor":"17599154000144","nome_credor":"JOSE DA S FERREIRA","valor_contratado":591.14,"valor_pago":591.14},{"codigo_unidade_gestora":"201157","codigo_unidade_orcamentaria":"02070","numero_empenho":"0005396","classificacao":"126","data_empenho":"2022-09-13","codigo_credor":"17599154000144","nome_credor":"JOSE DA S FERREIRA","valor_contratado":2132.46,"valor_pago":2132.46},{"codigo_unidade_gestora":"201157","codigo_unidade_orcamentaria":"02080","numero_empenho":"0005397","classificacao":"126","data_empenho":"2022-09-13","codigo_credor":"02737810000150","nome_credor":"JOSE ARLINDO OLIVEIRA  SILVA","valor_contratado":16868.47,"valor_pago":16868.47},{"codigo_unidade_gestora":"201157","codigo_unidade_orcamentaria":"02040","numero_empenho":"0005398","classificacao":"126","data_empenho":"2022-09-13","codigo_credor":"02737810000150","nome_credor":"JOSE ARLINDO OLIVEIRA  SILVA","valor_contratado":4748.01,"valor_pago":4748.01},{"codigo_unidade_gestora":"201157","codigo_unidade_orcamentaria":"02080","numero_empenho":"0005399","classificacao":"135","data_empenho":"2022-09-13","codigo_credor":"17558716000101","nome_credor":"CAMPINA-COMERCIO VAREJISTA DE PEÇAS E TACOGRAFOS LTDA","valor_contratado":430.00,"valor_pago":430.00},{"codigo_unidade_gestora":"201157","codigo_unidade_orcamentaria":"02040","numero_empenho":"0005400","classificacao":"126","data_empenho":"2022-09-13","codigo_credor":"02737810000150","nome_credor":"JOSE ARLINDO OLIVEIRA  SILVA","valor_contratado":763.80,"valor_pago":763.80},{"codigo_unidade_gestora":"201157","codigo_unidade_orcamentaria":"02040","numero_empenho":"0005401","classificacao":"126","data_empenho":"2022-09-13","codigo_credor":"02737810000150","nome_credor":"JOSE ARLINDO OLIVEIRA  SILVA","valor_contratado":1210.82,"valor_pago":1210.82},{"codigo_unidade_gestora":"201157","codigo_unidade_orcamentaria":"02110","numero_empenho":"0005402","classificacao":"126","data_empenho":"2022-09-13","codigo_credor":"02737810000150","nome_credor":"JOSE ARLINDO OLIVEIRA  SILVA","valor_contratado":1573.71,"valor_pago":1573.71},{"codigo_unidade_gestora":"201157","codigo_unidade_orcamentaria":"02080","numero_empenho":"0005403","classificacao":"126","data_empenho":"2022-09-13","codigo_credor":"02737810000150","nome_credor":"JOSE ARLINDO OLIVEIRA  SILVA","valor_contratado":6229.30,"valor_pago":6229.30},{"codigo_unidade_gestora":"201157","codigo_unidade_orcamentaria":"02080","numero_empenho":"0005404","classificacao":"126","data_empenho":"2022-09-13","codigo_credor":"02737810000150","nome_credor":"JOSE ARLINDO OLIVEIRA  SILVA","valor_contratado":1894.20,"valor_pago":1894.20},{"codigo_unidade_gestora":"201157","codigo_unidade_orcamentaria":"02120","numero_empenho":"0005405","classificacao":"126","data_empenho":"2022-09-13","codigo_credor":"02737810000150","nome_credor":"JOSE ARLINDO OLIVEIRA  SILVA","valor_contratado":4940.15,"valor_pago":4940.15},{"codigo_unidade_gestora":"201157","codigo_unidade_orcamentaria":"02120","numero_empenho":"0005406","classificacao":"126","data_empenho":"2022-09-13","codigo_credor":"02737810000150","nome_credor":"JOSE ARLINDO OLIVEIRA  SILVA","valor_contratado":1282.26,"valor_pago":1282.26},{"codigo_unidade_gestora":"201157","codigo_unidade_orcamentaria":"02110","numero_empenho":"0005407","classificacao":"126","data_empenho":"2022-09-13","codigo_credor":"02737810000150","nome_credor":"JOSE ARLINDO OLIVEIRA  SILVA","valor_contratado":1007.91,"valor_pago":1007.91},{"codigo_unidade_gestora":"201157","codigo_unidade_orcamentaria":"02080","numero_empenho":"0005408","classificacao":"126","data_empenho":"2022-09-13","codigo_credor":"02737810000150","nome_credor":"JOSE ARLINDO OLIVEIRA  SILVA","valor_contratado":3996.44,"valor_pago":3996.44},{"codigo_unidade_gestora":"201157","codigo_unidade_orcamentaria":"02110","numero_empenho":"0005409","classificacao":"126","data_empenho":"2022-09-13","codigo_credor":"02737810000150","nome_credor":"JOSE ARLINDO OLIVEIRA  SILVA","valor_contratado":5330.34,"valor_pago":5330.34},{"codigo_unidade_gestora":"201157","codigo_unidade_orcamentaria":"02050","numero_empenho":"0005410","classificacao":"114","data_empenho":"2022-09-13","codigo_credor":"61600839000155","nome_credor":"CIEE-CENTRO DE INTEGRAÇÃO EMPRESA ESCOLA","valor_contratado":31410.00,"valor_pago":31410.00},{"codigo_unidade_gestora":"201157","codigo_unidade_orcamentaria":"02110","numero_empenho":"0005411","classificacao":"126","data_empenho":"2022-09-13","codigo_credor":"02737810000150","nome_credor":"JOSE ARLINDO OLIVEIRA  SILVA","valor_contratado":1721.69,"valor_pago":1721.69},{"codigo_unidade_gestora":"201157","codigo_unidade_orcamentaria":"02110","numero_empenho":"0005412","classificacao":"126","data_empenho":"2022-09-13","codigo_credor":"02737810000150","nome_credor":"JOSE ARLINDO OLIVEIRA  SILVA","valor_contratado":683.87,"valor_pago":683.87},{"codigo_unidade_gestora":"201157","codigo_unidade_orcamentaria":"02110","numero_empenho":"0005413","classificacao":"126","data_empenho":"2022-09-13","codigo_credor":"02737810000150","nome_credor":"JOSE ARLINDO OLIVEIRA  SILVA","valor_contratado":977.92,"valor_pago":977.92},{"codigo_unidade_gestora":"201157","codigo_unidade_orcamentaria":"02050","numero_empenho":"0005414","classificacao":"126","data_empenho":"2022-09-13","codigo_credor":"46471479000145","nome_credor":"MARIA RAFAELA GERONCIO AMANCIO 06570203460","valor_contratado":4352.20,"valor_pago":4352.20},{"codigo_unidade_gestora":"201157","codigo_unidade_orcamentaria":"02040","numero_empenho":"0005415","classificacao":"126","data_empenho":"2022-09-13","codigo_credor":"02737810000150","nome_credor":"JOSE ARLINDO OLIVEIRA  SILVA","valor_contratado":913.62,"valor_pago":913.62},{"codigo_unidade_gestora":"201157","codigo_unidade_orcamentaria":"02080","numero_empenho":"0005416","classificacao":"126","data_empenho":"2022-09-13","codigo_credor":"02737810000150","nome_credor":"JOSE ARLINDO OLIVEIRA  SILVA","valor_contratado":3598.98,"valor_pago":3598.98},{"codigo_unidade_gestora":"201157","codigo_unidade_orcamentaria":"02140","numero_empenho":"0005417","classificacao":"144","data_empenho":"2022-09-13","codigo_credor":"00013148071450","nome_credor":"JULIANY ELLEM DA SILVA FERREIRA","valor_contratado":612.00,"valor_pago":612.00},{"codigo_unidade_gestora":"201157","codigo_unidade_orcamentaria":"02050","numero_empenho":"0005418","classificacao":"126","data_empenho":"2022-09-13","codigo_credor":"02737810000150","nome_credor":"JOSE ARLINDO OLIVEIRA  SILVA","valor_contratado":1050.44,"valor_pago":1050.44},{"codigo_unidade_gestora":"201157","codigo_unidade_orcamentaria":"02050","numero_empenho":"0005419","classificacao":"126","data_empenho":"2022-09-13","codigo_credor":"02737810000150","nome_credor":"JOSE ARLINDO OLIVEIRA  SILVA","valor_contratado":577.07,"valor_pago":577.07},{"codigo_unidade_gestora":"201157","codigo_unidade_orcamentaria":"02140","numero_empenho":"0005420","classificacao":"144","data_empenho":"2022-09-13","codigo_credor":"00011299365469","nome_credor":"MARIA APARECIDA RODRIGUES DOS SANTOS","valor_contratado":300.00,"valor_pago":300.00},{"codigo_unidade_gestora":"201157","codigo_unidade_orcamentaria":"02140","numero_empenho":"0005421","classificacao":"144","data_empenho":"2022-09-13","codigo_credor":"00005719016465","nome_credor":"JOZIVANIA ALEXANDRE DE MELO","valor_contratado":612.00,"valor_pago":612.00},{"codigo_unidade_gestora":"201157","codigo_unidade_orcamentaria":"02050","numero_empenho":"0005422","classificacao":"126","data_empenho":"2022-09-13","codigo_credor":"02737810000150","nome_credor":"JOSE ARLINDO OLIVEIRA  SILVA","valor_contratado":617.36,"valor_pago":617.36},{"codigo_unidade_gestora":"201157","codigo_unidade_orcamentaria":"02140","numero_empenho":"0005423","classificacao":"144","data_empenho":"2022-09-13","codigo_credor":"00010951576470","nome_credor":"CARLOS HENRIQUE DE AGUIAR FERREIRA","valor_contratado":470.00,"valor_pago":470.00},{"codigo_unidade_gestora":"201157","codigo_unidade_orcamentaria":"02140","numero_empenho":"0005424","classificacao":"144","data_empenho":"2022-09-13","codigo_credor":"00001530209463","nome_credor":"MARIA APARECIDA DA SILVA","valor_contratado":200.00,"valor_pago":200.00},{"codigo_unidade_gestora":"201157","codigo_unidade_orcamentaria":"02140","numero_empenho":"0005425","classificacao":"144","data_empenho":"2022-09-13","codigo_credor":"00004288072751","nome_credor":"ELIOSVALDO ALVES DA SILVA","valor_contratado":280.00,"valor_pago":280.00},{"codigo_unidade_gestora":"201157","codigo_unidade_orcamentaria":"02140","numero_empenho":"0005426","classificacao":"144","data_empenho":"2022-09-13","codigo_credor":"00001620483432","nome_credor":"ALINE APARECIDA DA SILVA MATIAS","valor_contratado":612.00,"valor_pago":612.00},{"codigo_unidade_gestora":"201157","codigo_unidade_orcamentaria":"02140","numero_empenho":"0005427","classificacao":"144","data_empenho":"2022-09-13","codigo_credor":"00070151979448","nome_credor":"SHIRLEY LUANA NOGUEIRA DOS SANTOS","valor_contratado":200.00,"valor_pago":200.00},{"codigo_unidade_gestora":"201157","codigo_unidade_orcamentaria":"02140","numero_empenho":"0005428","classificacao":"144","data_empenho":"2022-09-13","codigo_credor":"00012785643496","nome_credor":"ROBERVANDO JOSÉ DA SILVA","valor_contratado":470.00,"valor_pago":470.00},{"codigo_unidade_gestora":"201157","codigo_unidade_orcamentaria":"02140","numero_empenho":"0005429","classificacao":"144","data_empenho":"2022-09-13","codigo_credor":"00005732227466","nome_credor":"ZELIA CLEMENTINO DA COSTA","valor_contratado":300.00,"valor_pago":300.00},{"codigo_unidade_gestora":"201157","codigo_unidade_orcamentaria":"02140","numero_empenho":"0005430","classificacao":"144","data_empenho":"2022-09-13","codigo_credor":"00005887227400","nome_credor":"MARIA DO PATROCINIO BALBINO DA SILVA","valor_contratado":300.00,"valor_pago":300.00},{"codigo_unidade_gestora":"201157","codigo_unidade_orcamentaria":"02140","numero_empenho":"0005431","classificacao":"144","data_empenho":"2022-09-13","codigo_credor":"00005121993455","nome_credor":"SEVERINA CLEMENTINO DOS SANTOS","valor_contratado":612.00,"valor_pago":612.00},{"codigo_unidade_gestora":"201157","codigo_unidade_orcamentaria":"02140","numero_empenho":"0005432","classificacao":"144","data_empenho":"2022-09-13","codigo_credor":"00007782174422","nome_credor":"JOSINALDO DOS SANTOS SILVA","valor_contratado":200.00,"valor_pago":200.00},{"codigo_unidade_gestora":"201157","codigo_unidade_orcamentaria":"02140","numero_empenho":"0005433","classificacao":"144","data_empenho":"2022-09-13","codigo_credor":"00011098006496","nome_credor":"MARCIO ROMANA GOMES","valor_contratado":300.00,"valor_pago":300.00},{"codigo_unidade_gestora":"201157","codigo_unidade_orcamentaria":"02120","numero_empenho":"0005434","classificacao":"135","data_empenho":"2022-09-13","codigo_credor":"41400882000160","nome_credor":"VENICIUS FIDELIS DOS SANTOS 12007290480","valor_contratado":2400.00,"valor_pago":2400.00},{"codigo_unidade_gestora":"201157","codigo_unidade_orcamentaria":"02120","numero_empenho":"0005435","classificacao":"135","data_empenho":"2022-09-13","codigo_credor":"36271343000138","nome_credor":"JONAS GONÇALVES RODRIGUES DE LIMA 57992940172","valor_contratado":1200.00,"valor_pago":1200.00},{"codigo_unidade_gestora":"201157","codigo_unidade_orcamentaria":"02140","numero_empenho":"0005436","classificacao":"144","data_empenho":"2022-09-13","codigo_credor":"00014498326440","nome_credor":"GUSTAVO COSME CAVALCANTI RUFINO","valor_contratado":500.00,"valor_pago":500.00},{"codigo_unidade_gestora":"201157","codigo_unidade_orcamentaria":"02080","numero_empenho":"0005437","classificacao":"135","data_empenho":"2022-09-13","codigo_credor":"36244814000119","nome_credor":"ROBSON SOUZA DOS SANTOS","valor_contratado":2000.00,"valor_pago":2000.00}]}}