{"size":50,"page":5,"total":301,"count":50,"_embedded":{"empenhos":[{"codigo_unidade_gestora":"201157","codigo_unidade_orcamentaria":"02050","numero_empenho":"0000207","classificacao":"105","data_empenho":"2022-01-28","codigo_credor":"09048976000109","nome_credor":"Prefeitura Municipal de Remígio","valor_contratado":135813.75,"valor_pago":135813.75},{"codigo_unidade_gestora":"201157","codigo_unidade_orcamentaria":"02050","numero_empenho":"0000208","classificacao":"105","data_empenho":"2022-01-28","codigo_credor":"09048976000109","nome_credor":"Prefeitura Municipal de Remígio","valor_contratado":15248.95,"valor_pago":15248.95},{"codigo_unidade_gestora":"201157","codigo_unidade_orcamentaria":"02050","numero_empenho":"0000209","classificacao":"105","data_empenho":"2022-01-28","codigo_credor":"09048976000109","nome_credor":"Prefeitura Municipal de Remígio","valor_contratado":215422.47,"valor_pago":215422.47},{"codigo_unidade_gestora":"201157","codigo_unidade_orcamentaria":"02050","numero_empenho":"0000210","classificacao":"105","data_empenho":"2022-01-28","codigo_credor":"09048976000109","nome_credor":"Prefeitura Municipal de Remígio","valor_contratado":158103.53,"valor_pago":158103.53},{"codigo_unidade_gestora":"201157","codigo_unidade_orcamentaria":"02050","numero_empenho":"0000211","classificacao":"105","data_empenho":"2022-01-28","codigo_credor":"09048976000109","nome_credor":"Prefeitura Municipal de Remígio","valor_contratado":17906.18,"valor_pago":17906.18},{"codigo_unidade_gestora":"201157","codigo_unidade_orcamentaria":"02050","numero_empenho":"0000212","classificacao":"105","data_empenho":"2022-01-28","codigo_credor":"09048976000109","nome_credor":"Prefeitura Municipal de Remígio","valor_contratado":135544.71,"valor_pago":135544.71},{"codigo_unidade_gestora":"201157","codigo_unidade_orcamentaria":"02050","numero_empenho":"0000213","classificacao":"105","data_empenho":"2022-01-28","codigo_credor":"09048976000109","nome_credor":"Prefeitura Municipal de Remígio","valor_contratado":8866.57,"valor_pago":8866.57},{"codigo_unidade_gestora":"201157","codigo_unidade_orcamentaria":"02050","numero_empenho":"0000214","classificacao":"105","data_empenho":"2022-01-28","codigo_credor":"09048976000109","nome_credor":"Prefeitura Municipal de Remígio","valor_contratado":10847.71,"valor_pago":10847.71},{"codigo_unidade_gestora":"201157","codigo_unidade_orcamentaria":"02050","numero_empenho":"0000215","classificacao":"105","data_empenho":"2022-01-28","codigo_credor":"09048976000109","nome_credor":"Prefeitura Municipal de Remígio","valor_contratado":13026.36,"valor_pago":13026.36},{"codigo_unidade_gestora":"201157","codigo_unidade_orcamentaria":"02050","numero_empenho":"0000216","classificacao":"105","data_empenho":"2022-01-28","codigo_credor":"09048976000109","nome_credor":"Prefeitura Municipal de Remígio","valor_contratado":84132.44,"valor_pago":84132.44},{"codigo_unidade_gestora":"201157","codigo_unidade_orcamentaria":"02050","numero_empenho":"0000217","classificacao":"105","data_empenho":"2022-01-28","codigo_credor":"09048976000109","nome_credor":"Prefeitura Municipal de Remígio","valor_contratado":9260.76,"valor_pago":9260.76},{"codigo_unidade_gestora":"201157","codigo_unidade_orcamentaria":"02050","numero_empenho":"0000218","classificacao":"105","data_empenho":"2022-01-28","codigo_credor":"09048976000109","nome_credor":"Prefeitura Municipal de Remígio","valor_contratado":14809.91,"valor_pago":14809.91},{"codigo_unidade_gestora":"201157","codigo_unidade_orcamentaria":"02040","numero_empenho":"0000219","classificacao":"105","data_empenho":"2022-01-28","codigo_credor":"09048976000109","nome_credor":"Prefeitura Municipal de Remígio","valor_contratado":145879.60,"valor_pago":145879.60},{"codigo_unidade_gestora":"201157","codigo_unidade_orcamentaria":"02110","numero_empenho":"0000220","classificacao":"105","data_empenho":"2022-01-28","codigo_credor":"09048976000109","nome_credor":"Prefeitura Municipal de Remígio","valor_contratado":300.00,"valor_pago":300.00},{"codigo_unidade_gestora":"201157","codigo_unidade_orcamentaria":"02110","numero_empenho":"0000221","classificacao":"105","data_empenho":"2022-01-28","codigo_credor":"09048976000109","nome_credor":"Prefeitura Municipal de Remígio","valor_contratado":67636.75,"valor_pago":67636.75},{"codigo_unidade_gestora":"201157","codigo_unidade_orcamentaria":"02110","numero_empenho":"0000222","classificacao":"105","data_empenho":"2022-01-28","codigo_credor":"09048976000109","nome_credor":"Prefeitura Municipal de Remígio","valor_contratado":25087.00,"valor_pago":25087.00},{"codigo_unidade_gestora":"201157","codigo_unidade_orcamentaria":"02110","numero_empenho":"0000223","classificacao":"105","data_empenho":"2022-01-28","codigo_credor":"09048976000109","nome_credor":"Prefeitura Municipal de Remígio","valor_contratado":128528.51,"valor_pago":128528.51},{"codigo_unidade_gestora":"201157","codigo_unidade_orcamentaria":"02070","numero_empenho":"0000224","classificacao":"135","data_empenho":"2022-01-28","codigo_credor":"09095183000140","nome_credor":"ENERGISA","valor_contratado":68.08,"valor_pago":68.08},{"codigo_unidade_gestora":"201157","codigo_unidade_orcamentaria":"02110","numero_empenho":"0000225","classificacao":"105","data_empenho":"2022-01-28","codigo_credor":"09048976000109","nome_credor":"Prefeitura Municipal de Remígio","valor_contratado":22956.52,"valor_pago":22956.52},{"codigo_unidade_gestora":"201157","codigo_unidade_orcamentaria":"02020","numero_empenho":"0000226","classificacao":"136","data_empenho":"2022-01-28","codigo_credor":"07553129000176","nome_credor":"PUBLIC SOFTWARE INFORMATICA LTDA-ME","valor_contratado":5790.50,"valor_pago":5790.50},{"codigo_unidade_gestora":"201157","codigo_unidade_orcamentaria":"02110","numero_empenho":"0000227","classificacao":"98","data_empenho":"2022-01-28","codigo_credor":"09048976000109","nome_credor":"Prefeitura Municipal de Remígio","valor_contratado":83741.94,"valor_pago":83741.94},{"codigo_unidade_gestora":"201157","codigo_unidade_orcamentaria":"02040","numero_empenho":"0000228","classificacao":"105","data_empenho":"2022-01-28","codigo_credor":"09048976000109","nome_credor":"Prefeitura Municipal de Remígio","valor_contratado":2177.76,"valor_pago":2177.76},{"codigo_unidade_gestora":"201157","codigo_unidade_orcamentaria":"02070","numero_empenho":"0000229","classificacao":"105","data_empenho":"2022-01-28","codigo_credor":"09048976000109","nome_credor":"Prefeitura Municipal de Remígio","valor_contratado":17041.42,"valor_pago":17041.42},{"codigo_unidade_gestora":"201157","codigo_unidade_orcamentaria":"02070","numero_empenho":"0000230","classificacao":"105","data_empenho":"2022-01-28","codigo_credor":"09048976000109","nome_credor":"Prefeitura Municipal de Remígio","valor_contratado":16160.00,"valor_pago":16160.00},{"codigo_unidade_gestora":"201157","codigo_unidade_orcamentaria":"02010","numero_empenho":"0000231","classificacao":"126","data_empenho":"2022-01-28","codigo_credor":"09245135000191","nome_credor":"SOFRIO REFRIGERAÇÕES LTDA - EPP","valor_contratado":442.00,"valor_pago":442.00},{"codigo_unidade_gestora":"201157","codigo_unidade_orcamentaria":"02080","numero_empenho":"0000232","classificacao":"105","data_empenho":"2022-01-28","codigo_credor":"09048976000109","nome_credor":"Prefeitura Municipal de Remígio","valor_contratado":34615.02,"valor_pago":34615.02},{"codigo_unidade_gestora":"201157","codigo_unidade_orcamentaria":"02080","numero_empenho":"0000233","classificacao":"105","data_empenho":"2022-01-28","codigo_credor":"09048976000109","nome_credor":"Prefeitura Municipal de Remígio","valor_contratado":62274.11,"valor_pago":62274.11},{"codigo_unidade_gestora":"201157","codigo_unidade_orcamentaria":"02090","numero_empenho":"0000234","classificacao":"105","data_empenho":"2022-01-28","codigo_credor":"09048976000109","nome_credor":"Prefeitura Municipal de Remígio","valor_contratado":9024.78,"valor_pago":9024.78},{"codigo_unidade_gestora":"201157","codigo_unidade_orcamentaria":"02060","numero_empenho":"0000235","classificacao":"105","data_empenho":"2022-01-28","codigo_credor":"09048976000109","nome_credor":"Prefeitura Municipal de Remígio","valor_contratado":8160.70,"valor_pago":8160.70},{"codigo_unidade_gestora":"201157","codigo_unidade_orcamentaria":"02070","numero_empenho":"0000236","classificacao":"135","data_empenho":"2022-01-28","codigo_credor":"33000118001221","nome_credor":"TELEMAR NORTE LESTE S/A","valor_contratado":172.55,"valor_pago":172.55},{"codigo_unidade_gestora":"201157","codigo_unidade_orcamentaria":"02040","numero_empenho":"0000237","classificacao":"105","data_empenho":"2022-01-28","codigo_credor":"09048976000109","nome_credor":"Prefeitura Municipal de Remígio","valor_contratado":13436.00,"valor_pago":13436.00},{"codigo_unidade_gestora":"201157","codigo_unidade_orcamentaria":"02070","numero_empenho":"0000238","classificacao":"105","data_empenho":"2022-01-28","codigo_credor":"09048976000109","nome_credor":"Prefeitura Municipal de Remígio","valor_contratado":5969.60,"valor_pago":5969.60},{"codigo_unidade_gestora":"201157","codigo_unidade_orcamentaria":"02010","numero_empenho":"0000239","classificacao":"105","data_empenho":"2022-01-28","codigo_credor":"09048976000109","nome_credor":"Prefeitura Municipal de Remígio","valor_contratado":11707.20,"valor_pago":11707.20},{"codigo_unidade_gestora":"201157","codigo_unidade_orcamentaria":"02030","numero_empenho":"0000240","classificacao":"105","data_empenho":"2022-01-28","codigo_credor":"09048976000109","nome_credor":"Prefeitura Municipal de Remígio","valor_contratado":6350.00,"valor_pago":6350.00},{"codigo_unidade_gestora":"201157","codigo_unidade_orcamentaria":"02050","numero_empenho":"0000241","classificacao":"105","data_empenho":"2022-01-28","codigo_credor":"09048976000109","nome_credor":"Prefeitura Municipal de Remígio","valor_contratado":7924.00,"valor_pago":7924.00},{"codigo_unidade_gestora":"201157","codigo_unidade_orcamentaria":"02020","numero_empenho":"0000242","classificacao":"105","data_empenho":"2022-01-28","codigo_credor":"09048976000109","nome_credor":"Prefeitura Municipal de Remígio","valor_contratado":17136.00,"valor_pago":17136.00},{"codigo_unidade_gestora":"201157","codigo_unidade_orcamentaria":"02080","numero_empenho":"0000243","classificacao":"105","data_empenho":"2022-01-28","codigo_credor":"09048976000109","nome_credor":"Prefeitura Municipal de Remígio","valor_contratado":17012.00,"valor_pago":17012.00},{"codigo_unidade_gestora":"201157","codigo_unidade_orcamentaria":"02090","numero_empenho":"0000244","classificacao":"105","data_empenho":"2022-01-28","codigo_credor":"09048976000109","nome_credor":"Prefeitura Municipal de Remígio","valor_contratado":7500.00,"valor_pago":7500.00},{"codigo_unidade_gestora":"201157","codigo_unidade_orcamentaria":"02060","numero_empenho":"0000245","classificacao":"105","data_empenho":"2022-01-28","codigo_credor":"09048976000109","nome_credor":"Prefeitura Municipal de Remígio","valor_contratado":4500.00,"valor_pago":4500.00},{"codigo_unidade_gestora":"201157","codigo_unidade_orcamentaria":"02130","numero_empenho":"0000246","classificacao":"105","data_empenho":"2022-01-28","codigo_credor":"09048976000109","nome_credor":"Prefeitura Municipal de Remígio","valor_contratado":2000.00,"valor_pago":2000.00},{"codigo_unidade_gestora":"201157","codigo_unidade_orcamentaria":"02120","numero_empenho":"0000247","classificacao":"105","data_empenho":"2022-01-28","codigo_credor":"09048976000109","nome_credor":"Prefeitura Municipal de Remígio","valor_contratado":2000.00,"valor_pago":2000.00},{"codigo_unidade_gestora":"201157","codigo_unidade_orcamentaria":"02040","numero_empenho":"0000248","classificacao":"98","data_empenho":"2022-01-28","codigo_credor":"09048976000109","nome_credor":"Prefeitura Municipal de Remígio","valor_contratado":8013.60,"valor_pago":8013.60},{"codigo_unidade_gestora":"201157","codigo_unidade_orcamentaria":"02110","numero_empenho":"0000249","classificacao":"98","data_empenho":"2022-01-28","codigo_credor":"09048976000109","nome_credor":"Prefeitura Municipal de Remígio","valor_contratado":82720.00,"valor_pago":82720.00},{"codigo_unidade_gestora":"201157","codigo_unidade_orcamentaria":"02110","numero_empenho":"0000250","classificacao":"98","data_empenho":"2022-01-28","codigo_credor":"09048976000109","nome_credor":"Prefeitura Municipal de Remígio","valor_contratado":18224.00,"valor_pago":18224.00},{"codigo_unidade_gestora":"201157","codigo_unidade_orcamentaria":"02110","numero_empenho":"0000251","classificacao":"98","data_empenho":"2022-01-28","codigo_credor":"09048976000109","nome_credor":"Prefeitura Municipal de Remígio","valor_contratado":7500.00,"valor_pago":7500.00},{"codigo_unidade_gestora":"201157","codigo_unidade_orcamentaria":"02110","numero_empenho":"0000252","classificacao":"98","data_empenho":"2022-01-28","codigo_credor":"09048976000109","nome_credor":"Prefeitura Municipal de Remígio","valor_contratado":4733.30,"valor_pago":4733.30},{"codigo_unidade_gestora":"201157","codigo_unidade_orcamentaria":"02110","numero_empenho":"0000253","classificacao":"98","data_empenho":"2022-01-28","codigo_credor":"09048976000109","nome_credor":"Prefeitura Municipal de Remígio","valor_contratado":16804.50,"valor_pago":16804.50},{"codigo_unidade_gestora":"201157","codigo_unidade_orcamentaria":"02110","numero_empenho":"0000254","classificacao":"98","data_empenho":"2022-01-28","codigo_credor":"09048976000109","nome_credor":"Prefeitura Municipal de Remígio","valor_contratado":2100.00,"valor_pago":2100.00},{"codigo_unidade_gestora":"201157","codigo_unidade_orcamentaria":"02110","numero_empenho":"0000255","classificacao":"98","data_empenho":"2022-01-28","codigo_credor":"09048976000109","nome_credor":"Prefeitura Municipal de Remígio","valor_contratado":9686.00,"valor_pago":9686.00},{"codigo_unidade_gestora":"201157","codigo_unidade_orcamentaria":"02070","numero_empenho":"0000256","classificacao":"98","data_empenho":"2022-01-28","codigo_credor":"09048976000109","nome_credor":"Prefeitura Municipal de Remígio","valor_contratado":1777.60,"valor_pago":1777.60}]}}