{"size":50,"page":15,"total":763,"count":50,"_embedded":{"empenhos":[{"codigo_unidade_gestora":"201157","codigo_unidade_orcamentaria":"02040","numero_empenho":"0003407","classificacao":"135","data_empenho":"2022-06-27","codigo_credor":"00000000280704","nome_credor":"BANCO DO BRASIL S/A","valor_contratado":22.00,"valor_pago":22.00},{"codigo_unidade_gestora":"201157","codigo_unidade_orcamentaria":"02080","numero_empenho":"0003408","classificacao":"135","data_empenho":"2022-06-27","codigo_credor":"44915286000100","nome_credor":"LIMPA FOSSA SOLANENSE","valor_contratado":3000.00,"valor_pago":3000.00},{"codigo_unidade_gestora":"201157","codigo_unidade_orcamentaria":"02010","numero_empenho":"0003409","classificacao":"98","data_empenho":"2022-06-27","codigo_credor":"09048976000109","nome_credor":"Prefeitura Municipal de Remígio","valor_contratado":2000.00,"valor_pago":2000.00},{"codigo_unidade_gestora":"201157","codigo_unidade_orcamentaria":"02020","numero_empenho":"0003410","classificacao":"135","data_empenho":"2022-06-27","codigo_credor":"00360305000104","nome_credor":"CAIXA ECONOMICA FEDERAL","valor_contratado":49.00,"valor_pago":49.00},{"codigo_unidade_gestora":"201157","codigo_unidade_orcamentaria":"02050","numero_empenho":"0003411","classificacao":"98","data_empenho":"2022-06-27","codigo_credor":"09048976000109","nome_credor":"Prefeitura Municipal de Remígio","valor_contratado":125115.03,"valor_pago":125115.03},{"codigo_unidade_gestora":"201157","codigo_unidade_orcamentaria":"02050","numero_empenho":"0003412","classificacao":"98","data_empenho":"2022-06-27","codigo_credor":"09048976000109","nome_credor":"Prefeitura Municipal de Remígio","valor_contratado":60588.05,"valor_pago":60588.05},{"codigo_unidade_gestora":"201157","codigo_unidade_orcamentaria":"02020","numero_empenho":"0003413","classificacao":"135","data_empenho":"2022-06-27","codigo_credor":"00360305000104","nome_credor":"CAIXA ECONOMICA FEDERAL","valor_contratado":49.00,"valor_pago":49.00},{"codigo_unidade_gestora":"201157","codigo_unidade_orcamentaria":"02050","numero_empenho":"0003414","classificacao":"98","data_empenho":"2022-06-27","codigo_credor":"09048976000109","nome_credor":"Prefeitura Municipal de Remígio","valor_contratado":36709.28,"valor_pago":36709.28},{"codigo_unidade_gestora":"201157","codigo_unidade_orcamentaria":"02020","numero_empenho":"0003415","classificacao":"135","data_empenho":"2022-06-27","codigo_credor":"00360305000104","nome_credor":"CAIXA ECONOMICA FEDERAL","valor_contratado":49.00,"valor_pago":49.00},{"codigo_unidade_gestora":"201157","codigo_unidade_orcamentaria":"02050","numero_empenho":"0003416","classificacao":"98","data_empenho":"2022-06-27","codigo_credor":"09048976000109","nome_credor":"Prefeitura Municipal de Remígio","valor_contratado":32602.27,"valor_pago":32602.27},{"codigo_unidade_gestora":"201157","codigo_unidade_orcamentaria":"02040","numero_empenho":"0003417","classificacao":"98","data_empenho":"2022-06-27","codigo_credor":"09048976000109","nome_credor":"Prefeitura Municipal de Remígio","valor_contratado":23405.00,"valor_pago":23405.00},{"codigo_unidade_gestora":"201157","codigo_unidade_orcamentaria":"02110","numero_empenho":"0003418","classificacao":"98","data_empenho":"2022-06-27","codigo_credor":"09048976000109","nome_credor":"Prefeitura Municipal de Remígio","valor_contratado":10373.50,"valor_pago":10373.50},{"codigo_unidade_gestora":"201157","codigo_unidade_orcamentaria":"02110","numero_empenho":"0003419","classificacao":"98","data_empenho":"2022-06-27","codigo_credor":"09048976000109","nome_credor":"Prefeitura Municipal de Remígio","valor_contratado":72233.33,"valor_pago":72233.33},{"codigo_unidade_gestora":"201157","codigo_unidade_orcamentaria":"02110","numero_empenho":"0003420","classificacao":"98","data_empenho":"2022-06-27","codigo_credor":"09048976000109","nome_credor":"Prefeitura Municipal de Remígio","valor_contratado":75394.00,"valor_pago":75394.00},{"codigo_unidade_gestora":"201157","codigo_unidade_orcamentaria":"02110","numero_empenho":"0003421","classificacao":"98","data_empenho":"2022-06-28","codigo_credor":"09048976000109","nome_credor":"Prefeitura Municipal de Remígio","valor_contratado":8200.00,"valor_pago":8200.00},{"codigo_unidade_gestora":"201157","codigo_unidade_orcamentaria":"02140","numero_empenho":"0003422","classificacao":"144","data_empenho":"2022-06-28","codigo_credor":"00011293244430","nome_credor":"ADRIANA CASSIANO DA SILVA","valor_contratado":300.00,"valor_pago":300.00},{"codigo_unidade_gestora":"201157","codigo_unidade_orcamentaria":"02140","numero_empenho":"0003423","classificacao":"144","data_empenho":"2022-06-28","codigo_credor":"00009837556471","nome_credor":"DANIELE BELIZIO DOS SANTOS","valor_contratado":200.00,"valor_pago":200.00},{"codigo_unidade_gestora":"201157","codigo_unidade_orcamentaria":"02110","numero_empenho":"0003424","classificacao":"98","data_empenho":"2022-06-28","codigo_credor":"09048976000109","nome_credor":"Prefeitura Municipal de Remígio","valor_contratado":32684.00,"valor_pago":32684.00},{"codigo_unidade_gestora":"201157","codigo_unidade_orcamentaria":"02110","numero_empenho":"0003425","classificacao":"98","data_empenho":"2022-06-28","codigo_credor":"09048976000109","nome_credor":"Prefeitura Municipal de Remígio","valor_contratado":6500.00,"valor_pago":6500.00},{"codigo_unidade_gestora":"201157","codigo_unidade_orcamentaria":"02110","numero_empenho":"0003426","classificacao":"98","data_empenho":"2022-06-28","codigo_credor":"09048976000109","nome_credor":"Prefeitura Municipal de Remígio","valor_contratado":12876.00,"valor_pago":12876.00},{"codigo_unidade_gestora":"201157","codigo_unidade_orcamentaria":"02140","numero_empenho":"0003427","classificacao":"144","data_empenho":"2022-06-28","codigo_credor":"00018597613726","nome_credor":"ESTEFANY GOMES DOS SANTOS","valor_contratado":514.00,"valor_pago":514.00},{"codigo_unidade_gestora":"201157","codigo_unidade_orcamentaria":"02110","numero_empenho":"0003428","classificacao":"98","data_empenho":"2022-06-28","codigo_credor":"09048976000109","nome_credor":"Prefeitura Municipal de Remígio","valor_contratado":2424.00,"valor_pago":2424.00},{"codigo_unidade_gestora":"201157","codigo_unidade_orcamentaria":"02070","numero_empenho":"0003429","classificacao":"98","data_empenho":"2022-06-28","codigo_credor":"09048976000109","nome_credor":"Prefeitura Municipal de Remígio","valor_contratado":2524.00,"valor_pago":2524.00},{"codigo_unidade_gestora":"201157","codigo_unidade_orcamentaria":"02140","numero_empenho":"0003430","classificacao":"144","data_empenho":"2022-06-28","codigo_credor":"00012908963485","nome_credor":"TAMIRES CORDEIRO DA SILVA","valor_contratado":200.00,"valor_pago":200.00},{"codigo_unidade_gestora":"201157","codigo_unidade_orcamentaria":"02080","numero_empenho":"0003431","classificacao":"98","data_empenho":"2022-06-28","codigo_credor":"09048976000109","nome_credor":"Prefeitura Municipal de Remígio","valor_contratado":12508.00,"valor_pago":12508.00},{"codigo_unidade_gestora":"201157","codigo_unidade_orcamentaria":"02080","numero_empenho":"0003432","classificacao":"98","data_empenho":"2022-06-28","codigo_credor":"09048976000109","nome_credor":"Prefeitura Municipal de Remígio","valor_contratado":2000.00,"valor_pago":2000.00},{"codigo_unidade_gestora":"201157","codigo_unidade_orcamentaria":"02090","numero_empenho":"0003433","classificacao":"98","data_empenho":"2022-06-28","codigo_credor":"09048976000109","nome_credor":"Prefeitura Municipal de Remígio","valor_contratado":1312.00,"valor_pago":1312.00},{"codigo_unidade_gestora":"201157","codigo_unidade_orcamentaria":"02140","numero_empenho":"0003434","classificacao":"144","data_empenho":"2022-06-28","codigo_credor":"00009882924409","nome_credor":"FRANCINALVA DOS SANTOS","valor_contratado":612.00,"valor_pago":612.00},{"codigo_unidade_gestora":"201157","codigo_unidade_orcamentaria":"02140","numero_empenho":"0003435","classificacao":"144","data_empenho":"2022-06-28","codigo_credor":"00005783832413","nome_credor":"FRANCISCO DE ASSIS BATISTA DE SOUZA","valor_contratado":320.00,"valor_pago":320.00},{"codigo_unidade_gestora":"201157","codigo_unidade_orcamentaria":"02020","numero_empenho":"0003436","classificacao":"108","data_empenho":"2022-06-28","codigo_credor":"70097811000138","nome_credor":"IPSER/FOLHA DE PAGAMENTO/SAL.FAMILIA","valor_contratado":21088.23,"valor_pago":21088.23},{"codigo_unidade_gestora":"201157","codigo_unidade_orcamentaria":"02140","numero_empenho":"0003437","classificacao":"144","data_empenho":"2022-06-28","codigo_credor":"00009316942489","nome_credor":"MACIEL LIMA GOMES","valor_contratado":300.00,"valor_pago":300.00},{"codigo_unidade_gestora":"201157","codigo_unidade_orcamentaria":"02110","numero_empenho":"0003438","classificacao":"108","data_empenho":"2022-06-28","codigo_credor":"70097811000138","nome_credor":"IPSER/FOLHA DE PAGAMENTO/SAL.FAMILIA","valor_contratado":2719.89,"valor_pago":2719.89},{"codigo_unidade_gestora":"201157","codigo_unidade_orcamentaria":"02140","numero_empenho":"0003439","classificacao":"144","data_empenho":"2022-06-28","codigo_credor":"00001253315418","nome_credor":"MARCELO FREIRE","valor_contratado":320.00,"valor_pago":0.00},{"codigo_unidade_gestora":"201157","codigo_unidade_orcamentaria":"02040","numero_empenho":"0003440","classificacao":"108","data_empenho":"2022-06-28","codigo_credor":"70097811000138","nome_credor":"IPSER/FOLHA DE PAGAMENTO/SAL.FAMILIA","valor_contratado":25851.91,"valor_pago":25851.91},{"codigo_unidade_gestora":"201157","codigo_unidade_orcamentaria":"02050","numero_empenho":"0003441","classificacao":"108","data_empenho":"2022-06-28","codigo_credor":"70097811000138","nome_credor":"IPSER/FOLHA DE PAGAMENTO/SAL.FAMILIA","valor_contratado":183356.69,"valor_pago":183356.69},{"codigo_unidade_gestora":"201157","codigo_unidade_orcamentaria":"02140","numero_empenho":"0003442","classificacao":"144","data_empenho":"2022-06-28","codigo_credor":"00099708787434","nome_credor":"CRIZONEIDE DOS SANTOS MEIRA","valor_contratado":300.00,"valor_pago":300.00},{"codigo_unidade_gestora":"201157","codigo_unidade_orcamentaria":"02140","numero_empenho":"0003443","classificacao":"128","data_empenho":"2022-06-28","codigo_credor":"34175047000108","nome_credor":"RICARDO ADRIANO VITURINO 02886988430","valor_contratado":1430.00,"valor_pago":1430.00},{"codigo_unidade_gestora":"201157","codigo_unidade_orcamentaria":"02070","numero_empenho":"0003444","classificacao":"108","data_empenho":"2022-06-28","codigo_credor":"70097811000138","nome_credor":"IPSER/FOLHA DE PAGAMENTO/SAL.FAMILIA","valor_contratado":2487.47,"valor_pago":2487.47},{"codigo_unidade_gestora":"201157","codigo_unidade_orcamentaria":"02140","numero_empenho":"0003445","classificacao":"144","data_empenho":"2022-06-28","codigo_credor":"00027796646810","nome_credor":"SANDRA SOARES DOS SANTOS","valor_contratado":612.00,"valor_pago":612.00},{"codigo_unidade_gestora":"201157","codigo_unidade_orcamentaria":"02050","numero_empenho":"0003446","classificacao":"108","data_empenho":"2022-06-28","codigo_credor":"70097811000138","nome_credor":"IPSER/FOLHA DE PAGAMENTO/SAL.FAMILIA","valor_contratado":8661.29,"valor_pago":8661.29},{"codigo_unidade_gestora":"201157","codigo_unidade_orcamentaria":"02110","numero_empenho":"0003447","classificacao":"108","data_empenho":"2022-06-28","codigo_credor":"70097811000138","nome_credor":"IPSER/FOLHA DE PAGAMENTO/SAL.FAMILIA","valor_contratado":15195.00,"valor_pago":15195.00},{"codigo_unidade_gestora":"201157","codigo_unidade_orcamentaria":"02140","numero_empenho":"0003448","classificacao":"144","data_empenho":"2022-06-28","codigo_credor":"00012294441494","nome_credor":"JOSE FERNANDO ALVES DO NASCIMENTO","valor_contratado":250.00,"valor_pago":250.00},{"codigo_unidade_gestora":"201157","codigo_unidade_orcamentaria":"02140","numero_empenho":"0003449","classificacao":"126","data_empenho":"2022-06-28","codigo_credor":"20245870000138","nome_credor":"VERIDIANA DA CUNHA QUERINO 01971365408","valor_contratado":1299.30,"valor_pago":1299.30},{"codigo_unidade_gestora":"201157","codigo_unidade_orcamentaria":"02140","numero_empenho":"0003450","classificacao":"126","data_empenho":"2022-06-28","codigo_credor":"20245870000138","nome_credor":"VERIDIANA DA CUNHA QUERINO 01971365408","valor_contratado":1116.00,"valor_pago":1116.00},{"codigo_unidade_gestora":"201157","codigo_unidade_orcamentaria":"02140","numero_empenho":"0003451","classificacao":"126","data_empenho":"2022-06-28","codigo_credor":"20245870000138","nome_credor":"VERIDIANA DA CUNHA QUERINO 01971365408","valor_contratado":0.00,"valor_pago":0.00},{"codigo_unidade_gestora":"201157","codigo_unidade_orcamentaria":"02140","numero_empenho":"0003452","classificacao":"126","data_empenho":"2022-06-28","codigo_credor":"20245870000138","nome_credor":"VERIDIANA DA CUNHA QUERINO 01971365408","valor_contratado":0.00,"valor_pago":0.00},{"codigo_unidade_gestora":"201157","codigo_unidade_orcamentaria":"02030","numero_empenho":"0003453","classificacao":"187","data_empenho":"2022-06-28","codigo_credor":"09283185000163","nome_credor":"JOAO PESSOA TRIBUNAL DE JUSTIÇA DO ESTADO DA PARAIBA","valor_contratado":363.60,"valor_pago":363.60},{"codigo_unidade_gestora":"201157","codigo_unidade_orcamentaria":"02090","numero_empenho":"0003454","classificacao":"135","data_empenho":"2022-06-28","codigo_credor":"09095183000140","nome_credor":"ENERGISA","valor_contratado":24.80,"valor_pago":24.80},{"codigo_unidade_gestora":"201157","codigo_unidade_orcamentaria":"02080","numero_empenho":"0003455","classificacao":"135","data_empenho":"2022-06-28","codigo_credor":"09095183000140","nome_credor":"ENERGISA","valor_contratado":148.65,"valor_pago":148.65},{"codigo_unidade_gestora":"201157","codigo_unidade_orcamentaria":"02050","numero_empenho":"0003456","classificacao":"114","data_empenho":"2022-06-28","codigo_credor":"61600839000155","nome_credor":"CIEE-CENTRO DE INTEGRAÇÃO EMPRESA ESCOLA","valor_contratado":34735.00,"valor_pago":34735.00}]}}