{"size":50,"page":12,"total":795,"count":50,"_embedded":{"empenhos":[{"codigo_unidade_gestora":"201157","codigo_unidade_orcamentaria":"02010","numero_empenho":"0005638","classificacao":"131","data_empenho":"2022-09-21","codigo_credor":"10954450000177","nome_credor":"IRAMILTON SATIRO DA NOBREGA","valor_contratado":2600.00,"valor_pago":2600.00},{"codigo_unidade_gestora":"201157","codigo_unidade_orcamentaria":"02020","numero_empenho":"0005639","classificacao":"136","data_empenho":"2022-09-21","codigo_credor":"17758807000190","nome_credor":"E-SOFT TECNOLOGIA EM INFORMATICA LTDA-EPP","valor_contratado":930.00,"valor_pago":930.00},{"codigo_unidade_gestora":"201157","codigo_unidade_orcamentaria":"02110","numero_empenho":"0005640","classificacao":"135","data_empenho":"2022-09-21","codigo_credor":"15144201000130","nome_credor":"IMAGO DIAGNOSTICO POR IMAGEM LTDA","valor_contratado":790.00,"valor_pago":790.00},{"codigo_unidade_gestora":"201157","codigo_unidade_orcamentaria":"02110","numero_empenho":"0005641","classificacao":"135","data_empenho":"2022-09-21","codigo_credor":"15144201000130","nome_credor":"IMAGO DIAGNOSTICO POR IMAGEM LTDA","valor_contratado":890.00,"valor_pago":890.00},{"codigo_unidade_gestora":"201157","codigo_unidade_orcamentaria":"02130","numero_empenho":"0005642","classificacao":"126","data_empenho":"2022-09-21","codigo_credor":"42867490000178","nome_credor":"SPORTS TEXTIL COMERCIO DE ARTIGOS ESPORTIVOS E EVENTOS LTDA","valor_contratado":6460.50,"valor_pago":6460.50},{"codigo_unidade_gestora":"201157","codigo_unidade_orcamentaria":"02120","numero_empenho":"0005643","classificacao":"135","data_empenho":"2022-09-21","codigo_credor":"11918452000173","nome_credor":"MULTSERV REPRESENTAÇÕES LOCAÇÕES E SERVIÇOS LTDA.","valor_contratado":9000.00,"valor_pago":9000.00},{"codigo_unidade_gestora":"201157","codigo_unidade_orcamentaria":"02040","numero_empenho":"0005644","classificacao":"135","data_empenho":"2022-09-21","codigo_credor":"00000000280704","nome_credor":"BANCO DO BRASIL S/A","valor_contratado":20.90,"valor_pago":20.90},{"codigo_unidade_gestora":"201157","codigo_unidade_orcamentaria":"02040","numero_empenho":"0005645","classificacao":"135","data_empenho":"2022-09-21","codigo_credor":"00000000280704","nome_credor":"BANCO DO BRASIL S/A","valor_contratado":0.00,"valor_pago":11.00},{"codigo_unidade_gestora":"201157","codigo_unidade_orcamentaria":"02020","numero_empenho":"0005646","classificacao":"135","data_empenho":"2022-09-21","codigo_credor":"00000000280704","nome_credor":"BANCO DO BRASIL S/A","valor_contratado":22.00,"valor_pago":22.00},{"codigo_unidade_gestora":"201157","codigo_unidade_orcamentaria":"02040","numero_empenho":"0005647","classificacao":"135","data_empenho":"2022-09-21","codigo_credor":"00000000280704","nome_credor":"BANCO DO BRASIL S/A","valor_contratado":11.00,"valor_pago":11.00},{"codigo_unidade_gestora":"201157","codigo_unidade_orcamentaria":"02110","numero_empenho":"0005648","classificacao":"135","data_empenho":"2022-09-21","codigo_credor":"00360305000104","nome_credor":"CAIXA ECONOMICA FEDERAL","valor_contratado":20.90,"valor_pago":20.90},{"codigo_unidade_gestora":"201157","codigo_unidade_orcamentaria":"02040","numero_empenho":"0005649","classificacao":"126","data_empenho":"2022-09-22","codigo_credor":"04923356000158","nome_credor":"FARIAS COMERCIO VAREJISTA DE MEDICAMENTOS LTDA","valor_contratado":9828.00,"valor_pago":9828.00},{"codigo_unidade_gestora":"201157","codigo_unidade_orcamentaria":"02020","numero_empenho":"0005650","classificacao":"135","data_empenho":"2022-09-22","codigo_credor":"04685950000158","nome_credor":"AZUS COPY CENTER COM.E SERVICOS LTDA","valor_contratado":325.00,"valor_pago":325.00},{"codigo_unidade_gestora":"201157","codigo_unidade_orcamentaria":"02020","numero_empenho":"0005651","classificacao":"135","data_empenho":"2022-09-22","codigo_credor":"04685950000158","nome_credor":"AZUS COPY CENTER COM.E SERVICOS LTDA","valor_contratado":650.00,"valor_pago":650.00},{"codigo_unidade_gestora":"201157","codigo_unidade_orcamentaria":"02050","numero_empenho":"0005652","classificacao":"135","data_empenho":"2022-09-22","codigo_credor":"04685950000158","nome_credor":"AZUS COPY CENTER COM.E SERVICOS LTDA","valor_contratado":650.00,"valor_pago":650.00},{"codigo_unidade_gestora":"201157","codigo_unidade_orcamentaria":"02070","numero_empenho":"0005653","classificacao":"135","data_empenho":"2022-09-22","codigo_credor":"09095183000140","nome_credor":"ENERGISA","valor_contratado":107.96,"valor_pago":107.96},{"codigo_unidade_gestora":"201157","codigo_unidade_orcamentaria":"02080","numero_empenho":"0005654","classificacao":"135","data_empenho":"2022-09-22","codigo_credor":"09095183000140","nome_credor":"ENERGISA","valor_contratado":155.76,"valor_pago":155.76},{"codigo_unidade_gestora":"201157","codigo_unidade_orcamentaria":"02040","numero_empenho":"0005655","classificacao":"135","data_empenho":"2022-09-22","codigo_credor":"09095183000140","nome_credor":"ENERGISA","valor_contratado":48.29,"valor_pago":48.29},{"codigo_unidade_gestora":"201157","codigo_unidade_orcamentaria":"02010","numero_empenho":"0005656","classificacao":"135","data_empenho":"2022-09-22","codigo_credor":"09095183000140","nome_credor":"ENERGISA","valor_contratado":28.92,"valor_pago":28.92},{"codigo_unidade_gestora":"201157","codigo_unidade_orcamentaria":"02030","numero_empenho":"0005657","classificacao":"187","data_empenho":"2022-09-22","codigo_credor":"09283185000163","nome_credor":"JOAO PESSOA TRIBUNAL DE JUSTIÇA DO ESTADO DA PARAIBA","valor_contratado":3850.00,"valor_pago":3850.00},{"codigo_unidade_gestora":"201157","codigo_unidade_orcamentaria":"02110","numero_empenho":"0005658","classificacao":"126","data_empenho":"2022-09-22","codigo_credor":"02977362000162","nome_credor":"A.COSTA COM.ATAC. DE PROD.FARM. LTDA","valor_contratado":387.00,"valor_pago":387.00},{"codigo_unidade_gestora":"201157","codigo_unidade_orcamentaria":"02080","numero_empenho":"0005659","classificacao":"135","data_empenho":"2022-09-22","codigo_credor":"35990690000158","nome_credor":"KONEKT TELECOMUNICACAO E SEGURANCA LIMITADA","valor_contratado":477.40,"valor_pago":477.40},{"codigo_unidade_gestora":"201157","codigo_unidade_orcamentaria":"02010","numero_empenho":"0005660","classificacao":"135","data_empenho":"2022-09-23","codigo_credor":"46613820000150","nome_credor":"GABRIEL DE SOUZA GUEDES QUERINO 11541651405","valor_contratado":0.00,"valor_pago":0.00},{"codigo_unidade_gestora":"201157","codigo_unidade_orcamentaria":"02020","numero_empenho":"0005661","classificacao":"135","data_empenho":"2022-09-23","codigo_credor":"00000000280704","nome_credor":"BANCO DO BRASIL S/A","valor_contratado":11.00,"valor_pago":11.00},{"codigo_unidade_gestora":"201157","codigo_unidade_orcamentaria":"02110","numero_empenho":"0005662","classificacao":"135","data_empenho":"2022-09-23","codigo_credor":"17630431000134","nome_credor":"MANASSES CORRETORA DE SEGUROS LTDA-ME","valor_contratado":7493.93,"valor_pago":7493.93},{"codigo_unidade_gestora":"201157","codigo_unidade_orcamentaria":"02010","numero_empenho":"0005663","classificacao":"135","data_empenho":"2022-09-23","codigo_credor":"18198678000196","nome_credor":"ERINALDO PEREIRA DE MELO - ME","valor_contratado":500.00,"valor_pago":500.00},{"codigo_unidade_gestora":"201157","codigo_unidade_orcamentaria":"02050","numero_empenho":"0005664","classificacao":"135","data_empenho":"2022-09-23","codigo_credor":"09095183000140","nome_credor":"ENERGISA","valor_contratado":34.89,"valor_pago":34.89},{"codigo_unidade_gestora":"201157","codigo_unidade_orcamentaria":"02110","numero_empenho":"0005665","classificacao":"126","data_empenho":"2022-09-23","codigo_credor":"28695805000116","nome_credor":"GB COMERCIO E SERVICOS LTDA - EPP","valor_contratado":2034.94,"valor_pago":2034.94},{"codigo_unidade_gestora":"201157","codigo_unidade_orcamentaria":"02090","numero_empenho":"0005666","classificacao":"126","data_empenho":"2022-09-23","codigo_credor":"28695805000116","nome_credor":"GB COMERCIO E SERVICOS LTDA - EPP","valor_contratado":3098.91,"valor_pago":3098.91},{"codigo_unidade_gestora":"201157","codigo_unidade_orcamentaria":"02040","numero_empenho":"0005667","classificacao":"126","data_empenho":"2022-09-23","codigo_credor":"28695805000116","nome_credor":"GB COMERCIO E SERVICOS LTDA - EPP","valor_contratado":2175.81,"valor_pago":2175.81},{"codigo_unidade_gestora":"201157","codigo_unidade_orcamentaria":"02090","numero_empenho":"0005668","classificacao":"126","data_empenho":"2022-09-23","codigo_credor":"28695805000116","nome_credor":"GB COMERCIO E SERVICOS LTDA - EPP","valor_contratado":386.05,"valor_pago":386.05},{"codigo_unidade_gestora":"201157","codigo_unidade_orcamentaria":"02040","numero_empenho":"0005669","classificacao":"126","data_empenho":"2022-09-23","codigo_credor":"28695805000116","nome_credor":"GB COMERCIO E SERVICOS LTDA - EPP","valor_contratado":1014.26,"valor_pago":1014.26},{"codigo_unidade_gestora":"201157","codigo_unidade_orcamentaria":"02110","numero_empenho":"0005670","classificacao":"135","data_empenho":"2022-09-23","codigo_credor":"28695805000116","nome_credor":"GB COMERCIO E SERVICOS LTDA - EPP","valor_contratado":3623.30,"valor_pago":3623.30},{"codigo_unidade_gestora":"201157","codigo_unidade_orcamentaria":"02090","numero_empenho":"0005671","classificacao":"135","data_empenho":"2022-09-23","codigo_credor":"28695805000116","nome_credor":"GB COMERCIO E SERVICOS LTDA - EPP","valor_contratado":6144.02,"valor_pago":6144.02},{"codigo_unidade_gestora":"201157","codigo_unidade_orcamentaria":"02050","numero_empenho":"0005672","classificacao":"188","data_empenho":"2022-09-23","codigo_credor":"09095183000140","nome_credor":"ENERGISA","valor_contratado":24.99,"valor_pago":24.99},{"codigo_unidade_gestora":"201157","codigo_unidade_orcamentaria":"02090","numero_empenho":"0005673","classificacao":"135","data_empenho":"2022-09-23","codigo_credor":"28695805000116","nome_credor":"GB COMERCIO E SERVICOS LTDA - EPP","valor_contratado":3007.54,"valor_pago":3007.54},{"codigo_unidade_gestora":"201157","codigo_unidade_orcamentaria":"02080","numero_empenho":"0005674","classificacao":"135","data_empenho":"2022-09-23","codigo_credor":"28695805000116","nome_credor":"GB COMERCIO E SERVICOS LTDA - EPP","valor_contratado":1119.12,"valor_pago":1119.12},{"codigo_unidade_gestora":"201157","codigo_unidade_orcamentaria":"02040","numero_empenho":"0005675","classificacao":"135","data_empenho":"2022-09-23","codigo_credor":"28695805000116","nome_credor":"GB COMERCIO E SERVICOS LTDA - EPP","valor_contratado":1891.98,"valor_pago":1891.98},{"codigo_unidade_gestora":"201157","codigo_unidade_orcamentaria":"02050","numero_empenho":"0005676","classificacao":"126","data_empenho":"2022-09-23","codigo_credor":"19835542000102","nome_credor":"WAGNER CARTAXO MARQUES EIRELI - EPP","valor_contratado":15459.00,"valor_pago":15459.00},{"codigo_unidade_gestora":"201157","codigo_unidade_orcamentaria":"02050","numero_empenho":"0005677","classificacao":"135","data_empenho":"2022-09-23","codigo_credor":"28695805000116","nome_credor":"GB COMERCIO E SERVICOS LTDA - EPP","valor_contratado":5224.08,"valor_pago":5224.08},{"codigo_unidade_gestora":"201157","codigo_unidade_orcamentaria":"02050","numero_empenho":"0005678","classificacao":"135","data_empenho":"2022-09-23","codigo_credor":"28695805000116","nome_credor":"GB COMERCIO E SERVICOS LTDA - EPP","valor_contratado":4245.43,"valor_pago":4245.43},{"codigo_unidade_gestora":"201157","codigo_unidade_orcamentaria":"02050","numero_empenho":"0005679","classificacao":"135","data_empenho":"2022-09-23","codigo_credor":"28695805000116","nome_credor":"GB COMERCIO E SERVICOS LTDA - EPP","valor_contratado":332.40,"valor_pago":332.40},{"codigo_unidade_gestora":"201157","codigo_unidade_orcamentaria":"02050","numero_empenho":"0005680","classificacao":"126","data_empenho":"2022-09-23","codigo_credor":"28695805000116","nome_credor":"GB COMERCIO E SERVICOS LTDA - EPP","valor_contratado":891.80,"valor_pago":891.80},{"codigo_unidade_gestora":"201157","codigo_unidade_orcamentaria":"02040","numero_empenho":"0005681","classificacao":"135","data_empenho":"2022-09-23","codigo_credor":"28695805000116","nome_credor":"GB COMERCIO E SERVICOS LTDA - EPP","valor_contratado":4544.04,"valor_pago":4544.04},{"codigo_unidade_gestora":"201157","codigo_unidade_orcamentaria":"02110","numero_empenho":"0005682","classificacao":"135","data_empenho":"2022-09-23","codigo_credor":"28695805000116","nome_credor":"GB COMERCIO E SERVICOS LTDA - EPP","valor_contratado":4942.24,"valor_pago":4942.24},{"codigo_unidade_gestora":"201157","codigo_unidade_orcamentaria":"02140","numero_empenho":"0005683","classificacao":"128","data_empenho":"2022-09-23","codigo_credor":"00002122426446","nome_credor":"JOSINALDO CLEMENTINO DE ARAUJO","valor_contratado":1500.00,"valor_pago":1500.00},{"codigo_unidade_gestora":"201157","codigo_unidade_orcamentaria":"02140","numero_empenho":"0005684","classificacao":"144","data_empenho":"2022-09-23","codigo_credor":"00004578648427","nome_credor":"MARIA DAS VITORIAS P. DOS SANTOS","valor_contratado":200.00,"valor_pago":200.00},{"codigo_unidade_gestora":"201157","codigo_unidade_orcamentaria":"02140","numero_empenho":"0005685","classificacao":"128","data_empenho":"2022-09-23","codigo_credor":"00009063058705","nome_credor":"SOLANGE FIRMINO PORTO","valor_contratado":1500.00,"valor_pago":1500.00},{"codigo_unidade_gestora":"201157","codigo_unidade_orcamentaria":"02140","numero_empenho":"0005686","classificacao":"144","data_empenho":"2022-09-23","codigo_credor":"00005480694413","nome_credor":"FRANCILUCIA DA SILVA","valor_contratado":400.00,"valor_pago":400.00},{"codigo_unidade_gestora":"201157","codigo_unidade_orcamentaria":"02140","numero_empenho":"0005687","classificacao":"144","data_empenho":"2022-09-23","codigo_credor":"00012798307430","nome_credor":"MARIA FERNANDA DA COSTA GALDINO","valor_contratado":612.00,"valor_pago":612.00}]}}