{"size":50,"page":11,"total":846,"count":50,"_embedded":{"empenhos":[{"codigo_unidade_gestora":"201157","codigo_unidade_orcamentaria":"02050","numero_empenho":"0004741","classificacao":"135","data_empenho":"2022-08-18","codigo_credor":"19332221000195","nome_credor":"JOÃO RODRIGUES DA COSTA 58636820430","valor_contratado":2010.00,"valor_pago":2010.00},{"codigo_unidade_gestora":"201157","codigo_unidade_orcamentaria":"02050","numero_empenho":"0004742","classificacao":"135","data_empenho":"2022-08-18","codigo_credor":"19225950000142","nome_credor":"PAULO DOS SANTOS ADELINO - 036.224.944-09","valor_contratado":1590.00,"valor_pago":1590.00},{"codigo_unidade_gestora":"201157","codigo_unidade_orcamentaria":"02050","numero_empenho":"0004743","classificacao":"135","data_empenho":"2022-08-18","codigo_credor":"19225950000142","nome_credor":"PAULO DOS SANTOS ADELINO - 036.224.944-09","valor_contratado":1950.00,"valor_pago":1950.00},{"codigo_unidade_gestora":"201157","codigo_unidade_orcamentaria":"02050","numero_empenho":"0004744","classificacao":"135","data_empenho":"2022-08-18","codigo_credor":"19225950000142","nome_credor":"PAULO DOS SANTOS ADELINO - 036.224.944-09","valor_contratado":1987.50,"valor_pago":1987.50},{"codigo_unidade_gestora":"201157","codigo_unidade_orcamentaria":"02050","numero_empenho":"0004745","classificacao":"135","data_empenho":"2022-08-18","codigo_credor":"19573498000100","nome_credor":"JOSE PASSOS S. DE OLIVEIRA- 09220384493","valor_contratado":1752.00,"valor_pago":1752.00},{"codigo_unidade_gestora":"201157","codigo_unidade_orcamentaria":"02050","numero_empenho":"0004746","classificacao":"135","data_empenho":"2022-08-18","codigo_credor":"19432537000159","nome_credor":"PAULO PONCIANO DE SOUZA - 978359944-53","valor_contratado":2032.50,"valor_pago":2032.50},{"codigo_unidade_gestora":"201157","codigo_unidade_orcamentaria":"02050","numero_empenho":"0004747","classificacao":"135","data_empenho":"2022-08-18","codigo_credor":"40634472000110","nome_credor":"JOSE DOS SANTOS OLIVEIRA","valor_contratado":1575.00,"valor_pago":1575.00},{"codigo_unidade_gestora":"201157","codigo_unidade_orcamentaria":"02050","numero_empenho":"0004748","classificacao":"135","data_empenho":"2022-08-18","codigo_credor":"19432537000159","nome_credor":"PAULO PONCIANO DE SOUZA - 978359944-53","valor_contratado":1947.75,"valor_pago":1947.75},{"codigo_unidade_gestora":"201157","codigo_unidade_orcamentaria":"02050","numero_empenho":"0004749","classificacao":"135","data_empenho":"2022-08-18","codigo_credor":"18973469000172","nome_credor":"ROBERTO GOMES DA SILVA","valor_contratado":1740.00,"valor_pago":1740.00},{"codigo_unidade_gestora":"201157","codigo_unidade_orcamentaria":"02110","numero_empenho":"0004750","classificacao":"135","data_empenho":"2022-08-18","codigo_credor":"42024082000154","nome_credor":"LINDAIR ALVES DA SILVA EIRELI","valor_contratado":1320.00,"valor_pago":1320.00},{"codigo_unidade_gestora":"201157","codigo_unidade_orcamentaria":"02050","numero_empenho":"0004751","classificacao":"135","data_empenho":"2022-08-18","codigo_credor":"18973469000172","nome_credor":"ROBERTO GOMES DA SILVA","valor_contratado":1665.00,"valor_pago":1665.00},{"codigo_unidade_gestora":"201157","codigo_unidade_orcamentaria":"02040","numero_empenho":"0004752","classificacao":"135","data_empenho":"2022-08-18","codigo_credor":"09653741000146","nome_credor":"CENTRO PARAIBANO DE NEUROCIENCIAS COGNITIVAS LTDA","valor_contratado":180.00,"valor_pago":180.00},{"codigo_unidade_gestora":"201157","codigo_unidade_orcamentaria":"02050","numero_empenho":"0004753","classificacao":"135","data_empenho":"2022-08-18","codigo_credor":"19699196000182","nome_credor":"THIAGO FELIX SOUTO - 110.345.324-64","valor_contratado":1755.00,"valor_pago":1755.00},{"codigo_unidade_gestora":"201157","codigo_unidade_orcamentaria":"02050","numero_empenho":"0004754","classificacao":"135","data_empenho":"2022-08-18","codigo_credor":"33332588000130","nome_credor":"VINICIUS DOS SANTOS PESSOA 13222955492","valor_contratado":2325.00,"valor_pago":2325.00},{"codigo_unidade_gestora":"201157","codigo_unidade_orcamentaria":"02130","numero_empenho":"0004755","classificacao":"126","data_empenho":"2022-08-18","codigo_credor":"28695805000116","nome_credor":"GB COMERCIO E SERVICOS LTDA - EPP","valor_contratado":5522.71,"valor_pago":5522.71},{"codigo_unidade_gestora":"201157","codigo_unidade_orcamentaria":"02050","numero_empenho":"0004756","classificacao":"135","data_empenho":"2022-08-18","codigo_credor":"33332588000130","nome_credor":"VINICIUS DOS SANTOS PESSOA 13222955492","valor_contratado":1499.85,"valor_pago":1499.85},{"codigo_unidade_gestora":"201157","codigo_unidade_orcamentaria":"02020","numero_empenho":"0004757","classificacao":"135","data_empenho":"2022-08-18","codigo_credor":"00000000280704","nome_credor":"BANCO DO BRASIL S/A","valor_contratado":22.00,"valor_pago":22.00},{"codigo_unidade_gestora":"201157","codigo_unidade_orcamentaria":"02130","numero_empenho":"0004758","classificacao":"126","data_empenho":"2022-08-18","codigo_credor":"28695805000116","nome_credor":"GB COMERCIO E SERVICOS LTDA - EPP","valor_contratado":5278.81,"valor_pago":5278.81},{"codigo_unidade_gestora":"201157","codigo_unidade_orcamentaria":"02130","numero_empenho":"0004759","classificacao":"135","data_empenho":"2022-08-18","codigo_credor":"28695805000116","nome_credor":"GB COMERCIO E SERVICOS LTDA - EPP","valor_contratado":2612.32,"valor_pago":2612.32},{"codigo_unidade_gestora":"201157","codigo_unidade_orcamentaria":"02050","numero_empenho":"0004760","classificacao":"126","data_empenho":"2022-08-18","codigo_credor":"21187875000114","nome_credor":"NEVALTO DE SOUSA PEREIRA","valor_contratado":498.00,"valor_pago":498.00},{"codigo_unidade_gestora":"201157","codigo_unidade_orcamentaria":"02050","numero_empenho":"0004761","classificacao":"126","data_empenho":"2022-08-18","codigo_credor":"21187875000114","nome_credor":"NEVALTO DE SOUSA PEREIRA","valor_contratado":747.00,"valor_pago":747.00},{"codigo_unidade_gestora":"201157","codigo_unidade_orcamentaria":"02050","numero_empenho":"0004762","classificacao":"150","data_empenho":"2022-08-18","codigo_credor":"31424800000163","nome_credor":"ADRIANO GONCALVES RODRIGUES DO NASCIMENTO","valor_contratado":720.00,"valor_pago":720.00},{"codigo_unidade_gestora":"201157","codigo_unidade_orcamentaria":"02080","numero_empenho":"0004763","classificacao":"126","data_empenho":"2022-08-18","codigo_credor":"31128170000180","nome_credor":"MULTILUZ COMERCIAL EIRELI","valor_contratado":9300.00,"valor_pago":9300.00},{"codigo_unidade_gestora":"201157","codigo_unidade_orcamentaria":"02010","numero_empenho":"0004764","classificacao":"126","data_empenho":"2022-08-18","codigo_credor":"31424800000163","nome_credor":"ADRIANO GONCALVES RODRIGUES DO NASCIMENTO","valor_contratado":210.00,"valor_pago":210.00},{"codigo_unidade_gestora":"201157","codigo_unidade_orcamentaria":"02070","numero_empenho":"0004765","classificacao":"126","data_empenho":"2022-08-18","codigo_credor":"31424800000163","nome_credor":"ADRIANO GONCALVES RODRIGUES DO NASCIMENTO","valor_contratado":210.00,"valor_pago":210.00},{"codigo_unidade_gestora":"201157","codigo_unidade_orcamentaria":"02040","numero_empenho":"0004766","classificacao":"126","data_empenho":"2022-08-18","codigo_credor":"31424800000163","nome_credor":"ADRIANO GONCALVES RODRIGUES DO NASCIMENTO","valor_contratado":735.00,"valor_pago":735.00},{"codigo_unidade_gestora":"201157","codigo_unidade_orcamentaria":"02110","numero_empenho":"0004767","classificacao":"126","data_empenho":"2022-08-19","codigo_credor":"02977362000162","nome_credor":"A.COSTA COM.ATAC. DE PROD.FARM. LTDA","valor_contratado":21813.50,"valor_pago":21813.50},{"codigo_unidade_gestora":"201157","codigo_unidade_orcamentaria":"02040","numero_empenho":"0004768","classificacao":"135","data_empenho":"2022-08-19","codigo_credor":"09095183000140","nome_credor":"ENERGISA","valor_contratado":45.88,"valor_pago":45.88},{"codigo_unidade_gestora":"201157","codigo_unidade_orcamentaria":"02010","numero_empenho":"0004769","classificacao":"135","data_empenho":"2022-08-19","codigo_credor":"09366790000106","nome_credor":"EMPRESA PARAIBANA DE COMUNICAÇÃO S.A -EPC","valor_contratado":814.00,"valor_pago":814.00},{"codigo_unidade_gestora":"201157","codigo_unidade_orcamentaria":"02010","numero_empenho":"0004770","classificacao":"135","data_empenho":"2022-08-19","codigo_credor":"19466870000189","nome_credor":"MARIVALDO RODRIGUES DA SILVA-ME","valor_contratado":1400.00,"valor_pago":1400.00},{"codigo_unidade_gestora":"201157","codigo_unidade_orcamentaria":"02070","numero_empenho":"0004771","classificacao":"135","data_empenho":"2022-08-19","codigo_credor":"09095183000140","nome_credor":"ENERGISA","valor_contratado":98.58,"valor_pago":98.58},{"codigo_unidade_gestora":"201157","codigo_unidade_orcamentaria":"02010","numero_empenho":"0004772","classificacao":"135","data_empenho":"2022-08-19","codigo_credor":"17760192000137","nome_credor":"VALDEMIR CLEMENTINO DE AGUIAR 97705047420","valor_contratado":1800.00,"valor_pago":1800.00},{"codigo_unidade_gestora":"201157","codigo_unidade_orcamentaria":"02020","numero_empenho":"0004773","classificacao":"135","data_empenho":"2022-08-19","codigo_credor":"00000000280704","nome_credor":"BANCO DO BRASIL S/A","valor_contratado":187.00,"valor_pago":187.00},{"codigo_unidade_gestora":"201157","codigo_unidade_orcamentaria":"02050","numero_empenho":"0004774","classificacao":"126","data_empenho":"2022-08-19","codigo_credor":"31424800000163","nome_credor":"ADRIANO GONCALVES RODRIGUES DO NASCIMENTO","valor_contratado":4515.00,"valor_pago":4515.00},{"codigo_unidade_gestora":"201157","codigo_unidade_orcamentaria":"02020","numero_empenho":"0004775","classificacao":"135","data_empenho":"2022-08-19","codigo_credor":"00000000280704","nome_credor":"BANCO DO BRASIL S/A","valor_contratado":11.00,"valor_pago":11.00},{"codigo_unidade_gestora":"201157","codigo_unidade_orcamentaria":"02050","numero_empenho":"0004776","classificacao":"135","data_empenho":"2022-08-19","codigo_credor":"00000000280704","nome_credor":"BANCO DO BRASIL S/A","valor_contratado":132.00,"valor_pago":132.00},{"codigo_unidade_gestora":"201157","codigo_unidade_orcamentaria":"02010","numero_empenho":"0004777","classificacao":"150","data_empenho":"2022-08-22","codigo_credor":"11110214000137","nome_credor":"LOURIMAR LINS SANTOS","valor_contratado":899.00,"valor_pago":899.00},{"codigo_unidade_gestora":"201157","codigo_unidade_orcamentaria":"02020","numero_empenho":"0004778","classificacao":"150","data_empenho":"2022-08-22","codigo_credor":"11110214000137","nome_credor":"LOURIMAR LINS SANTOS","valor_contratado":2997.00,"valor_pago":2997.00},{"codigo_unidade_gestora":"201157","codigo_unidade_orcamentaria":"02070","numero_empenho":"0004779","classificacao":"150","data_empenho":"2022-08-22","codigo_credor":"11110214000137","nome_credor":"LOURIMAR LINS SANTOS","valor_contratado":795.00,"valor_pago":795.00},{"codigo_unidade_gestora":"201157","codigo_unidade_orcamentaria":"02020","numero_empenho":"0004780","classificacao":"150","data_empenho":"2022-08-22","codigo_credor":"11110214000137","nome_credor":"LOURIMAR LINS SANTOS","valor_contratado":2530.00,"valor_pago":2530.00},{"codigo_unidade_gestora":"201157","codigo_unidade_orcamentaria":"02030","numero_empenho":"0004781","classificacao":"150","data_empenho":"2022-08-22","codigo_credor":"11110214000137","nome_credor":"LOURIMAR LINS SANTOS","valor_contratado":1790.00,"valor_pago":1790.00},{"codigo_unidade_gestora":"201157","codigo_unidade_orcamentaria":"02040","numero_empenho":"0004782","classificacao":"150","data_empenho":"2022-08-22","codigo_credor":"11110214000137","nome_credor":"LOURIMAR LINS SANTOS","valor_contratado":1865.00,"valor_pago":1865.00},{"codigo_unidade_gestora":"201157","codigo_unidade_orcamentaria":"02120","numero_empenho":"0004783","classificacao":"135","data_empenho":"2022-08-22","codigo_credor":"43221261000144","nome_credor":"KEVENIN ALISSON SILVA DE SOUSA 07672696408","valor_contratado":1066.68,"valor_pago":1066.68},{"codigo_unidade_gestora":"201157","codigo_unidade_orcamentaria":"02110","numero_empenho":"0004784","classificacao":"135","data_empenho":"2022-08-22","codigo_credor":"13049072000175","nome_credor":"C.I.O.F - CENTRO DE IMAGEM OROFACIAL","valor_contratado":60.00,"valor_pago":60.00},{"codigo_unidade_gestora":"201157","codigo_unidade_orcamentaria":"02110","numero_empenho":"0004785","classificacao":"126","data_empenho":"2022-08-22","codigo_credor":"07788510000114","nome_credor":"IN-DENTAL PRODUTOS ODONTOLOGICOS, MEDICOS E HOSPITALARES LTDA","valor_contratado":84.00,"valor_pago":84.00},{"codigo_unidade_gestora":"201157","codigo_unidade_orcamentaria":"02040","numero_empenho":"0004786","classificacao":"128","data_empenho":"2022-08-22","codigo_credor":"44037576000107","nome_credor":"JAENE FRANCISCO DE SOUZA OLIVEIRA","valor_contratado":1600.00,"valor_pago":1600.00},{"codigo_unidade_gestora":"201157","codigo_unidade_orcamentaria":"02110","numero_empenho":"0004787","classificacao":"126","data_empenho":"2022-08-22","codigo_credor":"07788510000114","nome_credor":"IN-DENTAL PRODUTOS ODONTOLOGICOS, MEDICOS E HOSPITALARES LTDA","valor_contratado":1676.90,"valor_pago":1676.90},{"codigo_unidade_gestora":"201157","codigo_unidade_orcamentaria":"02020","numero_empenho":"0004788","classificacao":"135","data_empenho":"2022-08-22","codigo_credor":"00000000280704","nome_credor":"BANCO DO BRASIL S/A","valor_contratado":33.00,"valor_pago":33.00},{"codigo_unidade_gestora":"201157","codigo_unidade_orcamentaria":"02120","numero_empenho":"0004789","classificacao":"135","data_empenho":"2022-08-23","codigo_credor":"18110666000168","nome_credor":"ROGERIO RODRIGUES DE MELO","valor_contratado":1800.00,"valor_pago":1800.00},{"codigo_unidade_gestora":"201157","codigo_unidade_orcamentaria":"02120","numero_empenho":"0004790","classificacao":"126","data_empenho":"2022-08-23","codigo_credor":"20245870000138","nome_credor":"VERIDIANA DA CUNHA QUERINO 01971365408","valor_contratado":8570.00,"valor_pago":8570.00}]}}