{"size":50,"page":5,"total":763,"count":50,"_embedded":{"empenhos":[{"codigo_unidade_gestora":"201157","codigo_unidade_orcamentaria":"02040","numero_empenho":"0002906","classificacao":"135","data_empenho":"2022-06-07","codigo_credor":"33484825000188","nome_credor":"CONASEMS CONSELHO NACIONAL SEC.","valor_contratado":400.00,"valor_pago":400.00},{"codigo_unidade_gestora":"201157","codigo_unidade_orcamentaria":"02130","numero_empenho":"0002907","classificacao":"126","data_empenho":"2022-06-07","codigo_credor":"09261355000109","nome_credor":"HILTON PINHEIRO DANTAS","valor_contratado":2923.74,"valor_pago":2923.74},{"codigo_unidade_gestora":"201157","codigo_unidade_orcamentaria":"02090","numero_empenho":"0002908","classificacao":"126","data_empenho":"2022-06-07","codigo_credor":"09261355000109","nome_credor":"HILTON PINHEIRO DANTAS","valor_contratado":7269.50,"valor_pago":7269.50},{"codigo_unidade_gestora":"201157","codigo_unidade_orcamentaria":"02080","numero_empenho":"0002909","classificacao":"135","data_empenho":"2022-06-07","codigo_credor":"22759235000102","nome_credor":"SENA CONSTRUÇÕES EIRELI-ME","valor_contratado":3500.00,"valor_pago":3500.00},{"codigo_unidade_gestora":"201157","codigo_unidade_orcamentaria":"02080","numero_empenho":"0002910","classificacao":"126","data_empenho":"2022-06-07","codigo_credor":"09261355000109","nome_credor":"HILTON PINHEIRO DANTAS","valor_contratado":691.32,"valor_pago":691.32},{"codigo_unidade_gestora":"201157","codigo_unidade_orcamentaria":"02080","numero_empenho":"0002911","classificacao":"126","data_empenho":"2022-06-07","codigo_credor":"09261355000109","nome_credor":"HILTON PINHEIRO DANTAS","valor_contratado":216.50,"valor_pago":216.50},{"codigo_unidade_gestora":"201157","codigo_unidade_orcamentaria":"02090","numero_empenho":"0002912","classificacao":"126","data_empenho":"2022-06-07","codigo_credor":"09261355000109","nome_credor":"HILTON PINHEIRO DANTAS","valor_contratado":2529.86,"valor_pago":2529.86},{"codigo_unidade_gestora":"201157","codigo_unidade_orcamentaria":"02090","numero_empenho":"0002913","classificacao":"126","data_empenho":"2022-06-07","codigo_credor":"09261355000109","nome_credor":"HILTON PINHEIRO DANTAS","valor_contratado":796.00,"valor_pago":796.00},{"codigo_unidade_gestora":"201157","codigo_unidade_orcamentaria":"02090","numero_empenho":"0002914","classificacao":"126","data_empenho":"2022-06-07","codigo_credor":"09261355000109","nome_credor":"HILTON PINHEIRO DANTAS","valor_contratado":6631.56,"valor_pago":6631.56},{"codigo_unidade_gestora":"201157","codigo_unidade_orcamentaria":"02090","numero_empenho":"0002915","classificacao":"126","data_empenho":"2022-06-07","codigo_credor":"09261355000109","nome_credor":"HILTON PINHEIRO DANTAS","valor_contratado":1052.63,"valor_pago":1052.63},{"codigo_unidade_gestora":"201157","codigo_unidade_orcamentaria":"02070","numero_empenho":"0002916","classificacao":"126","data_empenho":"2022-06-07","codigo_credor":"09261355000109","nome_credor":"HILTON PINHEIRO DANTAS","valor_contratado":992.57,"valor_pago":992.57},{"codigo_unidade_gestora":"201157","codigo_unidade_orcamentaria":"02080","numero_empenho":"0002917","classificacao":"126","data_empenho":"2022-06-07","codigo_credor":"09261355000109","nome_credor":"HILTON PINHEIRO DANTAS","valor_contratado":8058.83,"valor_pago":8058.83},{"codigo_unidade_gestora":"201157","codigo_unidade_orcamentaria":"02080","numero_empenho":"0002918","classificacao":"126","data_empenho":"2022-06-07","codigo_credor":"09261355000109","nome_credor":"HILTON PINHEIRO DANTAS","valor_contratado":1484.33,"valor_pago":1484.33},{"codigo_unidade_gestora":"201157","codigo_unidade_orcamentaria":"02080","numero_empenho":"0002919","classificacao":"126","data_empenho":"2022-06-07","codigo_credor":"09261355000109","nome_credor":"HILTON PINHEIRO DANTAS","valor_contratado":2276.48,"valor_pago":2276.48},{"codigo_unidade_gestora":"201157","codigo_unidade_orcamentaria":"02080","numero_empenho":"0002920","classificacao":"126","data_empenho":"2022-06-07","codigo_credor":"09261355000109","nome_credor":"HILTON PINHEIRO DANTAS","valor_contratado":10123.98,"valor_pago":10123.98},{"codigo_unidade_gestora":"201157","codigo_unidade_orcamentaria":"02080","numero_empenho":"0002921","classificacao":"126","data_empenho":"2022-06-07","codigo_credor":"09261355000109","nome_credor":"HILTON PINHEIRO DANTAS","valor_contratado":8438.28,"valor_pago":8438.28},{"codigo_unidade_gestora":"201157","codigo_unidade_orcamentaria":"02080","numero_empenho":"0002922","classificacao":"126","data_empenho":"2022-06-07","codigo_credor":"09261355000109","nome_credor":"HILTON PINHEIRO DANTAS","valor_contratado":1007.05,"valor_pago":1007.05},{"codigo_unidade_gestora":"201157","codigo_unidade_orcamentaria":"02080","numero_empenho":"0002923","classificacao":"135","data_empenho":"2022-06-07","codigo_credor":"22759235000102","nome_credor":"SENA CONSTRUÇÕES EIRELI-ME","valor_contratado":3000.00,"valor_pago":3000.00},{"codigo_unidade_gestora":"201157","codigo_unidade_orcamentaria":"02080","numero_empenho":"0002924","classificacao":"135","data_empenho":"2022-06-07","codigo_credor":"22759235000102","nome_credor":"SENA CONSTRUÇÕES EIRELI-ME","valor_contratado":1595.00,"valor_pago":1595.00},{"codigo_unidade_gestora":"201157","codigo_unidade_orcamentaria":"02010","numero_empenho":"0002925","classificacao":"126","data_empenho":"2022-06-07","codigo_credor":"40979684000130","nome_credor":"ANDRE FELIPE DE SOUZA SANTOS","valor_contratado":0.00,"valor_pago":0.00},{"codigo_unidade_gestora":"201157","codigo_unidade_orcamentaria":"02010","numero_empenho":"0002926","classificacao":"135","data_empenho":"2022-06-07","codigo_credor":"34028316371942","nome_credor":"ETC-EMP.BRAS.DE CORREIOS E TELEGRAFOS","valor_contratado":163.41,"valor_pago":163.41},{"codigo_unidade_gestora":"201157","codigo_unidade_orcamentaria":"02040","numero_empenho":"0002927","classificacao":"126","data_empenho":"2022-06-07","codigo_credor":"40979684000130","nome_credor":"ANDRE FELIPE DE SOUZA SANTOS","valor_contratado":805.00,"valor_pago":805.00},{"codigo_unidade_gestora":"201157","codigo_unidade_orcamentaria":"02080","numero_empenho":"0002928","classificacao":"135","data_empenho":"2022-06-07","codigo_credor":"36291941000179","nome_credor":"ANDRE RICARDO BARRETO PERAZZO COSTA","valor_contratado":7000.00,"valor_pago":7000.00},{"codigo_unidade_gestora":"201157","codigo_unidade_orcamentaria":"02050","numero_empenho":"0002929","classificacao":"126","data_empenho":"2022-06-07","codigo_credor":"40979684000130","nome_credor":"ANDRE FELIPE DE SOUZA SANTOS","valor_contratado":3795.00,"valor_pago":3795.00},{"codigo_unidade_gestora":"201157","codigo_unidade_orcamentaria":"02080","numero_empenho":"0002930","classificacao":"135","data_empenho":"2022-06-07","codigo_credor":"36291941000179","nome_credor":"ANDRE RICARDO BARRETO PERAZZO COSTA","valor_contratado":7000.00,"valor_pago":7000.00},{"codigo_unidade_gestora":"201157","codigo_unidade_orcamentaria":"02080","numero_empenho":"0002931","classificacao":"135","data_empenho":"2022-06-07","codigo_credor":"36291941000179","nome_credor":"ANDRE RICARDO BARRETO PERAZZO COSTA","valor_contratado":7000.00,"valor_pago":7000.00},{"codigo_unidade_gestora":"201157","codigo_unidade_orcamentaria":"02080","numero_empenho":"0002932","classificacao":"135","data_empenho":"2022-06-07","codigo_credor":"36291941000179","nome_credor":"ANDRE RICARDO BARRETO PERAZZO COSTA","valor_contratado":7000.00,"valor_pago":7000.00},{"codigo_unidade_gestora":"201157","codigo_unidade_orcamentaria":"02040","numero_empenho":"0002933","classificacao":"126","data_empenho":"2022-06-07","codigo_credor":"28695805000116","nome_credor":"GB COMERCIO E SERVICOS LTDA - EPP","valor_contratado":3550.61,"valor_pago":3550.61},{"codigo_unidade_gestora":"201157","codigo_unidade_orcamentaria":"02080","numero_empenho":"0002934","classificacao":"135","data_empenho":"2022-06-07","codigo_credor":"36291941000179","nome_credor":"ANDRE RICARDO BARRETO PERAZZO COSTA","valor_contratado":4800.00,"valor_pago":4800.00},{"codigo_unidade_gestora":"201157","codigo_unidade_orcamentaria":"02040","numero_empenho":"0002935","classificacao":"126","data_empenho":"2022-06-07","codigo_credor":"28695805000116","nome_credor":"GB COMERCIO E SERVICOS LTDA - EPP","valor_contratado":2642.02,"valor_pago":2642.02},{"codigo_unidade_gestora":"201157","codigo_unidade_orcamentaria":"02050","numero_empenho":"0002936","classificacao":"126","data_empenho":"2022-06-07","codigo_credor":"28695805000116","nome_credor":"GB COMERCIO E SERVICOS LTDA - EPP","valor_contratado":4738.41,"valor_pago":4738.41},{"codigo_unidade_gestora":"201157","codigo_unidade_orcamentaria":"02070","numero_empenho":"0002937","classificacao":"126","data_empenho":"2022-06-07","codigo_credor":"28695805000116","nome_credor":"GB COMERCIO E SERVICOS LTDA - EPP","valor_contratado":2683.50,"valor_pago":2683.50},{"codigo_unidade_gestora":"201157","codigo_unidade_orcamentaria":"02020","numero_empenho":"0002938","classificacao":"135","data_empenho":"2022-06-07","codigo_credor":"00000000280704","nome_credor":"BANCO DO BRASIL S/A","valor_contratado":33.00,"valor_pago":33.00},{"codigo_unidade_gestora":"201157","codigo_unidade_orcamentaria":"02140","numero_empenho":"0002939","classificacao":"126","data_empenho":"2022-06-07","codigo_credor":"01686814000194","nome_credor":"ALEXSANDRA DINIZ FERNANDES","valor_contratado":549.75,"valor_pago":0.00},{"codigo_unidade_gestora":"201157","codigo_unidade_orcamentaria":"02140","numero_empenho":"0002940","classificacao":"126","data_empenho":"2022-06-07","codigo_credor":"01686814000194","nome_credor":"ALEXSANDRA DINIZ FERNANDES","valor_contratado":4155.10,"valor_pago":4155.10},{"codigo_unidade_gestora":"201157","codigo_unidade_orcamentaria":"02020","numero_empenho":"0002941","classificacao":"135","data_empenho":"2022-06-07","codigo_credor":"00360305000104","nome_credor":"CAIXA ECONOMICA FEDERAL","valor_contratado":1.87,"valor_pago":1.87},{"codigo_unidade_gestora":"201157","codigo_unidade_orcamentaria":"02020","numero_empenho":"0002942","classificacao":"127","data_empenho":"2022-06-07","codigo_credor":"00005720197427","nome_credor":"JULIANO GONÇALVES DOS SANTOS","valor_contratado":500.00,"valor_pago":500.00},{"codigo_unidade_gestora":"201157","codigo_unidade_orcamentaria":"02020","numero_empenho":"0002943","classificacao":"135","data_empenho":"2022-06-07","codigo_credor":"00360305000104","nome_credor":"CAIXA ECONOMICA FEDERAL","valor_contratado":9.35,"valor_pago":9.35},{"codigo_unidade_gestora":"201157","codigo_unidade_orcamentaria":"02050","numero_empenho":"0002944","classificacao":"126","data_empenho":"2022-06-08","codigo_credor":"42878093000100","nome_credor":"JCASIF COMERCIO VAREJISTA DE CEREAIS LTDA","valor_contratado":9544.50,"valor_pago":9544.50},{"codigo_unidade_gestora":"201157","codigo_unidade_orcamentaria":"02050","numero_empenho":"0002945","classificacao":"126","data_empenho":"2022-06-08","codigo_credor":"09261355000109","nome_credor":"HILTON PINHEIRO DANTAS","valor_contratado":4452.06,"valor_pago":4452.06},{"codigo_unidade_gestora":"201157","codigo_unidade_orcamentaria":"02070","numero_empenho":"0002946","classificacao":"110","data_empenho":"2022-06-08","codigo_credor":"00009459728499","nome_credor":"RONNY DHAYSON DA COSTA GONCALVES","valor_contratado":600.00,"valor_pago":600.00},{"codigo_unidade_gestora":"201157","codigo_unidade_orcamentaria":"02050","numero_empenho":"0002947","classificacao":"126","data_empenho":"2022-06-08","codigo_credor":"09261355000109","nome_credor":"HILTON PINHEIRO DANTAS","valor_contratado":4240.11,"valor_pago":4240.11},{"codigo_unidade_gestora":"201157","codigo_unidade_orcamentaria":"02050","numero_empenho":"0002948","classificacao":"126","data_empenho":"2022-06-08","codigo_credor":"09261355000109","nome_credor":"HILTON PINHEIRO DANTAS","valor_contratado":3344.94,"valor_pago":3344.94},{"codigo_unidade_gestora":"201157","codigo_unidade_orcamentaria":"02050","numero_empenho":"0002949","classificacao":"126","data_empenho":"2022-06-08","codigo_credor":"09261355000109","nome_credor":"HILTON PINHEIRO DANTAS","valor_contratado":3444.76,"valor_pago":3444.76},{"codigo_unidade_gestora":"201157","codigo_unidade_orcamentaria":"02050","numero_empenho":"0002950","classificacao":"126","data_empenho":"2022-06-08","codigo_credor":"09261355000109","nome_credor":"HILTON PINHEIRO DANTAS","valor_contratado":4004.72,"valor_pago":4004.72},{"codigo_unidade_gestora":"201157","codigo_unidade_orcamentaria":"02050","numero_empenho":"0002951","classificacao":"126","data_empenho":"2022-06-08","codigo_credor":"09261355000109","nome_credor":"HILTON PINHEIRO DANTAS","valor_contratado":4129.46,"valor_pago":4129.46},{"codigo_unidade_gestora":"201157","codigo_unidade_orcamentaria":"02050","numero_empenho":"0002952","classificacao":"126","data_empenho":"2022-06-08","codigo_credor":"09261355000109","nome_credor":"HILTON PINHEIRO DANTAS","valor_contratado":4609.25,"valor_pago":4609.25},{"codigo_unidade_gestora":"201157","codigo_unidade_orcamentaria":"02050","numero_empenho":"0002953","classificacao":"126","data_empenho":"2022-06-08","codigo_credor":"09261355000109","nome_credor":"HILTON PINHEIRO DANTAS","valor_contratado":6058.56,"valor_pago":6058.56},{"codigo_unidade_gestora":"201157","codigo_unidade_orcamentaria":"02050","numero_empenho":"0002954","classificacao":"126","data_empenho":"2022-06-08","codigo_credor":"09261355000109","nome_credor":"HILTON PINHEIRO DANTAS","valor_contratado":3861.57,"valor_pago":3861.57},{"codigo_unidade_gestora":"201157","codigo_unidade_orcamentaria":"02050","numero_empenho":"0002955","classificacao":"126","data_empenho":"2022-06-08","codigo_credor":"09261355000109","nome_credor":"HILTON PINHEIRO DANTAS","valor_contratado":5289.99,"valor_pago":5289.99}]}}