{"size":50,"page":14,"total":717,"count":50,"_embedded":{"empenhos":[{"codigo_unidade_gestora":"201157","codigo_unidade_orcamentaria":"02040","numero_empenho":"0002634","classificacao":"126","data_empenho":"2022-05-27","codigo_credor":"28695805000116","nome_credor":"GB COMERCIO E SERVICOS LTDA - EPP","valor_contratado":3227.75,"valor_pago":3227.75},{"codigo_unidade_gestora":"201157","codigo_unidade_orcamentaria":"02110","numero_empenho":"0002635","classificacao":"126","data_empenho":"2022-05-27","codigo_credor":"28695805000116","nome_credor":"GB COMERCIO E SERVICOS LTDA - EPP","valor_contratado":2544.25,"valor_pago":2544.25},{"codigo_unidade_gestora":"201157","codigo_unidade_orcamentaria":"02110","numero_empenho":"0002636","classificacao":"126","data_empenho":"2022-05-27","codigo_credor":"03817043000152","nome_credor":"PHARMAPLUS LTDA","valor_contratado":1080.00,"valor_pago":1080.00},{"codigo_unidade_gestora":"201157","codigo_unidade_orcamentaria":"02040","numero_empenho":"0002637","classificacao":"126","data_empenho":"2022-05-27","codigo_credor":"28695805000116","nome_credor":"GB COMERCIO E SERVICOS LTDA - EPP","valor_contratado":3268.27,"valor_pago":3268.27},{"codigo_unidade_gestora":"201157","codigo_unidade_orcamentaria":"02040","numero_empenho":"0002638","classificacao":"126","data_empenho":"2022-05-27","codigo_credor":"28695805000116","nome_credor":"GB COMERCIO E SERVICOS LTDA - EPP","valor_contratado":2681.16,"valor_pago":2681.16},{"codigo_unidade_gestora":"201157","codigo_unidade_orcamentaria":"02050","numero_empenho":"0002639","classificacao":"126","data_empenho":"2022-05-27","codigo_credor":"28695805000116","nome_credor":"GB COMERCIO E SERVICOS LTDA - EPP","valor_contratado":3603.78,"valor_pago":3603.78},{"codigo_unidade_gestora":"201157","codigo_unidade_orcamentaria":"02110","numero_empenho":"0002640","classificacao":"126","data_empenho":"2022-05-27","codigo_credor":"28695805000116","nome_credor":"GB COMERCIO E SERVICOS LTDA - EPP","valor_contratado":2926.38,"valor_pago":2926.38},{"codigo_unidade_gestora":"201157","codigo_unidade_orcamentaria":"02040","numero_empenho":"0002641","classificacao":"126","data_empenho":"2022-05-27","codigo_credor":"28695805000116","nome_credor":"GB COMERCIO E SERVICOS LTDA - EPP","valor_contratado":2869.40,"valor_pago":2869.40},{"codigo_unidade_gestora":"201157","codigo_unidade_orcamentaria":"02110","numero_empenho":"0002642","classificacao":"126","data_empenho":"2022-05-27","codigo_credor":"28695805000116","nome_credor":"GB COMERCIO E SERVICOS LTDA - EPP","valor_contratado":3213.06,"valor_pago":3213.06},{"codigo_unidade_gestora":"201157","codigo_unidade_orcamentaria":"02050","numero_empenho":"0002643","classificacao":"126","data_empenho":"2022-05-27","codigo_credor":"28695805000116","nome_credor":"GB COMERCIO E SERVICOS LTDA - EPP","valor_contratado":2706.31,"valor_pago":2706.31},{"codigo_unidade_gestora":"201157","codigo_unidade_orcamentaria":"02050","numero_empenho":"0002644","classificacao":"126","data_empenho":"2022-05-27","codigo_credor":"20245870000138","nome_credor":"VERIDIANA DA CUNHA QUERINO 01971365408","valor_contratado":3216.00,"valor_pago":3216.00},{"codigo_unidade_gestora":"201157","codigo_unidade_orcamentaria":"02050","numero_empenho":"0002645","classificacao":"126","data_empenho":"2022-05-27","codigo_credor":"20245870000138","nome_credor":"VERIDIANA DA CUNHA QUERINO 01971365408","valor_contratado":1731.00,"valor_pago":1731.00},{"codigo_unidade_gestora":"201157","codigo_unidade_orcamentaria":"02010","numero_empenho":"0002646","classificacao":"99","data_empenho":"2022-05-27","codigo_credor":"31377224000140","nome_credor":"CASA LAR SÃO JUDAS TADEU","valor_contratado":14544.00,"valor_pago":13332.00},{"codigo_unidade_gestora":"201157","codigo_unidade_orcamentaria":"02010","numero_empenho":"0002647","classificacao":"99","data_empenho":"2022-05-27","codigo_credor":"31377224000140","nome_credor":"CASA LAR SÃO JUDAS TADEU","valor_contratado":14544.00,"valor_pago":13332.00},{"codigo_unidade_gestora":"201157","codigo_unidade_orcamentaria":"02010","numero_empenho":"0002648","classificacao":"99","data_empenho":"2022-05-27","codigo_credor":"31377224000140","nome_credor":"CASA LAR SÃO JUDAS TADEU","valor_contratado":14544.00,"valor_pago":13332.00},{"codigo_unidade_gestora":"201157","codigo_unidade_orcamentaria":"02010","numero_empenho":"0002649","classificacao":"99","data_empenho":"2022-05-27","codigo_credor":"31377224000140","nome_credor":"CASA LAR SÃO JUDAS TADEU","valor_contratado":14544.00,"valor_pago":13332.00},{"codigo_unidade_gestora":"201157","codigo_unidade_orcamentaria":"02010","numero_empenho":"0002650","classificacao":"99","data_empenho":"2022-05-27","codigo_credor":"31377224000140","nome_credor":"CASA LAR SÃO JUDAS TADEU","valor_contratado":14544.00,"valor_pago":13332.00},{"codigo_unidade_gestora":"201157","codigo_unidade_orcamentaria":"02010","numero_empenho":"0002651","classificacao":"99","data_empenho":"2022-05-27","codigo_credor":"31377224000140","nome_credor":"CASA LAR SÃO JUDAS TADEU","valor_contratado":14544.00,"valor_pago":13332.00},{"codigo_unidade_gestora":"201157","codigo_unidade_orcamentaria":"02080","numero_empenho":"0002652","classificacao":"126","data_empenho":"2022-05-27","codigo_credor":"41138298000188","nome_credor":"ATACADÃO DOS PARAFUSOS LTDA.","valor_contratado":2310.00,"valor_pago":2310.00},{"codigo_unidade_gestora":"201157","codigo_unidade_orcamentaria":"02110","numero_empenho":"0002653","classificacao":"126","data_empenho":"2022-05-27","codigo_credor":"28695805000116","nome_credor":"GB COMERCIO E SERVICOS LTDA - EPP","valor_contratado":3389.56,"valor_pago":3389.56},{"codigo_unidade_gestora":"201157","codigo_unidade_orcamentaria":"02110","numero_empenho":"0002654","classificacao":"126","data_empenho":"2022-05-27","codigo_credor":"03817043000152","nome_credor":"PHARMAPLUS LTDA","valor_contratado":478.80,"valor_pago":478.80},{"codigo_unidade_gestora":"201157","codigo_unidade_orcamentaria":"02020","numero_empenho":"0002655","classificacao":"135","data_empenho":"2022-05-27","codigo_credor":"00000000280704","nome_credor":"BANCO DO BRASIL S/A","valor_contratado":77.00,"valor_pago":77.00},{"codigo_unidade_gestora":"201157","codigo_unidade_orcamentaria":"02040","numero_empenho":"0002656","classificacao":"135","data_empenho":"2022-05-27","codigo_credor":"00000000280704","nome_credor":"BANCO DO BRASIL S/A","valor_contratado":22.00,"valor_pago":22.00},{"codigo_unidade_gestora":"201157","codigo_unidade_orcamentaria":"02020","numero_empenho":"0002657","classificacao":"135","data_empenho":"2022-05-27","codigo_credor":"00360305000104","nome_credor":"CAIXA ECONOMICA FEDERAL","valor_contratado":60.00,"valor_pago":60.00},{"codigo_unidade_gestora":"201157","codigo_unidade_orcamentaria":"02130","numero_empenho":"0002658","classificacao":"126","data_empenho":"2022-05-27","codigo_credor":"10704681000122","nome_credor":"AGROPECUARIA CAMPINENSE LTDA","valor_contratado":1056.00,"valor_pago":1056.00},{"codigo_unidade_gestora":"201157","codigo_unidade_orcamentaria":"02020","numero_empenho":"0002659","classificacao":"127","data_empenho":"2022-05-30","codigo_credor":"20354104000101","nome_credor":"JONATAS BEZERRA MOVEIS E ELETROS","valor_contratado":1020.00,"valor_pago":1020.00},{"codigo_unidade_gestora":"201157","codigo_unidade_orcamentaria":"02020","numero_empenho":"0002660","classificacao":"136","data_empenho":"2022-05-30","codigo_credor":"07553129000176","nome_credor":"PUBLIC SOFTWARE INFORMATICA LTDA-ME","valor_contratado":5790.50,"valor_pago":5790.50},{"codigo_unidade_gestora":"201157","codigo_unidade_orcamentaria":"02110","numero_empenho":"0002661","classificacao":"135","data_empenho":"2022-05-30","codigo_credor":"19500415000152","nome_credor":"EDER BATISTA DE SOUSA","valor_contratado":13050.00,"valor_pago":13050.00},{"codigo_unidade_gestora":"201157","codigo_unidade_orcamentaria":"02030","numero_empenho":"0002662","classificacao":"131","data_empenho":"2022-05-30","codigo_credor":"20503858000186","nome_credor":"SILANS & SILVA ADVOGADOS","valor_contratado":3500.00,"valor_pago":3500.00},{"codigo_unidade_gestora":"201157","codigo_unidade_orcamentaria":"02110","numero_empenho":"0002663","classificacao":"126","data_empenho":"2022-05-30","codigo_credor":"08674752000140","nome_credor":"CIRURGICA MONTEBELLO LTDA","valor_contratado":3042.00,"valor_pago":3042.00},{"codigo_unidade_gestora":"201157","codigo_unidade_orcamentaria":"02140","numero_empenho":"0002664","classificacao":"131","data_empenho":"2022-05-30","codigo_credor":"45419753000174","nome_credor":"VIVIANN FRANCISCA SALES FERNANDES 01175933465","valor_contratado":1400.00,"valor_pago":1400.00},{"codigo_unidade_gestora":"201157","codigo_unidade_orcamentaria":"02040","numero_empenho":"0002665","classificacao":"135","data_empenho":"2022-05-30","codigo_credor":"09095183000140","nome_credor":"ENERGISA","valor_contratado":83.15,"valor_pago":83.15},{"codigo_unidade_gestora":"201157","codigo_unidade_orcamentaria":"02040","numero_empenho":"0002666","classificacao":"135","data_empenho":"2022-05-30","codigo_credor":"28695805000116","nome_credor":"GB COMERCIO E SERVICOS LTDA - EPP","valor_contratado":1092.59,"valor_pago":1092.59},{"codigo_unidade_gestora":"201157","codigo_unidade_orcamentaria":"02090","numero_empenho":"0002667","classificacao":"126","data_empenho":"2022-05-30","codigo_credor":"28695805000116","nome_credor":"GB COMERCIO E SERVICOS LTDA - EPP","valor_contratado":3284.02,"valor_pago":3284.02},{"codigo_unidade_gestora":"201157","codigo_unidade_orcamentaria":"02110","numero_empenho":"0002668","classificacao":"135","data_empenho":"2022-05-30","codigo_credor":"28695805000116","nome_credor":"GB COMERCIO E SERVICOS LTDA - EPP","valor_contratado":662.55,"valor_pago":662.55},{"codigo_unidade_gestora":"201157","codigo_unidade_orcamentaria":"02140","numero_empenho":"0002669","classificacao":"135","data_empenho":"2022-05-30","codigo_credor":"28695805000116","nome_credor":"GB COMERCIO E SERVICOS LTDA - EPP","valor_contratado":2048.82,"valor_pago":2048.82},{"codigo_unidade_gestora":"201157","codigo_unidade_orcamentaria":"02090","numero_empenho":"0002670","classificacao":"126","data_empenho":"2022-05-30","codigo_credor":"28695805000116","nome_credor":"GB COMERCIO E SERVICOS LTDA - EPP","valor_contratado":3365.11,"valor_pago":3365.11},{"codigo_unidade_gestora":"201157","codigo_unidade_orcamentaria":"02040","numero_empenho":"0002671","classificacao":"135","data_empenho":"2022-05-30","codigo_credor":"28695805000116","nome_credor":"GB COMERCIO E SERVICOS LTDA - EPP","valor_contratado":1293.66,"valor_pago":1293.66},{"codigo_unidade_gestora":"201157","codigo_unidade_orcamentaria":"02010","numero_empenho":"0002672","classificacao":"135","data_empenho":"2022-05-30","codigo_credor":"28695805000116","nome_credor":"GB COMERCIO E SERVICOS LTDA - EPP","valor_contratado":1248.50,"valor_pago":1248.50},{"codigo_unidade_gestora":"201157","codigo_unidade_orcamentaria":"02140","numero_empenho":"0002673","classificacao":"128","data_empenho":"2022-05-30","codigo_credor":"25242664000198","nome_credor":"BRUNA EDUARDA BARBOSA GONÇALVES DE LIMA","valor_contratado":1000.00,"valor_pago":1000.00},{"codigo_unidade_gestora":"201157","codigo_unidade_orcamentaria":"02140","numero_empenho":"0002674","classificacao":"128","data_empenho":"2022-05-30","codigo_credor":"25242664000198","nome_credor":"BRUNA EDUARDA BARBOSA GONÇALVES DE LIMA","valor_contratado":1000.00,"valor_pago":1000.00},{"codigo_unidade_gestora":"201157","codigo_unidade_orcamentaria":"02090","numero_empenho":"0002675","classificacao":"135","data_empenho":"2022-05-30","codigo_credor":"24316195000141","nome_credor":"JONHN RAILSON MORAIS BATISTA","valor_contratado":14896.00,"valor_pago":14896.00},{"codigo_unidade_gestora":"201157","codigo_unidade_orcamentaria":"02090","numero_empenho":"0002676","classificacao":"135","data_empenho":"2022-05-30","codigo_credor":"24316195000141","nome_credor":"JONHN RAILSON MORAIS BATISTA","valor_contratado":7728.00,"valor_pago":7728.00},{"codigo_unidade_gestora":"201157","codigo_unidade_orcamentaria":"02090","numero_empenho":"0002677","classificacao":"135","data_empenho":"2022-05-30","codigo_credor":"24316195000141","nome_credor":"JONHN RAILSON MORAIS BATISTA","valor_contratado":47980.90,"valor_pago":47980.90},{"codigo_unidade_gestora":"201157","codigo_unidade_orcamentaria":"02090","numero_empenho":"0002678","classificacao":"135","data_empenho":"2022-05-30","codigo_credor":"17923503000131","nome_credor":"ERALDO MARINHO DA SILVA  13540129847","valor_contratado":416.00,"valor_pago":416.00},{"codigo_unidade_gestora":"201157","codigo_unidade_orcamentaria":"02010","numero_empenho":"0002679","classificacao":"135","data_empenho":"2022-05-30","codigo_credor":"17923503000131","nome_credor":"ERALDO MARINHO DA SILVA  13540129847","valor_contratado":160.00,"valor_pago":160.00},{"codigo_unidade_gestora":"201157","codigo_unidade_orcamentaria":"02090","numero_empenho":"0002680","classificacao":"135","data_empenho":"2022-05-30","codigo_credor":"24316195000141","nome_credor":"JONHN RAILSON MORAIS BATISTA","valor_contratado":13328.00,"valor_pago":13328.00},{"codigo_unidade_gestora":"201157","codigo_unidade_orcamentaria":"02050","numero_empenho":"0002681","classificacao":"114","data_empenho":"2022-05-30","codigo_credor":"61600839000155","nome_credor":"CIEE-CENTRO DE INTEGRAÇÃO EMPRESA ESCOLA","valor_contratado":13625.00,"valor_pago":13625.00},{"codigo_unidade_gestora":"201157","codigo_unidade_orcamentaria":"02020","numero_empenho":"0002682","classificacao":"135","data_empenho":"2022-05-30","codigo_credor":"00000000280704","nome_credor":"BANCO DO BRASIL S/A","valor_contratado":77.00,"valor_pago":77.00},{"codigo_unidade_gestora":"201157","codigo_unidade_orcamentaria":"02020","numero_empenho":"0002683","classificacao":"135","data_empenho":"2022-05-30","codigo_credor":"00000000280704","nome_credor":"BANCO DO BRASIL S/A","valor_contratado":11.00,"valor_pago":11.00}]}}