{"size":50,"page":11,"total":795,"count":50,"_embedded":{"empenhos":[{"codigo_unidade_gestora":"201157","codigo_unidade_orcamentaria":"02050","numero_empenho":"0005588","classificacao":"135","data_empenho":"2022-09-19","codigo_credor":"19692464000134","nome_credor":"JOÃO FERREIRA DO NASCIMENTO-219110614-53","valor_contratado":2420.00,"valor_pago":2420.00},{"codigo_unidade_gestora":"201157","codigo_unidade_orcamentaria":"02050","numero_empenho":"0005589","classificacao":"135","data_empenho":"2022-09-19","codigo_credor":"19539239000162","nome_credor":"FABIANO L.DO NASCIMENTO-07178938471","valor_contratado":2442.00,"valor_pago":2442.00},{"codigo_unidade_gestora":"201157","codigo_unidade_orcamentaria":"02050","numero_empenho":"0005590","classificacao":"135","data_empenho":"2022-09-19","codigo_credor":"19539239000162","nome_credor":"FABIANO L.DO NASCIMENTO-07178938471","valor_contratado":2409.00,"valor_pago":2409.00},{"codigo_unidade_gestora":"201157","codigo_unidade_orcamentaria":"02050","numero_empenho":"0005591","classificacao":"135","data_empenho":"2022-09-19","codigo_credor":"36326180000143","nome_credor":"GEFERSON MORAIS BATISTA 06896637498","valor_contratado":2530.00,"valor_pago":2530.00},{"codigo_unidade_gestora":"201157","codigo_unidade_orcamentaria":"02050","numero_empenho":"0005592","classificacao":"135","data_empenho":"2022-09-19","codigo_credor":"36326180000143","nome_credor":"GEFERSON MORAIS BATISTA 06896637498","valor_contratado":2530.00,"valor_pago":2530.00},{"codigo_unidade_gestora":"201157","codigo_unidade_orcamentaria":"02040","numero_empenho":"0005593","classificacao":"135","data_empenho":"2022-09-19","codigo_credor":"34506845000175","nome_credor":"MANAIRA APART HOTEL","valor_contratado":149.90,"valor_pago":149.90},{"codigo_unidade_gestora":"201157","codigo_unidade_orcamentaria":"02140","numero_empenho":"0005594","classificacao":"135","data_empenho":"2022-09-19","codigo_credor":"00000000280704","nome_credor":"BANCO DO BRASIL S/A","valor_contratado":11.00,"valor_pago":11.00},{"codigo_unidade_gestora":"201157","codigo_unidade_orcamentaria":"02020","numero_empenho":"0005595","classificacao":"135","data_empenho":"2022-09-19","codigo_credor":"00000000280704","nome_credor":"BANCO DO BRASIL S/A","valor_contratado":22.00,"valor_pago":22.00},{"codigo_unidade_gestora":"201157","codigo_unidade_orcamentaria":"02040","numero_empenho":"0005596","classificacao":"126","data_empenho":"2022-09-19","codigo_credor":"31424800000163","nome_credor":"ADRIANO GONCALVES RODRIGUES DO NASCIMENTO","valor_contratado":1155.00,"valor_pago":1155.00},{"codigo_unidade_gestora":"201157","codigo_unidade_orcamentaria":"02050","numero_empenho":"0005597","classificacao":"126","data_empenho":"2022-09-19","codigo_credor":"31424800000163","nome_credor":"ADRIANO GONCALVES RODRIGUES DO NASCIMENTO","valor_contratado":4095.00,"valor_pago":4095.00},{"codigo_unidade_gestora":"201157","codigo_unidade_orcamentaria":"02040","numero_empenho":"0005598","classificacao":"126","data_empenho":"2022-09-19","codigo_credor":"31424800000163","nome_credor":"ADRIANO GONCALVES RODRIGUES DO NASCIMENTO","valor_contratado":180.00,"valor_pago":180.00},{"codigo_unidade_gestora":"201157","codigo_unidade_orcamentaria":"02070","numero_empenho":"0005599","classificacao":"126","data_empenho":"2022-09-19","codigo_credor":"31424800000163","nome_credor":"ADRIANO GONCALVES RODRIGUES DO NASCIMENTO","valor_contratado":210.00,"valor_pago":210.00},{"codigo_unidade_gestora":"201157","codigo_unidade_orcamentaria":"02050","numero_empenho":"0005600","classificacao":"135","data_empenho":"2022-09-20","codigo_credor":"18369916000189","nome_credor":"CARLOS PASSOS DA COSTA JUNIOR","valor_contratado":10500.00,"valor_pago":10500.00},{"codigo_unidade_gestora":"201157","codigo_unidade_orcamentaria":"02110","numero_empenho":"0005601","classificacao":"150","data_empenho":"2022-09-20","codigo_credor":"40295063000137","nome_credor":"ALEXANDRE R BARBOSA DA SILVA","valor_contratado":2960.00,"valor_pago":2960.00},{"codigo_unidade_gestora":"201157","codigo_unidade_orcamentaria":"02010","numero_empenho":"0005602","classificacao":"97","data_empenho":"2022-09-20","codigo_credor":"00636397000102","nome_credor":"FAMUP","valor_contratado":1300.00,"valor_pago":1300.00},{"codigo_unidade_gestora":"201157","codigo_unidade_orcamentaria":"02040","numero_empenho":"0005603","classificacao":"110","data_empenho":"2022-09-20","codigo_credor":"00011575281473","nome_credor":"RAFAELA MORENO ALVES","valor_contratado":90.00,"valor_pago":90.00},{"codigo_unidade_gestora":"201157","codigo_unidade_orcamentaria":"02040","numero_empenho":"0005604","classificacao":"110","data_empenho":"2022-09-20","codigo_credor":"00009022885470","nome_credor":"THAYZA MAYARA DA SILVA SANTOS","valor_contratado":90.00,"valor_pago":90.00},{"codigo_unidade_gestora":"201157","codigo_unidade_orcamentaria":"02020","numero_empenho":"0005605","classificacao":"136","data_empenho":"2022-09-20","codigo_credor":"24627421000105","nome_credor":"MAXÍMA SERVIÇOS EM TECNOLOGIA DA IRNFORMAÇÃO LTDA","valor_contratado":723.45,"valor_pago":723.45},{"codigo_unidade_gestora":"201157","codigo_unidade_orcamentaria":"02040","numero_empenho":"0005606","classificacao":"126","data_empenho":"2022-09-20","codigo_credor":"28695805000116","nome_credor":"GB COMERCIO E SERVICOS LTDA - EPP","valor_contratado":370.63,"valor_pago":0.00},{"codigo_unidade_gestora":"201157","codigo_unidade_orcamentaria":"02080","numero_empenho":"0005607","classificacao":"126","data_empenho":"2022-09-20","codigo_credor":"28695805000116","nome_credor":"GB COMERCIO E SERVICOS LTDA - EPP","valor_contratado":4725.78,"valor_pago":4725.78},{"codigo_unidade_gestora":"201157","codigo_unidade_orcamentaria":"02040","numero_empenho":"0005608","classificacao":"126","data_empenho":"2022-09-20","codigo_credor":"28695805000116","nome_credor":"GB COMERCIO E SERVICOS LTDA - EPP","valor_contratado":248.06,"valor_pago":0.00},{"codigo_unidade_gestora":"201157","codigo_unidade_orcamentaria":"02080","numero_empenho":"0005609","classificacao":"126","data_empenho":"2022-09-20","codigo_credor":"28695805000116","nome_credor":"GB COMERCIO E SERVICOS LTDA - EPP","valor_contratado":6319.33,"valor_pago":6319.33},{"codigo_unidade_gestora":"201157","codigo_unidade_orcamentaria":"02080","numero_empenho":"0005610","classificacao":"135","data_empenho":"2022-09-20","codigo_credor":"46527530000193","nome_credor":"ROBERTO DA CUNHA FREIRE 08064498457","valor_contratado":2000.00,"valor_pago":2000.00},{"codigo_unidade_gestora":"201157","codigo_unidade_orcamentaria":"02080","numero_empenho":"0005611","classificacao":"126","data_empenho":"2022-09-20","codigo_credor":"28695805000116","nome_credor":"GB COMERCIO E SERVICOS LTDA - EPP","valor_contratado":169.11,"valor_pago":169.11},{"codigo_unidade_gestora":"201157","codigo_unidade_orcamentaria":"02010","numero_empenho":"0005612","classificacao":"135","data_empenho":"2022-09-20","codigo_credor":"30105898000123","nome_credor":"JOSE MOISES DIAS DOS SANTOS 10248839497","valor_contratado":1200.00,"valor_pago":1200.00},{"codigo_unidade_gestora":"201157","codigo_unidade_orcamentaria":"02080","numero_empenho":"0005613","classificacao":"126","data_empenho":"2022-09-20","codigo_credor":"28695805000116","nome_credor":"GB COMERCIO E SERVICOS LTDA - EPP","valor_contratado":1522.82,"valor_pago":1522.82},{"codigo_unidade_gestora":"201157","codigo_unidade_orcamentaria":"02080","numero_empenho":"0005614","classificacao":"135","data_empenho":"2022-09-20","codigo_credor":"28695805000116","nome_credor":"GB COMERCIO E SERVICOS LTDA - EPP","valor_contratado":3264.10,"valor_pago":3264.10},{"codigo_unidade_gestora":"201157","codigo_unidade_orcamentaria":"02090","numero_empenho":"0005615","classificacao":"126","data_empenho":"2022-09-20","codigo_credor":"28695805000116","nome_credor":"GB COMERCIO E SERVICOS LTDA - EPP","valor_contratado":5465.22,"valor_pago":5465.22},{"codigo_unidade_gestora":"201157","codigo_unidade_orcamentaria":"02010","numero_empenho":"0005616","classificacao":"135","data_empenho":"2022-09-20","codigo_credor":"46613820000150","nome_credor":"GABRIEL DE SOUZA GUEDES QUERINO 11541651405","valor_contratado":700.00,"valor_pago":700.00},{"codigo_unidade_gestora":"201157","codigo_unidade_orcamentaria":"02110","numero_empenho":"0005617","classificacao":"135","data_empenho":"2022-09-20","codigo_credor":"01024347000137","nome_credor":"NEUROCENTRO","valor_contratado":2700.00,"valor_pago":2700.00},{"codigo_unidade_gestora":"201157","codigo_unidade_orcamentaria":"02050","numero_empenho":"0005618","classificacao":"135","data_empenho":"2022-09-20","codigo_credor":"29458217000121","nome_credor":"MARCOS ANTONIO BATISTA REIS 85353213491","valor_contratado":7350.00,"valor_pago":7350.00},{"codigo_unidade_gestora":"201157","codigo_unidade_orcamentaria":"02120","numero_empenho":"0005619","classificacao":"135","data_empenho":"2022-09-20","codigo_credor":"17923503000131","nome_credor":"ERALDO MARINHO DA SILVA  13540129847","valor_contratado":3000.00,"valor_pago":3000.00},{"codigo_unidade_gestora":"201157","codigo_unidade_orcamentaria":"02110","numero_empenho":"0005620","classificacao":"107","data_empenho":"2022-09-20","codigo_credor":"29979036000140","nome_credor":"INSS-INSTITUTO NACIONAL DO SEGURO SOCIAL","valor_contratado":509.04,"valor_pago":509.04},{"codigo_unidade_gestora":"201157","codigo_unidade_orcamentaria":"02050","numero_empenho":"0005621","classificacao":"107","data_empenho":"2022-09-20","codigo_credor":"29979036000140","nome_credor":"INSS-INSTITUTO NACIONAL DO SEGURO SOCIAL","valor_contratado":43055.98,"valor_pago":43055.98},{"codigo_unidade_gestora":"201157","codigo_unidade_orcamentaria":"02110","numero_empenho":"0005622","classificacao":"107","data_empenho":"2022-09-20","codigo_credor":"29979036000140","nome_credor":"INSS-INSTITUTO NACIONAL DO SEGURO SOCIAL","valor_contratado":1934.35,"valor_pago":1934.35},{"codigo_unidade_gestora":"201157","codigo_unidade_orcamentaria":"02110","numero_empenho":"0005623","classificacao":"107","data_empenho":"2022-09-20","codigo_credor":"29979036000140","nome_credor":"INSS-INSTITUTO NACIONAL DO SEGURO SOCIAL","valor_contratado":1365.00,"valor_pago":1365.00},{"codigo_unidade_gestora":"201157","codigo_unidade_orcamentaria":"02070","numero_empenho":"0005624","classificacao":"107","data_empenho":"2022-09-20","codigo_credor":"29979036000140","nome_credor":"INSS-INSTITUTO NACIONAL DO SEGURO SOCIAL","valor_contratado":4430.58,"valor_pago":4430.58},{"codigo_unidade_gestora":"201157","codigo_unidade_orcamentaria":"02110","numero_empenho":"0005625","classificacao":"107","data_empenho":"2022-09-20","codigo_credor":"29979036000140","nome_credor":"INSS-INSTITUTO NACIONAL DO SEGURO SOCIAL","valor_contratado":20010.84,"valor_pago":20010.84},{"codigo_unidade_gestora":"201157","codigo_unidade_orcamentaria":"02110","numero_empenho":"0005626","classificacao":"107","data_empenho":"2022-09-20","codigo_credor":"29979036000140","nome_credor":"INSS-INSTITUTO NACIONAL DO SEGURO SOCIAL","valor_contratado":2062.94,"valor_pago":2062.94},{"codigo_unidade_gestora":"201157","codigo_unidade_orcamentaria":"02040","numero_empenho":"0005627","classificacao":"107","data_empenho":"2022-09-20","codigo_credor":"29979036000140","nome_credor":"INSS-INSTITUTO NACIONAL DO SEGURO SOCIAL","valor_contratado":27451.62,"valor_pago":27451.62},{"codigo_unidade_gestora":"201157","codigo_unidade_orcamentaria":"02020","numero_empenho":"0005628","classificacao":"107","data_empenho":"2022-09-20","codigo_credor":"29979036000140","nome_credor":"INSS-INSTITUTO NACIONAL DO SEGURO SOCIAL","valor_contratado":40577.40,"valor_pago":40577.40},{"codigo_unidade_gestora":"201157","codigo_unidade_orcamentaria":"02080","numero_empenho":"0005629","classificacao":"135","data_empenho":"2022-09-20","codigo_credor":"14695385000163","nome_credor":"ECO LOCACAO E TRANSPORTE LTDA","valor_contratado":16468.00,"valor_pago":16468.00},{"codigo_unidade_gestora":"201157","codigo_unidade_orcamentaria":"02020","numero_empenho":"0005630","classificacao":"135","data_empenho":"2022-09-20","codigo_credor":"00000000280704","nome_credor":"BANCO DO BRASIL S/A","valor_contratado":198.00,"valor_pago":198.00},{"codigo_unidade_gestora":"201157","codigo_unidade_orcamentaria":"02020","numero_empenho":"0005631","classificacao":"135","data_empenho":"2022-09-20","codigo_credor":"00000000280704","nome_credor":"BANCO DO BRASIL S/A","valor_contratado":121.00,"valor_pago":121.00},{"codigo_unidade_gestora":"201157","codigo_unidade_orcamentaria":"02040","numero_empenho":"0005632","classificacao":"135","data_empenho":"2022-09-20","codigo_credor":"09095183000140","nome_credor":"ENERGISA","valor_contratado":5760.16,"valor_pago":5760.16},{"codigo_unidade_gestora":"201157","codigo_unidade_orcamentaria":"02040","numero_empenho":"0005633","classificacao":"135","data_empenho":"2022-09-20","codigo_credor":"00000000280704","nome_credor":"BANCO DO BRASIL S/A","valor_contratado":11.00,"valor_pago":11.00},{"codigo_unidade_gestora":"201157","codigo_unidade_orcamentaria":"02080","numero_empenho":"0005634","classificacao":"135","data_empenho":"2022-09-20","codigo_credor":"09095183000140","nome_credor":"ENERGISA","valor_contratado":6141.83,"valor_pago":6141.83},{"codigo_unidade_gestora":"201157","codigo_unidade_orcamentaria":"02050","numero_empenho":"0005635","classificacao":"135","data_empenho":"2022-09-20","codigo_credor":"00000000280704","nome_credor":"BANCO DO BRASIL S/A","valor_contratado":132.00,"valor_pago":132.00},{"codigo_unidade_gestora":"201157","codigo_unidade_orcamentaria":"02050","numero_empenho":"0005636","classificacao":"135","data_empenho":"2022-09-20","codigo_credor":"09095183000140","nome_credor":"ENERGISA","valor_contratado":8075.38,"valor_pago":8075.38},{"codigo_unidade_gestora":"201157","codigo_unidade_orcamentaria":"02080","numero_empenho":"0005637","classificacao":"135","data_empenho":"2022-09-20","codigo_credor":"09095183000140","nome_credor":"ENERGISA","valor_contratado":36798.80,"valor_pago":36798.80}]}}