{"size":50,"page":11,"total":522,"count":22,"_embedded":{"empenhos":[{"codigo_unidade_gestora":"201157","codigo_unidade_orcamentaria":"02060","numero_empenho":"0001252","classificacao":"132","data_empenho":"2022-03-30","codigo_credor":"00010593397495","nome_credor":"EUDISLANE PEREIRA DA SILVA","valor_contratado":1200.00,"valor_pago":1200.00},{"codigo_unidade_gestora":"201157","codigo_unidade_orcamentaria":"02050","numero_empenho":"0001253","classificacao":"135","data_empenho":"2022-03-30","codigo_credor":"09095183000140","nome_credor":"ENERGISA","valor_contratado":85.36,"valor_pago":85.36},{"codigo_unidade_gestora":"201157","codigo_unidade_orcamentaria":"02010","numero_empenho":"0001254","classificacao":"135","data_empenho":"2022-03-30","codigo_credor":"29776170000144","nome_credor":"WALMIR BEZERRA DA SILVA 09668419480","valor_contratado":1500.00,"valor_pago":1500.00},{"codigo_unidade_gestora":"201157","codigo_unidade_orcamentaria":"02090","numero_empenho":"0001255","classificacao":"132","data_empenho":"2022-03-30","codigo_credor":"00001930463855","nome_credor":"FRANCISCO LUIZ DUARTE FILHO","valor_contratado":2000.00,"valor_pago":2000.00},{"codigo_unidade_gestora":"201157","codigo_unidade_orcamentaria":"02120","numero_empenho":"0001256","classificacao":"126","data_empenho":"2022-03-30","codigo_credor":"10427090000155","nome_credor":"JOAREZ SOUZA DO O ME","valor_contratado":3250.00,"valor_pago":3250.00},{"codigo_unidade_gestora":"201157","codigo_unidade_orcamentaria":"02010","numero_empenho":"0001257","classificacao":"135","data_empenho":"2022-03-30","codigo_credor":"19466870000189","nome_credor":"MARIVALDO RODRIGUES DA SILVA-ME","valor_contratado":1950.00,"valor_pago":1950.00},{"codigo_unidade_gestora":"201157","codigo_unidade_orcamentaria":"02080","numero_empenho":"0001258","classificacao":"135","data_empenho":"2022-03-30","codigo_credor":"09095183000140","nome_credor":"ENERGISA","valor_contratado":460.41,"valor_pago":460.41},{"codigo_unidade_gestora":"201157","codigo_unidade_orcamentaria":"02080","numero_empenho":"0001259","classificacao":"135","data_empenho":"2022-03-30","codigo_credor":"08667024000100","nome_credor":"CREA/PB","valor_contratado":88.78,"valor_pago":88.78},{"codigo_unidade_gestora":"201157","codigo_unidade_orcamentaria":"02020","numero_empenho":"0001260","classificacao":"135","data_empenho":"2022-03-30","codigo_credor":"00000000280704","nome_credor":"BANCO DO BRASIL S/A","valor_contratado":121.00,"valor_pago":121.00},{"codigo_unidade_gestora":"201157","codigo_unidade_orcamentaria":"02040","numero_empenho":"0001261","classificacao":"135","data_empenho":"2022-03-30","codigo_credor":"00000000280704","nome_credor":"BANCO DO BRASIL S/A","valor_contratado":33.00,"valor_pago":33.00},{"codigo_unidade_gestora":"201157","codigo_unidade_orcamentaria":"02020","numero_empenho":"0001262","classificacao":"108","data_empenho":"2022-03-30","codigo_credor":"70097811000138","nome_credor":"IPSER/FOLHA DE PAGAMENTO/SAL.FAMILIA","valor_contratado":21843.25,"valor_pago":21843.25},{"codigo_unidade_gestora":"201157","codigo_unidade_orcamentaria":"02110","numero_empenho":"0001263","classificacao":"108","data_empenho":"2022-03-30","codigo_credor":"70097811000138","nome_credor":"IPSER/FOLHA DE PAGAMENTO/SAL.FAMILIA","valor_contratado":2717.02,"valor_pago":2717.02},{"codigo_unidade_gestora":"201157","codigo_unidade_orcamentaria":"02040","numero_empenho":"0001264","classificacao":"108","data_empenho":"2022-03-30","codigo_credor":"70097811000138","nome_credor":"IPSER/FOLHA DE PAGAMENTO/SAL.FAMILIA","valor_contratado":25936.20,"valor_pago":25936.20},{"codigo_unidade_gestora":"201157","codigo_unidade_orcamentaria":"02050","numero_empenho":"0001265","classificacao":"108","data_empenho":"2022-03-30","codigo_credor":"70097811000138","nome_credor":"IPSER/FOLHA DE PAGAMENTO/SAL.FAMILIA","valor_contratado":180828.25,"valor_pago":180828.25},{"codigo_unidade_gestora":"201157","codigo_unidade_orcamentaria":"02070","numero_empenho":"0001266","classificacao":"108","data_empenho":"2022-03-30","codigo_credor":"70097811000138","nome_credor":"IPSER/FOLHA DE PAGAMENTO/SAL.FAMILIA","valor_contratado":2258.52,"valor_pago":2258.52},{"codigo_unidade_gestora":"201157","codigo_unidade_orcamentaria":"02050","numero_empenho":"0001267","classificacao":"108","data_empenho":"2022-03-30","codigo_credor":"70097811000138","nome_credor":"IPSER/FOLHA DE PAGAMENTO/SAL.FAMILIA","valor_contratado":9702.16,"valor_pago":9702.16},{"codigo_unidade_gestora":"201157","codigo_unidade_orcamentaria":"02110","numero_empenho":"0001268","classificacao":"108","data_empenho":"2022-03-30","codigo_credor":"70097811000138","nome_credor":"IPSER/FOLHA DE PAGAMENTO/SAL.FAMILIA","valor_contratado":15022.95,"valor_pago":15022.95},{"codigo_unidade_gestora":"201157","codigo_unidade_orcamentaria":"02020","numero_empenho":"0001269","classificacao":"108","data_empenho":"2022-03-30","codigo_credor":"70097811000138","nome_credor":"IPSER/FOLHA DE PAGAMENTO/SAL.FAMILIA","valor_contratado":58.38,"valor_pago":58.38},{"codigo_unidade_gestora":"201157","codigo_unidade_orcamentaria":"02050","numero_empenho":"0001270","classificacao":"108","data_empenho":"2022-03-30","codigo_credor":"70097811000138","nome_credor":"IPSER/FOLHA DE PAGAMENTO/SAL.FAMILIA","valor_contratado":136.51,"valor_pago":136.51},{"codigo_unidade_gestora":"201157","codigo_unidade_orcamentaria":"02020","numero_empenho":"0001271","classificacao":"135","data_empenho":"2022-03-31","codigo_credor":"00360305000104","nome_credor":"CAIXA ECONOMICA FEDERAL","valor_contratado":87.89,"valor_pago":87.89},{"codigo_unidade_gestora":"201157","codigo_unidade_orcamentaria":"02020","numero_empenho":"0001272","classificacao":"135","data_empenho":"2022-03-31","codigo_credor":"00360305000104","nome_credor":"CAIXA ECONOMICA FEDERAL","valor_contratado":1.54,"valor_pago":1.54},{"codigo_unidade_gestora":"201157","codigo_unidade_orcamentaria":"02110","numero_empenho":"0001273","classificacao":"126","data_empenho":"2022-03-31","codigo_credor":"04451626000175","nome_credor":"PHOSPODONT LTDA","valor_contratado":228.80,"valor_pago":228.80}]}}