{"size":50,"page":5,"total":703,"count":50,"_embedded":{"empenhos":[{"codigo_unidade_gestora":"201157","codigo_unidade_orcamentaria":"02050","numero_empenho":"0001475","classificacao":"132","data_empenho":"2022-04-08","codigo_credor":"00049910990482","nome_credor":"MARIA DO SOCORRO DINIZ FIDELIS","valor_contratado":700.00,"valor_pago":700.00},{"codigo_unidade_gestora":"201157","codigo_unidade_orcamentaria":"02080","numero_empenho":"0001476","classificacao":"126","data_empenho":"2022-04-08","codigo_credor":"09261355000109","nome_credor":"HILTON PINHEIRO DANTAS","valor_contratado":2262.89,"valor_pago":2262.89},{"codigo_unidade_gestora":"201157","codigo_unidade_orcamentaria":"02010","numero_empenho":"0001477","classificacao":"132","data_empenho":"2022-04-08","codigo_credor":"00011642062812","nome_credor":"MARINES MARQUES DA SILVA","valor_contratado":1000.00,"valor_pago":1000.00},{"codigo_unidade_gestora":"201157","codigo_unidade_orcamentaria":"02050","numero_empenho":"0001478","classificacao":"126","data_empenho":"2022-04-08","codigo_credor":"09261355000109","nome_credor":"HILTON PINHEIRO DANTAS","valor_contratado":1828.94,"valor_pago":1828.94},{"codigo_unidade_gestora":"201157","codigo_unidade_orcamentaria":"02070","numero_empenho":"0001479","classificacao":"132","data_empenho":"2022-04-08","codigo_credor":"00025879499120","nome_credor":"PAULO CESAR DE SOUZA","valor_contratado":1500.00,"valor_pago":1500.00},{"codigo_unidade_gestora":"201157","codigo_unidade_orcamentaria":"02080","numero_empenho":"0001480","classificacao":"126","data_empenho":"2022-04-08","codigo_credor":"09261355000109","nome_credor":"HILTON PINHEIRO DANTAS","valor_contratado":1286.00,"valor_pago":1286.00},{"codigo_unidade_gestora":"201157","codigo_unidade_orcamentaria":"02080","numero_empenho":"0001481","classificacao":"135","data_empenho":"2022-04-08","codigo_credor":"08298416002517","nome_credor":"PAROQUIA NOSSA SENHORA DO PATROCINIO","valor_contratado":1200.00,"valor_pago":1200.00},{"codigo_unidade_gestora":"201157","codigo_unidade_orcamentaria":"02130","numero_empenho":"0001482","classificacao":"126","data_empenho":"2022-04-08","codigo_credor":"09261355000109","nome_credor":"HILTON PINHEIRO DANTAS","valor_contratado":1402.99,"valor_pago":1402.99},{"codigo_unidade_gestora":"201157","codigo_unidade_orcamentaria":"02090","numero_empenho":"0001483","classificacao":"135","data_empenho":"2022-04-08","codigo_credor":"08298416002517","nome_credor":"PAROQUIA NOSSA SENHORA DO PATROCINIO","valor_contratado":500.00,"valor_pago":500.00},{"codigo_unidade_gestora":"201157","codigo_unidade_orcamentaria":"02080","numero_empenho":"0001484","classificacao":"126","data_empenho":"2022-04-08","codigo_credor":"09261355000109","nome_credor":"HILTON PINHEIRO DANTAS","valor_contratado":565.99,"valor_pago":565.99},{"codigo_unidade_gestora":"201157","codigo_unidade_orcamentaria":"02050","numero_empenho":"0001485","classificacao":"126","data_empenho":"2022-04-08","codigo_credor":"09261355000109","nome_credor":"HILTON PINHEIRO DANTAS","valor_contratado":2428.54,"valor_pago":2428.54},{"codigo_unidade_gestora":"201157","codigo_unidade_orcamentaria":"02050","numero_empenho":"0001486","classificacao":"126","data_empenho":"2022-04-08","codigo_credor":"09261355000109","nome_credor":"HILTON PINHEIRO DANTAS","valor_contratado":2173.52,"valor_pago":2173.52},{"codigo_unidade_gestora":"201157","codigo_unidade_orcamentaria":"02050","numero_empenho":"0001487","classificacao":"126","data_empenho":"2022-04-08","codigo_credor":"09261355000109","nome_credor":"HILTON PINHEIRO DANTAS","valor_contratado":3489.78,"valor_pago":3489.78},{"codigo_unidade_gestora":"201157","codigo_unidade_orcamentaria":"02050","numero_empenho":"0001488","classificacao":"126","data_empenho":"2022-04-08","codigo_credor":"09261355000109","nome_credor":"HILTON PINHEIRO DANTAS","valor_contratado":3178.60,"valor_pago":3178.60},{"codigo_unidade_gestora":"201157","codigo_unidade_orcamentaria":"02050","numero_empenho":"0001489","classificacao":"135","data_empenho":"2022-04-08","codigo_credor":"00662270000320","nome_credor":"INSTITUTO NACIONAL DE METROLOGIA, QUALIDADE E TECNOLOGIA -INMETRO","valor_contratado":207.34,"valor_pago":207.34},{"codigo_unidade_gestora":"201157","codigo_unidade_orcamentaria":"02110","numero_empenho":"0001490","classificacao":"105","data_empenho":"2022-04-08","codigo_credor":"09048976000109","nome_credor":"Prefeitura Municipal de Remígio","valor_contratado":800.00,"valor_pago":800.00},{"codigo_unidade_gestora":"201157","codigo_unidade_orcamentaria":"02110","numero_empenho":"0001491","classificacao":"105","data_empenho":"2022-04-08","codigo_credor":"09048976000109","nome_credor":"Prefeitura Municipal de Remígio","valor_contratado":1000.00,"valor_pago":1000.00},{"codigo_unidade_gestora":"201157","codigo_unidade_orcamentaria":"02040","numero_empenho":"0001492","classificacao":"126","data_empenho":"2022-04-08","codigo_credor":"09261355000109","nome_credor":"HILTON PINHEIRO DANTAS","valor_contratado":2301.96,"valor_pago":2301.96},{"codigo_unidade_gestora":"201157","codigo_unidade_orcamentaria":"02110","numero_empenho":"0001493","classificacao":"98","data_empenho":"2022-04-08","codigo_credor":"09048976000109","nome_credor":"Prefeitura Municipal de Remígio","valor_contratado":500.00,"valor_pago":500.00},{"codigo_unidade_gestora":"201157","codigo_unidade_orcamentaria":"02040","numero_empenho":"0001494","classificacao":"126","data_empenho":"2022-04-08","codigo_credor":"09261355000109","nome_credor":"HILTON PINHEIRO DANTAS","valor_contratado":1343.41,"valor_pago":1343.41},{"codigo_unidade_gestora":"201157","codigo_unidade_orcamentaria":"02080","numero_empenho":"0001495","classificacao":"126","data_empenho":"2022-04-08","codigo_credor":"09261355000109","nome_credor":"HILTON PINHEIRO DANTAS","valor_contratado":262.89,"valor_pago":262.89},{"codigo_unidade_gestora":"201157","codigo_unidade_orcamentaria":"02110","numero_empenho":"0001496","classificacao":"98","data_empenho":"2022-04-08","codigo_credor":"09048976000109","nome_credor":"Prefeitura Municipal de Remígio","valor_contratado":4783.87,"valor_pago":4783.87},{"codigo_unidade_gestora":"201157","codigo_unidade_orcamentaria":"02120","numero_empenho":"0001497","classificacao":"132","data_empenho":"2022-04-08","codigo_credor":"00012423285485","nome_credor":"JOAO PEDRO TRAJANO DE FIGUEIREDO","valor_contratado":300.00,"valor_pago":300.00},{"codigo_unidade_gestora":"201157","codigo_unidade_orcamentaria":"02050","numero_empenho":"0001498","classificacao":"105","data_empenho":"2022-04-08","codigo_credor":"09048976000109","nome_credor":"Prefeitura Municipal de Remígio","valor_contratado":2299.11,"valor_pago":2299.11},{"codigo_unidade_gestora":"201157","codigo_unidade_orcamentaria":"02050","numero_empenho":"0001499","classificacao":"105","data_empenho":"2022-04-08","codigo_credor":"09048976000109","nome_credor":"Prefeitura Municipal de Remígio","valor_contratado":500.00,"valor_pago":500.00},{"codigo_unidade_gestora":"201157","codigo_unidade_orcamentaria":"02130","numero_empenho":"0001500","classificacao":"135","data_empenho":"2022-04-08","codigo_credor":"15744387000168","nome_credor":"ZENITE ASSESSORIA ESPORTIVA E EVENTOS LTDA ME","valor_contratado":17500.00,"valor_pago":17500.00},{"codigo_unidade_gestora":"201157","codigo_unidade_orcamentaria":"02110","numero_empenho":"0001501","classificacao":"135","data_empenho":"2022-04-08","codigo_credor":"29379974000100","nome_credor":"JRDSA GRAFICA EDITORA E FABRICAÇAO DE PAPEIS EIRELI","valor_contratado":28534.18,"valor_pago":28534.18},{"codigo_unidade_gestora":"201157","codigo_unidade_orcamentaria":"02050","numero_empenho":"0001502","classificacao":"98","data_empenho":"2022-04-08","codigo_credor":"09048976000109","nome_credor":"Prefeitura Municipal de Remígio","valor_contratado":3090.24,"valor_pago":3090.24},{"codigo_unidade_gestora":"201157","codigo_unidade_orcamentaria":"02050","numero_empenho":"0001503","classificacao":"98","data_empenho":"2022-04-08","codigo_credor":"09048976000109","nome_credor":"Prefeitura Municipal de Remígio","valor_contratado":961.41,"valor_pago":961.41},{"codigo_unidade_gestora":"201157","codigo_unidade_orcamentaria":"02110","numero_empenho":"0001504","classificacao":"135","data_empenho":"2022-04-08","codigo_credor":"29379974000100","nome_credor":"JRDSA GRAFICA EDITORA E FABRICAÇAO DE PAPEIS EIRELI","valor_contratado":1470.00,"valor_pago":1470.00},{"codigo_unidade_gestora":"201157","codigo_unidade_orcamentaria":"02050","numero_empenho":"0001505","classificacao":"98","data_empenho":"2022-04-08","codigo_credor":"09048976000109","nome_credor":"Prefeitura Municipal de Remígio","valor_contratado":961.41,"valor_pago":961.41},{"codigo_unidade_gestora":"201157","codigo_unidade_orcamentaria":"02110","numero_empenho":"0001506","classificacao":"126","data_empenho":"2022-04-08","codigo_credor":"02977362000162","nome_credor":"A.COSTA COM.ATAC. DE PROD.FARM. LTDA","valor_contratado":756.00,"valor_pago":756.00},{"codigo_unidade_gestora":"201157","codigo_unidade_orcamentaria":"02070","numero_empenho":"0001507","classificacao":"98","data_empenho":"2022-04-08","codigo_credor":"09048976000109","nome_credor":"Prefeitura Municipal de Remígio","valor_contratado":1212.00,"valor_pago":1212.00},{"codigo_unidade_gestora":"201157","codigo_unidade_orcamentaria":"02050","numero_empenho":"0001508","classificacao":"105","data_empenho":"2022-04-08","codigo_credor":"09048976000109","nome_credor":"Prefeitura Municipal de Remígio","valor_contratado":363.60,"valor_pago":363.60},{"codigo_unidade_gestora":"201157","codigo_unidade_orcamentaria":"02110","numero_empenho":"0001509","classificacao":"135","data_empenho":"2022-04-08","codigo_credor":"27380620000150","nome_credor":"IVANCLECIO DE SOUZA RODRIGUES","valor_contratado":4400.00,"valor_pago":4400.00},{"codigo_unidade_gestora":"201157","codigo_unidade_orcamentaria":"02050","numero_empenho":"0001510","classificacao":"149","data_empenho":"2022-04-08","codigo_credor":"26542655000185","nome_credor":"ITALO MELO CLEMENTINO EIRELI","valor_contratado":0.00,"valor_pago":0.00},{"codigo_unidade_gestora":"201157","codigo_unidade_orcamentaria":"02020","numero_empenho":"0001511","classificacao":"135","data_empenho":"2022-04-08","codigo_credor":"00000000280704","nome_credor":"BANCO DO BRASIL S/A","valor_contratado":176.00,"valor_pago":176.00},{"codigo_unidade_gestora":"201157","codigo_unidade_orcamentaria":"02030","numero_empenho":"0001512","classificacao":"185","data_empenho":"2022-04-08","codigo_credor":"09283185000163","nome_credor":"JOAO PESSOA TRIBUNAL DE JUSTIÇA DO ESTADO DA PARAIBA","valor_contratado":7087.22,"valor_pago":7087.22},{"codigo_unidade_gestora":"201157","codigo_unidade_orcamentaria":"02080","numero_empenho":"0001513","classificacao":"135","data_empenho":"2022-04-11","codigo_credor":"24518477000121","nome_credor":"ERMINIO PEREIRA DE OLIVEIRA 03814233441","valor_contratado":1200.00,"valor_pago":1200.00},{"codigo_unidade_gestora":"201157","codigo_unidade_orcamentaria":"02080","numero_empenho":"0001514","classificacao":"135","data_empenho":"2022-04-11","codigo_credor":"24518477000121","nome_credor":"ERMINIO PEREIRA DE OLIVEIRA 03814233441","valor_contratado":1600.00,"valor_pago":1600.00},{"codigo_unidade_gestora":"201157","codigo_unidade_orcamentaria":"02050","numero_empenho":"0001515","classificacao":"126","data_empenho":"2022-04-11","codigo_credor":"09261355000109","nome_credor":"HILTON PINHEIRO DANTAS","valor_contratado":3374.65,"valor_pago":3374.65},{"codigo_unidade_gestora":"201157","codigo_unidade_orcamentaria":"02050","numero_empenho":"0001516","classificacao":"126","data_empenho":"2022-04-11","codigo_credor":"09261355000109","nome_credor":"HILTON PINHEIRO DANTAS","valor_contratado":3065.37,"valor_pago":3065.37},{"codigo_unidade_gestora":"201157","codigo_unidade_orcamentaria":"02050","numero_empenho":"0001517","classificacao":"126","data_empenho":"2022-04-11","codigo_credor":"09261355000109","nome_credor":"HILTON PINHEIRO DANTAS","valor_contratado":4710.99,"valor_pago":4710.99},{"codigo_unidade_gestora":"201157","codigo_unidade_orcamentaria":"02050","numero_empenho":"0001518","classificacao":"126","data_empenho":"2022-04-11","codigo_credor":"09261355000109","nome_credor":"HILTON PINHEIRO DANTAS","valor_contratado":2344.97,"valor_pago":2344.97},{"codigo_unidade_gestora":"201157","codigo_unidade_orcamentaria":"02050","numero_empenho":"0001519","classificacao":"126","data_empenho":"2022-04-11","codigo_credor":"09261355000109","nome_credor":"HILTON PINHEIRO DANTAS","valor_contratado":1917.27,"valor_pago":1917.27},{"codigo_unidade_gestora":"201157","codigo_unidade_orcamentaria":"02050","numero_empenho":"0001520","classificacao":"126","data_empenho":"2022-04-11","codigo_credor":"09261355000109","nome_credor":"HILTON PINHEIRO DANTAS","valor_contratado":2679.35,"valor_pago":2679.35},{"codigo_unidade_gestora":"201157","codigo_unidade_orcamentaria":"02050","numero_empenho":"0001521","classificacao":"126","data_empenho":"2022-04-11","codigo_credor":"09261355000109","nome_credor":"HILTON PINHEIRO DANTAS","valor_contratado":2145.03,"valor_pago":2145.03},{"codigo_unidade_gestora":"201157","codigo_unidade_orcamentaria":"02050","numero_empenho":"0001522","classificacao":"126","data_empenho":"2022-04-11","codigo_credor":"09261355000109","nome_credor":"HILTON PINHEIRO DANTAS","valor_contratado":2614.76,"valor_pago":2614.76},{"codigo_unidade_gestora":"201157","codigo_unidade_orcamentaria":"02080","numero_empenho":"0001523","classificacao":"126","data_empenho":"2022-04-11","codigo_credor":"09261355000109","nome_credor":"HILTON PINHEIRO DANTAS","valor_contratado":3274.38,"valor_pago":3274.38},{"codigo_unidade_gestora":"201157","codigo_unidade_orcamentaria":"02090","numero_empenho":"0001524","classificacao":"126","data_empenho":"2022-04-11","codigo_credor":"09261355000109","nome_credor":"HILTON PINHEIRO DANTAS","valor_contratado":5932.40,"valor_pago":5932.40}]}}