{"size":50,"page":1,"total":522,"count":50,"_embedded":{"empenhos":[{"codigo_unidade_gestora":"201157","codigo_unidade_orcamentaria":"02010","numero_empenho":"0000749","classificacao":"135","data_empenho":"2022-03-01","codigo_credor":"14949698000109","nome_credor":"G O L NETO EIRELI","valor_contratado":2200.00,"valor_pago":2200.00},{"codigo_unidade_gestora":"201157","codigo_unidade_orcamentaria":"02080","numero_empenho":"0000750","classificacao":"132","data_empenho":"2022-03-02","codigo_credor":"00010487890477","nome_credor":"FERNANDA BARBOSA FERREIRA","valor_contratado":1300.00,"valor_pago":1300.00},{"codigo_unidade_gestora":"201157","codigo_unidade_orcamentaria":"02020","numero_empenho":"0000751","classificacao":"135","data_empenho":"2022-03-02","codigo_credor":"00000000280704","nome_credor":"BANCO DO BRASIL S/A","valor_contratado":4.75,"valor_pago":4.75},{"codigo_unidade_gestora":"201157","codigo_unidade_orcamentaria":"02040","numero_empenho":"0000752","classificacao":"135","data_empenho":"2022-03-03","codigo_credor":"07575881000118","nome_credor":"SIM ENGENHARIA AMBIENTAL EIRELI","valor_contratado":1400.00,"valor_pago":1400.00},{"codigo_unidade_gestora":"201157","codigo_unidade_orcamentaria":"02070","numero_empenho":"0000753","classificacao":"135","data_empenho":"2022-03-03","codigo_credor":"09095183000140","nome_credor":"ENERGISA","valor_contratado":56.60,"valor_pago":56.60},{"codigo_unidade_gestora":"201157","codigo_unidade_orcamentaria":"02110","numero_empenho":"0000754","classificacao":"126","data_empenho":"2022-03-03","codigo_credor":"21837593000115","nome_credor":"FRANCIEL MONTEIRO DA ROCHA 07356642425","valor_contratado":751.15,"valor_pago":0.00},{"codigo_unidade_gestora":"201157","codigo_unidade_orcamentaria":"02110","numero_empenho":"0000755","classificacao":"126","data_empenho":"2022-03-03","codigo_credor":"21837593000115","nome_credor":"FRANCIEL MONTEIRO DA ROCHA 07356642425","valor_contratado":751.15,"valor_pago":0.00},{"codigo_unidade_gestora":"201157","codigo_unidade_orcamentaria":"02110","numero_empenho":"0000756","classificacao":"126","data_empenho":"2022-03-03","codigo_credor":"21837593000115","nome_credor":"FRANCIEL MONTEIRO DA ROCHA 07356642425","valor_contratado":3700.85,"valor_pago":0.00},{"codigo_unidade_gestora":"201157","codigo_unidade_orcamentaria":"02110","numero_empenho":"0000757","classificacao":"126","data_empenho":"2022-03-03","codigo_credor":"05329135000119","nome_credor":"ALEXSANDRO SANTOS DA SILVA","valor_contratado":0.00,"valor_pago":0.00},{"codigo_unidade_gestora":"201157","codigo_unidade_orcamentaria":"02020","numero_empenho":"0000758","classificacao":"135","data_empenho":"2022-03-03","codigo_credor":"00000000280704","nome_credor":"BANCO DO BRASIL S/A","valor_contratado":22.00,"valor_pago":22.00},{"codigo_unidade_gestora":"201157","codigo_unidade_orcamentaria":"02080","numero_empenho":"0000759","classificacao":"135","data_empenho":"2022-03-03","codigo_credor":"11955108000154","nome_credor":"ECOSOLO GESTAO AMBIENTAL DE RESIDUOS LTDA","valor_contratado":11747.50,"valor_pago":11747.50},{"codigo_unidade_gestora":"201157","codigo_unidade_orcamentaria":"02020","numero_empenho":"0000760","classificacao":"135","data_empenho":"2022-03-03","codigo_credor":"00360305000104","nome_credor":"CAIXA ECONOMICA FEDERAL","valor_contratado":1193.06,"valor_pago":1193.06},{"codigo_unidade_gestora":"201157","codigo_unidade_orcamentaria":"02020","numero_empenho":"0000761","classificacao":"135","data_empenho":"2022-03-03","codigo_credor":"00360305000104","nome_credor":"CAIXA ECONOMICA FEDERAL","valor_contratado":246.84,"valor_pago":246.84},{"codigo_unidade_gestora":"201157","codigo_unidade_orcamentaria":"02080","numero_empenho":"0000762","classificacao":"135","data_empenho":"2022-03-04","codigo_credor":"41201592000197","nome_credor":"ARNOBIO TEIXEIRA DE BRITO LYRA JUNIOR 04183890470","valor_contratado":203.60,"valor_pago":203.60},{"codigo_unidade_gestora":"201157","codigo_unidade_orcamentaria":"02040","numero_empenho":"0000763","classificacao":"135","data_empenho":"2022-03-04","codigo_credor":"41201592000197","nome_credor":"ARNOBIO TEIXEIRA DE BRITO LYRA JUNIOR 04183890470","valor_contratado":2943.00,"valor_pago":2943.00},{"codigo_unidade_gestora":"201157","codigo_unidade_orcamentaria":"02080","numero_empenho":"0000764","classificacao":"135","data_empenho":"2022-03-04","codigo_credor":"41201592000197","nome_credor":"ARNOBIO TEIXEIRA DE BRITO LYRA JUNIOR 04183890470","valor_contratado":3531.60,"valor_pago":3531.60},{"codigo_unidade_gestora":"201157","codigo_unidade_orcamentaria":"02010","numero_empenho":"0000765","classificacao":"135","data_empenho":"2022-03-04","codigo_credor":"09366790000106","nome_credor":"EMPRESA PARAIBANA DE COMUNICAÇÃO S.A -EPC","valor_contratado":1104.00,"valor_pago":1104.00},{"codigo_unidade_gestora":"201157","codigo_unidade_orcamentaria":"02080","numero_empenho":"0000766","classificacao":"135","data_empenho":"2022-03-04","codigo_credor":"41201592000197","nome_credor":"ARNOBIO TEIXEIRA DE BRITO LYRA JUNIOR 04183890470","valor_contratado":374.40,"valor_pago":374.40},{"codigo_unidade_gestora":"201157","codigo_unidade_orcamentaria":"02080","numero_empenho":"0000767","classificacao":"135","data_empenho":"2022-03-04","codigo_credor":"41201592000197","nome_credor":"ARNOBIO TEIXEIRA DE BRITO LYRA JUNIOR 04183890470","valor_contratado":536.40,"valor_pago":536.40},{"codigo_unidade_gestora":"201157","codigo_unidade_orcamentaria":"02010","numero_empenho":"0000768","classificacao":"135","data_empenho":"2022-03-04","codigo_credor":"09366790000106","nome_credor":"EMPRESA PARAIBANA DE COMUNICAÇÃO S.A -EPC","valor_contratado":1370.00,"valor_pago":1370.00},{"codigo_unidade_gestora":"201157","codigo_unidade_orcamentaria":"02070","numero_empenho":"0000769","classificacao":"135","data_empenho":"2022-03-04","codigo_credor":"76535764001972","nome_credor":"OI S.A.","valor_contratado":173.27,"valor_pago":173.27},{"codigo_unidade_gestora":"201157","codigo_unidade_orcamentaria":"02140","numero_empenho":"0000770","classificacao":"128","data_empenho":"2022-03-04","codigo_credor":"00086639200759","nome_credor":"DIGNA MARIA GOMES DIAS","valor_contratado":1250.00,"valor_pago":1250.00},{"codigo_unidade_gestora":"201157","codigo_unidade_orcamentaria":"02040","numero_empenho":"0000771","classificacao":"135","data_empenho":"2022-03-04","codigo_credor":"17572003000100","nome_credor":"PHELIPE E VASCONCELOS INFORMATICA LTDA-ME","valor_contratado":730.00,"valor_pago":730.00},{"codigo_unidade_gestora":"201157","codigo_unidade_orcamentaria":"02080","numero_empenho":"0000772","classificacao":"135","data_empenho":"2022-03-04","codigo_credor":"08667024000100","nome_credor":"CREA/PB","valor_contratado":88.78,"valor_pago":88.78},{"codigo_unidade_gestora":"201157","codigo_unidade_orcamentaria":"02110","numero_empenho":"0000773","classificacao":"135","data_empenho":"2022-03-04","codigo_credor":"34783914000198","nome_credor":"JOSE WAGNER DE LIMA","valor_contratado":0.00,"valor_pago":0.00},{"codigo_unidade_gestora":"201157","codigo_unidade_orcamentaria":"02050","numero_empenho":"0000774","classificacao":"135","data_empenho":"2022-03-04","codigo_credor":"17572003000100","nome_credor":"PHELIPE E VASCONCELOS INFORMATICA LTDA-ME","valor_contratado":1160.00,"valor_pago":1160.00},{"codigo_unidade_gestora":"201157","codigo_unidade_orcamentaria":"02070","numero_empenho":"0000775","classificacao":"110","data_empenho":"2022-03-04","codigo_credor":"00005410422465","nome_credor":"FABRICIO SILVA","valor_contratado":22.50,"valor_pago":22.50},{"codigo_unidade_gestora":"201157","codigo_unidade_orcamentaria":"02090","numero_empenho":"0000776","classificacao":"126","data_empenho":"2022-03-04","codigo_credor":"17572003000100","nome_credor":"PHELIPE E VASCONCELOS INFORMATICA LTDA-ME","valor_contratado":300.00,"valor_pago":300.00},{"codigo_unidade_gestora":"201157","codigo_unidade_orcamentaria":"02050","numero_empenho":"0000777","classificacao":"135","data_empenho":"2022-03-04","codigo_credor":"17572003000100","nome_credor":"PHELIPE E VASCONCELOS INFORMATICA LTDA-ME","valor_contratado":520.00,"valor_pago":520.00},{"codigo_unidade_gestora":"201157","codigo_unidade_orcamentaria":"02070","numero_empenho":"0000778","classificacao":"110","data_empenho":"2022-03-04","codigo_credor":"00009459728499","nome_credor":"RONNY DHAYSON DA COSTA GONCALVES","valor_contratado":42.50,"valor_pago":42.50},{"codigo_unidade_gestora":"201157","codigo_unidade_orcamentaria":"02070","numero_empenho":"0000779","classificacao":"110","data_empenho":"2022-03-04","codigo_credor":"00011740339401","nome_credor":"WESLEY RODRIGUES DA COSTA","valor_contratado":22.50,"valor_pago":22.50},{"codigo_unidade_gestora":"201157","codigo_unidade_orcamentaria":"02020","numero_empenho":"0000780","classificacao":"172","data_empenho":"2022-03-04","codigo_credor":"70097811000138","nome_credor":"IPSER/FOLHA DE PAGAMENTO/SAL.FAMILIA","valor_contratado":935.64,"valor_pago":935.64},{"codigo_unidade_gestora":"201157","codigo_unidade_orcamentaria":"02020","numero_empenho":"0000781","classificacao":"172","data_empenho":"2022-03-04","codigo_credor":"70097811000138","nome_credor":"IPSER/FOLHA DE PAGAMENTO/SAL.FAMILIA","valor_contratado":870.34,"valor_pago":870.34},{"codigo_unidade_gestora":"201157","codigo_unidade_orcamentaria":"02020","numero_empenho":"0000782","classificacao":"172","data_empenho":"2022-03-04","codigo_credor":"70097811000138","nome_credor":"IPSER/FOLHA DE PAGAMENTO/SAL.FAMILIA","valor_contratado":119.23,"valor_pago":119.23},{"codigo_unidade_gestora":"201157","codigo_unidade_orcamentaria":"02020","numero_empenho":"0000783","classificacao":"172","data_empenho":"2022-03-04","codigo_credor":"70097811000138","nome_credor":"IPSER/FOLHA DE PAGAMENTO/SAL.FAMILIA","valor_contratado":1170.84,"valor_pago":1170.84},{"codigo_unidade_gestora":"201157","codigo_unidade_orcamentaria":"02020","numero_empenho":"0000784","classificacao":"172","data_empenho":"2022-03-04","codigo_credor":"70097811000138","nome_credor":"IPSER/FOLHA DE PAGAMENTO/SAL.FAMILIA","valor_contratado":2623.84,"valor_pago":2623.84},{"codigo_unidade_gestora":"201157","codigo_unidade_orcamentaria":"02020","numero_empenho":"0000785","classificacao":"172","data_empenho":"2022-03-04","codigo_credor":"70097811000138","nome_credor":"IPSER/FOLHA DE PAGAMENTO/SAL.FAMILIA","valor_contratado":13856.26,"valor_pago":13856.26},{"codigo_unidade_gestora":"201157","codigo_unidade_orcamentaria":"02020","numero_empenho":"0000786","classificacao":"172","data_empenho":"2022-03-04","codigo_credor":"70097811000138","nome_credor":"IPSER/FOLHA DE PAGAMENTO/SAL.FAMILIA","valor_contratado":7437.20,"valor_pago":7437.20},{"codigo_unidade_gestora":"201157","codigo_unidade_orcamentaria":"02020","numero_empenho":"0000787","classificacao":"135","data_empenho":"2022-03-04","codigo_credor":"00000000280704","nome_credor":"BANCO DO BRASIL S/A","valor_contratado":77.00,"valor_pago":77.00},{"codigo_unidade_gestora":"201157","codigo_unidade_orcamentaria":"02020","numero_empenho":"0000788","classificacao":"135","data_empenho":"2022-03-04","codigo_credor":"00360305000104","nome_credor":"CAIXA ECONOMICA FEDERAL","valor_contratado":41.80,"valor_pago":41.80},{"codigo_unidade_gestora":"201157","codigo_unidade_orcamentaria":"02020","numero_empenho":"0000789","classificacao":"135","data_empenho":"2022-03-04","codigo_credor":"00360305000104","nome_credor":"CAIXA ECONOMICA FEDERAL","valor_contratado":1.87,"valor_pago":1.87},{"codigo_unidade_gestora":"201157","codigo_unidade_orcamentaria":"02020","numero_empenho":"0000790","classificacao":"135","data_empenho":"2022-03-04","codigo_credor":"00360305000104","nome_credor":"CAIXA ECONOMICA FEDERAL","valor_contratado":7.48,"valor_pago":7.48},{"codigo_unidade_gestora":"201157","codigo_unidade_orcamentaria":"02090","numero_empenho":"0000791","classificacao":"132","data_empenho":"2022-03-07","codigo_credor":"00008064498457","nome_credor":"ROBERTO DA CUNHA FREIRE","valor_contratado":2000.00,"valor_pago":2000.00},{"codigo_unidade_gestora":"201157","codigo_unidade_orcamentaria":"02090","numero_empenho":"0000792","classificacao":"135","data_empenho":"2022-03-07","codigo_credor":"28839880000103","nome_credor":"JESSICA KAROLINE DE SOUTO BATISTA 11838916440","valor_contratado":1200.00,"valor_pago":1200.00},{"codigo_unidade_gestora":"201157","codigo_unidade_orcamentaria":"02080","numero_empenho":"0000793","classificacao":"135","data_empenho":"2022-03-07","codigo_credor":"41186292000186","nome_credor":"MANOEL MESSIAS BENTO ALVES 08977864402","valor_contratado":1900.00,"valor_pago":1900.00},{"codigo_unidade_gestora":"201157","codigo_unidade_orcamentaria":"02040","numero_empenho":"0000794","classificacao":"135","data_empenho":"2022-03-07","codigo_credor":"41757219000117","nome_credor":"INACIO BALBINO DA SILVA 58634711404","valor_contratado":1180.00,"valor_pago":1180.00},{"codigo_unidade_gestora":"201157","codigo_unidade_orcamentaria":"02090","numero_empenho":"0000795","classificacao":"135","data_empenho":"2022-03-07","codigo_credor":"41448092000154","nome_credor":"JOSE MATIAS FILHO 01044299843","valor_contratado":1700.00,"valor_pago":1700.00},{"codigo_unidade_gestora":"201157","codigo_unidade_orcamentaria":"02040","numero_empenho":"0000796","classificacao":"135","data_empenho":"2022-03-07","codigo_credor":"43730879000130","nome_credor":"LUIS CLAUDIO GOMES DA SILVA 08896339405","valor_contratado":1180.00,"valor_pago":1180.00},{"codigo_unidade_gestora":"201157","codigo_unidade_orcamentaria":"02040","numero_empenho":"0000797","classificacao":"135","data_empenho":"2022-03-07","codigo_credor":"19778033000195","nome_credor":"CARLOS ANTONIO PEREIRA 48394882404","valor_contratado":1180.00,"valor_pago":1180.00},{"codigo_unidade_gestora":"201157","codigo_unidade_orcamentaria":"02110","numero_empenho":"0000798","classificacao":"135","data_empenho":"2022-03-07","codigo_credor":"36394457000175","nome_credor":"JOAO VICTOR DE OLIVEIRA GONCALVES 09843480422","valor_contratado":700.00,"valor_pago":700.00}]}}