{"size":50,"page":8,"total":717,"count":50,"_embedded":{"empenhos":[{"codigo_unidade_gestora":"201157","codigo_unidade_orcamentaria":"02070","numero_empenho":"0002333","classificacao":"135","data_empenho":"2022-05-13","codigo_credor":"04332120000147","nome_credor":"COLEGIADO NACIONAL DE GESTORES MUNICIPAIS DE ASSISTENCIA SOCIAL","valor_contratado":300.00,"valor_pago":300.00},{"codigo_unidade_gestora":"201157","codigo_unidade_orcamentaria":"02020","numero_empenho":"0002334","classificacao":"135","data_empenho":"2022-05-13","codigo_credor":"00000000280704","nome_credor":"BANCO DO BRASIL S/A","valor_contratado":154.00,"valor_pago":154.00},{"codigo_unidade_gestora":"201157","codigo_unidade_orcamentaria":"02040","numero_empenho":"0002335","classificacao":"135","data_empenho":"2022-05-13","codigo_credor":"00000000280704","nome_credor":"BANCO DO BRASIL S/A","valor_contratado":11.00,"valor_pago":11.00},{"codigo_unidade_gestora":"201157","codigo_unidade_orcamentaria":"02050","numero_empenho":"0002336","classificacao":"135","data_empenho":"2022-05-13","codigo_credor":"00000000280704","nome_credor":"BANCO DO BRASIL S/A","valor_contratado":11.00,"valor_pago":11.00},{"codigo_unidade_gestora":"201157","codigo_unidade_orcamentaria":"02050","numero_empenho":"0002337","classificacao":"126","data_empenho":"2022-05-16","codigo_credor":"05457026000187","nome_credor":"MARIA CRISTIANE LEMOS DE ARAUJO","valor_contratado":2609.67,"valor_pago":2609.67},{"codigo_unidade_gestora":"201157","codigo_unidade_orcamentaria":"02110","numero_empenho":"0002338","classificacao":"126","data_empenho":"2022-05-16","codigo_credor":"05457026000187","nome_credor":"MARIA CRISTIANE LEMOS DE ARAUJO","valor_contratado":4507.28,"valor_pago":4507.28},{"codigo_unidade_gestora":"201157","codigo_unidade_orcamentaria":"02050","numero_empenho":"0002339","classificacao":"126","data_empenho":"2022-05-16","codigo_credor":"05457026000187","nome_credor":"MARIA CRISTIANE LEMOS DE ARAUJO","valor_contratado":3398.37,"valor_pago":3398.37},{"codigo_unidade_gestora":"201157","codigo_unidade_orcamentaria":"02110","numero_empenho":"0002340","classificacao":"126","data_empenho":"2022-05-16","codigo_credor":"05457026000187","nome_credor":"MARIA CRISTIANE LEMOS DE ARAUJO","valor_contratado":3595.64,"valor_pago":3595.64},{"codigo_unidade_gestora":"201157","codigo_unidade_orcamentaria":"02110","numero_empenho":"0002341","classificacao":"126","data_empenho":"2022-05-16","codigo_credor":"05457026000187","nome_credor":"MARIA CRISTIANE LEMOS DE ARAUJO","valor_contratado":3447.89,"valor_pago":3447.89},{"codigo_unidade_gestora":"201157","codigo_unidade_orcamentaria":"02140","numero_empenho":"0002342","classificacao":"126","data_empenho":"2022-05-16","codigo_credor":"05457026000187","nome_credor":"MARIA CRISTIANE LEMOS DE ARAUJO","valor_contratado":2201.18,"valor_pago":2201.18},{"codigo_unidade_gestora":"201157","codigo_unidade_orcamentaria":"02020","numero_empenho":"0002343","classificacao":"126","data_empenho":"2022-05-16","codigo_credor":"05457026000187","nome_credor":"MARIA CRISTIANE LEMOS DE ARAUJO","valor_contratado":1922.00,"valor_pago":1922.00},{"codigo_unidade_gestora":"201157","codigo_unidade_orcamentaria":"02110","numero_empenho":"0002344","classificacao":"126","data_empenho":"2022-05-16","codigo_credor":"03817043000152","nome_credor":"PHARMAPLUS LTDA","valor_contratado":1146.00,"valor_pago":1146.00},{"codigo_unidade_gestora":"201157","codigo_unidade_orcamentaria":"02110","numero_empenho":"0002345","classificacao":"126","data_empenho":"2022-05-16","codigo_credor":"03817043000152","nome_credor":"PHARMAPLUS LTDA","valor_contratado":1077.60,"valor_pago":1077.60},{"codigo_unidade_gestora":"201157","codigo_unidade_orcamentaria":"02110","numero_empenho":"0002346","classificacao":"126","data_empenho":"2022-05-16","codigo_credor":"03817043000152","nome_credor":"PHARMAPLUS LTDA","valor_contratado":1400.00,"valor_pago":1400.00},{"codigo_unidade_gestora":"201157","codigo_unidade_orcamentaria":"02110","numero_empenho":"0002347","classificacao":"126","data_empenho":"2022-05-16","codigo_credor":"03817043000152","nome_credor":"PHARMAPLUS LTDA","valor_contratado":152.00,"valor_pago":152.00},{"codigo_unidade_gestora":"201157","codigo_unidade_orcamentaria":"02110","numero_empenho":"0002348","classificacao":"126","data_empenho":"2022-05-17","codigo_credor":"08674752000140","nome_credor":"CIRURGICA MONTEBELLO LTDA","valor_contratado":300.00,"valor_pago":300.00},{"codigo_unidade_gestora":"201157","codigo_unidade_orcamentaria":"02050","numero_empenho":"0002349","classificacao":"126","data_empenho":"2022-05-17","codigo_credor":"42878093000100","nome_credor":"JCASIF COMERCIO VAREJISTA DE CEREAIS LTDA","valor_contratado":5052.10,"valor_pago":5052.10},{"codigo_unidade_gestora":"201157","codigo_unidade_orcamentaria":"02110","numero_empenho":"0002350","classificacao":"126","data_empenho":"2022-05-17","codigo_credor":"08674752000140","nome_credor":"CIRURGICA MONTEBELLO LTDA","valor_contratado":4.50,"valor_pago":4.50},{"codigo_unidade_gestora":"201157","codigo_unidade_orcamentaria":"02090","numero_empenho":"0002351","classificacao":"135","data_empenho":"2022-05-17","codigo_credor":"29561256000150","nome_credor":"DIMAS DA COSTA ALVES 10985830433","valor_contratado":20000.00,"valor_pago":20000.00},{"codigo_unidade_gestora":"201157","codigo_unidade_orcamentaria":"02090","numero_empenho":"0002352","classificacao":"135","data_empenho":"2022-05-17","codigo_credor":"30246544000107","nome_credor":"MAYARA PEREIRA FERNANDES 09495281458","valor_contratado":19000.00,"valor_pago":19000.00},{"codigo_unidade_gestora":"201157","codigo_unidade_orcamentaria":"02040","numero_empenho":"0002353","classificacao":"135","data_empenho":"2022-05-17","codigo_credor":"09095183000140","nome_credor":"ENERGISA","valor_contratado":12552.90,"valor_pago":12552.90},{"codigo_unidade_gestora":"201157","codigo_unidade_orcamentaria":"02050","numero_empenho":"0002354","classificacao":"135","data_empenho":"2022-05-17","codigo_credor":"09095183000140","nome_credor":"ENERGISA","valor_contratado":11306.55,"valor_pago":11306.55},{"codigo_unidade_gestora":"201157","codigo_unidade_orcamentaria":"02080","numero_empenho":"0002355","classificacao":"135","data_empenho":"2022-05-17","codigo_credor":"09095183000140","nome_credor":"ENERGISA","valor_contratado":10713.02,"valor_pago":10713.02},{"codigo_unidade_gestora":"201157","codigo_unidade_orcamentaria":"02010","numero_empenho":"0002356","classificacao":"97","data_empenho":"2022-05-17","codigo_credor":"00636397000102","nome_credor":"FAMUP","valor_contratado":1300.00,"valor_pago":1300.00},{"codigo_unidade_gestora":"201157","codigo_unidade_orcamentaria":"02070","numero_empenho":"0002357","classificacao":"129","data_empenho":"2022-05-17","codigo_credor":"04724352000140","nome_credor":"PINHEIRAO VIAGENS E TURISMO LTDA.","valor_contratado":1793.19,"valor_pago":1793.19},{"codigo_unidade_gestora":"201157","codigo_unidade_orcamentaria":"02080","numero_empenho":"0002358","classificacao":"135","data_empenho":"2022-05-17","codigo_credor":"09095183000140","nome_credor":"ENERGISA","valor_contratado":47297.26,"valor_pago":47297.26},{"codigo_unidade_gestora":"201157","codigo_unidade_orcamentaria":"02090","numero_empenho":"0002359","classificacao":"135","data_empenho":"2022-05-17","codigo_credor":"24316195000141","nome_credor":"JONHN RAILSON MORAIS BATISTA","valor_contratado":20000.00,"valor_pago":20000.00},{"codigo_unidade_gestora":"201157","codigo_unidade_orcamentaria":"02090","numero_empenho":"0002360","classificacao":"135","data_empenho":"2022-05-17","codigo_credor":"38439696000120","nome_credor":"RUBENS BEZERRA DE LIMA 08309528450","valor_contratado":19000.00,"valor_pago":19000.00},{"codigo_unidade_gestora":"201157","codigo_unidade_orcamentaria":"02090","numero_empenho":"0002361","classificacao":"135","data_empenho":"2022-05-17","codigo_credor":"31424800000163","nome_credor":"ADRIANO GONCALVES RODRIGUES DO NASCIMENTO","valor_contratado":19000.00,"valor_pago":19000.00},{"codigo_unidade_gestora":"201157","codigo_unidade_orcamentaria":"02090","numero_empenho":"0002362","classificacao":"135","data_empenho":"2022-05-17","codigo_credor":"40095475000123","nome_credor":"FRANCISCO FERNANDES DIAS 13433688800","valor_contratado":20000.00,"valor_pago":20000.00},{"codigo_unidade_gestora":"201157","codigo_unidade_orcamentaria":"02050","numero_empenho":"0002363","classificacao":"135","data_empenho":"2022-05-17","codigo_credor":"31424800000163","nome_credor":"ADRIANO GONCALVES RODRIGUES DO NASCIMENTO","valor_contratado":10640.00,"valor_pago":10640.00},{"codigo_unidade_gestora":"201157","codigo_unidade_orcamentaria":"02090","numero_empenho":"0002364","classificacao":"135","data_empenho":"2022-05-17","codigo_credor":"21424424000153","nome_credor":"EVERTON RIBEIRO GALDINO 11632185458","valor_contratado":3040.00,"valor_pago":3040.00},{"codigo_unidade_gestora":"201157","codigo_unidade_orcamentaria":"02110","numero_empenho":"0002365","classificacao":"135","data_empenho":"2022-05-17","codigo_credor":"21424424000153","nome_credor":"EVERTON RIBEIRO GALDINO 11632185458","valor_contratado":760.00,"valor_pago":760.00},{"codigo_unidade_gestora":"201157","codigo_unidade_orcamentaria":"02130","numero_empenho":"0002366","classificacao":"127","data_empenho":"2022-05-17","codigo_credor":"00070688261485","nome_credor":"LAUANA NASCIMENTO BELO","valor_contratado":200.00,"valor_pago":200.00},{"codigo_unidade_gestora":"201157","codigo_unidade_orcamentaria":"02130","numero_empenho":"0002367","classificacao":"127","data_empenho":"2022-05-17","codigo_credor":"00002726280420","nome_credor":"JOSE IVANILSON DOS SANTOS FERNANDES","valor_contratado":100.00,"valor_pago":100.00},{"codigo_unidade_gestora":"201157","codigo_unidade_orcamentaria":"02110","numero_empenho":"0002368","classificacao":"135","data_empenho":"2022-05-17","codigo_credor":"21424424000153","nome_credor":"EVERTON RIBEIRO GALDINO 11632185458","valor_contratado":380.00,"valor_pago":380.00},{"codigo_unidade_gestora":"201157","codigo_unidade_orcamentaria":"02110","numero_empenho":"0002369","classificacao":"135","data_empenho":"2022-05-17","codigo_credor":"21424424000153","nome_credor":"EVERTON RIBEIRO GALDINO 11632185458","valor_contratado":10260.00,"valor_pago":10260.00},{"codigo_unidade_gestora":"201157","codigo_unidade_orcamentaria":"02040","numero_empenho":"0002370","classificacao":"135","data_empenho":"2022-05-17","codigo_credor":"21424424000153","nome_credor":"EVERTON RIBEIRO GALDINO 11632185458","valor_contratado":380.00,"valor_pago":380.00},{"codigo_unidade_gestora":"201157","codigo_unidade_orcamentaria":"02140","numero_empenho":"0002371","classificacao":"135","data_empenho":"2022-05-17","codigo_credor":"00000000280704","nome_credor":"BANCO DO BRASIL S/A","valor_contratado":11.00,"valor_pago":11.00},{"codigo_unidade_gestora":"201157","codigo_unidade_orcamentaria":"02020","numero_empenho":"0002372","classificacao":"135","data_empenho":"2022-05-17","codigo_credor":"00000000280704","nome_credor":"BANCO DO BRASIL S/A","valor_contratado":55.00,"valor_pago":55.00},{"codigo_unidade_gestora":"201157","codigo_unidade_orcamentaria":"02020","numero_empenho":"0002373","classificacao":"135","data_empenho":"2022-05-17","codigo_credor":"00000000280704","nome_credor":"BANCO DO BRASIL S/A","valor_contratado":33.00,"valor_pago":33.00},{"codigo_unidade_gestora":"201157","codigo_unidade_orcamentaria":"02110","numero_empenho":"0002374","classificacao":"126","data_empenho":"2022-05-17","codigo_credor":"05412147000102","nome_credor":"DENTAL OESTE EIRELI","valor_contratado":1150.00,"valor_pago":1150.00},{"codigo_unidade_gestora":"201157","codigo_unidade_orcamentaria":"02080","numero_empenho":"0002375","classificacao":"126","data_empenho":"2022-05-18","codigo_credor":"41138298000188","nome_credor":"ATACADÃO DOS PARAFUSOS LTDA.","valor_contratado":300.00,"valor_pago":300.00},{"codigo_unidade_gestora":"201157","codigo_unidade_orcamentaria":"02010","numero_empenho":"0002376","classificacao":"126","data_empenho":"2022-05-18","codigo_credor":"01686814000194","nome_credor":"ALEXSANDRA DINIZ FERNANDES","valor_contratado":423.80,"valor_pago":423.80},{"codigo_unidade_gestora":"201157","codigo_unidade_orcamentaria":"02140","numero_empenho":"0002377","classificacao":"126","data_empenho":"2022-05-18","codigo_credor":"01686814000194","nome_credor":"ALEXSANDRA DINIZ FERNANDES","valor_contratado":4193.00,"valor_pago":4193.00},{"codigo_unidade_gestora":"201157","codigo_unidade_orcamentaria":"02140","numero_empenho":"0002378","classificacao":"126","data_empenho":"2022-05-18","codigo_credor":"01686814000194","nome_credor":"ALEXSANDRA DINIZ FERNANDES","valor_contratado":584.65,"valor_pago":584.65},{"codigo_unidade_gestora":"201157","codigo_unidade_orcamentaria":"02040","numero_empenho":"0002379","classificacao":"135","data_empenho":"2022-05-18","codigo_credor":"09032286000161","nome_credor":"LEANDRO SANTOS MEDEIROS ME","valor_contratado":400.00,"valor_pago":400.00},{"codigo_unidade_gestora":"201157","codigo_unidade_orcamentaria":"02040","numero_empenho":"0002380","classificacao":"135","data_empenho":"2022-05-18","codigo_credor":"22371960000109","nome_credor":"PEDRO TORQUATO DA SILVA-ME","valor_contratado":415.00,"valor_pago":415.00},{"codigo_unidade_gestora":"201157","codigo_unidade_orcamentaria":"02090","numero_empenho":"0002381","classificacao":"135","data_empenho":"2022-05-18","codigo_credor":"22371960000109","nome_credor":"PEDRO TORQUATO DA SILVA-ME","valor_contratado":200.00,"valor_pago":200.00},{"codigo_unidade_gestora":"201157","codigo_unidade_orcamentaria":"02050","numero_empenho":"0002382","classificacao":"135","data_empenho":"2022-05-18","codigo_credor":"29458217000121","nome_credor":"MARCOS ANTONIO BATISTA REIS 85353213491","valor_contratado":7600.00,"valor_pago":7600.00}]}}