{"size":50,"page":12,"total":1183,"count":50,"_embedded":{"empenhos":[{"codigo_unidade_gestora":"201157","codigo_unidade_orcamentaria":"02070","numero_empenho":"0008007","classificacao":"108","data_empenho":"2022-12-15","codigo_credor":"70097811000138","nome_credor":"IPSER/FOLHA DE PAGAMENTO/SAL.FAMILIA","valor_contratado":2471.35,"valor_pago":2471.35},{"codigo_unidade_gestora":"201157","codigo_unidade_orcamentaria":"02110","numero_empenho":"0008008","classificacao":"126","data_empenho":"2022-12-16","codigo_credor":"02977362000162","nome_credor":"A.COSTA COM.ATAC. DE PROD.FARM. LTDA","valor_contratado":5273.00,"valor_pago":0.00},{"codigo_unidade_gestora":"201157","codigo_unidade_orcamentaria":"02110","numero_empenho":"0008009","classificacao":"126","data_empenho":"2022-12-16","codigo_credor":"02977362000162","nome_credor":"A.COSTA COM.ATAC. DE PROD.FARM. LTDA","valor_contratado":17202.20,"valor_pago":0.00},{"codigo_unidade_gestora":"201157","codigo_unidade_orcamentaria":"02110","numero_empenho":"0008010","classificacao":"126","data_empenho":"2022-12-16","codigo_credor":"02977362000162","nome_credor":"A.COSTA COM.ATAC. DE PROD.FARM. LTDA","valor_contratado":17775.50,"valor_pago":0.00},{"codigo_unidade_gestora":"201157","codigo_unidade_orcamentaria":"02110","numero_empenho":"0008011","classificacao":"126","data_empenho":"2022-12-16","codigo_credor":"02977362000162","nome_credor":"A.COSTA COM.ATAC. DE PROD.FARM. LTDA","valor_contratado":11207.98,"valor_pago":11207.98},{"codigo_unidade_gestora":"201157","codigo_unidade_orcamentaria":"02110","numero_empenho":"0008012","classificacao":"135","data_empenho":"2022-12-16","codigo_credor":"27380620000150","nome_credor":"IVANCLECIO DE SOUZA RODRIGUES","valor_contratado":4400.00,"valor_pago":0.00},{"codigo_unidade_gestora":"201157","codigo_unidade_orcamentaria":"02110","numero_empenho":"0008013","classificacao":"135","data_empenho":"2022-12-16","codigo_credor":"27380620000150","nome_credor":"IVANCLECIO DE SOUZA RODRIGUES","valor_contratado":4400.00,"valor_pago":0.00},{"codigo_unidade_gestora":"201157","codigo_unidade_orcamentaria":"02110","numero_empenho":"0008014","classificacao":"126","data_empenho":"2022-12-16","codigo_credor":"03817043000152","nome_credor":"PHARMAPLUS LTDA","valor_contratado":1198.80,"valor_pago":0.00},{"codigo_unidade_gestora":"201157","codigo_unidade_orcamentaria":"02050","numero_empenho":"0008015","classificacao":"135","data_empenho":"2022-12-16","codigo_credor":"33332588000130","nome_credor":"VINICIUS DOS SANTOS PESSOA 13222955492","valor_contratado":1958.71,"valor_pago":1958.71},{"codigo_unidade_gestora":"201157","codigo_unidade_orcamentaria":"02050","numero_empenho":"0008016","classificacao":"135","data_empenho":"2022-12-16","codigo_credor":"33332588000130","nome_credor":"VINICIUS DOS SANTOS PESSOA 13222955492","valor_contratado":3113.53,"valor_pago":3113.53},{"codigo_unidade_gestora":"201157","codigo_unidade_orcamentaria":"02080","numero_empenho":"0008017","classificacao":"135","data_empenho":"2022-12-16","codigo_credor":"09234399000140","nome_credor":"CRIL EMPREENDIMENTO AMBIENTAL LTDA","valor_contratado":3100.00,"valor_pago":3100.00},{"codigo_unidade_gestora":"201157","codigo_unidade_orcamentaria":"02050","numero_empenho":"0008018","classificacao":"135","data_empenho":"2022-12-16","codigo_credor":"19712469000181","nome_credor":"MICHEL LOPES DE LIMA 09808104428","valor_contratado":2327.88,"valor_pago":2327.88},{"codigo_unidade_gestora":"201157","codigo_unidade_orcamentaria":"02050","numero_empenho":"0008019","classificacao":"135","data_empenho":"2022-12-16","codigo_credor":"29458217000121","nome_credor":"MARCOS ANTONIO BATISTA REIS 85353213491","valor_contratado":2960.96,"valor_pago":2960.96},{"codigo_unidade_gestora":"201157","codigo_unidade_orcamentaria":"02050","numero_empenho":"0008020","classificacao":"135","data_empenho":"2022-12-16","codigo_credor":"19432537000159","nome_credor":"PAULO PONCIANO DE SOUZA - 978359944-53","valor_contratado":2679.76,"valor_pago":2679.76},{"codigo_unidade_gestora":"201157","codigo_unidade_orcamentaria":"02050","numero_empenho":"0008021","classificacao":"135","data_empenho":"2022-12-16","codigo_credor":"29458217000121","nome_credor":"MARCOS ANTONIO BATISTA REIS 85353213491","valor_contratado":2216.35,"valor_pago":2216.35},{"codigo_unidade_gestora":"201157","codigo_unidade_orcamentaria":"02050","numero_empenho":"0008022","classificacao":"135","data_empenho":"2022-12-16","codigo_credor":"24316195000141","nome_credor":"JONHN RAILSON MORAIS BATISTA","valor_contratado":2300.52,"valor_pago":2300.52},{"codigo_unidade_gestora":"201157","codigo_unidade_orcamentaria":"02050","numero_empenho":"0008023","classificacao":"135","data_empenho":"2022-12-16","codigo_credor":"24316195000141","nome_credor":"JONHN RAILSON MORAIS BATISTA","valor_contratado":2237.44,"valor_pago":2237.44},{"codigo_unidade_gestora":"201157","codigo_unidade_orcamentaria":"02050","numero_empenho":"0008024","classificacao":"135","data_empenho":"2022-12-16","codigo_credor":"19573498000100","nome_credor":"JOSE PASSOS S. DE OLIVEIRA- 09220384493","valor_contratado":2290.83,"valor_pago":2290.83},{"codigo_unidade_gestora":"201157","codigo_unidade_orcamentaria":"02050","numero_empenho":"0008025","classificacao":"135","data_empenho":"2022-12-16","codigo_credor":"18973469000172","nome_credor":"ROBERTO GOMES DA SILVA","valor_contratado":2193.17,"valor_pago":2193.17},{"codigo_unidade_gestora":"201157","codigo_unidade_orcamentaria":"02050","numero_empenho":"0008026","classificacao":"135","data_empenho":"2022-12-16","codigo_credor":"19573498000100","nome_credor":"JOSE PASSOS S. DE OLIVEIRA- 09220384493","valor_contratado":2192.22,"valor_pago":2192.22},{"codigo_unidade_gestora":"201157","codigo_unidade_orcamentaria":"02050","numero_empenho":"0008027","classificacao":"135","data_empenho":"2022-12-16","codigo_credor":"36826273000137","nome_credor":"LUIZ FERNANDO MISSIAS DE FARIAS 12567919465","valor_contratado":2051.62,"valor_pago":2051.62},{"codigo_unidade_gestora":"201157","codigo_unidade_orcamentaria":"02050","numero_empenho":"0008028","classificacao":"135","data_empenho":"2022-12-16","codigo_credor":"19225950000142","nome_credor":"PAULO DOS SANTOS ADELINO - 036.224.944-09","valor_contratado":2470.00,"valor_pago":2470.00},{"codigo_unidade_gestora":"201157","codigo_unidade_orcamentaria":"02050","numero_empenho":"0008029","classificacao":"135","data_empenho":"2022-12-16","codigo_credor":"19539921000155","nome_credor":"JOSE ROBERTO DA SILVA -033.365.154-59","valor_contratado":1900.00,"valor_pago":1900.00},{"codigo_unidade_gestora":"201157","codigo_unidade_orcamentaria":"02050","numero_empenho":"0008030","classificacao":"135","data_empenho":"2022-12-16","codigo_credor":"19225950000142","nome_credor":"PAULO DOS SANTOS ADELINO - 036.224.944-09","valor_contratado":2108.81,"valor_pago":2108.81},{"codigo_unidade_gestora":"201157","codigo_unidade_orcamentaria":"02050","numero_empenho":"0008031","classificacao":"135","data_empenho":"2022-12-16","codigo_credor":"19563523000174","nome_credor":"ANTONIO PEREIRA MIRANDA - 0522749844-40","valor_contratado":2470.00,"valor_pago":2470.00},{"codigo_unidade_gestora":"201157","codigo_unidade_orcamentaria":"02050","numero_empenho":"0008032","classificacao":"135","data_empenho":"2022-12-16","codigo_credor":"19332221000195","nome_credor":"JOÃO RODRIGUES DA COSTA 58636820430","valor_contratado":2685.08,"valor_pago":2685.08},{"codigo_unidade_gestora":"201157","codigo_unidade_orcamentaria":"02050","numero_empenho":"0008033","classificacao":"135","data_empenho":"2022-12-16","codigo_credor":"19563523000174","nome_credor":"ANTONIO PEREIRA MIRANDA - 0522749844-40","valor_contratado":2181.20,"valor_pago":2181.20},{"codigo_unidade_gestora":"201157","codigo_unidade_orcamentaria":"02050","numero_empenho":"0008034","classificacao":"135","data_empenho":"2022-12-16","codigo_credor":"19332221000195","nome_credor":"JOÃO RODRIGUES DA COSTA 58636820430","valor_contratado":2249.22,"valor_pago":2249.22},{"codigo_unidade_gestora":"201157","codigo_unidade_orcamentaria":"02050","numero_empenho":"0008035","classificacao":"135","data_empenho":"2022-12-16","codigo_credor":"19263965000103","nome_credor":"JOSE SEVERINO LIMA - 08363009806","valor_contratado":2103.11,"valor_pago":2103.11},{"codigo_unidade_gestora":"201157","codigo_unidade_orcamentaria":"02050","numero_empenho":"0008036","classificacao":"135","data_empenho":"2022-12-16","codigo_credor":"19562890000153","nome_credor":"EDILSON BENTO ALVES - 042.998.774-97","valor_contratado":2375.00,"valor_pago":2375.00},{"codigo_unidade_gestora":"201157","codigo_unidade_orcamentaria":"02050","numero_empenho":"0008037","classificacao":"135","data_empenho":"2022-12-16","codigo_credor":"40634472000110","nome_credor":"JOSE DOS SANTOS OLIVEIRA","valor_contratado":2777.99,"valor_pago":2777.99},{"codigo_unidade_gestora":"201157","codigo_unidade_orcamentaria":"02050","numero_empenho":"0008038","classificacao":"135","data_empenho":"2022-12-16","codigo_credor":"40634472000110","nome_credor":"JOSE DOS SANTOS OLIVEIRA","valor_contratado":2632.07,"valor_pago":2632.07},{"codigo_unidade_gestora":"201157","codigo_unidade_orcamentaria":"02050","numero_empenho":"0008039","classificacao":"135","data_empenho":"2022-12-16","codigo_credor":"32593366000108","nome_credor":"DJAILSON DE FARIAS FERREIRA 09774773470","valor_contratado":1804.81,"valor_pago":1804.81},{"codigo_unidade_gestora":"201157","codigo_unidade_orcamentaria":"02050","numero_empenho":"0008040","classificacao":"135","data_empenho":"2022-12-16","codigo_credor":"40634472000110","nome_credor":"JOSE DOS SANTOS OLIVEIRA","valor_contratado":2100.26,"valor_pago":2100.26},{"codigo_unidade_gestora":"201157","codigo_unidade_orcamentaria":"02050","numero_empenho":"0008041","classificacao":"135","data_empenho":"2022-12-16","codigo_credor":"41366784000153","nome_credor":"MARIVALDO LOPES DA SILVA 01249202418","valor_contratado":2350.68,"valor_pago":2350.68},{"codigo_unidade_gestora":"201157","codigo_unidade_orcamentaria":"02050","numero_empenho":"0008042","classificacao":"135","data_empenho":"2022-12-16","codigo_credor":"32593366000108","nome_credor":"DJAILSON DE FARIAS FERREIRA 09774773470","valor_contratado":1995.00,"valor_pago":1995.00},{"codigo_unidade_gestora":"201157","codigo_unidade_orcamentaria":"02050","numero_empenho":"0008043","classificacao":"135","data_empenho":"2022-12-16","codigo_credor":"41366784000153","nome_credor":"MARIVALDO LOPES DA SILVA 01249202418","valor_contratado":1880.81,"valor_pago":1880.81},{"codigo_unidade_gestora":"201157","codigo_unidade_orcamentaria":"02050","numero_empenho":"0008044","classificacao":"135","data_empenho":"2022-12-16","codigo_credor":"19539239000162","nome_credor":"FABIANO L.DO NASCIMENTO-07178938471","valor_contratado":2109.00,"valor_pago":2109.00},{"codigo_unidade_gestora":"201157","codigo_unidade_orcamentaria":"02050","numero_empenho":"0008045","classificacao":"135","data_empenho":"2022-12-16","codigo_credor":"36826273000137","nome_credor":"LUIZ FERNANDO MISSIAS DE FARIAS 12567919465","valor_contratado":2146.62,"valor_pago":2146.62},{"codigo_unidade_gestora":"201157","codigo_unidade_orcamentaria":"02050","numero_empenho":"0008046","classificacao":"135","data_empenho":"2022-12-16","codigo_credor":"36826273000137","nome_credor":"LUIZ FERNANDO MISSIAS DE FARIAS 12567919465","valor_contratado":2595.02,"valor_pago":2595.02},{"codigo_unidade_gestora":"201157","codigo_unidade_orcamentaria":"02050","numero_empenho":"0008047","classificacao":"135","data_empenho":"2022-12-16","codigo_credor":"19539239000162","nome_credor":"FABIANO L.DO NASCIMENTO-07178938471","valor_contratado":2080.50,"valor_pago":2080.50},{"codigo_unidade_gestora":"201157","codigo_unidade_orcamentaria":"02050","numero_empenho":"0008048","classificacao":"135","data_empenho":"2022-12-16","codigo_credor":"19573568000120","nome_credor":"FRANCISCO DE A.MONTEIRO-98177699415","valor_contratado":2185.00,"valor_pago":2185.00},{"codigo_unidade_gestora":"201157","codigo_unidade_orcamentaria":"02050","numero_empenho":"0008049","classificacao":"135","data_empenho":"2022-12-16","codigo_credor":"19562890000153","nome_credor":"EDILSON BENTO ALVES - 042.998.774-97","valor_contratado":2300.52,"valor_pago":2300.52},{"codigo_unidade_gestora":"201157","codigo_unidade_orcamentaria":"02050","numero_empenho":"0008050","classificacao":"135","data_empenho":"2022-12-16","codigo_credor":"19144465000144","nome_credor":"ANTONIO MARIO DOS SANTOS JUNIOR 05954876452","valor_contratado":2982.81,"valor_pago":2982.81},{"codigo_unidade_gestora":"201157","codigo_unidade_orcamentaria":"02050","numero_empenho":"0008051","classificacao":"135","data_empenho":"2022-12-16","codigo_credor":"19144465000144","nome_credor":"ANTONIO MARIO DOS SANTOS JUNIOR 05954876452","valor_contratado":3352.55,"valor_pago":3352.55},{"codigo_unidade_gestora":"201157","codigo_unidade_orcamentaria":"02050","numero_empenho":"0008052","classificacao":"135","data_empenho":"2022-12-16","codigo_credor":"19692464000134","nome_credor":"JOÃO FERREIRA DO NASCIMENTO-219110614-53","valor_contratado":2090.00,"valor_pago":2090.00},{"codigo_unidade_gestora":"201157","codigo_unidade_orcamentaria":"02050","numero_empenho":"0008053","classificacao":"135","data_empenho":"2022-12-16","codigo_credor":"19562890000153","nome_credor":"EDILSON BENTO ALVES - 042.998.774-97","valor_contratado":2332.44,"valor_pago":2332.44},{"codigo_unidade_gestora":"201157","codigo_unidade_orcamentaria":"02050","numero_empenho":"0008054","classificacao":"135","data_empenho":"2022-12-16","codigo_credor":"27143877000198","nome_credor":"EDMILSON PEREIRA DA SILVA","valor_contratado":1958.90,"valor_pago":1958.90},{"codigo_unidade_gestora":"201157","codigo_unidade_orcamentaria":"02050","numero_empenho":"0008055","classificacao":"135","data_empenho":"2022-12-16","codigo_credor":"19692464000134","nome_credor":"JOÃO FERREIRA DO NASCIMENTO-219110614-53","valor_contratado":3097.00,"valor_pago":3097.00},{"codigo_unidade_gestora":"201157","codigo_unidade_orcamentaria":"02050","numero_empenho":"0008056","classificacao":"135","data_empenho":"2022-12-16","codigo_credor":"27143877000198","nome_credor":"EDMILSON PEREIRA DA SILVA","valor_contratado":2137.31,"valor_pago":2137.31}]}}