{"size":50,"page":15,"total":767,"count":50,"_embedded":{"empenhos":[{"codigo_unidade_gestora":"201157","codigo_unidade_orcamentaria":"02090","numero_empenho":"0004171","classificacao":"98","data_empenho":"2022-07-27","codigo_credor":"09048976000109","nome_credor":"Prefeitura Municipal de Remígio","valor_contratado":1312.00,"valor_pago":1312.00},{"codigo_unidade_gestora":"201157","codigo_unidade_orcamentaria":"02020","numero_empenho":"0004172","classificacao":"135","data_empenho":"2022-07-27","codigo_credor":"00000000280704","nome_credor":"BANCO DO BRASIL S/A","valor_contratado":11.00,"valor_pago":11.00},{"codigo_unidade_gestora":"201157","codigo_unidade_orcamentaria":"02020","numero_empenho":"0004173","classificacao":"135","data_empenho":"2022-07-27","codigo_credor":"00360305000104","nome_credor":"CAIXA ECONOMICA FEDERAL","valor_contratado":49.00,"valor_pago":49.00},{"codigo_unidade_gestora":"201157","codigo_unidade_orcamentaria":"02120","numero_empenho":"0004174","classificacao":"135","data_empenho":"2022-07-27","codigo_credor":"35266262000187","nome_credor":"GASPAR BERTOLDO FERNANDES","valor_contratado":900.00,"valor_pago":900.00},{"codigo_unidade_gestora":"201157","codigo_unidade_orcamentaria":"02110","numero_empenho":"0004175","classificacao":"126","data_empenho":"2022-07-28","codigo_credor":"08778201000126","nome_credor":"DROGAFONTE LTDA.","valor_contratado":2153.00,"valor_pago":2153.00},{"codigo_unidade_gestora":"201157","codigo_unidade_orcamentaria":"02030","numero_empenho":"0004176","classificacao":"187","data_empenho":"2022-07-28","codigo_credor":"09283185000163","nome_credor":"JOAO PESSOA TRIBUNAL DE JUSTIÇA DO ESTADO DA PARAIBA","valor_contratado":363.60,"valor_pago":363.60},{"codigo_unidade_gestora":"201157","codigo_unidade_orcamentaria":"02120","numero_empenho":"0004177","classificacao":"126","data_empenho":"2022-07-28","codigo_credor":"04358477000102","nome_credor":"COMERCIAL ACO BOMPRECO LTDA","valor_contratado":1341.77,"valor_pago":1341.77},{"codigo_unidade_gestora":"201157","codigo_unidade_orcamentaria":"02080","numero_empenho":"0004178","classificacao":"135","data_empenho":"2022-07-28","codigo_credor":"41201592000197","nome_credor":"ARNOBIO TEIXEIRA DE BRITO LYRA JUNIOR 04183890470","valor_contratado":2400.00,"valor_pago":2400.00},{"codigo_unidade_gestora":"201157","codigo_unidade_orcamentaria":"02020","numero_empenho":"0004179","classificacao":"108","data_empenho":"2022-07-28","codigo_credor":"70097811000138","nome_credor":"IPSER/FOLHA DE PAGAMENTO/SAL.FAMILIA","valor_contratado":20859.90,"valor_pago":20859.90},{"codigo_unidade_gestora":"201157","codigo_unidade_orcamentaria":"02080","numero_empenho":"0004180","classificacao":"135","data_empenho":"2022-07-28","codigo_credor":"41201592000197","nome_credor":"ARNOBIO TEIXEIRA DE BRITO LYRA JUNIOR 04183890470","valor_contratado":2725.00,"valor_pago":2725.00},{"codigo_unidade_gestora":"201157","codigo_unidade_orcamentaria":"02080","numero_empenho":"0004181","classificacao":"135","data_empenho":"2022-07-28","codigo_credor":"41201592000197","nome_credor":"ARNOBIO TEIXEIRA DE BRITO LYRA JUNIOR 04183890470","valor_contratado":2400.00,"valor_pago":2400.00},{"codigo_unidade_gestora":"201157","codigo_unidade_orcamentaria":"02110","numero_empenho":"0004182","classificacao":"108","data_empenho":"2022-07-28","codigo_credor":"70097811000138","nome_credor":"IPSER/FOLHA DE PAGAMENTO/SAL.FAMILIA","valor_contratado":7313.62,"valor_pago":7313.62},{"codigo_unidade_gestora":"201157","codigo_unidade_orcamentaria":"02080","numero_empenho":"0004183","classificacao":"135","data_empenho":"2022-07-28","codigo_credor":"41201592000197","nome_credor":"ARNOBIO TEIXEIRA DE BRITO LYRA JUNIOR 04183890470","valor_contratado":2725.00,"valor_pago":2725.00},{"codigo_unidade_gestora":"201157","codigo_unidade_orcamentaria":"02080","numero_empenho":"0004184","classificacao":"135","data_empenho":"2022-07-28","codigo_credor":"41201592000197","nome_credor":"ARNOBIO TEIXEIRA DE BRITO LYRA JUNIOR 04183890470","valor_contratado":2725.00,"valor_pago":2725.00},{"codigo_unidade_gestora":"201157","codigo_unidade_orcamentaria":"02040","numero_empenho":"0004185","classificacao":"108","data_empenho":"2022-07-28","codigo_credor":"70097811000138","nome_credor":"IPSER/FOLHA DE PAGAMENTO/SAL.FAMILIA","valor_contratado":24995.75,"valor_pago":24995.75},{"codigo_unidade_gestora":"201157","codigo_unidade_orcamentaria":"02080","numero_empenho":"0004186","classificacao":"135","data_empenho":"2022-07-28","codigo_credor":"41201592000197","nome_credor":"ARNOBIO TEIXEIRA DE BRITO LYRA JUNIOR 04183890470","valor_contratado":1799.00,"valor_pago":1799.00},{"codigo_unidade_gestora":"201157","codigo_unidade_orcamentaria":"02050","numero_empenho":"0004187","classificacao":"108","data_empenho":"2022-07-28","codigo_credor":"70097811000138","nome_credor":"IPSER/FOLHA DE PAGAMENTO/SAL.FAMILIA","valor_contratado":184895.28,"valor_pago":184895.28},{"codigo_unidade_gestora":"201157","codigo_unidade_orcamentaria":"02050","numero_empenho":"0004188","classificacao":"126","data_empenho":"2022-07-28","codigo_credor":"00003995962408","nome_credor":"CICERA SILVA CASADO","valor_contratado":1390.00,"valor_pago":1390.00},{"codigo_unidade_gestora":"201157","codigo_unidade_orcamentaria":"02080","numero_empenho":"0004189","classificacao":"135","data_empenho":"2022-07-28","codigo_credor":"41201592000197","nome_credor":"ARNOBIO TEIXEIRA DE BRITO LYRA JUNIOR 04183890470","valor_contratado":2400.00,"valor_pago":2400.00},{"codigo_unidade_gestora":"201157","codigo_unidade_orcamentaria":"02050","numero_empenho":"0004190","classificacao":"126","data_empenho":"2022-07-28","codigo_credor":"00000015338436","nome_credor":"MARIA LUZINETE CLEMENTINO DA COSTA","valor_contratado":1390.00,"valor_pago":1390.00},{"codigo_unidade_gestora":"201157","codigo_unidade_orcamentaria":"02070","numero_empenho":"0004191","classificacao":"108","data_empenho":"2022-07-28","codigo_credor":"70097811000138","nome_credor":"IPSER/FOLHA DE PAGAMENTO/SAL.FAMILIA","valor_contratado":2255.85,"valor_pago":2255.85},{"codigo_unidade_gestora":"201157","codigo_unidade_orcamentaria":"02050","numero_empenho":"0004192","classificacao":"126","data_empenho":"2022-07-28","codigo_credor":"00070254272410","nome_credor":"ARIANY PEREIRA FERNANDES","valor_contratado":1540.00,"valor_pago":1540.00},{"codigo_unidade_gestora":"201157","codigo_unidade_orcamentaria":"02050","numero_empenho":"0004193","classificacao":"108","data_empenho":"2022-07-28","codigo_credor":"70097811000138","nome_credor":"IPSER/FOLHA DE PAGAMENTO/SAL.FAMILIA","valor_contratado":8661.29,"valor_pago":8661.29},{"codigo_unidade_gestora":"201157","codigo_unidade_orcamentaria":"02110","numero_empenho":"0004194","classificacao":"108","data_empenho":"2022-07-28","codigo_credor":"70097811000138","nome_credor":"IPSER/FOLHA DE PAGAMENTO/SAL.FAMILIA","valor_contratado":40077.59,"valor_pago":40077.59},{"codigo_unidade_gestora":"201157","codigo_unidade_orcamentaria":"02110","numero_empenho":"0004195","classificacao":"108","data_empenho":"2022-07-28","codigo_credor":"70097811000138","nome_credor":"IPSER/FOLHA DE PAGAMENTO/SAL.FAMILIA","valor_contratado":383.27,"valor_pago":383.27},{"codigo_unidade_gestora":"201157","codigo_unidade_orcamentaria":"02070","numero_empenho":"0004196","classificacao":"108","data_empenho":"2022-07-28","codigo_credor":"70097811000138","nome_credor":"IPSER/FOLHA DE PAGAMENTO/SAL.FAMILIA","valor_contratado":141.39,"valor_pago":141.39},{"codigo_unidade_gestora":"201157","codigo_unidade_orcamentaria":"02020","numero_empenho":"0004197","classificacao":"108","data_empenho":"2022-07-28","codigo_credor":"70097811000138","nome_credor":"IPSER/FOLHA DE PAGAMENTO/SAL.FAMILIA","valor_contratado":117.43,"valor_pago":117.43},{"codigo_unidade_gestora":"201157","codigo_unidade_orcamentaria":"02120","numero_empenho":"0004198","classificacao":"126","data_empenho":"2022-07-28","codigo_credor":"41138298000188","nome_credor":"ATACADÃO DOS PARAFUSOS LTDA.","valor_contratado":2023.75,"valor_pago":2023.75},{"codigo_unidade_gestora":"201157","codigo_unidade_orcamentaria":"02140","numero_empenho":"0004199","classificacao":"128","data_empenho":"2022-07-28","codigo_credor":"25242664000198","nome_credor":"BRUNA EDUARDA BARBOSA GONÇALVES DE LIMA","valor_contratado":1000.00,"valor_pago":1000.00},{"codigo_unidade_gestora":"201157","codigo_unidade_orcamentaria":"02140","numero_empenho":"0004200","classificacao":"128","data_empenho":"2022-07-28","codigo_credor":"25242664000198","nome_credor":"BRUNA EDUARDA BARBOSA GONÇALVES DE LIMA","valor_contratado":1000.00,"valor_pago":1000.00},{"codigo_unidade_gestora":"201157","codigo_unidade_orcamentaria":"02010","numero_empenho":"0004201","classificacao":"132","data_empenho":"2022-07-28","codigo_credor":"00076735370872","nome_credor":"LUIZ FELIPE DA SILVA","valor_contratado":1700.00,"valor_pago":1700.00},{"codigo_unidade_gestora":"201157","codigo_unidade_orcamentaria":"02110","numero_empenho":"0004202","classificacao":"135","data_empenho":"2022-07-28","codigo_credor":"26572822000130","nome_credor":"ALINE AGUIAR ROCHA - ME","valor_contratado":6775.00,"valor_pago":6775.00},{"codigo_unidade_gestora":"201157","codigo_unidade_orcamentaria":"02020","numero_empenho":"0004203","classificacao":"135","data_empenho":"2022-07-28","codigo_credor":"00000000280704","nome_credor":"BANCO DO BRASIL S/A","valor_contratado":44.00,"valor_pago":44.00},{"codigo_unidade_gestora":"201157","codigo_unidade_orcamentaria":"02040","numero_empenho":"0004204","classificacao":"135","data_empenho":"2022-07-28","codigo_credor":"00000000280704","nome_credor":"BANCO DO BRASIL S/A","valor_contratado":33.00,"valor_pago":33.00},{"codigo_unidade_gestora":"201157","codigo_unidade_orcamentaria":"02070","numero_empenho":"0004205","classificacao":"135","data_empenho":"2022-07-28","codigo_credor":"76535764001972","nome_credor":"OI S.A.","valor_contratado":173.27,"valor_pago":173.27},{"codigo_unidade_gestora":"201157","codigo_unidade_orcamentaria":"02110","numero_empenho":"0004206","classificacao":"105","data_empenho":"2022-07-28","codigo_credor":"09048976000109","nome_credor":"Prefeitura Municipal de Remígio","valor_contratado":251115.49,"valor_pago":251115.49},{"codigo_unidade_gestora":"201157","codigo_unidade_orcamentaria":"02110","numero_empenho":"0004207","classificacao":"105","data_empenho":"2022-07-28","codigo_credor":"09048976000109","nome_credor":"Prefeitura Municipal de Remígio","valor_contratado":47113.60,"valor_pago":47113.50},{"codigo_unidade_gestora":"201157","codigo_unidade_orcamentaria":"02020","numero_empenho":"0004208","classificacao":"136","data_empenho":"2022-07-29","codigo_credor":"07553129000176","nome_credor":"PUBLIC SOFTWARE INFORMATICA LTDA-ME","valor_contratado":5790.50,"valor_pago":5790.50},{"codigo_unidade_gestora":"201157","codigo_unidade_orcamentaria":"02040","numero_empenho":"0004209","classificacao":"135","data_empenho":"2022-07-29","codigo_credor":"09234399000140","nome_credor":"CRIL EMPREENDIMENTO AMBIENTAL LTDA","valor_contratado":3100.00,"valor_pago":3100.00},{"codigo_unidade_gestora":"201157","codigo_unidade_orcamentaria":"02110","numero_empenho":"0004210","classificacao":"126","data_empenho":"2022-07-29","codigo_credor":"08674752000140","nome_credor":"CIRURGICA MONTEBELLO LTDA","valor_contratado":296.20,"valor_pago":296.20},{"codigo_unidade_gestora":"201157","codigo_unidade_orcamentaria":"02030","numero_empenho":"0004211","classificacao":"131","data_empenho":"2022-07-29","codigo_credor":"20503858000186","nome_credor":"SILANS & SILVA ADVOGADOS","valor_contratado":3500.00,"valor_pago":3500.00},{"codigo_unidade_gestora":"201157","codigo_unidade_orcamentaria":"02050","numero_empenho":"0004212","classificacao":"126","data_empenho":"2022-07-29","codigo_credor":"42878093000100","nome_credor":"JCASIF COMERCIO VAREJISTA DE CEREAIS LTDA","valor_contratado":8527.50,"valor_pago":8527.50},{"codigo_unidade_gestora":"201157","codigo_unidade_orcamentaria":"02110","numero_empenho":"0004213","classificacao":"126","data_empenho":"2022-07-29","codigo_credor":"08158664000195","nome_credor":"INDUSTRIA E COMERCIO DE PRODUTOS DE LIMPEZA CAMPINENSE LTDA","valor_contratado":1264.30,"valor_pago":1264.30},{"codigo_unidade_gestora":"201157","codigo_unidade_orcamentaria":"02050","numero_empenho":"0004214","classificacao":"126","data_empenho":"2022-07-29","codigo_credor":"08158664000195","nome_credor":"INDUSTRIA E COMERCIO DE PRODUTOS DE LIMPEZA CAMPINENSE LTDA","valor_contratado":334.70,"valor_pago":334.70},{"codigo_unidade_gestora":"201157","codigo_unidade_orcamentaria":"02110","numero_empenho":"0004215","classificacao":"126","data_empenho":"2022-07-29","codigo_credor":"08158664000195","nome_credor":"INDUSTRIA E COMERCIO DE PRODUTOS DE LIMPEZA CAMPINENSE LTDA","valor_contratado":1014.55,"valor_pago":1014.55},{"codigo_unidade_gestora":"201157","codigo_unidade_orcamentaria":"02050","numero_empenho":"0004216","classificacao":"126","data_empenho":"2022-07-29","codigo_credor":"08158664000195","nome_credor":"INDUSTRIA E COMERCIO DE PRODUTOS DE LIMPEZA CAMPINENSE LTDA","valor_contratado":209.95,"valor_pago":209.95},{"codigo_unidade_gestora":"201157","codigo_unidade_orcamentaria":"02080","numero_empenho":"0004217","classificacao":"135","data_empenho":"2022-07-29","codigo_credor":"32593366000108","nome_credor":"DJAILSON DE FARIAS FERREIRA 09774773470","valor_contratado":2200.00,"valor_pago":2200.00},{"codigo_unidade_gestora":"201157","codigo_unidade_orcamentaria":"02110","numero_empenho":"0004218","classificacao":"135","data_empenho":"2022-07-29","codigo_credor":"19500415000152","nome_credor":"EDER BATISTA DE SOUSA","valor_contratado":13050.00,"valor_pago":13050.00},{"codigo_unidade_gestora":"201157","codigo_unidade_orcamentaria":"02050","numero_empenho":"0004219","classificacao":"135","data_empenho":"2022-07-29","codigo_credor":"08361818000141","nome_credor":"CARTORIO DO UNICO OFICIO","valor_contratado":150.00,"valor_pago":150.00},{"codigo_unidade_gestora":"201157","codigo_unidade_orcamentaria":"02110","numero_empenho":"0004220","classificacao":"135","data_empenho":"2022-07-29","codigo_credor":"17630431000134","nome_credor":"MANASSES CORRETORA DE SEGUROS LTDA-ME","valor_contratado":6086.04,"valor_pago":6086.04}]}}