{"size":50,"page":10,"total":763,"count":50,"_embedded":{"empenhos":[{"codigo_unidade_gestora":"201157","codigo_unidade_orcamentaria":"02110","numero_empenho":"0003156","classificacao":"135","data_empenho":"2022-06-13","codigo_credor":"00360305000104","nome_credor":"CAIXA ECONOMICA FEDERAL","valor_contratado":10.45,"valor_pago":10.45},{"codigo_unidade_gestora":"201157","codigo_unidade_orcamentaria":"02020","numero_empenho":"0003157","classificacao":"132","data_empenho":"2022-06-14","codigo_credor":"00016167848491","nome_credor":"JOSE FERREIRA DO NASCIMENTO","valor_contratado":1050.00,"valor_pago":1050.00},{"codigo_unidade_gestora":"201157","codigo_unidade_orcamentaria":"02050","numero_empenho":"0003158","classificacao":"135","data_empenho":"2022-06-14","codigo_credor":"46613820000150","nome_credor":"GABRIEL DE SOUZA GUEDES QUERINO 11541651405","valor_contratado":5100.00,"valor_pago":5100.00},{"codigo_unidade_gestora":"201157","codigo_unidade_orcamentaria":"02010","numero_empenho":"0003159","classificacao":"97","data_empenho":"2022-06-14","codigo_credor":"00636397000102","nome_credor":"FAMUP","valor_contratado":1300.00,"valor_pago":1300.00},{"codigo_unidade_gestora":"201157","codigo_unidade_orcamentaria":"02040","numero_empenho":"0003160","classificacao":"135","data_empenho":"2022-06-14","codigo_credor":"14666954000142","nome_credor":"PONTUAL TRANSPORTE DE PASSAGEIROS LTDA","valor_contratado":1760.00,"valor_pago":1760.00},{"codigo_unidade_gestora":"201157","codigo_unidade_orcamentaria":"02050","numero_empenho":"0003161","classificacao":"135","data_empenho":"2022-06-14","codigo_credor":"14666954000142","nome_credor":"PONTUAL TRANSPORTE DE PASSAGEIROS LTDA","valor_contratado":1760.00,"valor_pago":1760.00},{"codigo_unidade_gestora":"201157","codigo_unidade_orcamentaria":"02080","numero_empenho":"0003162","classificacao":"135","data_empenho":"2022-06-14","codigo_credor":"14666954000142","nome_credor":"PONTUAL TRANSPORTE DE PASSAGEIROS LTDA","valor_contratado":2180.00,"valor_pago":2180.00},{"codigo_unidade_gestora":"201157","codigo_unidade_orcamentaria":"02020","numero_empenho":"0003163","classificacao":"135","data_empenho":"2022-06-14","codigo_credor":"00000000280704","nome_credor":"BANCO DO BRASIL S/A","valor_contratado":11.00,"valor_pago":11.00},{"codigo_unidade_gestora":"201157","codigo_unidade_orcamentaria":"02110","numero_empenho":"0003164","classificacao":"135","data_empenho":"2022-06-14","codigo_credor":"01024347000137","nome_credor":"NEUROCENTRO","valor_contratado":2700.00,"valor_pago":2700.00},{"codigo_unidade_gestora":"201157","codigo_unidade_orcamentaria":"02110","numero_empenho":"0003165","classificacao":"135","data_empenho":"2022-06-15","codigo_credor":"08841421000157","nome_credor":"FUNDAÇÃO ASSISTENCIAL DA PARAIBA - FAB","valor_contratado":300.00,"valor_pago":300.00},{"codigo_unidade_gestora":"201157","codigo_unidade_orcamentaria":"02050","numero_empenho":"0003166","classificacao":"114","data_empenho":"2022-06-15","codigo_credor":"61600839000155","nome_credor":"CIEE-CENTRO DE INTEGRAÇÃO EMPRESA ESCOLA","valor_contratado":4400.00,"valor_pago":4400.00},{"codigo_unidade_gestora":"201157","codigo_unidade_orcamentaria":"02140","numero_empenho":"0003167","classificacao":"128","data_empenho":"2022-06-15","codigo_credor":"19314487000105","nome_credor":"ALEXSANDRA DA COSTA GOMES DE MORAIS","valor_contratado":1022.00,"valor_pago":1022.00},{"codigo_unidade_gestora":"201157","codigo_unidade_orcamentaria":"02010","numero_empenho":"0003168","classificacao":"135","data_empenho":"2022-06-15","codigo_credor":"04196645000100","nome_credor":"PR/CC/IMPRENSA NACIONAL","valor_contratado":9366.88,"valor_pago":9366.88},{"codigo_unidade_gestora":"201157","codigo_unidade_orcamentaria":"02040","numero_empenho":"0003169","classificacao":"135","data_empenho":"2022-06-15","codigo_credor":"17018554000119","nome_credor":"VLADMIR DE MATOS LEITAO-ME","valor_contratado":300.00,"valor_pago":300.00},{"codigo_unidade_gestora":"201157","codigo_unidade_orcamentaria":"02110","numero_empenho":"0003170","classificacao":"126","data_empenho":"2022-06-15","codigo_credor":"02977362000162","nome_credor":"A.COSTA COM.ATAC. DE PROD.FARM. LTDA","valor_contratado":13297.22,"valor_pago":13297.22},{"codigo_unidade_gestora":"201157","codigo_unidade_orcamentaria":"02110","numero_empenho":"0003171","classificacao":"126","data_empenho":"2022-06-15","codigo_credor":"08778201000126","nome_credor":"DROGAFONTE LTDA.","valor_contratado":76.80,"valor_pago":76.80},{"codigo_unidade_gestora":"201157","codigo_unidade_orcamentaria":"02110","numero_empenho":"0003172","classificacao":"126","data_empenho":"2022-06-15","codigo_credor":"08778201000126","nome_credor":"DROGAFONTE LTDA.","valor_contratado":76.80,"valor_pago":76.80},{"codigo_unidade_gestora":"201157","codigo_unidade_orcamentaria":"02030","numero_empenho":"0003173","classificacao":"187","data_empenho":"2022-06-15","codigo_credor":"09283185000163","nome_credor":"JOAO PESSOA TRIBUNAL DE JUSTIÇA DO ESTADO DA PARAIBA","valor_contratado":3636.00,"valor_pago":3636.00},{"codigo_unidade_gestora":"201157","codigo_unidade_orcamentaria":"02010","numero_empenho":"0003174","classificacao":"135","data_empenho":"2022-06-15","codigo_credor":"09095183000140","nome_credor":"ENERGISA","valor_contratado":33.85,"valor_pago":33.85},{"codigo_unidade_gestora":"201157","codigo_unidade_orcamentaria":"02140","numero_empenho":"0003175","classificacao":"128","data_empenho":"2022-06-15","codigo_credor":"21187875000114","nome_credor":"NEVALTO DE SOUSA PEREIRA","valor_contratado":6285.00,"valor_pago":6285.00},{"codigo_unidade_gestora":"201157","codigo_unidade_orcamentaria":"02020","numero_empenho":"0003176","classificacao":"135","data_empenho":"2022-06-15","codigo_credor":"00000000280704","nome_credor":"BANCO DO BRASIL S/A","valor_contratado":88.00,"valor_pago":88.00},{"codigo_unidade_gestora":"201157","codigo_unidade_orcamentaria":"02020","numero_empenho":"0003177","classificacao":"135","data_empenho":"2022-06-15","codigo_credor":"00360305000104","nome_credor":"CAIXA ECONOMICA FEDERAL","valor_contratado":39.27,"valor_pago":39.27},{"codigo_unidade_gestora":"201157","codigo_unidade_orcamentaria":"02020","numero_empenho":"0003178","classificacao":"135","data_empenho":"2022-06-15","codigo_credor":"00360305000104","nome_credor":"CAIXA ECONOMICA FEDERAL","valor_contratado":172.04,"valor_pago":172.04},{"codigo_unidade_gestora":"201157","codigo_unidade_orcamentaria":"02050","numero_empenho":"0003179","classificacao":"135","data_empenho":"2022-06-17","codigo_credor":"29458217000121","nome_credor":"MARCOS ANTONIO BATISTA REIS 85353213491","valor_contratado":7700.00,"valor_pago":7700.00},{"codigo_unidade_gestora":"201157","codigo_unidade_orcamentaria":"02070","numero_empenho":"0003180","classificacao":"135","data_empenho":"2022-06-17","codigo_credor":"46030522000137","nome_credor":"SAMARA VIEIRA MENEZES 09934872463","valor_contratado":250.00,"valor_pago":250.00},{"codigo_unidade_gestora":"201157","codigo_unidade_orcamentaria":"02140","numero_empenho":"0003181","classificacao":"144","data_empenho":"2022-06-17","codigo_credor":"00006333898465","nome_credor":"MARIA NAZARE OTAVIANO DA SILVA","valor_contratado":300.00,"valor_pago":300.00},{"codigo_unidade_gestora":"201157","codigo_unidade_orcamentaria":"02010","numero_empenho":"0003182","classificacao":"135","data_empenho":"2022-06-17","codigo_credor":"09366790000106","nome_credor":"EMPRESA PARAIBANA DE COMUNICAÇÃO S.A -EPC","valor_contratado":774.00,"valor_pago":774.00},{"codigo_unidade_gestora":"201157","codigo_unidade_orcamentaria":"02140","numero_empenho":"0003183","classificacao":"144","data_empenho":"2022-06-17","codigo_credor":"00011565286405","nome_credor":"MARIA DO PATROCINIO DE LIMA","valor_contratado":280.00,"valor_pago":280.00},{"codigo_unidade_gestora":"201157","codigo_unidade_orcamentaria":"02140","numero_empenho":"0003184","classificacao":"144","data_empenho":"2022-06-17","codigo_credor":"00005501651424","nome_credor":"LUCIANA FERREIRA DE LIMA","valor_contratado":250.00,"valor_pago":250.00},{"codigo_unidade_gestora":"201157","codigo_unidade_orcamentaria":"02140","numero_empenho":"0003185","classificacao":"144","data_empenho":"2022-06-17","codigo_credor":"00013518475460","nome_credor":"AMANDA LIMA LOPES","valor_contratado":300.00,"valor_pago":300.00},{"codigo_unidade_gestora":"201157","codigo_unidade_orcamentaria":"02140","numero_empenho":"0003186","classificacao":"144","data_empenho":"2022-06-17","codigo_credor":"00016246696465","nome_credor":"MARIA CLARA FIDELIS DOS SANTOS","valor_contratado":200.00,"valor_pago":200.00},{"codigo_unidade_gestora":"201157","codigo_unidade_orcamentaria":"02090","numero_empenho":"0003187","classificacao":"135","data_empenho":"2022-06-17","codigo_credor":"46527530000193","nome_credor":"ROBERTO DA CUNHA FREIRE 08064498457","valor_contratado":2000.00,"valor_pago":2000.00},{"codigo_unidade_gestora":"201157","codigo_unidade_orcamentaria":"02050","numero_empenho":"0003188","classificacao":"126","data_empenho":"2022-06-17","codigo_credor":"00007468730423","nome_credor":"ADIVANA DE AGUIAR ALMEIDA","valor_contratado":1090.00,"valor_pago":1090.00},{"codigo_unidade_gestora":"201157","codigo_unidade_orcamentaria":"02050","numero_empenho":"0003189","classificacao":"126","data_empenho":"2022-06-17","codigo_credor":"00010831230410","nome_credor":"PATRICIA CORDEIRO DE AGUIAR","valor_contratado":1390.00,"valor_pago":1390.00},{"codigo_unidade_gestora":"201157","codigo_unidade_orcamentaria":"02050","numero_empenho":"0003190","classificacao":"126","data_empenho":"2022-06-17","codigo_credor":"00006891009499","nome_credor":"MARIA APARECIDA CAMILO BEZERRA","valor_contratado":2150.00,"valor_pago":2150.00},{"codigo_unidade_gestora":"201157","codigo_unidade_orcamentaria":"02050","numero_empenho":"0003191","classificacao":"126","data_empenho":"2022-06-17","codigo_credor":"00010494611421","nome_credor":"SIDINEIA CAMILO BEZERRA","valor_contratado":1600.00,"valor_pago":1600.00},{"codigo_unidade_gestora":"201157","codigo_unidade_orcamentaria":"02050","numero_empenho":"0003192","classificacao":"126","data_empenho":"2022-06-17","codigo_credor":"00005126763482","nome_credor":"ELIZABETY ANANIAS BARBOSA","valor_contratado":1700.00,"valor_pago":1700.00},{"codigo_unidade_gestora":"201157","codigo_unidade_orcamentaria":"02050","numero_empenho":"0003193","classificacao":"126","data_empenho":"2022-06-17","codigo_credor":"00005126763482","nome_credor":"ELIZABETY ANANIAS BARBOSA","valor_contratado":1700.00,"valor_pago":1700.00},{"codigo_unidade_gestora":"201157","codigo_unidade_orcamentaria":"02050","numero_empenho":"0003194","classificacao":"126","data_empenho":"2022-06-17","codigo_credor":"00007110275442","nome_credor":"REJANE DE LIMA NUNES","valor_contratado":1470.00,"valor_pago":1470.00},{"codigo_unidade_gestora":"201157","codigo_unidade_orcamentaria":"02050","numero_empenho":"0003195","classificacao":"126","data_empenho":"2022-06-17","codigo_credor":"00007110275442","nome_credor":"REJANE DE LIMA NUNES","valor_contratado":1470.00,"valor_pago":1470.00},{"codigo_unidade_gestora":"201157","codigo_unidade_orcamentaria":"02130","numero_empenho":"0003196","classificacao":"126","data_empenho":"2022-06-17","codigo_credor":"18880026000137","nome_credor":"ELIOSVALDO ALVES DA SILVA  04288072751","valor_contratado":749.00,"valor_pago":749.00},{"codigo_unidade_gestora":"201157","codigo_unidade_orcamentaria":"02130","numero_empenho":"0003197","classificacao":"126","data_empenho":"2022-06-17","codigo_credor":"18880026000137","nome_credor":"ELIOSVALDO ALVES DA SILVA  04288072751","valor_contratado":560.00,"valor_pago":560.00},{"codigo_unidade_gestora":"201157","codigo_unidade_orcamentaria":"02020","numero_empenho":"0003198","classificacao":"132","data_empenho":"2022-06-17","codigo_credor":"00011030378460","nome_credor":"FELIPE AGUIAR DE LIMA","valor_contratado":1200.00,"valor_pago":1200.00},{"codigo_unidade_gestora":"201157","codigo_unidade_orcamentaria":"02120","numero_empenho":"0003199","classificacao":"135","data_empenho":"2022-06-17","codigo_credor":"31082268000143","nome_credor":"MARIA EUNICE FIDELIS DE LIMA 01844384462","valor_contratado":700.00,"valor_pago":700.00},{"codigo_unidade_gestora":"201157","codigo_unidade_orcamentaria":"02010","numero_empenho":"0003200","classificacao":"135","data_empenho":"2022-06-17","codigo_credor":"17760192000137","nome_credor":"VALDEMIR CLEMENTINO DE AGUIAR 97705047420","valor_contratado":1200.00,"valor_pago":1200.00},{"codigo_unidade_gestora":"201157","codigo_unidade_orcamentaria":"02140","numero_empenho":"0003201","classificacao":"135","data_empenho":"2022-06-17","codigo_credor":"00000000280704","nome_credor":"BANCO DO BRASIL S/A","valor_contratado":11.00,"valor_pago":11.00},{"codigo_unidade_gestora":"201157","codigo_unidade_orcamentaria":"02010","numero_empenho":"0003203","classificacao":"135","data_empenho":"2022-06-17","codigo_credor":"19466870000189","nome_credor":"MARIVALDO RODRIGUES DA SILVA-ME","valor_contratado":1800.00,"valor_pago":1800.00},{"codigo_unidade_gestora":"201157","codigo_unidade_orcamentaria":"02140","numero_empenho":"0003204","classificacao":"135","data_empenho":"2022-06-17","codigo_credor":"00000000280704","nome_credor":"BANCO DO BRASIL S/A","valor_contratado":11.00,"valor_pago":11.00},{"codigo_unidade_gestora":"201157","codigo_unidade_orcamentaria":"02020","numero_empenho":"0003205","classificacao":"135","data_empenho":"2022-06-17","codigo_credor":"00000000280704","nome_credor":"BANCO DO BRASIL S/A","valor_contratado":44.00,"valor_pago":44.00},{"codigo_unidade_gestora":"201157","codigo_unidade_orcamentaria":"02050","numero_empenho":"0003206","classificacao":"135","data_empenho":"2022-06-20","codigo_credor":"33332588000130","nome_credor":"VINICIUS DOS SANTOS PESSOA 13222955492","valor_contratado":2199.78,"valor_pago":2199.78}]}}