{"size":50,"page":15,"total":802,"count":50,"_embedded":{"empenhos":[{"codigo_unidade_gestora":"201157","codigo_unidade_orcamentaria":"02050","numero_empenho":"0007353","classificacao":"105","data_empenho":"2022-11-29","codigo_credor":"09048976000109","nome_credor":"Prefeitura Municipal de Remígio","valor_contratado":15104.69,"valor_pago":15104.69},{"codigo_unidade_gestora":"201157","codigo_unidade_orcamentaria":"02050","numero_empenho":"0007354","classificacao":"105","data_empenho":"2022-11-29","codigo_credor":"09048976000109","nome_credor":"Prefeitura Municipal de Remígio","valor_contratado":333330.30,"valor_pago":333330.30},{"codigo_unidade_gestora":"201157","codigo_unidade_orcamentaria":"02050","numero_empenho":"0007355","classificacao":"135","data_empenho":"2022-11-29","codigo_credor":"28695805000116","nome_credor":"GB COMERCIO E SERVICOS LTDA - EPP","valor_contratado":518.90,"valor_pago":518.90},{"codigo_unidade_gestora":"201157","codigo_unidade_orcamentaria":"02050","numero_empenho":"0007356","classificacao":"105","data_empenho":"2022-11-29","codigo_credor":"09048976000109","nome_credor":"Prefeitura Municipal de Remígio","valor_contratado":239864.51,"valor_pago":239864.51},{"codigo_unidade_gestora":"201157","codigo_unidade_orcamentaria":"02110","numero_empenho":"0007357","classificacao":"135","data_empenho":"2022-11-29","codigo_credor":"19500415000152","nome_credor":"EDER BATISTA DE SOUSA","valor_contratado":13050.00,"valor_pago":13050.00},{"codigo_unidade_gestora":"201157","codigo_unidade_orcamentaria":"02050","numero_empenho":"0007358","classificacao":"105","data_empenho":"2022-11-29","codigo_credor":"09048976000109","nome_credor":"Prefeitura Municipal de Remígio","valor_contratado":31619.44,"valor_pago":31619.44},{"codigo_unidade_gestora":"201157","codigo_unidade_orcamentaria":"02050","numero_empenho":"0007359","classificacao":"105","data_empenho":"2022-11-29","codigo_credor":"09048976000109","nome_credor":"Prefeitura Municipal de Remígio","valor_contratado":188525.04,"valor_pago":188525.04},{"codigo_unidade_gestora":"201157","codigo_unidade_orcamentaria":"02050","numero_empenho":"0007360","classificacao":"105","data_empenho":"2022-11-29","codigo_credor":"09048976000109","nome_credor":"Prefeitura Municipal de Remígio","valor_contratado":17046.89,"valor_pago":17046.89},{"codigo_unidade_gestora":"201157","codigo_unidade_orcamentaria":"02080","numero_empenho":"0007361","classificacao":"126","data_empenho":"2022-11-29","codigo_credor":"40351078000175","nome_credor":"LUMIART COMERCIO E SERVICOS LTDA","valor_contratado":1385.00,"valor_pago":1385.00},{"codigo_unidade_gestora":"201157","codigo_unidade_orcamentaria":"02050","numero_empenho":"0007362","classificacao":"105","data_empenho":"2022-11-29","codigo_credor":"09048976000109","nome_credor":"Prefeitura Municipal de Remígio","valor_contratado":13363.52,"valor_pago":13363.52},{"codigo_unidade_gestora":"201157","codigo_unidade_orcamentaria":"02050","numero_empenho":"0007363","classificacao":"105","data_empenho":"2022-11-29","codigo_credor":"09048976000109","nome_credor":"Prefeitura Municipal de Remígio","valor_contratado":10748.60,"valor_pago":10748.60},{"codigo_unidade_gestora":"201157","codigo_unidade_orcamentaria":"02050","numero_empenho":"0007364","classificacao":"105","data_empenho":"2022-11-29","codigo_credor":"09048976000109","nome_credor":"Prefeitura Municipal de Remígio","valor_contratado":5419.55,"valor_pago":5419.55},{"codigo_unidade_gestora":"201157","codigo_unidade_orcamentaria":"02050","numero_empenho":"0007365","classificacao":"105","data_empenho":"2022-11-29","codigo_credor":"09048976000109","nome_credor":"Prefeitura Municipal de Remígio","valor_contratado":138810.12,"valor_pago":138810.12},{"codigo_unidade_gestora":"201157","codigo_unidade_orcamentaria":"02050","numero_empenho":"0007366","classificacao":"105","data_empenho":"2022-11-29","codigo_credor":"09048976000109","nome_credor":"Prefeitura Municipal de Remígio","valor_contratado":12355.57,"valor_pago":12355.57},{"codigo_unidade_gestora":"201157","codigo_unidade_orcamentaria":"02110","numero_empenho":"0007367","classificacao":"126","data_empenho":"2022-11-29","codigo_credor":"17227485000153","nome_credor":"LG PRODUTOS HOSPITALARES LTDA","valor_contratado":17030.25,"valor_pago":17030.25},{"codigo_unidade_gestora":"201157","codigo_unidade_orcamentaria":"02050","numero_empenho":"0007368","classificacao":"105","data_empenho":"2022-11-29","codigo_credor":"09048976000109","nome_credor":"Prefeitura Municipal de Remígio","valor_contratado":120393.88,"valor_pago":120393.88},{"codigo_unidade_gestora":"201157","codigo_unidade_orcamentaria":"02040","numero_empenho":"0007369","classificacao":"105","data_empenho":"2022-11-29","codigo_credor":"09048976000109","nome_credor":"Prefeitura Municipal de Remígio","valor_contratado":106572.29,"valor_pago":106572.29},{"codigo_unidade_gestora":"201157","codigo_unidade_orcamentaria":"02110","numero_empenho":"0007370","classificacao":"126","data_empenho":"2022-11-29","codigo_credor":"17227485000153","nome_credor":"LG PRODUTOS HOSPITALARES LTDA","valor_contratado":2769.52,"valor_pago":2769.52},{"codigo_unidade_gestora":"201157","codigo_unidade_orcamentaria":"02110","numero_empenho":"0007371","classificacao":"105","data_empenho":"2022-11-29","codigo_credor":"09048976000109","nome_credor":"Prefeitura Municipal de Remígio","valor_contratado":600.00,"valor_pago":600.00},{"codigo_unidade_gestora":"201157","codigo_unidade_orcamentaria":"02110","numero_empenho":"0007372","classificacao":"105","data_empenho":"2022-11-29","codigo_credor":"09048976000109","nome_credor":"Prefeitura Municipal de Remígio","valor_contratado":38135.59,"valor_pago":38135.59},{"codigo_unidade_gestora":"201157","codigo_unidade_orcamentaria":"02110","numero_empenho":"0007373","classificacao":"105","data_empenho":"2022-11-29","codigo_credor":"09048976000109","nome_credor":"Prefeitura Municipal de Remígio","valor_contratado":29973.00,"valor_pago":29973.00},{"codigo_unidade_gestora":"201157","codigo_unidade_orcamentaria":"02110","numero_empenho":"0007374","classificacao":"126","data_empenho":"2022-11-29","codigo_credor":"17227485000153","nome_credor":"LG PRODUTOS HOSPITALARES LTDA","valor_contratado":29539.00,"valor_pago":29539.00},{"codigo_unidade_gestora":"201157","codigo_unidade_orcamentaria":"02110","numero_empenho":"0007375","classificacao":"105","data_empenho":"2022-11-29","codigo_credor":"09048976000109","nome_credor":"Prefeitura Municipal de Remígio","valor_contratado":147488.56,"valor_pago":147488.56},{"codigo_unidade_gestora":"201157","codigo_unidade_orcamentaria":"02110","numero_empenho":"0007376","classificacao":"135","data_empenho":"2022-11-29","codigo_credor":"08716557000135","nome_credor":"CLINICA RADIOLOGICA DR.WANDERLEY LTDA","valor_contratado":430.00,"valor_pago":430.00},{"codigo_unidade_gestora":"201157","codigo_unidade_orcamentaria":"02110","numero_empenho":"0007377","classificacao":"126","data_empenho":"2022-11-29","codigo_credor":"04451626000175","nome_credor":"PHOSPODONT LTDA","valor_contratado":367.20,"valor_pago":367.20},{"codigo_unidade_gestora":"201157","codigo_unidade_orcamentaria":"02110","numero_empenho":"0007378","classificacao":"105","data_empenho":"2022-11-29","codigo_credor":"09048976000109","nome_credor":"Prefeitura Municipal de Remígio","valor_contratado":29627.36,"valor_pago":29627.36},{"codigo_unidade_gestora":"201157","codigo_unidade_orcamentaria":"02070","numero_empenho":"0007379","classificacao":"105","data_empenho":"2022-11-29","codigo_credor":"09048976000109","nome_credor":"Prefeitura Municipal de Remígio","valor_contratado":13521.80,"valor_pago":13521.80},{"codigo_unidade_gestora":"201157","codigo_unidade_orcamentaria":"02010","numero_empenho":"0007380","classificacao":"135","data_empenho":"2022-11-29","codigo_credor":"09095183000140","nome_credor":"ENERGISA","valor_contratado":35.31,"valor_pago":35.31},{"codigo_unidade_gestora":"201157","codigo_unidade_orcamentaria":"02070","numero_empenho":"0007381","classificacao":"105","data_empenho":"2022-11-29","codigo_credor":"09048976000109","nome_credor":"Prefeitura Municipal de Remígio","valor_contratado":14059.20,"valor_pago":14059.20},{"codigo_unidade_gestora":"201157","codigo_unidade_orcamentaria":"02070","numero_empenho":"0007382","classificacao":"135","data_empenho":"2022-11-29","codigo_credor":"09095183000140","nome_credor":"ENERGISA","valor_contratado":82.80,"valor_pago":82.80},{"codigo_unidade_gestora":"201157","codigo_unidade_orcamentaria":"02080","numero_empenho":"0007383","classificacao":"105","data_empenho":"2022-11-29","codigo_credor":"09048976000109","nome_credor":"Prefeitura Municipal de Remígio","valor_contratado":21549.56,"valor_pago":21549.56},{"codigo_unidade_gestora":"201157","codigo_unidade_orcamentaria":"02080","numero_empenho":"0007384","classificacao":"105","data_empenho":"2022-11-29","codigo_credor":"09048976000109","nome_credor":"Prefeitura Municipal de Remígio","valor_contratado":48680.86,"valor_pago":48680.86},{"codigo_unidade_gestora":"201157","codigo_unidade_orcamentaria":"02080","numero_empenho":"0007385","classificacao":"105","data_empenho":"2022-11-29","codigo_credor":"09048976000109","nome_credor":"Prefeitura Municipal de Remígio","valor_contratado":6124.24,"valor_pago":6124.24},{"codigo_unidade_gestora":"201157","codigo_unidade_orcamentaria":"02080","numero_empenho":"0007386","classificacao":"135","data_empenho":"2022-11-29","codigo_credor":"41201592000197","nome_credor":"ARNOBIO TEIXEIRA DE BRITO LYRA JUNIOR 04183890470","valor_contratado":2725.00,"valor_pago":2725.00},{"codigo_unidade_gestora":"201157","codigo_unidade_orcamentaria":"02090","numero_empenho":"0007387","classificacao":"105","data_empenho":"2022-11-29","codigo_credor":"09048976000109","nome_credor":"Prefeitura Municipal de Remígio","valor_contratado":6987.44,"valor_pago":6987.44},{"codigo_unidade_gestora":"201157","codigo_unidade_orcamentaria":"02080","numero_empenho":"0007388","classificacao":"135","data_empenho":"2022-11-29","codigo_credor":"41201592000197","nome_credor":"ARNOBIO TEIXEIRA DE BRITO LYRA JUNIOR 04183890470","valor_contratado":2725.00,"valor_pago":2725.00},{"codigo_unidade_gestora":"201157","codigo_unidade_orcamentaria":"02060","numero_empenho":"0007389","classificacao":"105","data_empenho":"2022-11-29","codigo_credor":"09048976000109","nome_credor":"Prefeitura Municipal de Remígio","valor_contratado":5165.76,"valor_pago":5165.76},{"codigo_unidade_gestora":"201157","codigo_unidade_orcamentaria":"02080","numero_empenho":"0007390","classificacao":"135","data_empenho":"2022-11-29","codigo_credor":"41201592000197","nome_credor":"ARNOBIO TEIXEIRA DE BRITO LYRA JUNIOR 04183890470","valor_contratado":2400.00,"valor_pago":2400.00},{"codigo_unidade_gestora":"201157","codigo_unidade_orcamentaria":"02010","numero_empenho":"0007391","classificacao":"105","data_empenho":"2022-11-29","codigo_credor":"09048976000109","nome_credor":"Prefeitura Municipal de Remígio","valor_contratado":20722.00,"valor_pago":20722.00},{"codigo_unidade_gestora":"201157","codigo_unidade_orcamentaria":"02080","numero_empenho":"0007392","classificacao":"135","data_empenho":"2022-11-29","codigo_credor":"41201592000197","nome_credor":"ARNOBIO TEIXEIRA DE BRITO LYRA JUNIOR 04183890470","valor_contratado":2725.00,"valor_pago":2725.00},{"codigo_unidade_gestora":"201157","codigo_unidade_orcamentaria":"02080","numero_empenho":"0007393","classificacao":"135","data_empenho":"2022-11-29","codigo_credor":"41201592000197","nome_credor":"ARNOBIO TEIXEIRA DE BRITO LYRA JUNIOR 04183890470","valor_contratado":2400.00,"valor_pago":2400.00},{"codigo_unidade_gestora":"201157","codigo_unidade_orcamentaria":"02030","numero_empenho":"0007394","classificacao":"105","data_empenho":"2022-11-29","codigo_credor":"09048976000109","nome_credor":"Prefeitura Municipal de Remígio","valor_contratado":11000.00,"valor_pago":11000.00},{"codigo_unidade_gestora":"201157","codigo_unidade_orcamentaria":"02080","numero_empenho":"0007395","classificacao":"135","data_empenho":"2022-11-29","codigo_credor":"41201592000197","nome_credor":"ARNOBIO TEIXEIRA DE BRITO LYRA JUNIOR 04183890470","valor_contratado":1799.00,"valor_pago":1799.00},{"codigo_unidade_gestora":"201157","codigo_unidade_orcamentaria":"02080","numero_empenho":"0007396","classificacao":"135","data_empenho":"2022-11-29","codigo_credor":"41201592000197","nome_credor":"ARNOBIO TEIXEIRA DE BRITO LYRA JUNIOR 04183890470","valor_contratado":2400.00,"valor_pago":2400.00},{"codigo_unidade_gestora":"201157","codigo_unidade_orcamentaria":"02020","numero_empenho":"0007397","classificacao":"105","data_empenho":"2022-11-29","codigo_credor":"09048976000109","nome_credor":"Prefeitura Municipal de Remígio","valor_contratado":18160.00,"valor_pago":18160.00},{"codigo_unidade_gestora":"201157","codigo_unidade_orcamentaria":"02050","numero_empenho":"0007398","classificacao":"150","data_empenho":"2022-11-29","codigo_credor":"03961467000196","nome_credor":"MULTI QUADROS E VIDROS LTDA","valor_contratado":17283.25,"valor_pago":0.00},{"codigo_unidade_gestora":"201157","codigo_unidade_orcamentaria":"02050","numero_empenho":"0007399","classificacao":"105","data_empenho":"2022-11-29","codigo_credor":"09048976000109","nome_credor":"Prefeitura Municipal de Remígio","valor_contratado":39633.37,"valor_pago":39633.37},{"codigo_unidade_gestora":"201157","codigo_unidade_orcamentaria":"02080","numero_empenho":"0007400","classificacao":"105","data_empenho":"2022-11-29","codigo_credor":"09048976000109","nome_credor":"Prefeitura Municipal de Remígio","valor_contratado":23156.00,"valor_pago":23156.00},{"codigo_unidade_gestora":"201157","codigo_unidade_orcamentaria":"02090","numero_empenho":"0007401","classificacao":"105","data_empenho":"2022-11-29","codigo_credor":"09048976000109","nome_credor":"Prefeitura Municipal de Remígio","valor_contratado":14260.00,"valor_pago":14260.00},{"codigo_unidade_gestora":"201157","codigo_unidade_orcamentaria":"02060","numero_empenho":"0007402","classificacao":"105","data_empenho":"2022-11-29","codigo_credor":"09048976000109","nome_credor":"Prefeitura Municipal de Remígio","valor_contratado":5712.00,"valor_pago":5712.00}]}}