{"size":50,"page":9,"total":767,"count":50,"_embedded":{"empenhos":[{"codigo_unidade_gestora":"201157","codigo_unidade_orcamentaria":"02050","numero_empenho":"0003871","classificacao":"135","data_empenho":"2022-07-14","codigo_credor":"22371960000109","nome_credor":"PEDRO TORQUATO DA SILVA-ME","valor_contratado":540.00,"valor_pago":540.00},{"codigo_unidade_gestora":"201157","codigo_unidade_orcamentaria":"02010","numero_empenho":"0003872","classificacao":"135","data_empenho":"2022-07-14","codigo_credor":"28253940000101","nome_credor":"DAVILLA IZIDIO DE ANDRADE","valor_contratado":1300.00,"valor_pago":1300.00},{"codigo_unidade_gestora":"201157","codigo_unidade_orcamentaria":"02010","numero_empenho":"0003873","classificacao":"135","data_empenho":"2022-07-14","codigo_credor":"22909263000150","nome_credor":"JOSE DE ARIMATEIA R.GONÇALVES 01608645428","valor_contratado":1300.00,"valor_pago":1300.00},{"codigo_unidade_gestora":"201157","codigo_unidade_orcamentaria":"02020","numero_empenho":"0003874","classificacao":"135","data_empenho":"2022-07-14","codigo_credor":"00000000280704","nome_credor":"BANCO DO BRASIL S/A","valor_contratado":22.00,"valor_pago":22.00},{"codigo_unidade_gestora":"201157","codigo_unidade_orcamentaria":"02010","numero_empenho":"0003875","classificacao":"135","data_empenho":"2022-07-15","codigo_credor":"09366790000106","nome_credor":"EMPRESA PARAIBANA DE COMUNICAÇÃO S.A -EPC","valor_contratado":435.00,"valor_pago":435.00},{"codigo_unidade_gestora":"201157","codigo_unidade_orcamentaria":"02050","numero_empenho":"0003876","classificacao":"135","data_empenho":"2022-07-15","codigo_credor":"09095183000140","nome_credor":"ENERGISA","valor_contratado":29.76,"valor_pago":29.76},{"codigo_unidade_gestora":"201157","codigo_unidade_orcamentaria":"02010","numero_empenho":"0003877","classificacao":"135","data_empenho":"2022-07-15","codigo_credor":"09366790000106","nome_credor":"EMPRESA PARAIBANA DE COMUNICAÇÃO S.A -EPC","valor_contratado":495.00,"valor_pago":495.00},{"codigo_unidade_gestora":"201157","codigo_unidade_orcamentaria":"02120","numero_empenho":"0003878","classificacao":"135","data_empenho":"2022-07-15","codigo_credor":"11334025000148","nome_credor":"MEDOW ENTRETENIMENTO E CULTURA LTDA","valor_contratado":0.00,"valor_pago":0.00},{"codigo_unidade_gestora":"201157","codigo_unidade_orcamentaria":"02010","numero_empenho":"0003879","classificacao":"135","data_empenho":"2022-07-15","codigo_credor":"09366790000106","nome_credor":"EMPRESA PARAIBANA DE COMUNICAÇÃO S.A -EPC","valor_contratado":675.00,"valor_pago":675.00},{"codigo_unidade_gestora":"201157","codigo_unidade_orcamentaria":"02110","numero_empenho":"0003880","classificacao":"126","data_empenho":"2022-07-15","codigo_credor":"08674752000140","nome_credor":"CIRURGICA MONTEBELLO LTDA","valor_contratado":681.00,"valor_pago":681.00},{"codigo_unidade_gestora":"201157","codigo_unidade_orcamentaria":"02110","numero_empenho":"0003881","classificacao":"126","data_empenho":"2022-07-15","codigo_credor":"09478023000180","nome_credor":"SANTOS & LUCENA LTDA","valor_contratado":1051.03,"valor_pago":1051.03},{"codigo_unidade_gestora":"201157","codigo_unidade_orcamentaria":"02050","numero_empenho":"0003882","classificacao":"110","data_empenho":"2022-07-15","codigo_credor":"00068868839415","nome_credor":"RILMA SUELY DE SOUZA MELO","valor_contratado":255.00,"valor_pago":255.00},{"codigo_unidade_gestora":"201157","codigo_unidade_orcamentaria":"02040","numero_empenho":"0003883","classificacao":"135","data_empenho":"2022-07-15","codigo_credor":"34506845000175","nome_credor":"MANAIRA APART HOTEL","valor_contratado":449.00,"valor_pago":449.00},{"codigo_unidade_gestora":"201157","codigo_unidade_orcamentaria":"02010","numero_empenho":"0003884","classificacao":"135","data_empenho":"2022-07-15","codigo_credor":"05804172000131","nome_credor":"LUPA LEITURA E ACOMP.PROC.DO DIARIO FORENSE LTDA","valor_contratado":3636.00,"valor_pago":3636.00},{"codigo_unidade_gestora":"201157","codigo_unidade_orcamentaria":"02110","numero_empenho":"0003885","classificacao":"126","data_empenho":"2022-07-15","codigo_credor":"17227485000153","nome_credor":"LG PRODUTOS HOSPITALARES LTDA","valor_contratado":16207.30,"valor_pago":16207.30},{"codigo_unidade_gestora":"201157","codigo_unidade_orcamentaria":"02110","numero_empenho":"0003886","classificacao":"126","data_empenho":"2022-07-15","codigo_credor":"17227485000153","nome_credor":"LG PRODUTOS HOSPITALARES LTDA","valor_contratado":24551.94,"valor_pago":24551.94},{"codigo_unidade_gestora":"201157","codigo_unidade_orcamentaria":"02110","numero_empenho":"0003887","classificacao":"135","data_empenho":"2022-07-15","codigo_credor":"02108023000301","nome_credor":"CESED-CENTRO DE ENSINO SUPERIOR E DESENVOLVIMENTO LTDA","valor_contratado":6125.00,"valor_pago":6125.00},{"codigo_unidade_gestora":"201157","codigo_unidade_orcamentaria":"02080","numero_empenho":"0003888","classificacao":"135","data_empenho":"2022-07-15","codigo_credor":"28695805000116","nome_credor":"GB COMERCIO E SERVICOS LTDA - EPP","valor_contratado":4209.60,"valor_pago":4209.60},{"codigo_unidade_gestora":"201157","codigo_unidade_orcamentaria":"02080","numero_empenho":"0003889","classificacao":"135","data_empenho":"2022-07-15","codigo_credor":"28695805000116","nome_credor":"GB COMERCIO E SERVICOS LTDA - EPP","valor_contratado":3810.39,"valor_pago":3810.39},{"codigo_unidade_gestora":"201157","codigo_unidade_orcamentaria":"02010","numero_empenho":"0003890","classificacao":"135","data_empenho":"2022-07-15","codigo_credor":"19466870000189","nome_credor":"MARIVALDO RODRIGUES DA SILVA-ME","valor_contratado":2500.00,"valor_pago":2500.00},{"codigo_unidade_gestora":"201157","codigo_unidade_orcamentaria":"02010","numero_empenho":"0003891","classificacao":"135","data_empenho":"2022-07-15","codigo_credor":"17760192000137","nome_credor":"VALDEMIR CLEMENTINO DE AGUIAR 97705047420","valor_contratado":1250.00,"valor_pago":1250.00},{"codigo_unidade_gestora":"201157","codigo_unidade_orcamentaria":"02080","numero_empenho":"0003892","classificacao":"135","data_empenho":"2022-07-15","codigo_credor":"28695805000116","nome_credor":"GB COMERCIO E SERVICOS LTDA - EPP","valor_contratado":3289.05,"valor_pago":3289.05},{"codigo_unidade_gestora":"201157","codigo_unidade_orcamentaria":"02020","numero_empenho":"0003893","classificacao":"126","data_empenho":"2022-07-15","codigo_credor":"44132269000105","nome_credor":"VANESSA CAETANO FRANCA DE AQUINO LEITE 05307428456","valor_contratado":1735.79,"valor_pago":1735.79},{"codigo_unidade_gestora":"201157","codigo_unidade_orcamentaria":"02110","numero_empenho":"0003894","classificacao":"126","data_empenho":"2022-07-15","codigo_credor":"44132269000105","nome_credor":"VANESSA CAETANO FRANCA DE AQUINO LEITE 05307428456","valor_contratado":2454.90,"valor_pago":2454.90},{"codigo_unidade_gestora":"201157","codigo_unidade_orcamentaria":"02090","numero_empenho":"0003895","classificacao":"135","data_empenho":"2022-07-15","codigo_credor":"17923503000131","nome_credor":"ERALDO MARINHO DA SILVA  13540129847","valor_contratado":2064.00,"valor_pago":2064.00},{"codigo_unidade_gestora":"201157","codigo_unidade_orcamentaria":"02120","numero_empenho":"0003896","classificacao":"135","data_empenho":"2022-07-15","codigo_credor":"17923503000131","nome_credor":"ERALDO MARINHO DA SILVA  13540129847","valor_contratado":1952.00,"valor_pago":1952.00},{"codigo_unidade_gestora":"201157","codigo_unidade_orcamentaria":"02050","numero_empenho":"0003897","classificacao":"149","data_empenho":"2022-07-15","codigo_credor":"26542655000185","nome_credor":"ITALO MELO CLEMENTINO EIRELI","valor_contratado":98069.82,"valor_pago":98069.82},{"codigo_unidade_gestora":"201157","codigo_unidade_orcamentaria":"02020","numero_empenho":"0003898","classificacao":"135","data_empenho":"2022-07-15","codigo_credor":"00000000280704","nome_credor":"BANCO DO BRASIL S/A","valor_contratado":143.00,"valor_pago":143.00},{"codigo_unidade_gestora":"201157","codigo_unidade_orcamentaria":"02020","numero_empenho":"0003899","classificacao":"135","data_empenho":"2022-07-15","codigo_credor":"00360305000104","nome_credor":"CAIXA ECONOMICA FEDERAL","valor_contratado":7.48,"valor_pago":7.48},{"codigo_unidade_gestora":"201157","codigo_unidade_orcamentaria":"02120","numero_empenho":"0003900","classificacao":"135","data_empenho":"2022-07-15","codigo_credor":"11918452000173","nome_credor":"MULTSERV REPRESENTAÇÕES LOCAÇÕES E SERVIÇOS LTDA.","valor_contratado":3360.00,"valor_pago":3360.00},{"codigo_unidade_gestora":"201157","codigo_unidade_orcamentaria":"02110","numero_empenho":"0003901","classificacao":"135","data_empenho":"2022-07-15","codigo_credor":"27380620000150","nome_credor":"IVANCLECIO DE SOUZA RODRIGUES","valor_contratado":4400.00,"valor_pago":4400.00},{"codigo_unidade_gestora":"201157","codigo_unidade_orcamentaria":"02110","numero_empenho":"0003902","classificacao":"126","data_empenho":"2022-07-18","codigo_credor":"04451626000175","nome_credor":"PHOSPODONT LTDA","valor_contratado":545.76,"valor_pago":545.76},{"codigo_unidade_gestora":"201157","codigo_unidade_orcamentaria":"02110","numero_empenho":"0003903","classificacao":"135","data_empenho":"2022-07-18","codigo_credor":"08716557000135","nome_credor":"CLINICA RADIOLOGICA DR.WANDERLEY LTDA","valor_contratado":330.00,"valor_pago":330.00},{"codigo_unidade_gestora":"201157","codigo_unidade_orcamentaria":"02110","numero_empenho":"0003904","classificacao":"135","data_empenho":"2022-07-18","codigo_credor":"26159387000117","nome_credor":"DINIZ SERVIÇOS MEDICOS E ASSESSORIA EMPRESARIAL LTDA","valor_contratado":550.00,"valor_pago":550.00},{"codigo_unidade_gestora":"201157","codigo_unidade_orcamentaria":"02140","numero_empenho":"0003905","classificacao":"126","data_empenho":"2022-07-18","codigo_credor":"01686814000194","nome_credor":"ALEXSANDRA DINIZ FERNANDES","valor_contratado":6752.05,"valor_pago":0.00},{"codigo_unidade_gestora":"201157","codigo_unidade_orcamentaria":"02070","numero_empenho":"0003906","classificacao":"126","data_empenho":"2022-07-18","codigo_credor":"01686814000194","nome_credor":"ALEXSANDRA DINIZ FERNANDES","valor_contratado":3764.45,"valor_pago":3764.45},{"codigo_unidade_gestora":"201157","codigo_unidade_orcamentaria":"02060","numero_empenho":"0003907","classificacao":"135","data_empenho":"2022-07-18","codigo_credor":"09095183000140","nome_credor":"ENERGISA","valor_contratado":43.25,"valor_pago":43.25},{"codigo_unidade_gestora":"201157","codigo_unidade_orcamentaria":"02010","numero_empenho":"0003908","classificacao":"126","data_empenho":"2022-07-18","codigo_credor":"01686814000194","nome_credor":"ALEXSANDRA DINIZ FERNANDES","valor_contratado":784.80,"valor_pago":784.80},{"codigo_unidade_gestora":"201157","codigo_unidade_orcamentaria":"02050","numero_empenho":"0003909","classificacao":"135","data_empenho":"2022-07-18","codigo_credor":"19144465000144","nome_credor":"ANTONIO MARIO DOS SANTOS JUNIOR 05954876452","valor_contratado":2635.20,"valor_pago":2635.20},{"codigo_unidade_gestora":"201157","codigo_unidade_orcamentaria":"02050","numero_empenho":"0003910","classificacao":"135","data_empenho":"2022-07-18","codigo_credor":"19332221000195","nome_credor":"JOÃO RODRIGUES DA COSTA 58636820430","valor_contratado":1816.00,"valor_pago":1816.00},{"codigo_unidade_gestora":"201157","codigo_unidade_orcamentaria":"02050","numero_empenho":"0003911","classificacao":"135","data_empenho":"2022-07-18","codigo_credor":"36326180000143","nome_credor":"GEFERSON MORAIS BATISTA 06896637498","valor_contratado":1840.00,"valor_pago":1840.00},{"codigo_unidade_gestora":"201157","codigo_unidade_orcamentaria":"02050","numero_empenho":"0003912","classificacao":"135","data_empenho":"2022-07-18","codigo_credor":"19144465000144","nome_credor":"ANTONIO MARIO DOS SANTOS JUNIOR 05954876452","valor_contratado":2382.40,"valor_pago":2382.40},{"codigo_unidade_gestora":"201157","codigo_unidade_orcamentaria":"02050","numero_empenho":"0003913","classificacao":"135","data_empenho":"2022-07-18","codigo_credor":"36326180000143","nome_credor":"GEFERSON MORAIS BATISTA 06896637498","valor_contratado":1840.00,"valor_pago":1840.00},{"codigo_unidade_gestora":"201157","codigo_unidade_orcamentaria":"02050","numero_empenho":"0003914","classificacao":"135","data_empenho":"2022-07-18","codigo_credor":"19563523000174","nome_credor":"ANTONIO PEREIRA MIRANDA - 0522749844-40","valor_contratado":1836.80,"valor_pago":1836.80},{"codigo_unidade_gestora":"201157","codigo_unidade_orcamentaria":"02050","numero_empenho":"0003915","classificacao":"135","data_empenho":"2022-07-18","codigo_credor":"24316195000141","nome_credor":"JONHN RAILSON MORAIS BATISTA","valor_contratado":1760.00,"valor_pago":1760.00},{"codigo_unidade_gestora":"201157","codigo_unidade_orcamentaria":"02050","numero_empenho":"0003916","classificacao":"135","data_empenho":"2022-07-18","codigo_credor":"19692464000134","nome_credor":"JOÃO FERREIRA DO NASCIMENTO-219110614-53","valor_contratado":2608.00,"valor_pago":2608.00},{"codigo_unidade_gestora":"201157","codigo_unidade_orcamentaria":"02050","numero_empenho":"0003917","classificacao":"135","data_empenho":"2022-07-18","codigo_credor":"19563523000174","nome_credor":"ANTONIO PEREIRA MIRANDA - 0522749844-40","valor_contratado":2080.00,"valor_pago":2080.00},{"codigo_unidade_gestora":"201157","codigo_unidade_orcamentaria":"02050","numero_empenho":"0003918","classificacao":"135","data_empenho":"2022-07-18","codigo_credor":"24316195000141","nome_credor":"JONHN RAILSON MORAIS BATISTA","valor_contratado":1760.00,"valor_pago":1760.00},{"codigo_unidade_gestora":"201157","codigo_unidade_orcamentaria":"02050","numero_empenho":"0003919","classificacao":"135","data_empenho":"2022-07-18","codigo_credor":"19692464000134","nome_credor":"JOÃO FERREIRA DO NASCIMENTO-219110614-53","valor_contratado":1760.00,"valor_pago":1760.00},{"codigo_unidade_gestora":"201157","codigo_unidade_orcamentaria":"02050","numero_empenho":"0003920","classificacao":"135","data_empenho":"2022-07-18","codigo_credor":"32593366000108","nome_credor":"DJAILSON DE FARIAS FERREIRA 09774773470","valor_contratado":1680.00,"valor_pago":1680.00}]}}