{"size":50,"page":3,"total":767,"count":50,"_embedded":{"empenhos":[{"codigo_unidade_gestora":"201157","codigo_unidade_orcamentaria":"02040","numero_empenho":"0003570","classificacao":"135","data_empenho":"2022-07-05","codigo_credor":"00000000280704","nome_credor":"BANCO DO BRASIL S/A","valor_contratado":10.45,"valor_pago":10.45},{"codigo_unidade_gestora":"201157","codigo_unidade_orcamentaria":"02130","numero_empenho":"0003571","classificacao":"126","data_empenho":"2022-07-05","codigo_credor":"09261355000109","nome_credor":"HILTON PINHEIRO DANTAS","valor_contratado":70.90,"valor_pago":70.90},{"codigo_unidade_gestora":"201157","codigo_unidade_orcamentaria":"02080","numero_empenho":"0003572","classificacao":"135","data_empenho":"2022-07-05","codigo_credor":"22759235000102","nome_credor":"SENA CONSTRUÇÕES EIRELI-ME","valor_contratado":1595.00,"valor_pago":1595.00},{"codigo_unidade_gestora":"201157","codigo_unidade_orcamentaria":"02130","numero_empenho":"0003573","classificacao":"126","data_empenho":"2022-07-05","codigo_credor":"09261355000109","nome_credor":"HILTON PINHEIRO DANTAS","valor_contratado":248.15,"valor_pago":248.15},{"codigo_unidade_gestora":"201157","codigo_unidade_orcamentaria":"02080","numero_empenho":"0003574","classificacao":"126","data_empenho":"2022-07-05","codigo_credor":"09261355000109","nome_credor":"HILTON PINHEIRO DANTAS","valor_contratado":1952.50,"valor_pago":1952.50},{"codigo_unidade_gestora":"201157","codigo_unidade_orcamentaria":"02090","numero_empenho":"0003575","classificacao":"126","data_empenho":"2022-07-05","codigo_credor":"09261355000109","nome_credor":"HILTON PINHEIRO DANTAS","valor_contratado":100.84,"valor_pago":100.84},{"codigo_unidade_gestora":"201157","codigo_unidade_orcamentaria":"02080","numero_empenho":"0003576","classificacao":"126","data_empenho":"2022-07-05","codigo_credor":"09261355000109","nome_credor":"HILTON PINHEIRO DANTAS","valor_contratado":306.40,"valor_pago":306.40},{"codigo_unidade_gestora":"201157","codigo_unidade_orcamentaria":"02080","numero_empenho":"0003577","classificacao":"126","data_empenho":"2022-07-05","codigo_credor":"09261355000109","nome_credor":"HILTON PINHEIRO DANTAS","valor_contratado":154.47,"valor_pago":154.47},{"codigo_unidade_gestora":"201157","codigo_unidade_orcamentaria":"02130","numero_empenho":"0003578","classificacao":"126","data_empenho":"2022-07-05","codigo_credor":"09261355000109","nome_credor":"HILTON PINHEIRO DANTAS","valor_contratado":2219.16,"valor_pago":2219.16},{"codigo_unidade_gestora":"201157","codigo_unidade_orcamentaria":"02090","numero_empenho":"0003579","classificacao":"126","data_empenho":"2022-07-05","codigo_credor":"09261355000109","nome_credor":"HILTON PINHEIRO DANTAS","valor_contratado":4378.48,"valor_pago":4378.48},{"codigo_unidade_gestora":"201157","codigo_unidade_orcamentaria":"02080","numero_empenho":"0003580","classificacao":"126","data_empenho":"2022-07-05","codigo_credor":"09261355000109","nome_credor":"HILTON PINHEIRO DANTAS","valor_contratado":663.47,"valor_pago":663.47},{"codigo_unidade_gestora":"201157","codigo_unidade_orcamentaria":"02080","numero_empenho":"0003581","classificacao":"126","data_empenho":"2022-07-05","codigo_credor":"09261355000109","nome_credor":"HILTON PINHEIRO DANTAS","valor_contratado":7558.19,"valor_pago":7558.19},{"codigo_unidade_gestora":"201157","codigo_unidade_orcamentaria":"02140","numero_empenho":"0003582","classificacao":"126","data_empenho":"2022-07-05","codigo_credor":"09261355000109","nome_credor":"HILTON PINHEIRO DANTAS","valor_contratado":779.07,"valor_pago":779.07},{"codigo_unidade_gestora":"201157","codigo_unidade_orcamentaria":"02080","numero_empenho":"0003583","classificacao":"126","data_empenho":"2022-07-05","codigo_credor":"09261355000109","nome_credor":"HILTON PINHEIRO DANTAS","valor_contratado":2792.68,"valor_pago":2792.68},{"codigo_unidade_gestora":"201157","codigo_unidade_orcamentaria":"02080","numero_empenho":"0003584","classificacao":"126","data_empenho":"2022-07-05","codigo_credor":"09261355000109","nome_credor":"HILTON PINHEIRO DANTAS","valor_contratado":13288.45,"valor_pago":13288.45},{"codigo_unidade_gestora":"201157","codigo_unidade_orcamentaria":"02080","numero_empenho":"0003585","classificacao":"126","data_empenho":"2022-07-05","codigo_credor":"09261355000109","nome_credor":"HILTON PINHEIRO DANTAS","valor_contratado":8034.15,"valor_pago":8034.15},{"codigo_unidade_gestora":"201157","codigo_unidade_orcamentaria":"02090","numero_empenho":"0003586","classificacao":"126","data_empenho":"2022-07-05","codigo_credor":"09261355000109","nome_credor":"HILTON PINHEIRO DANTAS","valor_contratado":173.80,"valor_pago":173.80},{"codigo_unidade_gestora":"201157","codigo_unidade_orcamentaria":"02070","numero_empenho":"0003587","classificacao":"135","data_empenho":"2022-07-05","codigo_credor":"09095183000140","nome_credor":"ENERGISA","valor_contratado":113.36,"valor_pago":113.36},{"codigo_unidade_gestora":"201157","codigo_unidade_orcamentaria":"02120","numero_empenho":"0003588","classificacao":"135","data_empenho":"2022-07-05","codigo_credor":"29616667000103","nome_credor":"CARLOS DANIEL CRUZ FERREIRA 47459129860","valor_contratado":600.00,"valor_pago":600.00},{"codigo_unidade_gestora":"201157","codigo_unidade_orcamentaria":"02120","numero_empenho":"0003589","classificacao":"135","data_empenho":"2022-07-05","codigo_credor":"07551949000129","nome_credor":"FERREIRA PRODUCOES, LOCACOES E SERVICOS EIRELI","valor_contratado":15000.00,"valor_pago":15000.00},{"codigo_unidade_gestora":"201157","codigo_unidade_orcamentaria":"02110","numero_empenho":"0003590","classificacao":"135","data_empenho":"2022-07-05","codigo_credor":"42510848000100","nome_credor":"RODRIGO RENY BRAGA RIBEIRO","valor_contratado":5300.00,"valor_pago":5300.00},{"codigo_unidade_gestora":"201157","codigo_unidade_orcamentaria":"02120","numero_empenho":"0003591","classificacao":"135","data_empenho":"2022-07-05","codigo_credor":"11918452000173","nome_credor":"MULTSERV REPRESENTAÇÕES LOCAÇÕES E SERVIÇOS LTDA.","valor_contratado":0.00,"valor_pago":0.00},{"codigo_unidade_gestora":"201157","codigo_unidade_orcamentaria":"02040","numero_empenho":"0003592","classificacao":"135","data_empenho":"2022-07-05","codigo_credor":"00000000280704","nome_credor":"BANCO DO BRASIL S/A","valor_contratado":33.00,"valor_pago":33.00},{"codigo_unidade_gestora":"201157","codigo_unidade_orcamentaria":"02110","numero_empenho":"0003593","classificacao":"149","data_empenho":"2022-07-06","codigo_credor":"41201592000197","nome_credor":"ARNOBIO TEIXEIRA DE BRITO LYRA JUNIOR 04183890470","valor_contratado":10157.96,"valor_pago":10157.96},{"codigo_unidade_gestora":"201157","codigo_unidade_orcamentaria":"02110","numero_empenho":"0003594","classificacao":"135","data_empenho":"2022-07-06","codigo_credor":"22494864000140","nome_credor":"POLIVIDA CLINICA DE SAUDE POPULAR LTDA","valor_contratado":1800.00,"valor_pago":1800.00},{"codigo_unidade_gestora":"201157","codigo_unidade_orcamentaria":"02050","numero_empenho":"0003595","classificacao":"126","data_empenho":"2022-07-06","codigo_credor":"09261355000109","nome_credor":"HILTON PINHEIRO DANTAS","valor_contratado":1687.71,"valor_pago":1687.71},{"codigo_unidade_gestora":"201157","codigo_unidade_orcamentaria":"02110","numero_empenho":"0003596","classificacao":"135","data_empenho":"2022-07-06","codigo_credor":"22494864000140","nome_credor":"POLIVIDA CLINICA DE SAUDE POPULAR LTDA","valor_contratado":2400.00,"valor_pago":2400.00},{"codigo_unidade_gestora":"201157","codigo_unidade_orcamentaria":"02080","numero_empenho":"0003597","classificacao":"126","data_empenho":"2022-07-06","codigo_credor":"09261355000109","nome_credor":"HILTON PINHEIRO DANTAS","valor_contratado":1004.51,"valor_pago":1004.51},{"codigo_unidade_gestora":"201157","codigo_unidade_orcamentaria":"02110","numero_empenho":"0003598","classificacao":"135","data_empenho":"2022-07-06","codigo_credor":"22494864000140","nome_credor":"POLIVIDA CLINICA DE SAUDE POPULAR LTDA","valor_contratado":1800.00,"valor_pago":1800.00},{"codigo_unidade_gestora":"201157","codigo_unidade_orcamentaria":"02050","numero_empenho":"0003599","classificacao":"126","data_empenho":"2022-07-06","codigo_credor":"09261355000109","nome_credor":"HILTON PINHEIRO DANTAS","valor_contratado":1735.83,"valor_pago":1735.83},{"codigo_unidade_gestora":"201157","codigo_unidade_orcamentaria":"02050","numero_empenho":"0003600","classificacao":"126","data_empenho":"2022-07-06","codigo_credor":"09261355000109","nome_credor":"HILTON PINHEIRO DANTAS","valor_contratado":1922.58,"valor_pago":1922.58},{"codigo_unidade_gestora":"201157","codigo_unidade_orcamentaria":"02110","numero_empenho":"0003601","classificacao":"135","data_empenho":"2022-07-06","codigo_credor":"22494864000140","nome_credor":"POLIVIDA CLINICA DE SAUDE POPULAR LTDA","valor_contratado":840.00,"valor_pago":840.00},{"codigo_unidade_gestora":"201157","codigo_unidade_orcamentaria":"02050","numero_empenho":"0003602","classificacao":"126","data_empenho":"2022-07-06","codigo_credor":"09261355000109","nome_credor":"HILTON PINHEIRO DANTAS","valor_contratado":2781.50,"valor_pago":2781.50},{"codigo_unidade_gestora":"201157","codigo_unidade_orcamentaria":"02050","numero_empenho":"0003603","classificacao":"126","data_empenho":"2022-07-06","codigo_credor":"09261355000109","nome_credor":"HILTON PINHEIRO DANTAS","valor_contratado":3506.58,"valor_pago":3506.58},{"codigo_unidade_gestora":"201157","codigo_unidade_orcamentaria":"02050","numero_empenho":"0003604","classificacao":"126","data_empenho":"2022-07-06","codigo_credor":"09261355000109","nome_credor":"HILTON PINHEIRO DANTAS","valor_contratado":5469.59,"valor_pago":5469.59},{"codigo_unidade_gestora":"201157","codigo_unidade_orcamentaria":"02090","numero_empenho":"0003605","classificacao":"126","data_empenho":"2022-07-06","codigo_credor":"09261355000109","nome_credor":"HILTON PINHEIRO DANTAS","valor_contratado":1522.24,"valor_pago":1522.24},{"codigo_unidade_gestora":"201157","codigo_unidade_orcamentaria":"02050","numero_empenho":"0003606","classificacao":"126","data_empenho":"2022-07-06","codigo_credor":"09261355000109","nome_credor":"HILTON PINHEIRO DANTAS","valor_contratado":1997.83,"valor_pago":1997.83},{"codigo_unidade_gestora":"201157","codigo_unidade_orcamentaria":"02090","numero_empenho":"0003607","classificacao":"126","data_empenho":"2022-07-06","codigo_credor":"09261355000109","nome_credor":"HILTON PINHEIRO DANTAS","valor_contratado":7958.09,"valor_pago":7958.09},{"codigo_unidade_gestora":"201157","codigo_unidade_orcamentaria":"02020","numero_empenho":"0003608","classificacao":"143","data_empenho":"2022-07-06","codigo_credor":"02494312000124","nome_credor":"SECRETARIA DA RECEITA FEDERAL DO BRASIL","valor_contratado":972.08,"valor_pago":972.08},{"codigo_unidade_gestora":"201157","codigo_unidade_orcamentaria":"02050","numero_empenho":"0003609","classificacao":"126","data_empenho":"2022-07-06","codigo_credor":"09261355000109","nome_credor":"HILTON PINHEIRO DANTAS","valor_contratado":1946.09,"valor_pago":1946.09},{"codigo_unidade_gestora":"201157","codigo_unidade_orcamentaria":"02020","numero_empenho":"0003610","classificacao":"143","data_empenho":"2022-07-06","codigo_credor":"02494312000124","nome_credor":"SECRETARIA DA RECEITA FEDERAL DO BRASIL","valor_contratado":829.13,"valor_pago":829.13},{"codigo_unidade_gestora":"201157","codigo_unidade_orcamentaria":"02090","numero_empenho":"0003611","classificacao":"126","data_empenho":"2022-07-06","codigo_credor":"09261355000109","nome_credor":"HILTON PINHEIRO DANTAS","valor_contratado":1403.25,"valor_pago":1403.25},{"codigo_unidade_gestora":"201157","codigo_unidade_orcamentaria":"02020","numero_empenho":"0003612","classificacao":"143","data_empenho":"2022-07-06","codigo_credor":"02494312000124","nome_credor":"SECRETARIA DA RECEITA FEDERAL DO BRASIL","valor_contratado":508.19,"valor_pago":508.19},{"codigo_unidade_gestora":"201157","codigo_unidade_orcamentaria":"02050","numero_empenho":"0003613","classificacao":"126","data_empenho":"2022-07-06","codigo_credor":"09261355000109","nome_credor":"HILTON PINHEIRO DANTAS","valor_contratado":2533.41,"valor_pago":2533.41},{"codigo_unidade_gestora":"201157","codigo_unidade_orcamentaria":"02080","numero_empenho":"0003614","classificacao":"126","data_empenho":"2022-07-06","codigo_credor":"09261355000109","nome_credor":"HILTON PINHEIRO DANTAS","valor_contratado":2474.66,"valor_pago":2474.66},{"codigo_unidade_gestora":"201157","codigo_unidade_orcamentaria":"02020","numero_empenho":"0003615","classificacao":"143","data_empenho":"2022-07-06","codigo_credor":"02494312000124","nome_credor":"SECRETARIA DA RECEITA FEDERAL DO BRASIL","valor_contratado":250.00,"valor_pago":250.00},{"codigo_unidade_gestora":"201157","codigo_unidade_orcamentaria":"02050","numero_empenho":"0003616","classificacao":"126","data_empenho":"2022-07-06","codigo_credor":"09261355000109","nome_credor":"HILTON PINHEIRO DANTAS","valor_contratado":2183.53,"valor_pago":2183.53},{"codigo_unidade_gestora":"201157","codigo_unidade_orcamentaria":"02050","numero_empenho":"0003617","classificacao":"143","data_empenho":"2022-07-06","codigo_credor":"02494312000124","nome_credor":"SECRETARIA DA RECEITA FEDERAL DO BRASIL","valor_contratado":100.00,"valor_pago":100.00},{"codigo_unidade_gestora":"201157","codigo_unidade_orcamentaria":"02080","numero_empenho":"0003618","classificacao":"126","data_empenho":"2022-07-06","codigo_credor":"09261355000109","nome_credor":"HILTON PINHEIRO DANTAS","valor_contratado":1429.69,"valor_pago":1429.69},{"codigo_unidade_gestora":"201157","codigo_unidade_orcamentaria":"02050","numero_empenho":"0003619","classificacao":"126","data_empenho":"2022-07-06","codigo_credor":"09261355000109","nome_credor":"HILTON PINHEIRO DANTAS","valor_contratado":1424.59,"valor_pago":1424.59}]}}