{"size":50,"page":1,"total":766,"count":50,"_embedded":{"empenhos":[{"codigo_unidade_gestora":"201157","codigo_unidade_orcamentaria":"02020","numero_empenho":"0005883","classificacao":"135","data_empenho":"2022-10-03","codigo_credor":"00000000280704","nome_credor":"BANCO DO BRASIL S/A","valor_contratado":4.75,"valor_pago":4.75},{"codigo_unidade_gestora":"201157","codigo_unidade_orcamentaria":"02110","numero_empenho":"0005884","classificacao":"126","data_empenho":"2022-10-03","codigo_credor":"07788510000114","nome_credor":"IN-DENTAL PRODUTOS ODONTOLOGICOS, MEDICOS E HOSPITALARES LTDA","valor_contratado":413.10,"valor_pago":413.10},{"codigo_unidade_gestora":"201157","codigo_unidade_orcamentaria":"02110","numero_empenho":"0005885","classificacao":"126","data_empenho":"2022-10-03","codigo_credor":"07788510000114","nome_credor":"IN-DENTAL PRODUTOS ODONTOLOGICOS, MEDICOS E HOSPITALARES LTDA","valor_contratado":155.10,"valor_pago":155.10},{"codigo_unidade_gestora":"201157","codigo_unidade_orcamentaria":"02110","numero_empenho":"0005886","classificacao":"135","data_empenho":"2022-10-03","codigo_credor":"22494864000140","nome_credor":"POLIVIDA CLINICA DE SAUDE POPULAR LTDA","valor_contratado":2400.00,"valor_pago":2400.00},{"codigo_unidade_gestora":"201157","codigo_unidade_orcamentaria":"02110","numero_empenho":"0005887","classificacao":"135","data_empenho":"2022-10-03","codigo_credor":"22494864000140","nome_credor":"POLIVIDA CLINICA DE SAUDE POPULAR LTDA","valor_contratado":1800.00,"valor_pago":1800.00},{"codigo_unidade_gestora":"201157","codigo_unidade_orcamentaria":"02110","numero_empenho":"0005888","classificacao":"135","data_empenho":"2022-10-03","codigo_credor":"22494864000140","nome_credor":"POLIVIDA CLINICA DE SAUDE POPULAR LTDA","valor_contratado":1800.00,"valor_pago":1800.00},{"codigo_unidade_gestora":"201157","codigo_unidade_orcamentaria":"02110","numero_empenho":"0005889","classificacao":"135","data_empenho":"2022-10-03","codigo_credor":"22494864000140","nome_credor":"POLIVIDA CLINICA DE SAUDE POPULAR LTDA","valor_contratado":840.00,"valor_pago":840.00},{"codigo_unidade_gestora":"201157","codigo_unidade_orcamentaria":"02110","numero_empenho":"0005890","classificacao":"135","data_empenho":"2022-10-03","codigo_credor":"05623324000108","nome_credor":"FUNDACAO DE OLHOS DA PARAIBA - FOP","valor_contratado":6816.00,"valor_pago":6816.00},{"codigo_unidade_gestora":"201157","codigo_unidade_orcamentaria":"02050","numero_empenho":"0005891","classificacao":"114","data_empenho":"2022-10-03","codigo_credor":"61600839000155","nome_credor":"CIEE-CENTRO DE INTEGRAÇÃO EMPRESA ESCOLA","valor_contratado":34818.83,"valor_pago":34818.83},{"codigo_unidade_gestora":"201157","codigo_unidade_orcamentaria":"02110","numero_empenho":"0005892","classificacao":"126","data_empenho":"2022-10-04","codigo_credor":"05329135000119","nome_credor":"ALEXSANDRO SANTOS DA SILVA","valor_contratado":9274.00,"valor_pago":9274.00},{"codigo_unidade_gestora":"201157","codigo_unidade_orcamentaria":"02110","numero_empenho":"0005893","classificacao":"135","data_empenho":"2022-10-04","codigo_credor":"09653741000146","nome_credor":"CENTRO PARAIBANO DE NEUROCIENCIAS COGNITIVAS LTDA","valor_contratado":180.00,"valor_pago":180.00},{"codigo_unidade_gestora":"201157","codigo_unidade_orcamentaria":"02110","numero_empenho":"0005894","classificacao":"126","data_empenho":"2022-10-04","codigo_credor":"05457026000187","nome_credor":"MARIA CRISTIANE LEMOS DE ARAUJO","valor_contratado":3161.25,"valor_pago":3161.25},{"codigo_unidade_gestora":"201157","codigo_unidade_orcamentaria":"02110","numero_empenho":"0005895","classificacao":"126","data_empenho":"2022-10-04","codigo_credor":"05457026000187","nome_credor":"MARIA CRISTIANE LEMOS DE ARAUJO","valor_contratado":2948.14,"valor_pago":2948.14},{"codigo_unidade_gestora":"201157","codigo_unidade_orcamentaria":"02070","numero_empenho":"0005896","classificacao":"126","data_empenho":"2022-10-04","codigo_credor":"05457026000187","nome_credor":"MARIA CRISTIANE LEMOS DE ARAUJO","valor_contratado":3524.15,"valor_pago":3524.15},{"codigo_unidade_gestora":"201157","codigo_unidade_orcamentaria":"02050","numero_empenho":"0005897","classificacao":"126","data_empenho":"2022-10-04","codigo_credor":"05457026000187","nome_credor":"MARIA CRISTIANE LEMOS DE ARAUJO","valor_contratado":3602.22,"valor_pago":3602.22},{"codigo_unidade_gestora":"201157","codigo_unidade_orcamentaria":"02050","numero_empenho":"0005898","classificacao":"126","data_empenho":"2022-10-04","codigo_credor":"05457026000187","nome_credor":"MARIA CRISTIANE LEMOS DE ARAUJO","valor_contratado":3432.97,"valor_pago":3432.97},{"codigo_unidade_gestora":"201157","codigo_unidade_orcamentaria":"02020","numero_empenho":"0005899","classificacao":"126","data_empenho":"2022-10-04","codigo_credor":"05457026000187","nome_credor":"MARIA CRISTIANE LEMOS DE ARAUJO","valor_contratado":3767.86,"valor_pago":3767.86},{"codigo_unidade_gestora":"201157","codigo_unidade_orcamentaria":"02080","numero_empenho":"0005900","classificacao":"135","data_empenho":"2022-10-04","codigo_credor":"11955108000154","nome_credor":"ECOSOLO GESTAO AMBIENTAL DE RESIDUOS LTDA","valor_contratado":14011.25,"valor_pago":14011.25},{"codigo_unidade_gestora":"201157","codigo_unidade_orcamentaria":"02040","numero_empenho":"0005901","classificacao":"135","data_empenho":"2022-10-04","codigo_credor":"14949698000109","nome_credor":"G O L NETO EIRELI","valor_contratado":4200.00,"valor_pago":4200.00},{"codigo_unidade_gestora":"201157","codigo_unidade_orcamentaria":"02010","numero_empenho":"0005902","classificacao":"135","data_empenho":"2022-10-04","codigo_credor":"14949698000109","nome_credor":"G O L NETO EIRELI","valor_contratado":2466.86,"valor_pago":2466.86},{"codigo_unidade_gestora":"201157","codigo_unidade_orcamentaria":"02110","numero_empenho":"0005903","classificacao":"131","data_empenho":"2022-10-04","codigo_credor":"26804557000179","nome_credor":"JULIANNY DA CUNHA GOUVEIA","valor_contratado":2500.00,"valor_pago":2500.00},{"codigo_unidade_gestora":"201157","codigo_unidade_orcamentaria":"02110","numero_empenho":"0005904","classificacao":"126","data_empenho":"2022-10-04","codigo_credor":"09261355000109","nome_credor":"HILTON PINHEIRO DANTAS","valor_contratado":1119.10,"valor_pago":1119.10},{"codigo_unidade_gestora":"201157","codigo_unidade_orcamentaria":"02040","numero_empenho":"0005905","classificacao":"126","data_empenho":"2022-10-04","codigo_credor":"09261355000109","nome_credor":"HILTON PINHEIRO DANTAS","valor_contratado":1168.38,"valor_pago":1168.38},{"codigo_unidade_gestora":"201157","codigo_unidade_orcamentaria":"02040","numero_empenho":"0005906","classificacao":"126","data_empenho":"2022-10-04","codigo_credor":"09261355000109","nome_credor":"HILTON PINHEIRO DANTAS","valor_contratado":241.41,"valor_pago":241.41},{"codigo_unidade_gestora":"201157","codigo_unidade_orcamentaria":"02040","numero_empenho":"0005907","classificacao":"126","data_empenho":"2022-10-04","codigo_credor":"09261355000109","nome_credor":"HILTON PINHEIRO DANTAS","valor_contratado":3574.31,"valor_pago":3574.31},{"codigo_unidade_gestora":"201157","codigo_unidade_orcamentaria":"02040","numero_empenho":"0005908","classificacao":"126","data_empenho":"2022-10-04","codigo_credor":"09261355000109","nome_credor":"HILTON PINHEIRO DANTAS","valor_contratado":2951.20,"valor_pago":2951.20},{"codigo_unidade_gestora":"201157","codigo_unidade_orcamentaria":"02110","numero_empenho":"0005909","classificacao":"126","data_empenho":"2022-10-04","codigo_credor":"09261355000109","nome_credor":"HILTON PINHEIRO DANTAS","valor_contratado":3915.80,"valor_pago":3915.80},{"codigo_unidade_gestora":"201157","codigo_unidade_orcamentaria":"02040","numero_empenho":"0005910","classificacao":"126","data_empenho":"2022-10-04","codigo_credor":"09261355000109","nome_credor":"HILTON PINHEIRO DANTAS","valor_contratado":4136.96,"valor_pago":4136.96},{"codigo_unidade_gestora":"201157","codigo_unidade_orcamentaria":"02040","numero_empenho":"0005911","classificacao":"126","data_empenho":"2022-10-04","codigo_credor":"09261355000109","nome_credor":"HILTON PINHEIRO DANTAS","valor_contratado":1584.44,"valor_pago":1584.44},{"codigo_unidade_gestora":"201157","codigo_unidade_orcamentaria":"02040","numero_empenho":"0005912","classificacao":"126","data_empenho":"2022-10-04","codigo_credor":"09261355000109","nome_credor":"HILTON PINHEIRO DANTAS","valor_contratado":639.85,"valor_pago":639.85},{"codigo_unidade_gestora":"201157","codigo_unidade_orcamentaria":"02040","numero_empenho":"0005913","classificacao":"126","data_empenho":"2022-10-04","codigo_credor":"09261355000109","nome_credor":"HILTON PINHEIRO DANTAS","valor_contratado":18.80,"valor_pago":18.80},{"codigo_unidade_gestora":"201157","codigo_unidade_orcamentaria":"02040","numero_empenho":"0005914","classificacao":"126","data_empenho":"2022-10-04","codigo_credor":"09261355000109","nome_credor":"HILTON PINHEIRO DANTAS","valor_contratado":813.90,"valor_pago":813.90},{"codigo_unidade_gestora":"201157","codigo_unidade_orcamentaria":"02040","numero_empenho":"0005915","classificacao":"126","data_empenho":"2022-10-04","codigo_credor":"09261355000109","nome_credor":"HILTON PINHEIRO DANTAS","valor_contratado":87.95,"valor_pago":87.95},{"codigo_unidade_gestora":"201157","codigo_unidade_orcamentaria":"02040","numero_empenho":"0005916","classificacao":"126","data_empenho":"2022-10-04","codigo_credor":"09261355000109","nome_credor":"HILTON PINHEIRO DANTAS","valor_contratado":2220.84,"valor_pago":2220.84},{"codigo_unidade_gestora":"201157","codigo_unidade_orcamentaria":"02110","numero_empenho":"0005917","classificacao":"126","data_empenho":"2022-10-04","codigo_credor":"09261355000109","nome_credor":"HILTON PINHEIRO DANTAS","valor_contratado":331.01,"valor_pago":331.01},{"codigo_unidade_gestora":"201157","codigo_unidade_orcamentaria":"02110","numero_empenho":"0005918","classificacao":"135","data_empenho":"2022-10-04","codigo_credor":"09095183000140","nome_credor":"ENERGISA","valor_contratado":192.41,"valor_pago":192.41},{"codigo_unidade_gestora":"201157","codigo_unidade_orcamentaria":"02040","numero_empenho":"0005919","classificacao":"126","data_empenho":"2022-10-04","codigo_credor":"09261355000109","nome_credor":"HILTON PINHEIRO DANTAS","valor_contratado":933.67,"valor_pago":933.67},{"codigo_unidade_gestora":"201157","codigo_unidade_orcamentaria":"02110","numero_empenho":"0005920","classificacao":"126","data_empenho":"2022-10-04","codigo_credor":"09261355000109","nome_credor":"HILTON PINHEIRO DANTAS","valor_contratado":1306.91,"valor_pago":1306.91},{"codigo_unidade_gestora":"201157","codigo_unidade_orcamentaria":"02040","numero_empenho":"0005921","classificacao":"126","data_empenho":"2022-10-04","codigo_credor":"09261355000109","nome_credor":"HILTON PINHEIRO DANTAS","valor_contratado":818.03,"valor_pago":818.03},{"codigo_unidade_gestora":"201157","codigo_unidade_orcamentaria":"02110","numero_empenho":"0005922","classificacao":"126","data_empenho":"2022-10-04","codigo_credor":"09261355000109","nome_credor":"HILTON PINHEIRO DANTAS","valor_contratado":586.86,"valor_pago":586.86},{"codigo_unidade_gestora":"201157","codigo_unidade_orcamentaria":"02020","numero_empenho":"0005923","classificacao":"135","data_empenho":"2022-10-04","codigo_credor":"00000000280704","nome_credor":"BANCO DO BRASIL S/A","valor_contratado":55.00,"valor_pago":55.00},{"codigo_unidade_gestora":"201157","codigo_unidade_orcamentaria":"02020","numero_empenho":"0005924","classificacao":"135","data_empenho":"2022-10-04","codigo_credor":"00000000280704","nome_credor":"BANCO DO BRASIL S/A","valor_contratado":88.00,"valor_pago":88.00},{"codigo_unidade_gestora":"201157","codigo_unidade_orcamentaria":"02020","numero_empenho":"0005925","classificacao":"135","data_empenho":"2022-10-04","codigo_credor":"00360305000104","nome_credor":"CAIXA ECONOMICA FEDERAL","valor_contratado":1211.76,"valor_pago":1211.76},{"codigo_unidade_gestora":"201157","codigo_unidade_orcamentaria":"02020","numero_empenho":"0005926","classificacao":"135","data_empenho":"2022-10-04","codigo_credor":"00360305000104","nome_credor":"CAIXA ECONOMICA FEDERAL","valor_contratado":368.39,"valor_pago":368.39},{"codigo_unidade_gestora":"201157","codigo_unidade_orcamentaria":"02020","numero_empenho":"0005927","classificacao":"135","data_empenho":"2022-10-04","codigo_credor":"00000000280704","nome_credor":"BANCO DO BRASIL S/A","valor_contratado":11.00,"valor_pago":11.00},{"codigo_unidade_gestora":"201157","codigo_unidade_orcamentaria":"02080","numero_empenho":"0005928","classificacao":"135","data_empenho":"2022-10-05","codigo_credor":"36291941000179","nome_credor":"ANDRE RICARDO BARRETO PERAZZO COSTA","valor_contratado":5382.24,"valor_pago":5382.24},{"codigo_unidade_gestora":"201157","codigo_unidade_orcamentaria":"02010","numero_empenho":"0005929","classificacao":"110","data_empenho":"2022-10-05","codigo_credor":"00018195237487","nome_credor":"FRANCISCO ANDRE ALVES","valor_contratado":250.00,"valor_pago":250.00},{"codigo_unidade_gestora":"201157","codigo_unidade_orcamentaria":"02080","numero_empenho":"0005930","classificacao":"135","data_empenho":"2022-10-05","codigo_credor":"36291941000179","nome_credor":"ANDRE RICARDO BARRETO PERAZZO COSTA","valor_contratado":7849.10,"valor_pago":7849.10},{"codigo_unidade_gestora":"201157","codigo_unidade_orcamentaria":"02080","numero_empenho":"0005931","classificacao":"135","data_empenho":"2022-10-05","codigo_credor":"36291941000179","nome_credor":"ANDRE RICARDO BARRETO PERAZZO COSTA","valor_contratado":7849.10,"valor_pago":7849.10},{"codigo_unidade_gestora":"201157","codigo_unidade_orcamentaria":"02080","numero_empenho":"0005932","classificacao":"135","data_empenho":"2022-10-05","codigo_credor":"36291941000179","nome_credor":"ANDRE RICARDO BARRETO PERAZZO COSTA","valor_contratado":7849.10,"valor_pago":7849.10}]}}