{"size":50,"page":1,"total":717,"count":50,"_embedded":{"empenhos":[{"codigo_unidade_gestora":"201157","codigo_unidade_orcamentaria":"02040","numero_empenho":"0001982","classificacao":"135","data_empenho":"2022-05-02","codigo_credor":"09095183000140","nome_credor":"ENERGISA","valor_contratado":119.57,"valor_pago":119.57},{"codigo_unidade_gestora":"201157","codigo_unidade_orcamentaria":"02110","numero_empenho":"0001983","classificacao":"131","data_empenho":"2022-05-02","codigo_credor":"26804557000179","nome_credor":"JULIANNY DA CUNHA GOUVEIA","valor_contratado":2500.00,"valor_pago":2500.00},{"codigo_unidade_gestora":"201157","codigo_unidade_orcamentaria":"02140","numero_empenho":"0001984","classificacao":"131","data_empenho":"2022-05-02","codigo_credor":"45419753000174","nome_credor":"VIVIANN FRANCISCA SALES FERNANDES 01175933465","valor_contratado":1400.00,"valor_pago":1400.00},{"codigo_unidade_gestora":"201157","codigo_unidade_orcamentaria":"02110","numero_empenho":"0001985","classificacao":"126","data_empenho":"2022-05-02","codigo_credor":"08778201000126","nome_credor":"DROGAFONTE LTDA.","valor_contratado":10639.20,"valor_pago":10639.20},{"codigo_unidade_gestora":"201157","codigo_unidade_orcamentaria":"02010","numero_empenho":"0001986","classificacao":"126","data_empenho":"2022-05-02","codigo_credor":"40876269000150","nome_credor":"DISTRIBUIDORA DE PRODUTOS AGRESTE MERIDIONAL LTDA","valor_contratado":425.40,"valor_pago":425.40},{"codigo_unidade_gestora":"201157","codigo_unidade_orcamentaria":"02040","numero_empenho":"0001987","classificacao":"135","data_empenho":"2022-05-02","codigo_credor":"01326076000174","nome_credor":"SPECULLUS ENDOSCOPIA GINECOLOGICA LTDA","valor_contratado":1000.00,"valor_pago":1000.00},{"codigo_unidade_gestora":"201157","codigo_unidade_orcamentaria":"02110","numero_empenho":"0001988","classificacao":"126","data_empenho":"2022-05-02","codigo_credor":"17227485000153","nome_credor":"LG PRODUTOS HOSPITALARES LTDA","valor_contratado":30902.05,"valor_pago":30902.05},{"codigo_unidade_gestora":"201157","codigo_unidade_orcamentaria":"02040","numero_empenho":"0001990","classificacao":"126","data_empenho":"2022-05-02","codigo_credor":"04923356000158","nome_credor":"FARIAS COMERCIO VAREJISTA DE MEDICAMENTOS LTDA","valor_contratado":23827.09,"valor_pago":23827.09},{"codigo_unidade_gestora":"201157","codigo_unidade_orcamentaria":"02110","numero_empenho":"0001991","classificacao":"126","data_empenho":"2022-05-02","codigo_credor":"17227485000153","nome_credor":"LG PRODUTOS HOSPITALARES LTDA","valor_contratado":15921.40,"valor_pago":15921.40},{"codigo_unidade_gestora":"201157","codigo_unidade_orcamentaria":"02020","numero_empenho":"0001992","classificacao":"135","data_empenho":"2022-05-02","codigo_credor":"00000000280704","nome_credor":"BANCO DO BRASIL S/A","valor_contratado":15.75,"valor_pago":15.75},{"codigo_unidade_gestora":"201157","codigo_unidade_orcamentaria":"02040","numero_empenho":"0001993","classificacao":"135","data_empenho":"2022-05-02","codigo_credor":"00000000280704","nome_credor":"BANCO DO BRASIL S/A","valor_contratado":11.00,"valor_pago":11.00},{"codigo_unidade_gestora":"201157","codigo_unidade_orcamentaria":"02110","numero_empenho":"0001994","classificacao":"126","data_empenho":"2022-05-02","codigo_credor":"17227485000153","nome_credor":"LG PRODUTOS HOSPITALARES LTDA","valor_contratado":7857.80,"valor_pago":7857.80},{"codigo_unidade_gestora":"201157","codigo_unidade_orcamentaria":"02110","numero_empenho":"0001995","classificacao":"126","data_empenho":"2022-05-02","codigo_credor":"04451626000175","nome_credor":"PHOSPODONT LTDA","valor_contratado":2298.70,"valor_pago":2298.70},{"codigo_unidade_gestora":"201157","codigo_unidade_orcamentaria":"02040","numero_empenho":"0001996","classificacao":"126","data_empenho":"2022-05-03","codigo_credor":"09261355000109","nome_credor":"HILTON PINHEIRO DANTAS","valor_contratado":106.35,"valor_pago":106.35},{"codigo_unidade_gestora":"201157","codigo_unidade_orcamentaria":"02040","numero_empenho":"0001997","classificacao":"126","data_empenho":"2022-05-03","codigo_credor":"09261355000109","nome_credor":"HILTON PINHEIRO DANTAS","valor_contratado":428.14,"valor_pago":428.14},{"codigo_unidade_gestora":"201157","codigo_unidade_orcamentaria":"02040","numero_empenho":"0001998","classificacao":"126","data_empenho":"2022-05-03","codigo_credor":"09261355000109","nome_credor":"HILTON PINHEIRO DANTAS","valor_contratado":2298.91,"valor_pago":2298.91},{"codigo_unidade_gestora":"201157","codigo_unidade_orcamentaria":"02110","numero_empenho":"0001999","classificacao":"126","data_empenho":"2022-05-03","codigo_credor":"09261355000109","nome_credor":"HILTON PINHEIRO DANTAS","valor_contratado":3500.17,"valor_pago":3500.17},{"codigo_unidade_gestora":"201157","codigo_unidade_orcamentaria":"02110","numero_empenho":"0002000","classificacao":"126","data_empenho":"2022-05-03","codigo_credor":"09261355000109","nome_credor":"HILTON PINHEIRO DANTAS","valor_contratado":1550.47,"valor_pago":1550.47},{"codigo_unidade_gestora":"201157","codigo_unidade_orcamentaria":"02040","numero_empenho":"0002001","classificacao":"126","data_empenho":"2022-05-03","codigo_credor":"09261355000109","nome_credor":"HILTON PINHEIRO DANTAS","valor_contratado":1005.69,"valor_pago":1005.69},{"codigo_unidade_gestora":"201157","codigo_unidade_orcamentaria":"02040","numero_empenho":"0002002","classificacao":"126","data_empenho":"2022-05-03","codigo_credor":"09261355000109","nome_credor":"HILTON PINHEIRO DANTAS","valor_contratado":7231.43,"valor_pago":7231.43},{"codigo_unidade_gestora":"201157","codigo_unidade_orcamentaria":"02110","numero_empenho":"0002003","classificacao":"126","data_empenho":"2022-05-03","codigo_credor":"09261355000109","nome_credor":"HILTON PINHEIRO DANTAS","valor_contratado":3058.94,"valor_pago":3058.94},{"codigo_unidade_gestora":"201157","codigo_unidade_orcamentaria":"02110","numero_empenho":"0002004","classificacao":"126","data_empenho":"2022-05-03","codigo_credor":"09261355000109","nome_credor":"HILTON PINHEIRO DANTAS","valor_contratado":2378.57,"valor_pago":2378.57},{"codigo_unidade_gestora":"201157","codigo_unidade_orcamentaria":"02110","numero_empenho":"0002005","classificacao":"126","data_empenho":"2022-05-03","codigo_credor":"09261355000109","nome_credor":"HILTON PINHEIRO DANTAS","valor_contratado":876.57,"valor_pago":876.57},{"codigo_unidade_gestora":"201157","codigo_unidade_orcamentaria":"02040","numero_empenho":"0002006","classificacao":"126","data_empenho":"2022-05-03","codigo_credor":"09261355000109","nome_credor":"HILTON PINHEIRO DANTAS","valor_contratado":156.25,"valor_pago":156.25},{"codigo_unidade_gestora":"201157","codigo_unidade_orcamentaria":"02040","numero_empenho":"0002007","classificacao":"126","data_empenho":"2022-05-03","codigo_credor":"09261355000109","nome_credor":"HILTON PINHEIRO DANTAS","valor_contratado":1340.70,"valor_pago":1340.70},{"codigo_unidade_gestora":"201157","codigo_unidade_orcamentaria":"02040","numero_empenho":"0002008","classificacao":"126","data_empenho":"2022-05-03","codigo_credor":"09261355000109","nome_credor":"HILTON PINHEIRO DANTAS","valor_contratado":2697.41,"valor_pago":2697.41},{"codigo_unidade_gestora":"201157","codigo_unidade_orcamentaria":"02040","numero_empenho":"0002009","classificacao":"126","data_empenho":"2022-05-03","codigo_credor":"09261355000109","nome_credor":"HILTON PINHEIRO DANTAS","valor_contratado":173.80,"valor_pago":173.80},{"codigo_unidade_gestora":"201157","codigo_unidade_orcamentaria":"02040","numero_empenho":"0002010","classificacao":"126","data_empenho":"2022-05-03","codigo_credor":"09261355000109","nome_credor":"HILTON PINHEIRO DANTAS","valor_contratado":127.62,"valor_pago":127.62},{"codigo_unidade_gestora":"201157","codigo_unidade_orcamentaria":"02110","numero_empenho":"0002011","classificacao":"126","data_empenho":"2022-05-03","codigo_credor":"09261355000109","nome_credor":"HILTON PINHEIRO DANTAS","valor_contratado":227.85,"valor_pago":227.85},{"codigo_unidade_gestora":"201157","codigo_unidade_orcamentaria":"02070","numero_empenho":"0002012","classificacao":"135","data_empenho":"2022-05-03","codigo_credor":"76535764001972","nome_credor":"OI S.A.","valor_contratado":188.18,"valor_pago":188.18},{"codigo_unidade_gestora":"201157","codigo_unidade_orcamentaria":"02040","numero_empenho":"0002013","classificacao":"126","data_empenho":"2022-05-03","codigo_credor":"09261355000109","nome_credor":"HILTON PINHEIRO DANTAS","valor_contratado":992.71,"valor_pago":992.71},{"codigo_unidade_gestora":"201157","codigo_unidade_orcamentaria":"02040","numero_empenho":"0002014","classificacao":"126","data_empenho":"2022-05-03","codigo_credor":"09261355000109","nome_credor":"HILTON PINHEIRO DANTAS","valor_contratado":232.21,"valor_pago":232.21},{"codigo_unidade_gestora":"201157","codigo_unidade_orcamentaria":"02110","numero_empenho":"0002015","classificacao":"135","data_empenho":"2022-05-03","codigo_credor":"42510848000100","nome_credor":"RODRIGO RENY BRAGA RIBEIRO","valor_contratado":4500.00,"valor_pago":4500.00},{"codigo_unidade_gestora":"201157","codigo_unidade_orcamentaria":"02040","numero_empenho":"0002016","classificacao":"126","data_empenho":"2022-05-03","codigo_credor":"32481097000198","nome_credor":"NIVAN BEZERRA DA COSTA NETO","valor_contratado":5344.00,"valor_pago":5344.00},{"codigo_unidade_gestora":"201157","codigo_unidade_orcamentaria":"02110","numero_empenho":"0002017","classificacao":"126","data_empenho":"2022-05-03","codigo_credor":"02977362000162","nome_credor":"A.COSTA COM.ATAC. DE PROD.FARM. LTDA","valor_contratado":6000.28,"valor_pago":6000.28},{"codigo_unidade_gestora":"201157","codigo_unidade_orcamentaria":"02110","numero_empenho":"0002018","classificacao":"126","data_empenho":"2022-05-03","codigo_credor":"02977362000162","nome_credor":"A.COSTA COM.ATAC. DE PROD.FARM. LTDA","valor_contratado":25748.20,"valor_pago":25748.20},{"codigo_unidade_gestora":"201157","codigo_unidade_orcamentaria":"02110","numero_empenho":"0002019","classificacao":"126","data_empenho":"2022-05-03","codigo_credor":"02977362000162","nome_credor":"A.COSTA COM.ATAC. DE PROD.FARM. LTDA","valor_contratado":34250.20,"valor_pago":34250.20},{"codigo_unidade_gestora":"201157","codigo_unidade_orcamentaria":"02020","numero_empenho":"0002020","classificacao":"136","data_empenho":"2022-05-03","codigo_credor":"17758807000190","nome_credor":"E-SOFT TECNOLOGIA EM INFORMATICA LTDA-EPP","valor_contratado":930.00,"valor_pago":930.00},{"codigo_unidade_gestora":"201157","codigo_unidade_orcamentaria":"02040","numero_empenho":"0002021","classificacao":"135","data_empenho":"2022-05-03","codigo_credor":"07575881000118","nome_credor":"SIM ENGENHARIA AMBIENTAL EIRELI","valor_contratado":1750.00,"valor_pago":1750.00},{"codigo_unidade_gestora":"201157","codigo_unidade_orcamentaria":"02110","numero_empenho":"0002022","classificacao":"135","data_empenho":"2022-05-03","codigo_credor":"26572822000130","nome_credor":"ALINE AGUIAR ROCHA - ME","valor_contratado":7369.50,"valor_pago":7369.50},{"codigo_unidade_gestora":"201157","codigo_unidade_orcamentaria":"02110","numero_empenho":"0002023","classificacao":"126","data_empenho":"2022-05-03","codigo_credor":"08778201000126","nome_credor":"DROGAFONTE LTDA.","valor_contratado":1906.00,"valor_pago":1906.00},{"codigo_unidade_gestora":"201157","codigo_unidade_orcamentaria":"02040","numero_empenho":"0002024","classificacao":"110","data_empenho":"2022-05-03","codigo_credor":"00003403537404","nome_credor":"ANDREA CRISTIANE A.A. BALBINO","valor_contratado":42.50,"valor_pago":42.50},{"codigo_unidade_gestora":"201157","codigo_unidade_orcamentaria":"02080","numero_empenho":"0002025","classificacao":"135","data_empenho":"2022-05-03","codigo_credor":"08667024000100","nome_credor":"CREA/PB","valor_contratado":88.78,"valor_pago":88.78},{"codigo_unidade_gestora":"201157","codigo_unidade_orcamentaria":"02020","numero_empenho":"0002026","classificacao":"135","data_empenho":"2022-05-03","codigo_credor":"00360305000104","nome_credor":"CAIXA ECONOMICA FEDERAL","valor_contratado":1226.72,"valor_pago":1226.72},{"codigo_unidade_gestora":"201157","codigo_unidade_orcamentaria":"02040","numero_empenho":"0002027","classificacao":"187","data_empenho":"2022-05-03","codigo_credor":"18727053000174","nome_credor":"PAGAR.ME PAGAMENTOS S.A","valor_contratado":520.00,"valor_pago":520.00},{"codigo_unidade_gestora":"201157","codigo_unidade_orcamentaria":"02020","numero_empenho":"0002028","classificacao":"135","data_empenho":"2022-05-03","codigo_credor":"00360305000104","nome_credor":"CAIXA ECONOMICA FEDERAL","valor_contratado":364.65,"valor_pago":364.65},{"codigo_unidade_gestora":"201157","codigo_unidade_orcamentaria":"02010","numero_empenho":"0002029","classificacao":"135","data_empenho":"2022-05-03","codigo_credor":"04376062000153","nome_credor":"MARISTELA FERNANDES DE OLIVEIRA LEANDRO","valor_contratado":0.00,"valor_pago":0.00},{"codigo_unidade_gestora":"201157","codigo_unidade_orcamentaria":"02080","numero_empenho":"0002030","classificacao":"135","data_empenho":"2022-05-03","codigo_credor":"11955108000154","nome_credor":"ECOSOLO GESTAO AMBIENTAL DE RESIDUOS LTDA","valor_contratado":13284.00,"valor_pago":13284.00},{"codigo_unidade_gestora":"201157","codigo_unidade_orcamentaria":"02070","numero_empenho":"0002031","classificacao":"126","data_empenho":"2022-05-04","codigo_credor":"09261355000109","nome_credor":"HILTON PINHEIRO DANTAS","valor_contratado":689.02,"valor_pago":689.02},{"codigo_unidade_gestora":"201157","codigo_unidade_orcamentaria":"02080","numero_empenho":"0002032","classificacao":"126","data_empenho":"2022-05-04","codigo_credor":"09261355000109","nome_credor":"HILTON PINHEIRO DANTAS","valor_contratado":629.28,"valor_pago":629.28}]}}