{"size":50,"page":2,"total":795,"count":50,"_embedded":{"empenhos":[{"codigo_unidade_gestora":"201157","codigo_unidade_orcamentaria":"02020","numero_empenho":"0005137","classificacao":"135","data_empenho":"2022-09-02","codigo_credor":"00360305000104","nome_credor":"CAIXA ECONOMICA FEDERAL","valor_contratado":3.74,"valor_pago":3.74},{"codigo_unidade_gestora":"201157","codigo_unidade_orcamentaria":"02020","numero_empenho":"0005138","classificacao":"135","data_empenho":"2022-09-02","codigo_credor":"00360305000104","nome_credor":"CAIXA ECONOMICA FEDERAL","valor_contratado":3.74,"valor_pago":3.74},{"codigo_unidade_gestora":"201157","codigo_unidade_orcamentaria":"02140","numero_empenho":"0005139","classificacao":"128","data_empenho":"2022-09-05","codigo_credor":"00027464644468","nome_credor":"PAULO FERNANDES DA SILVA","valor_contratado":1500.00,"valor_pago":1500.00},{"codigo_unidade_gestora":"201157","codigo_unidade_orcamentaria":"02110","numero_empenho":"0005140","classificacao":"135","data_empenho":"2022-09-05","codigo_credor":"41448410000187","nome_credor":"ORTOCLIN - SAUDE E TRABALHO","valor_contratado":3600.00,"valor_pago":3600.00},{"codigo_unidade_gestora":"201157","codigo_unidade_orcamentaria":"02110","numero_empenho":"0005141","classificacao":"126","data_empenho":"2022-09-05","codigo_credor":"02977362000162","nome_credor":"A.COSTA COM.ATAC. DE PROD.FARM. LTDA","valor_contratado":5423.85,"valor_pago":5423.85},{"codigo_unidade_gestora":"201157","codigo_unidade_orcamentaria":"02110","numero_empenho":"0005142","classificacao":"126","data_empenho":"2022-09-05","codigo_credor":"09261355000109","nome_credor":"HILTON PINHEIRO DANTAS","valor_contratado":1915.33,"valor_pago":1915.33},{"codigo_unidade_gestora":"201157","codigo_unidade_orcamentaria":"02040","numero_empenho":"0005143","classificacao":"126","data_empenho":"2022-09-05","codigo_credor":"09261355000109","nome_credor":"HILTON PINHEIRO DANTAS","valor_contratado":3047.91,"valor_pago":3047.91},{"codigo_unidade_gestora":"201157","codigo_unidade_orcamentaria":"02140","numero_empenho":"0005144","classificacao":"128","data_empenho":"2022-09-05","codigo_credor":"00003145963481","nome_credor":"DAMIAÕA DOS SANTOS","valor_contratado":1500.00,"valor_pago":1500.00},{"codigo_unidade_gestora":"201157","codigo_unidade_orcamentaria":"02050","numero_empenho":"0005145","classificacao":"126","data_empenho":"2022-09-05","codigo_credor":"00009695243401","nome_credor":"JOSEMAR RIBEIRO DO NASCIMENTO","valor_contratado":2400.00,"valor_pago":2400.00},{"codigo_unidade_gestora":"201157","codigo_unidade_orcamentaria":"02050","numero_empenho":"0005146","classificacao":"126","data_empenho":"2022-09-05","codigo_credor":"00009695243401","nome_credor":"JOSEMAR RIBEIRO DO NASCIMENTO","valor_contratado":2400.00,"valor_pago":2400.00},{"codigo_unidade_gestora":"201157","codigo_unidade_orcamentaria":"02050","numero_empenho":"0005147","classificacao":"126","data_empenho":"2022-09-05","codigo_credor":"00009695243401","nome_credor":"JOSEMAR RIBEIRO DO NASCIMENTO","valor_contratado":2400.00,"valor_pago":2400.00},{"codigo_unidade_gestora":"201157","codigo_unidade_orcamentaria":"02040","numero_empenho":"0005148","classificacao":"126","data_empenho":"2022-09-05","codigo_credor":"09261355000109","nome_credor":"HILTON PINHEIRO DANTAS","valor_contratado":4364.92,"valor_pago":4364.92},{"codigo_unidade_gestora":"201157","codigo_unidade_orcamentaria":"02050","numero_empenho":"0005149","classificacao":"126","data_empenho":"2022-09-05","codigo_credor":"00009695243401","nome_credor":"JOSEMAR RIBEIRO DO NASCIMENTO","valor_contratado":2400.00,"valor_pago":2400.00},{"codigo_unidade_gestora":"201157","codigo_unidade_orcamentaria":"02040","numero_empenho":"0005150","classificacao":"126","data_empenho":"2022-09-05","codigo_credor":"09261355000109","nome_credor":"HILTON PINHEIRO DANTAS","valor_contratado":439.01,"valor_pago":439.01},{"codigo_unidade_gestora":"201157","codigo_unidade_orcamentaria":"02050","numero_empenho":"0005151","classificacao":"126","data_empenho":"2022-09-05","codigo_credor":"00009695243401","nome_credor":"JOSEMAR RIBEIRO DO NASCIMENTO","valor_contratado":2400.00,"valor_pago":2400.00},{"codigo_unidade_gestora":"201157","codigo_unidade_orcamentaria":"02110","numero_empenho":"0005152","classificacao":"126","data_empenho":"2022-09-05","codigo_credor":"09261355000109","nome_credor":"HILTON PINHEIRO DANTAS","valor_contratado":1851.36,"valor_pago":1851.36},{"codigo_unidade_gestora":"201157","codigo_unidade_orcamentaria":"02110","numero_empenho":"0005153","classificacao":"126","data_empenho":"2022-09-05","codigo_credor":"09261355000109","nome_credor":"HILTON PINHEIRO DANTAS","valor_contratado":4881.54,"valor_pago":4881.54},{"codigo_unidade_gestora":"201157","codigo_unidade_orcamentaria":"02110","numero_empenho":"0005154","classificacao":"126","data_empenho":"2022-09-05","codigo_credor":"09261355000109","nome_credor":"HILTON PINHEIRO DANTAS","valor_contratado":1338.25,"valor_pago":1338.25},{"codigo_unidade_gestora":"201157","codigo_unidade_orcamentaria":"02040","numero_empenho":"0005155","classificacao":"126","data_empenho":"2022-09-05","codigo_credor":"09261355000109","nome_credor":"HILTON PINHEIRO DANTAS","valor_contratado":32.62,"valor_pago":32.62},{"codigo_unidade_gestora":"201157","codigo_unidade_orcamentaria":"02110","numero_empenho":"0005156","classificacao":"126","data_empenho":"2022-09-05","codigo_credor":"09261355000109","nome_credor":"HILTON PINHEIRO DANTAS","valor_contratado":124.82,"valor_pago":124.82},{"codigo_unidade_gestora":"201157","codigo_unidade_orcamentaria":"02040","numero_empenho":"0005157","classificacao":"126","data_empenho":"2022-09-05","codigo_credor":"09261355000109","nome_credor":"HILTON PINHEIRO DANTAS","valor_contratado":1751.40,"valor_pago":1751.40},{"codigo_unidade_gestora":"201157","codigo_unidade_orcamentaria":"02040","numero_empenho":"0005158","classificacao":"126","data_empenho":"2022-09-05","codigo_credor":"09261355000109","nome_credor":"HILTON PINHEIRO DANTAS","valor_contratado":298.57,"valor_pago":298.57},{"codigo_unidade_gestora":"201157","codigo_unidade_orcamentaria":"02040","numero_empenho":"0005159","classificacao":"126","data_empenho":"2022-09-05","codigo_credor":"09261355000109","nome_credor":"HILTON PINHEIRO DANTAS","valor_contratado":1751.40,"valor_pago":1751.40},{"codigo_unidade_gestora":"201157","codigo_unidade_orcamentaria":"02040","numero_empenho":"0005160","classificacao":"126","data_empenho":"2022-09-05","codigo_credor":"09261355000109","nome_credor":"HILTON PINHEIRO DANTAS","valor_contratado":1705.75,"valor_pago":1705.75},{"codigo_unidade_gestora":"201157","codigo_unidade_orcamentaria":"02040","numero_empenho":"0005161","classificacao":"126","data_empenho":"2022-09-05","codigo_credor":"09261355000109","nome_credor":"HILTON PINHEIRO DANTAS","valor_contratado":142.58,"valor_pago":142.58},{"codigo_unidade_gestora":"201157","codigo_unidade_orcamentaria":"02110","numero_empenho":"0005162","classificacao":"126","data_empenho":"2022-09-05","codigo_credor":"09261355000109","nome_credor":"HILTON PINHEIRO DANTAS","valor_contratado":291.17,"valor_pago":291.17},{"codigo_unidade_gestora":"201157","codigo_unidade_orcamentaria":"02040","numero_empenho":"0005163","classificacao":"126","data_empenho":"2022-09-05","codigo_credor":"09261355000109","nome_credor":"HILTON PINHEIRO DANTAS","valor_contratado":1614.21,"valor_pago":1614.21},{"codigo_unidade_gestora":"201157","codigo_unidade_orcamentaria":"02110","numero_empenho":"0005164","classificacao":"126","data_empenho":"2022-09-05","codigo_credor":"09261355000109","nome_credor":"HILTON PINHEIRO DANTAS","valor_contratado":760.40,"valor_pago":760.40},{"codigo_unidade_gestora":"201157","codigo_unidade_orcamentaria":"02110","numero_empenho":"0005165","classificacao":"126","data_empenho":"2022-09-05","codigo_credor":"09261355000109","nome_credor":"HILTON PINHEIRO DANTAS","valor_contratado":2093.03,"valor_pago":2093.03},{"codigo_unidade_gestora":"201157","codigo_unidade_orcamentaria":"02040","numero_empenho":"0005166","classificacao":"126","data_empenho":"2022-09-05","codigo_credor":"09261355000109","nome_credor":"HILTON PINHEIRO DANTAS","valor_contratado":991.32,"valor_pago":991.32},{"codigo_unidade_gestora":"201157","codigo_unidade_orcamentaria":"02040","numero_empenho":"0005167","classificacao":"126","data_empenho":"2022-09-05","codigo_credor":"09261355000109","nome_credor":"HILTON PINHEIRO DANTAS","valor_contratado":7993.92,"valor_pago":7993.92},{"codigo_unidade_gestora":"201157","codigo_unidade_orcamentaria":"02010","numero_empenho":"0005168","classificacao":"131","data_empenho":"2022-09-05","codigo_credor":"23397663000197","nome_credor":"MARINHO E SILVA ADVOCACIA","valor_contratado":3000.00,"valor_pago":3000.00},{"codigo_unidade_gestora":"201157","codigo_unidade_orcamentaria":"02110","numero_empenho":"0005169","classificacao":"135","data_empenho":"2022-09-05","codigo_credor":"09095183000140","nome_credor":"ENERGISA","valor_contratado":142.54,"valor_pago":142.54},{"codigo_unidade_gestora":"201157","codigo_unidade_orcamentaria":"02040","numero_empenho":"0005170","classificacao":"126","data_empenho":"2022-09-05","codigo_credor":"09261355000109","nome_credor":"HILTON PINHEIRO DANTAS","valor_contratado":1026.23,"valor_pago":1026.23},{"codigo_unidade_gestora":"201157","codigo_unidade_orcamentaria":"02080","numero_empenho":"0005171","classificacao":"135","data_empenho":"2022-09-05","codigo_credor":"45450035000160","nome_credor":"ADRIANO MARCOS SANTANA ALVES 09665655418","valor_contratado":1250.00,"valor_pago":1250.00},{"codigo_unidade_gestora":"201157","codigo_unidade_orcamentaria":"02050","numero_empenho":"0005172","classificacao":"135","data_empenho":"2022-09-05","codigo_credor":"22371960000109","nome_credor":"PEDRO TORQUATO DA SILVA-ME","valor_contratado":370.00,"valor_pago":370.00},{"codigo_unidade_gestora":"201157","codigo_unidade_orcamentaria":"02090","numero_empenho":"0005173","classificacao":"135","data_empenho":"2022-09-05","codigo_credor":"22371960000109","nome_credor":"PEDRO TORQUATO DA SILVA-ME","valor_contratado":600.00,"valor_pago":600.00},{"codigo_unidade_gestora":"201157","codigo_unidade_orcamentaria":"02140","numero_empenho":"0005174","classificacao":"135","data_empenho":"2022-09-05","codigo_credor":"29927874000170","nome_credor":"ANA MARIA PEREIRA DE LIMA 09170246483","valor_contratado":1500.00,"valor_pago":1500.00},{"codigo_unidade_gestora":"201157","codigo_unidade_orcamentaria":"02140","numero_empenho":"0005175","classificacao":"135","data_empenho":"2022-09-05","codigo_credor":"29816462000163","nome_credor":"MARIA DO SOCORRO BATISTA DO NASCIMENTO 13563074852","valor_contratado":1500.00,"valor_pago":1500.00},{"codigo_unidade_gestora":"201157","codigo_unidade_orcamentaria":"02140","numero_empenho":"0005176","classificacao":"135","data_empenho":"2022-09-05","codigo_credor":"29787633000173","nome_credor":"TALINI ROQUE DA SILVA 06117107498","valor_contratado":1900.00,"valor_pago":1900.00},{"codigo_unidade_gestora":"201157","codigo_unidade_orcamentaria":"02140","numero_empenho":"0005177","classificacao":"135","data_empenho":"2022-09-05","codigo_credor":"41260906000122","nome_credor":"DAIANA JUSTINO DOS SANTOS","valor_contratado":1500.00,"valor_pago":1500.00},{"codigo_unidade_gestora":"201157","codigo_unidade_orcamentaria":"02140","numero_empenho":"0005178","classificacao":"135","data_empenho":"2022-09-05","codigo_credor":"34225891000104","nome_credor":"MARIA RISONEIDE ALVES FREIRE 03439334465","valor_contratado":1500.00,"valor_pago":1500.00},{"codigo_unidade_gestora":"201157","codigo_unidade_orcamentaria":"02140","numero_empenho":"0005179","classificacao":"135","data_empenho":"2022-09-05","codigo_credor":"36365643000186","nome_credor":"GEANE FIDELIS DE LIMA 05568969477","valor_contratado":1500.00,"valor_pago":1500.00},{"codigo_unidade_gestora":"201157","codigo_unidade_orcamentaria":"02140","numero_empenho":"0005180","classificacao":"135","data_empenho":"2022-09-05","codigo_credor":"29870408000104","nome_credor":"MARIA LUCIA DIAS DE AQUINO GONCALO 04061801481","valor_contratado":1500.00,"valor_pago":1500.00},{"codigo_unidade_gestora":"201157","codigo_unidade_orcamentaria":"02050","numero_empenho":"0005181","classificacao":"135","data_empenho":"2022-09-05","codigo_credor":"41640336000104","nome_credor":"RENATO COSTA SILVA","valor_contratado":2050.00,"valor_pago":2050.00},{"codigo_unidade_gestora":"201157","codigo_unidade_orcamentaria":"02080","numero_empenho":"0005182","classificacao":"126","data_empenho":"2022-09-05","codigo_credor":"28695805000116","nome_credor":"GB COMERCIO E SERVICOS LTDA - EPP","valor_contratado":719.98,"valor_pago":719.98},{"codigo_unidade_gestora":"201157","codigo_unidade_orcamentaria":"02120","numero_empenho":"0005183","classificacao":"97","data_empenho":"2022-09-05","codigo_credor":"12085441000112","nome_credor":"ASFANSJAF","valor_contratado":4000.00,"valor_pago":4000.00},{"codigo_unidade_gestora":"201157","codigo_unidade_orcamentaria":"02090","numero_empenho":"0005184","classificacao":"126","data_empenho":"2022-09-05","codigo_credor":"28695805000116","nome_credor":"GB COMERCIO E SERVICOS LTDA - EPP","valor_contratado":7590.00,"valor_pago":7590.00},{"codigo_unidade_gestora":"201157","codigo_unidade_orcamentaria":"02030","numero_empenho":"0005185","classificacao":"187","data_empenho":"2022-09-05","codigo_credor":"09283185000163","nome_credor":"JOAO PESSOA TRIBUNAL DE JUSTIÇA DO ESTADO DA PARAIBA","valor_contratado":3636.00,"valor_pago":3636.00},{"codigo_unidade_gestora":"201157","codigo_unidade_orcamentaria":"02050","numero_empenho":"0005186","classificacao":"126","data_empenho":"2022-09-05","codigo_credor":"28695805000116","nome_credor":"GB COMERCIO E SERVICOS LTDA - EPP","valor_contratado":5400.00,"valor_pago":5400.00}]}}