{"size":50,"page":17,"total":846,"count":46,"_embedded":{"empenhos":[{"codigo_unidade_gestora":"201157","codigo_unidade_orcamentaria":"02050","numero_empenho":"0005041","classificacao":"126","data_empenho":"2022-08-30","codigo_credor":"00006891009499","nome_credor":"MARIA APARECIDA CAMILO BEZERRA","valor_contratado":1722.00,"valor_pago":1722.00},{"codigo_unidade_gestora":"201157","codigo_unidade_orcamentaria":"02070","numero_empenho":"0005042","classificacao":"189","data_empenho":"2022-08-30","codigo_credor":"00009328623499","nome_credor":"JOSÉ ARIMATEIA FIDELIS DOS SANTOS","valor_contratado":18.50,"valor_pago":18.50},{"codigo_unidade_gestora":"201157","codigo_unidade_orcamentaria":"02070","numero_empenho":"0005043","classificacao":"189","data_empenho":"2022-08-30","codigo_credor":"00007239402401","nome_credor":"MANUEL BERNARDO DA COSTA DIAS","valor_contratado":18.50,"valor_pago":18.50},{"codigo_unidade_gestora":"201157","codigo_unidade_orcamentaria":"02040","numero_empenho":"0005044","classificacao":"126","data_empenho":"2022-08-30","codigo_credor":"32481097000198","nome_credor":"NIVAN BEZERRA DA COSTA NETO","valor_contratado":7832.00,"valor_pago":7832.00},{"codigo_unidade_gestora":"201157","codigo_unidade_orcamentaria":"02050","numero_empenho":"0005045","classificacao":"126","data_empenho":"2022-08-30","codigo_credor":"00004084135496","nome_credor":"PAULO RICARDO DA SILVA DELGADO","valor_contratado":1745.50,"valor_pago":1745.50},{"codigo_unidade_gestora":"201157","codigo_unidade_orcamentaria":"02050","numero_empenho":"0005046","classificacao":"126","data_empenho":"2022-08-30","codigo_credor":"00004084135496","nome_credor":"PAULO RICARDO DA SILVA DELGADO","valor_contratado":1192.50,"valor_pago":1192.50},{"codigo_unidade_gestora":"201157","codigo_unidade_orcamentaria":"02030","numero_empenho":"0005047","classificacao":"131","data_empenho":"2022-08-30","codigo_credor":"20503858000186","nome_credor":"SILANS & SILVA ADVOGADOS","valor_contratado":3500.00,"valor_pago":3500.00},{"codigo_unidade_gestora":"201157","codigo_unidade_orcamentaria":"02120","numero_empenho":"0005048","classificacao":"135","data_empenho":"2022-08-30","codigo_credor":"10348487000232","nome_credor":"ASSOCIACAO HUMANITARIA DOS BOMBEIROS VOLUNTARIOS DA PARAIBA","valor_contratado":3960.00,"valor_pago":3960.00},{"codigo_unidade_gestora":"201157","codigo_unidade_orcamentaria":"02120","numero_empenho":"0005049","classificacao":"135","data_empenho":"2022-08-30","codigo_credor":"31082268000143","nome_credor":"MARIA EUNICE FIDELIS DE LIMA 01844384462","valor_contratado":700.00,"valor_pago":700.00},{"codigo_unidade_gestora":"201157","codigo_unidade_orcamentaria":"02120","numero_empenho":"0005050","classificacao":"132","data_empenho":"2022-08-30","codigo_credor":"00084095350415","nome_credor":"ANTONIO ALAECIO DE LIMA","valor_contratado":1500.00,"valor_pago":1500.00},{"codigo_unidade_gestora":"201157","codigo_unidade_orcamentaria":"02140","numero_empenho":"0005051","classificacao":"128","data_empenho":"2022-08-30","codigo_credor":"00001980409463","nome_credor":"JOSENILTON SOUTO PEREIRA","valor_contratado":1500.00,"valor_pago":1500.00},{"codigo_unidade_gestora":"201157","codigo_unidade_orcamentaria":"02120","numero_empenho":"0005052","classificacao":"132","data_empenho":"2022-08-30","codigo_credor":"00064440680887","nome_credor":"OLIVEIRA FRANCICO DE MELO","valor_contratado":4000.00,"valor_pago":4000.00},{"codigo_unidade_gestora":"201157","codigo_unidade_orcamentaria":"02120","numero_empenho":"0005053","classificacao":"135","data_empenho":"2022-08-30","codigo_credor":"30891470000153","nome_credor":"GILVAN DOS SANTOS 11718554435","valor_contratado":1000.00,"valor_pago":1000.00},{"codigo_unidade_gestora":"201157","codigo_unidade_orcamentaria":"02020","numero_empenho":"0005054","classificacao":"135","data_empenho":"2022-08-30","codigo_credor":"00000000280704","nome_credor":"BANCO DO BRASIL S/A","valor_contratado":33.00,"valor_pago":33.00},{"codigo_unidade_gestora":"201157","codigo_unidade_orcamentaria":"02120","numero_empenho":"0005055","classificacao":"135","data_empenho":"2022-08-30","codigo_credor":"39419839000102","nome_credor":"RUDSON VITOR FIDELIS DE LIMA 70874320445","valor_contratado":1000.00,"valor_pago":1000.00},{"codigo_unidade_gestora":"201157","codigo_unidade_orcamentaria":"02110","numero_empenho":"0005056","classificacao":"126","data_empenho":"2022-08-30","codigo_credor":"02977362000162","nome_credor":"A.COSTA COM.ATAC. DE PROD.FARM. LTDA","valor_contratado":609.60,"valor_pago":609.60},{"codigo_unidade_gestora":"201157","codigo_unidade_orcamentaria":"02120","numero_empenho":"0005057","classificacao":"132","data_empenho":"2022-08-30","codigo_credor":"00003037068485","nome_credor":"JOSÉ XAVIER DA SILVA NETO","valor_contratado":500.00,"valor_pago":500.00},{"codigo_unidade_gestora":"201157","codigo_unidade_orcamentaria":"02120","numero_empenho":"0005058","classificacao":"132","data_empenho":"2022-08-30","codigo_credor":"00001620424428","nome_credor":"ROMULO DOS SANTOS RUFINO","valor_contratado":1200.00,"valor_pago":1200.00},{"codigo_unidade_gestora":"201157","codigo_unidade_orcamentaria":"02120","numero_empenho":"0005059","classificacao":"135","data_empenho":"2022-08-30","codigo_credor":"43476247000191","nome_credor":"PEDRO ERNESTO HAUS VENANCIO CAMINHA 01755837496","valor_contratado":700.00,"valor_pago":700.00},{"codigo_unidade_gestora":"201157","codigo_unidade_orcamentaria":"02120","numero_empenho":"0005060","classificacao":"135","data_empenho":"2022-08-30","codigo_credor":"44481595000110","nome_credor":"ARISTONES PAULINO DA SILVA","valor_contratado":4000.00,"valor_pago":4000.00},{"codigo_unidade_gestora":"201157","codigo_unidade_orcamentaria":"02120","numero_empenho":"0005061","classificacao":"132","data_empenho":"2022-08-30","codigo_credor":"00009795876465","nome_credor":"FABIANO SILVA OLIVEIRA","valor_contratado":400.00,"valor_pago":400.00},{"codigo_unidade_gestora":"201157","codigo_unidade_orcamentaria":"02120","numero_empenho":"0005062","classificacao":"132","data_empenho":"2022-08-30","codigo_credor":"00009373803425","nome_credor":"JOSE ANDERSON SANTOS SILVA","valor_contratado":700.00,"valor_pago":700.00},{"codigo_unidade_gestora":"201157","codigo_unidade_orcamentaria":"02120","numero_empenho":"0005063","classificacao":"132","data_empenho":"2022-08-30","codigo_credor":"00006807202431","nome_credor":"ANDERSON FIRMINIO DA SILVA","valor_contratado":1700.00,"valor_pago":1700.00},{"codigo_unidade_gestora":"201157","codigo_unidade_orcamentaria":"02120","numero_empenho":"0005064","classificacao":"132","data_empenho":"2022-08-30","codigo_credor":"00011030378460","nome_credor":"FELIPE AGUIAR DE LIMA","valor_contratado":1000.00,"valor_pago":1000.00},{"codigo_unidade_gestora":"201157","codigo_unidade_orcamentaria":"02040","numero_empenho":"0005065","classificacao":"135","data_empenho":"2022-08-30","codigo_credor":"00000000280704","nome_credor":"BANCO DO BRASIL S/A","valor_contratado":11.00,"valor_pago":11.00},{"codigo_unidade_gestora":"201157","codigo_unidade_orcamentaria":"02040","numero_empenho":"0005066","classificacao":"126","data_empenho":"2022-08-31","codigo_credor":"04923356000158","nome_credor":"FARIAS COMERCIO VAREJISTA DE MEDICAMENTOS LTDA","valor_contratado":32626.38,"valor_pago":32626.38},{"codigo_unidade_gestora":"201157","codigo_unidade_orcamentaria":"02050","numero_empenho":"0005067","classificacao":"126","data_empenho":"2022-08-31","codigo_credor":"07526979000185","nome_credor":"RAIMUNDO ADELMAR F. PIRES","valor_contratado":9691.80,"valor_pago":9691.80},{"codigo_unidade_gestora":"201157","codigo_unidade_orcamentaria":"02040","numero_empenho":"0005068","classificacao":"126","data_empenho":"2022-08-31","codigo_credor":"32481097000198","nome_credor":"NIVAN BEZERRA DA COSTA NETO","valor_contratado":8778.00,"valor_pago":8778.00},{"codigo_unidade_gestora":"201157","codigo_unidade_orcamentaria":"02050","numero_empenho":"0005069","classificacao":"126","data_empenho":"2022-08-31","codigo_credor":"01686814000194","nome_credor":"ALEXSANDRA DINIZ FERNANDES","valor_contratado":17389.08,"valor_pago":17389.08},{"codigo_unidade_gestora":"201157","codigo_unidade_orcamentaria":"02120","numero_empenho":"0005070","classificacao":"135","data_empenho":"2022-08-31","codigo_credor":"19144465000144","nome_credor":"ANTONIO MARIO DOS SANTOS JUNIOR 05954876452","valor_contratado":2940.00,"valor_pago":2940.00},{"codigo_unidade_gestora":"201157","codigo_unidade_orcamentaria":"02110","numero_empenho":"0005071","classificacao":"126","data_empenho":"2022-08-31","codigo_credor":"06106005000180","nome_credor":"STOCK MED PRODUTOS MEDICO-HOSPITALARES LTDA","valor_contratado":1440.00,"valor_pago":1440.00},{"codigo_unidade_gestora":"201157","codigo_unidade_orcamentaria":"02110","numero_empenho":"0005072","classificacao":"135","data_empenho":"2022-08-31","codigo_credor":"15144201000130","nome_credor":"IMAGO DIAGNOSTICO POR IMAGEM LTDA","valor_contratado":370.00,"valor_pago":370.00},{"codigo_unidade_gestora":"201157","codigo_unidade_orcamentaria":"02010","numero_empenho":"0005073","classificacao":"135","data_empenho":"2022-08-31","codigo_credor":"29776170000144","nome_credor":"WALMIR BEZERRA DA SILVA 09668419480","valor_contratado":1500.00,"valor_pago":1500.00},{"codigo_unidade_gestora":"201157","codigo_unidade_orcamentaria":"02110","numero_empenho":"0005074","classificacao":"126","data_empenho":"2022-08-31","codigo_credor":"06106005000180","nome_credor":"STOCK MED PRODUTOS MEDICO-HOSPITALARES LTDA","valor_contratado":2302.40,"valor_pago":2302.40},{"codigo_unidade_gestora":"201157","codigo_unidade_orcamentaria":"02040","numero_empenho":"0005075","classificacao":"135","data_empenho":"2022-08-31","codigo_credor":"15602075000110","nome_credor":"SEGINALDO DOS SANTOS - ME","valor_contratado":700.00,"valor_pago":700.00},{"codigo_unidade_gestora":"201157","codigo_unidade_orcamentaria":"02080","numero_empenho":"0005076","classificacao":"135","data_empenho":"2022-08-31","codigo_credor":"00399857000126","nome_credor":"Companhia de Desenvolvimento dos Vales do São Francisco e do Parnaíba -","valor_contratado":4268.55,"valor_pago":4268.55},{"codigo_unidade_gestora":"201157","codigo_unidade_orcamentaria":"02110","numero_empenho":"0005077","classificacao":"150","data_empenho":"2022-08-31","codigo_credor":"11427407000116","nome_credor":"GQS ELETRO E EQUIPAMENTOS","valor_contratado":1995.00,"valor_pago":1995.00},{"codigo_unidade_gestora":"201157","codigo_unidade_orcamentaria":"02110","numero_empenho":"0005078","classificacao":"150","data_empenho":"2022-08-31","codigo_credor":"11427407000116","nome_credor":"GQS ELETRO E EQUIPAMENTOS","valor_contratado":3110.00,"valor_pago":3110.00},{"codigo_unidade_gestora":"201157","codigo_unidade_orcamentaria":"02140","numero_empenho":"0005079","classificacao":"132","data_empenho":"2022-08-31","codigo_credor":"00011506582400","nome_credor":"KALIANY BALBINO DA SILVA SANTOS","valor_contratado":850.00,"valor_pago":850.00},{"codigo_unidade_gestora":"201157","codigo_unidade_orcamentaria":"02110","numero_empenho":"0005080","classificacao":"150","data_empenho":"2022-08-31","codigo_credor":"11427407000116","nome_credor":"GQS ELETRO E EQUIPAMENTOS","valor_contratado":12631.00,"valor_pago":12631.00},{"codigo_unidade_gestora":"201157","codigo_unidade_orcamentaria":"02140","numero_empenho":"0005081","classificacao":"132","data_empenho":"2022-08-31","codigo_credor":"00012383101419","nome_credor":"GEOVANI VIEIRA DA SILVA","valor_contratado":900.00,"valor_pago":900.00},{"codigo_unidade_gestora":"201157","codigo_unidade_orcamentaria":"02020","numero_empenho":"0005082","classificacao":"135","data_empenho":"2022-08-31","codigo_credor":"00000000280704","nome_credor":"BANCO DO BRASIL S/A","valor_contratado":66.00,"valor_pago":66.00},{"codigo_unidade_gestora":"201157","codigo_unidade_orcamentaria":"02140","numero_empenho":"0005083","classificacao":"126","data_empenho":"2022-08-31","codigo_credor":"01686814000194","nome_credor":"ALEXSANDRA DINIZ FERNANDES","valor_contratado":15230.30,"valor_pago":15230.30},{"codigo_unidade_gestora":"201157","codigo_unidade_orcamentaria":"02020","numero_empenho":"0005084","classificacao":"135","data_empenho":"2022-08-31","codigo_credor":"00000000280704","nome_credor":"BANCO DO BRASIL S/A","valor_contratado":11.00,"valor_pago":11.00},{"codigo_unidade_gestora":"201157","codigo_unidade_orcamentaria":"02110","numero_empenho":"0005085","classificacao":"150","data_empenho":"2022-08-31","codigo_credor":"00660664000187","nome_credor":"H M LINCK","valor_contratado":27800.00,"valor_pago":27800.00},{"codigo_unidade_gestora":"201157","codigo_unidade_orcamentaria":"02020","numero_empenho":"0005086","classificacao":"135","data_empenho":"2022-08-31","codigo_credor":"00360305000104","nome_credor":"CAIXA ECONOMICA FEDERAL","valor_contratado":1.87,"valor_pago":1.87}]}}