{"size":50,"page":11,"total":717,"count":50,"_embedded":{"empenhos":[{"codigo_unidade_gestora":"201157","codigo_unidade_orcamentaria":"02070","numero_empenho":"0002483","classificacao":"135","data_empenho":"2022-05-23","codigo_credor":"41201592000197","nome_credor":"ARNOBIO TEIXEIRA DE BRITO LYRA JUNIOR 04183890470","valor_contratado":2888.52,"valor_pago":2888.52},{"codigo_unidade_gestora":"201157","codigo_unidade_orcamentaria":"02140","numero_empenho":"0002484","classificacao":"135","data_empenho":"2022-05-23","codigo_credor":"45373292000146","nome_credor":"TATIANE BELIZIO DOS SANTOS 09832067405","valor_contratado":1100.00,"valor_pago":1100.00},{"codigo_unidade_gestora":"201157","codigo_unidade_orcamentaria":"02010","numero_empenho":"0002485","classificacao":"135","data_empenho":"2022-05-23","codigo_credor":"09366790000106","nome_credor":"EMPRESA PARAIBANA DE COMUNICAÇÃO S.A -EPC","valor_contratado":300.00,"valor_pago":300.00},{"codigo_unidade_gestora":"201157","codigo_unidade_orcamentaria":"02010","numero_empenho":"0002486","classificacao":"105","data_empenho":"2022-05-24","codigo_credor":"09048976000109","nome_credor":"Prefeitura Municipal de Remígio","valor_contratado":19500.00,"valor_pago":19500.00},{"codigo_unidade_gestora":"201157","codigo_unidade_orcamentaria":"02010","numero_empenho":"0002487","classificacao":"105","data_empenho":"2022-05-24","codigo_credor":"09048976000109","nome_credor":"Prefeitura Municipal de Remígio","valor_contratado":14442.38,"valor_pago":14442.38},{"codigo_unidade_gestora":"201157","codigo_unidade_orcamentaria":"02070","numero_empenho":"0002488","classificacao":"135","data_empenho":"2022-05-24","codigo_credor":"09095183000140","nome_credor":"ENERGISA","valor_contratado":59.17,"valor_pago":59.17},{"codigo_unidade_gestora":"201157","codigo_unidade_orcamentaria":"02010","numero_empenho":"0002489","classificacao":"105","data_empenho":"2022-05-24","codigo_credor":"09048976000109","nome_credor":"Prefeitura Municipal de Remígio","valor_contratado":13998.93,"valor_pago":13998.93},{"codigo_unidade_gestora":"201157","codigo_unidade_orcamentaria":"02010","numero_empenho":"0002490","classificacao":"105","data_empenho":"2022-05-24","codigo_credor":"09048976000109","nome_credor":"Prefeitura Municipal de Remígio","valor_contratado":3000.00,"valor_pago":3000.00},{"codigo_unidade_gestora":"201157","codigo_unidade_orcamentaria":"02020","numero_empenho":"0002491","classificacao":"105","data_empenho":"2022-05-24","codigo_credor":"09048976000109","nome_credor":"Prefeitura Municipal de Remígio","valor_contratado":13206.52,"valor_pago":13206.52},{"codigo_unidade_gestora":"201157","codigo_unidade_orcamentaria":"02020","numero_empenho":"0002492","classificacao":"97","data_empenho":"2022-05-24","codigo_credor":"09048976000109","nome_credor":"Prefeitura Municipal de Remígio","valor_contratado":7272.00,"valor_pago":7272.00},{"codigo_unidade_gestora":"201157","codigo_unidade_orcamentaria":"02050","numero_empenho":"0002493","classificacao":"105","data_empenho":"2022-05-24","codigo_credor":"09048976000109","nome_credor":"Prefeitura Municipal de Remígio","valor_contratado":14796.65,"valor_pago":14796.65},{"codigo_unidade_gestora":"201157","codigo_unidade_orcamentaria":"02050","numero_empenho":"0002494","classificacao":"126","data_empenho":"2022-05-24","codigo_credor":"07526979000185","nome_credor":"RAIMUNDO ADELMAR F. PIRES","valor_contratado":30025.12,"valor_pago":30025.12},{"codigo_unidade_gestora":"201157","codigo_unidade_orcamentaria":"02050","numero_empenho":"0002495","classificacao":"105","data_empenho":"2022-05-24","codigo_credor":"09048976000109","nome_credor":"Prefeitura Municipal de Remígio","valor_contratado":323621.46,"valor_pago":323621.46},{"codigo_unidade_gestora":"201157","codigo_unidade_orcamentaria":"02050","numero_empenho":"0002496","classificacao":"105","data_empenho":"2022-05-24","codigo_credor":"09048976000109","nome_credor":"Prefeitura Municipal de Remígio","valor_contratado":221859.94,"valor_pago":221859.94},{"codigo_unidade_gestora":"201157","codigo_unidade_orcamentaria":"02050","numero_empenho":"0002497","classificacao":"105","data_empenho":"2022-05-24","codigo_credor":"09048976000109","nome_credor":"Prefeitura Municipal de Remígio","valor_contratado":30519.08,"valor_pago":30519.08},{"codigo_unidade_gestora":"201157","codigo_unidade_orcamentaria":"02050","numero_empenho":"0002498","classificacao":"105","data_empenho":"2022-05-24","codigo_credor":"09048976000109","nome_credor":"Prefeitura Municipal de Remígio","valor_contratado":182025.13,"valor_pago":182025.13},{"codigo_unidade_gestora":"201157","codigo_unidade_orcamentaria":"02110","numero_empenho":"0002499","classificacao":"126","data_empenho":"2022-05-24","codigo_credor":"42878093000100","nome_credor":"JCASIF COMERCIO VAREJISTA DE CEREAIS LTDA","valor_contratado":27222.52,"valor_pago":27222.52},{"codigo_unidade_gestora":"201157","codigo_unidade_orcamentaria":"02050","numero_empenho":"0002500","classificacao":"105","data_empenho":"2022-05-24","codigo_credor":"09048976000109","nome_credor":"Prefeitura Municipal de Remígio","valor_contratado":16860.53,"valor_pago":16860.53},{"codigo_unidade_gestora":"201157","codigo_unidade_orcamentaria":"02110","numero_empenho":"0002501","classificacao":"126","data_empenho":"2022-05-24","codigo_credor":"42878093000100","nome_credor":"JCASIF COMERCIO VAREJISTA DE CEREAIS LTDA","valor_contratado":649.55,"valor_pago":649.55},{"codigo_unidade_gestora":"201157","codigo_unidade_orcamentaria":"02110","numero_empenho":"0002502","classificacao":"126","data_empenho":"2022-05-24","codigo_credor":"42878093000100","nome_credor":"JCASIF COMERCIO VAREJISTA DE CEREAIS LTDA","valor_contratado":850.20,"valor_pago":850.20},{"codigo_unidade_gestora":"201157","codigo_unidade_orcamentaria":"02040","numero_empenho":"0002503","classificacao":"126","data_empenho":"2022-05-24","codigo_credor":"02737810000150","nome_credor":"JOSE ARLINDO OLIVEIRA  SILVA","valor_contratado":3065.40,"valor_pago":3065.40},{"codigo_unidade_gestora":"201157","codigo_unidade_orcamentaria":"02050","numero_empenho":"0002504","classificacao":"105","data_empenho":"2022-05-24","codigo_credor":"09048976000109","nome_credor":"Prefeitura Municipal de Remígio","valor_contratado":13177.16,"valor_pago":13177.16},{"codigo_unidade_gestora":"201157","codigo_unidade_orcamentaria":"02050","numero_empenho":"0002505","classificacao":"105","data_empenho":"2022-05-24","codigo_credor":"09048976000109","nome_credor":"Prefeitura Municipal de Remígio","valor_contratado":10606.38,"valor_pago":10606.38},{"codigo_unidade_gestora":"201157","codigo_unidade_orcamentaria":"02050","numero_empenho":"0002506","classificacao":"105","data_empenho":"2022-05-24","codigo_credor":"09048976000109","nome_credor":"Prefeitura Municipal de Remígio","valor_contratado":20035.25,"valor_pago":20035.25},{"codigo_unidade_gestora":"201157","codigo_unidade_orcamentaria":"02010","numero_empenho":"0002507","classificacao":"135","data_empenho":"2022-05-24","codigo_credor":"46030522000137","nome_credor":"SAMARA VIEIRA MENEZES 09934872463","valor_contratado":1000.00,"valor_pago":1000.00},{"codigo_unidade_gestora":"201157","codigo_unidade_orcamentaria":"02050","numero_empenho":"0002508","classificacao":"105","data_empenho":"2022-05-24","codigo_credor":"09048976000109","nome_credor":"Prefeitura Municipal de Remígio","valor_contratado":140836.12,"valor_pago":140836.12},{"codigo_unidade_gestora":"201157","codigo_unidade_orcamentaria":"02050","numero_empenho":"0002509","classificacao":"105","data_empenho":"2022-05-24","codigo_credor":"09048976000109","nome_credor":"Prefeitura Municipal de Remígio","valor_contratado":11148.36,"valor_pago":11148.36},{"codigo_unidade_gestora":"201157","codigo_unidade_orcamentaria":"02010","numero_empenho":"0002510","classificacao":"126","data_empenho":"2022-05-24","codigo_credor":"28695805000116","nome_credor":"GB COMERCIO E SERVICOS LTDA - EPP","valor_contratado":3155.12,"valor_pago":3155.12},{"codigo_unidade_gestora":"201157","codigo_unidade_orcamentaria":"02050","numero_empenho":"0002511","classificacao":"105","data_empenho":"2022-05-24","codigo_credor":"09048976000109","nome_credor":"Prefeitura Municipal de Remígio","valor_contratado":117446.02,"valor_pago":117446.02},{"codigo_unidade_gestora":"201157","codigo_unidade_orcamentaria":"02110","numero_empenho":"0002512","classificacao":"126","data_empenho":"2022-05-24","codigo_credor":"28695805000116","nome_credor":"GB COMERCIO E SERVICOS LTDA - EPP","valor_contratado":2260.45,"valor_pago":2260.45},{"codigo_unidade_gestora":"201157","codigo_unidade_orcamentaria":"02040","numero_empenho":"0002513","classificacao":"105","data_empenho":"2022-05-24","codigo_credor":"09048976000109","nome_credor":"Prefeitura Municipal de Remígio","valor_contratado":106464.52,"valor_pago":106464.52},{"codigo_unidade_gestora":"201157","codigo_unidade_orcamentaria":"02110","numero_empenho":"0002514","classificacao":"105","data_empenho":"2022-05-24","codigo_credor":"09048976000109","nome_credor":"Prefeitura Municipal de Remígio","valor_contratado":2404.00,"valor_pago":2404.00},{"codigo_unidade_gestora":"201157","codigo_unidade_orcamentaria":"02110","numero_empenho":"0002515","classificacao":"126","data_empenho":"2022-05-24","codigo_credor":"07788510000114","nome_credor":"IN-DENTAL PRODUTOS ODONTOLOGICOS, MEDICOS E HOSPITALARES LTDA","valor_contratado":2009.05,"valor_pago":2009.05},{"codigo_unidade_gestora":"201157","codigo_unidade_orcamentaria":"02040","numero_empenho":"0002516","classificacao":"126","data_empenho":"2022-05-24","codigo_credor":"28695805000116","nome_credor":"GB COMERCIO E SERVICOS LTDA - EPP","valor_contratado":2578.03,"valor_pago":2578.03},{"codigo_unidade_gestora":"201157","codigo_unidade_orcamentaria":"02110","numero_empenho":"0002517","classificacao":"105","data_empenho":"2022-05-24","codigo_credor":"09048976000109","nome_credor":"Prefeitura Municipal de Remígio","valor_contratado":41388.45,"valor_pago":41388.45},{"codigo_unidade_gestora":"201157","codigo_unidade_orcamentaria":"02010","numero_empenho":"0002518","classificacao":"126","data_empenho":"2022-05-24","codigo_credor":"28695805000116","nome_credor":"GB COMERCIO E SERVICOS LTDA - EPP","valor_contratado":2586.53,"valor_pago":2586.53},{"codigo_unidade_gestora":"201157","codigo_unidade_orcamentaria":"02040","numero_empenho":"0002519","classificacao":"126","data_empenho":"2022-05-24","codigo_credor":"28695805000116","nome_credor":"GB COMERCIO E SERVICOS LTDA - EPP","valor_contratado":3070.67,"valor_pago":3070.67},{"codigo_unidade_gestora":"201157","codigo_unidade_orcamentaria":"02110","numero_empenho":"0002520","classificacao":"105","data_empenho":"2022-05-24","codigo_credor":"09048976000109","nome_credor":"Prefeitura Municipal de Remígio","valor_contratado":26566.00,"valor_pago":26566.00},{"codigo_unidade_gestora":"201157","codigo_unidade_orcamentaria":"02110","numero_empenho":"0002521","classificacao":"105","data_empenho":"2022-05-24","codigo_credor":"09048976000109","nome_credor":"Prefeitura Municipal de Remígio","valor_contratado":94913.44,"valor_pago":94913.44},{"codigo_unidade_gestora":"201157","codigo_unidade_orcamentaria":"02040","numero_empenho":"0002522","classificacao":"126","data_empenho":"2022-05-24","codigo_credor":"28695805000116","nome_credor":"GB COMERCIO E SERVICOS LTDA - EPP","valor_contratado":2542.61,"valor_pago":2542.61},{"codigo_unidade_gestora":"201157","codigo_unidade_orcamentaria":"02110","numero_empenho":"0002523","classificacao":"105","data_empenho":"2022-05-24","codigo_credor":"09048976000109","nome_credor":"Prefeitura Municipal de Remígio","valor_contratado":17714.09,"valor_pago":17714.09},{"codigo_unidade_gestora":"201157","codigo_unidade_orcamentaria":"02040","numero_empenho":"0002524","classificacao":"105","data_empenho":"2022-05-24","codigo_credor":"09048976000109","nome_credor":"Prefeitura Municipal de Remígio","valor_contratado":8800.00,"valor_pago":8800.00},{"codigo_unidade_gestora":"201157","codigo_unidade_orcamentaria":"02010","numero_empenho":"0002525","classificacao":"126","data_empenho":"2022-05-24","codigo_credor":"28695805000116","nome_credor":"GB COMERCIO E SERVICOS LTDA - EPP","valor_contratado":3617.42,"valor_pago":3617.42},{"codigo_unidade_gestora":"201157","codigo_unidade_orcamentaria":"02070","numero_empenho":"0002526","classificacao":"105","data_empenho":"2022-05-24","codigo_credor":"09048976000109","nome_credor":"Prefeitura Municipal de Remígio","valor_contratado":14089.79,"valor_pago":14089.79},{"codigo_unidade_gestora":"201157","codigo_unidade_orcamentaria":"02140","numero_empenho":"0002527","classificacao":"126","data_empenho":"2022-05-24","codigo_credor":"28695805000116","nome_credor":"GB COMERCIO E SERVICOS LTDA - EPP","valor_contratado":2380.85,"valor_pago":2380.85},{"codigo_unidade_gestora":"201157","codigo_unidade_orcamentaria":"02070","numero_empenho":"0002528","classificacao":"105","data_empenho":"2022-05-24","codigo_credor":"09048976000109","nome_credor":"Prefeitura Municipal de Remígio","valor_contratado":12120.00,"valor_pago":12120.00},{"codigo_unidade_gestora":"201157","codigo_unidade_orcamentaria":"02080","numero_empenho":"0002529","classificacao":"105","data_empenho":"2022-05-24","codigo_credor":"09048976000109","nome_credor":"Prefeitura Municipal de Remígio","valor_contratado":21822.37,"valor_pago":21822.37},{"codigo_unidade_gestora":"201157","codigo_unidade_orcamentaria":"02080","numero_empenho":"0002530","classificacao":"105","data_empenho":"2022-05-24","codigo_credor":"09048976000109","nome_credor":"Prefeitura Municipal de Remígio","valor_contratado":46558.08,"valor_pago":46558.08},{"codigo_unidade_gestora":"201157","codigo_unidade_orcamentaria":"02080","numero_empenho":"0002531","classificacao":"105","data_empenho":"2022-05-24","codigo_credor":"09048976000109","nome_credor":"Prefeitura Municipal de Remígio","valor_contratado":7400.00,"valor_pago":7400.00},{"codigo_unidade_gestora":"201157","codigo_unidade_orcamentaria":"02090","numero_empenho":"0002532","classificacao":"105","data_empenho":"2022-05-24","codigo_credor":"09048976000109","nome_credor":"Prefeitura Municipal de Remígio","valor_contratado":7694.58,"valor_pago":7694.58}]}}