{"size":50,"page":1,"total":301,"count":50,"_embedded":{"empenhos":[{"codigo_unidade_gestora":"201157","codigo_unidade_orcamentaria":"02020","numero_empenho":"0000001","classificacao":"135","data_empenho":"2022-01-03","codigo_credor":"00000000280704","nome_credor":"BANCO DO BRASIL S/A","valor_contratado":4.75,"valor_pago":4.75},{"codigo_unidade_gestora":"201157","codigo_unidade_orcamentaria":"02020","numero_empenho":"0000002","classificacao":"171","data_empenho":"2022-01-03","codigo_credor":"29979036000140","nome_credor":"INSS-INSTITUTO NACIONAL DO SEGURO SOCIAL","valor_contratado":132009.60,"valor_pago":132009.60},{"codigo_unidade_gestora":"201157","codigo_unidade_orcamentaria":"02020","numero_empenho":"0000003","classificacao":"143","data_empenho":"2022-01-03","codigo_credor":"00000000280704","nome_credor":"BANCO DO BRASIL S/A","valor_contratado":550000.00,"valor_pago":550000.00},{"codigo_unidade_gestora":"201157","codigo_unidade_orcamentaria":"02020","numero_empenho":"0000004","classificacao":"143","data_empenho":"2022-01-03","codigo_credor":"00000000280704","nome_credor":"BANCO DO BRASIL S/A","valor_contratado":177.79,"valor_pago":177.79},{"codigo_unidade_gestora":"201157","codigo_unidade_orcamentaria":"02050","numero_empenho":"0000005","classificacao":"188","data_empenho":"2022-01-03","codigo_credor":"40432544000147","nome_credor":"CLARO S/A","valor_contratado":13.29,"valor_pago":13.29},{"codigo_unidade_gestora":"201157","codigo_unidade_orcamentaria":"02010","numero_empenho":"0000006","classificacao":"188","data_empenho":"2022-01-03","codigo_credor":"04196645000100","nome_credor":"PR/CC/IMPRENSA NACIONAL","valor_contratado":2081.52,"valor_pago":2081.52},{"codigo_unidade_gestora":"201157","codigo_unidade_orcamentaria":"02080","numero_empenho":"0000007","classificacao":"135","data_empenho":"2022-01-04","codigo_credor":"11955108000154","nome_credor":"ECOSOLO GESTAO AMBIENTAL DE RESIDUOS LTDA","valor_contratado":13453.00,"valor_pago":13453.00},{"codigo_unidade_gestora":"201157","codigo_unidade_orcamentaria":"02110","numero_empenho":"0000008","classificacao":"126","data_empenho":"2022-01-04","codigo_credor":"05329135000119","nome_credor":"ALEXSANDRO SANTOS DA SILVA","valor_contratado":7644.35,"valor_pago":7644.35},{"codigo_unidade_gestora":"201157","codigo_unidade_orcamentaria":"02010","numero_empenho":"0000009","classificacao":"188","data_empenho":"2022-01-07","codigo_credor":"23397663000197","nome_credor":"MARINHO E SILVA ADVOCACIA","valor_contratado":3000.00,"valor_pago":3000.00},{"codigo_unidade_gestora":"201157","codigo_unidade_orcamentaria":"02020","numero_empenho":"0000010","classificacao":"135","data_empenho":"2022-01-07","codigo_credor":"00000000280704","nome_credor":"BANCO DO BRASIL S/A","valor_contratado":62.70,"valor_pago":62.70},{"codigo_unidade_gestora":"201157","codigo_unidade_orcamentaria":"02080","numero_empenho":"0000011","classificacao":"188","data_empenho":"2022-01-10","codigo_credor":"36291941000179","nome_credor":"ANDRE RICARDO BARRETO PERAZZO COSTA","valor_contratado":7000.00,"valor_pago":7000.00},{"codigo_unidade_gestora":"201157","codigo_unidade_orcamentaria":"02080","numero_empenho":"0000012","classificacao":"188","data_empenho":"2022-01-10","codigo_credor":"36291941000179","nome_credor":"ANDRE RICARDO BARRETO PERAZZO COSTA","valor_contratado":7000.00,"valor_pago":7000.00},{"codigo_unidade_gestora":"201157","codigo_unidade_orcamentaria":"02080","numero_empenho":"0000013","classificacao":"188","data_empenho":"2022-01-10","codigo_credor":"36291941000179","nome_credor":"ANDRE RICARDO BARRETO PERAZZO COSTA","valor_contratado":7000.00,"valor_pago":7000.00},{"codigo_unidade_gestora":"201157","codigo_unidade_orcamentaria":"02020","numero_empenho":"0000014","classificacao":"135","data_empenho":"2022-01-10","codigo_credor":"00000000280704","nome_credor":"BANCO DO BRASIL S/A","valor_contratado":365.75,"valor_pago":365.75},{"codigo_unidade_gestora":"201157","codigo_unidade_orcamentaria":"02080","numero_empenho":"0000015","classificacao":"188","data_empenho":"2022-01-10","codigo_credor":"36291941000179","nome_credor":"ANDRE RICARDO BARRETO PERAZZO COSTA","valor_contratado":7000.00,"valor_pago":7000.00},{"codigo_unidade_gestora":"201157","codigo_unidade_orcamentaria":"02080","numero_empenho":"0000016","classificacao":"188","data_empenho":"2022-01-10","codigo_credor":"36291941000179","nome_credor":"ANDRE RICARDO BARRETO PERAZZO COSTA","valor_contratado":4800.00,"valor_pago":4800.00},{"codigo_unidade_gestora":"201157","codigo_unidade_orcamentaria":"02010","numero_empenho":"0000017","classificacao":"97","data_empenho":"2022-01-10","codigo_credor":"00703157000183","nome_credor":"CNM-CONFEDERAÇÃO NACIONAL DOS MUNICIPIOS","valor_contratado":1046.00,"valor_pago":1046.00},{"codigo_unidade_gestora":"201157","codigo_unidade_orcamentaria":"02020","numero_empenho":"0000018","classificacao":"135","data_empenho":"2022-01-11","codigo_credor":"00000000280704","nome_credor":"BANCO DO BRASIL S/A","valor_contratado":52.25,"valor_pago":52.25},{"codigo_unidade_gestora":"201157","codigo_unidade_orcamentaria":"02010","numero_empenho":"0000019","classificacao":"126","data_empenho":"2022-01-11","codigo_credor":"26694096000129","nome_credor":"RENATO CUNHA DA SILVA","valor_contratado":1385.00,"valor_pago":1385.00},{"codigo_unidade_gestora":"201157","codigo_unidade_orcamentaria":"02050","numero_empenho":"0000020","classificacao":"126","data_empenho":"2022-01-11","codigo_credor":"26694096000129","nome_credor":"RENATO CUNHA DA SILVA","valor_contratado":595.00,"valor_pago":595.00},{"codigo_unidade_gestora":"201157","codigo_unidade_orcamentaria":"02140","numero_empenho":"0000021","classificacao":"126","data_empenho":"2022-01-11","codigo_credor":"26694096000129","nome_credor":"RENATO CUNHA DA SILVA","valor_contratado":230.00,"valor_pago":230.00},{"codigo_unidade_gestora":"201157","codigo_unidade_orcamentaria":"02040","numero_empenho":"0000022","classificacao":"126","data_empenho":"2022-01-11","codigo_credor":"26694096000129","nome_credor":"RENATO CUNHA DA SILVA","valor_contratado":1790.00,"valor_pago":1790.00},{"codigo_unidade_gestora":"201157","codigo_unidade_orcamentaria":"02020","numero_empenho":"0000023","classificacao":"135","data_empenho":"2022-01-12","codigo_credor":"00000000280704","nome_credor":"BANCO DO BRASIL S/A","valor_contratado":20.90,"valor_pago":20.90},{"codigo_unidade_gestora":"201157","codigo_unidade_orcamentaria":"02020","numero_empenho":"0000024","classificacao":"135","data_empenho":"2022-01-13","codigo_credor":"00000000280704","nome_credor":"BANCO DO BRASIL S/A","valor_contratado":52.25,"valor_pago":52.25},{"codigo_unidade_gestora":"201157","codigo_unidade_orcamentaria":"02070","numero_empenho":"0000025","classificacao":"150","data_empenho":"2022-01-13","codigo_credor":"07456969000110","nome_credor":"MICROTECNOLOGIA INFORMATICA LTDA","valor_contratado":927.00,"valor_pago":927.00},{"codigo_unidade_gestora":"201157","codigo_unidade_orcamentaria":"02020","numero_empenho":"0000026","classificacao":"126","data_empenho":"2022-01-13","codigo_credor":"07456969000110","nome_credor":"MICROTECNOLOGIA INFORMATICA LTDA","valor_contratado":890.00,"valor_pago":890.00},{"codigo_unidade_gestora":"201157","codigo_unidade_orcamentaria":"02040","numero_empenho":"0000027","classificacao":"189","data_empenho":"2022-01-13","codigo_credor":"00088985571249","nome_credor":"WAGNER CHICOL DE CARVALHO","valor_contratado":600.00,"valor_pago":600.00},{"codigo_unidade_gestora":"201157","codigo_unidade_orcamentaria":"02040","numero_empenho":"0000028","classificacao":"189","data_empenho":"2022-01-13","codigo_credor":"00008400513100","nome_credor":"DAYAN GONZALEZ ALVAREZ","valor_contratado":1200.00,"valor_pago":1200.00},{"codigo_unidade_gestora":"201157","codigo_unidade_orcamentaria":"02140","numero_empenho":"0000029","classificacao":"144","data_empenho":"2022-01-13","codigo_credor":"00012660172404","nome_credor":"MARIA DANIELE DOS SANTOS APRIGIO","valor_contratado":300.00,"valor_pago":300.00},{"codigo_unidade_gestora":"201157","codigo_unidade_orcamentaria":"02080","numero_empenho":"0000030","classificacao":"135","data_empenho":"2022-01-13","codigo_credor":"32666493000190","nome_credor":"VITOR FERREIRA DOS SANTOS 09470814452","valor_contratado":1170.00,"valor_pago":1170.00},{"codigo_unidade_gestora":"201157","codigo_unidade_orcamentaria":"02140","numero_empenho":"0000037","classificacao":"128","data_empenho":"2022-01-14","codigo_credor":"00003597306470","nome_credor":"VENANCIO GUEDES DE ANDRADE","valor_contratado":500.00,"valor_pago":500.00},{"codigo_unidade_gestora":"201157","codigo_unidade_orcamentaria":"02140","numero_empenho":"0000038","classificacao":"128","data_empenho":"2022-01-14","codigo_credor":"00004423163489","nome_credor":"SOCRATES DE LIRA DIAS","valor_contratado":500.00,"valor_pago":500.00},{"codigo_unidade_gestora":"201157","codigo_unidade_orcamentaria":"02140","numero_empenho":"0000039","classificacao":"128","data_empenho":"2022-01-14","codigo_credor":"00045241694404","nome_credor":"CICERO FERNANDES DE SOUZA","valor_contratado":500.00,"valor_pago":500.00},{"codigo_unidade_gestora":"201157","codigo_unidade_orcamentaria":"02140","numero_empenho":"0000040","classificacao":"128","data_empenho":"2022-01-14","codigo_credor":"00010874001803","nome_credor":"MARGARETE CLARA DA SILVA","valor_contratado":500.00,"valor_pago":500.00},{"codigo_unidade_gestora":"201157","codigo_unidade_orcamentaria":"02140","numero_empenho":"0000041","classificacao":"128","data_empenho":"2022-01-14","codigo_credor":"00083927360449","nome_credor":"IRENE SIMPLICIO DOS SANTOS","valor_contratado":500.00,"valor_pago":500.00},{"codigo_unidade_gestora":"201157","codigo_unidade_orcamentaria":"02140","numero_empenho":"0000042","classificacao":"128","data_empenho":"2022-01-14","codigo_credor":"00006511043436","nome_credor":"JAILSON MAIA DE AZEVEDO","valor_contratado":500.00,"valor_pago":500.00},{"codigo_unidade_gestora":"201157","codigo_unidade_orcamentaria":"02140","numero_empenho":"0000043","classificacao":"128","data_empenho":"2022-01-14","codigo_credor":"00004767234425","nome_credor":"JOSIVAN BATISTA DOS PRAZERES MELO","valor_contratado":250.00,"valor_pago":250.00},{"codigo_unidade_gestora":"201157","codigo_unidade_orcamentaria":"02080","numero_empenho":"0000044","classificacao":"126","data_empenho":"2022-01-14","codigo_credor":"09261355000109","nome_credor":"HILTON PINHEIRO DANTAS","valor_contratado":509.27,"valor_pago":509.27},{"codigo_unidade_gestora":"201157","codigo_unidade_orcamentaria":"02080","numero_empenho":"0000045","classificacao":"126","data_empenho":"2022-01-14","codigo_credor":"09261355000109","nome_credor":"HILTON PINHEIRO DANTAS","valor_contratado":549.00,"valor_pago":549.00},{"codigo_unidade_gestora":"201157","codigo_unidade_orcamentaria":"02080","numero_empenho":"0000046","classificacao":"126","data_empenho":"2022-01-14","codigo_credor":"09261355000109","nome_credor":"HILTON PINHEIRO DANTAS","valor_contratado":1701.90,"valor_pago":1701.90},{"codigo_unidade_gestora":"201157","codigo_unidade_orcamentaria":"02080","numero_empenho":"0000047","classificacao":"126","data_empenho":"2022-01-14","codigo_credor":"09261355000109","nome_credor":"HILTON PINHEIRO DANTAS","valor_contratado":1387.67,"valor_pago":1387.67},{"codigo_unidade_gestora":"201157","codigo_unidade_orcamentaria":"02080","numero_empenho":"0000048","classificacao":"126","data_empenho":"2022-01-14","codigo_credor":"09261355000109","nome_credor":"HILTON PINHEIRO DANTAS","valor_contratado":1736.21,"valor_pago":1736.21},{"codigo_unidade_gestora":"201157","codigo_unidade_orcamentaria":"02040","numero_empenho":"0000049","classificacao":"126","data_empenho":"2022-01-14","codigo_credor":"09261355000109","nome_credor":"HILTON PINHEIRO DANTAS","valor_contratado":1715.58,"valor_pago":1715.58},{"codigo_unidade_gestora":"201157","codigo_unidade_orcamentaria":"02040","numero_empenho":"0000050","classificacao":"126","data_empenho":"2022-01-14","codigo_credor":"09261355000109","nome_credor":"HILTON PINHEIRO DANTAS","valor_contratado":367.95,"valor_pago":367.95},{"codigo_unidade_gestora":"201157","codigo_unidade_orcamentaria":"02040","numero_empenho":"0000051","classificacao":"126","data_empenho":"2022-01-14","codigo_credor":"09261355000109","nome_credor":"HILTON PINHEIRO DANTAS","valor_contratado":614.90,"valor_pago":614.90},{"codigo_unidade_gestora":"201157","codigo_unidade_orcamentaria":"02040","numero_empenho":"0000052","classificacao":"126","data_empenho":"2022-01-14","codigo_credor":"09261355000109","nome_credor":"HILTON PINHEIRO DANTAS","valor_contratado":88.48,"valor_pago":88.48},{"codigo_unidade_gestora":"201157","codigo_unidade_orcamentaria":"02140","numero_empenho":"0000053","classificacao":"128","data_empenho":"2022-01-14","codigo_credor":"00029128804830","nome_credor":"FABIANA CUSTOIDE DE SOUZA","valor_contratado":250.00,"valor_pago":250.00},{"codigo_unidade_gestora":"201157","codigo_unidade_orcamentaria":"02040","numero_empenho":"0000054","classificacao":"126","data_empenho":"2022-01-14","codigo_credor":"09261355000109","nome_credor":"HILTON PINHEIRO DANTAS","valor_contratado":164.71,"valor_pago":164.71},{"codigo_unidade_gestora":"201157","codigo_unidade_orcamentaria":"02140","numero_empenho":"0000055","classificacao":"128","data_empenho":"2022-01-14","codigo_credor":"00002122426446","nome_credor":"JOSINALDO CLEMENTINO DE ARAUJO","valor_contratado":250.00,"valor_pago":250.00},{"codigo_unidade_gestora":"201157","codigo_unidade_orcamentaria":"02140","numero_empenho":"0000056","classificacao":"128","data_empenho":"2022-01-14","codigo_credor":"00002402380446","nome_credor":"JOSINALDO FREIRE DA SILVA","valor_contratado":250.00,"valor_pago":250.00}]}}