{"size":50,"page":1,"total":763,"count":50,"_embedded":{"empenhos":[{"codigo_unidade_gestora":"201157","codigo_unidade_orcamentaria":"02040","numero_empenho":"0002701","classificacao":"126","data_empenho":"2022-06-01","codigo_credor":"32481097000198","nome_credor":"NIVAN BEZERRA DA COSTA NETO","valor_contratado":5655.00,"valor_pago":5655.00},{"codigo_unidade_gestora":"201157","codigo_unidade_orcamentaria":"02110","numero_empenho":"0002702","classificacao":"135","data_empenho":"2022-06-01","codigo_credor":"02674275000136","nome_credor":"CARDIO IMAGEM SERV. DE DIAGNOSTICOS POR IMAGEM LTDA","valor_contratado":600.00,"valor_pago":600.00},{"codigo_unidade_gestora":"201157","codigo_unidade_orcamentaria":"02140","numero_empenho":"0002703","classificacao":"144","data_empenho":"2022-06-01","codigo_credor":"00016317763470","nome_credor":"CAYLANE GABRIELA CANDIDO DA SILVA","valor_contratado":300.00,"valor_pago":300.00},{"codigo_unidade_gestora":"201157","codigo_unidade_orcamentaria":"02040","numero_empenho":"0002704","classificacao":"126","data_empenho":"2022-06-01","codigo_credor":"28695805000116","nome_credor":"GB COMERCIO E SERVICOS LTDA - EPP","valor_contratado":3267.63,"valor_pago":3267.63},{"codigo_unidade_gestora":"201157","codigo_unidade_orcamentaria":"02040","numero_empenho":"0002705","classificacao":"126","data_empenho":"2022-06-01","codigo_credor":"28695805000116","nome_credor":"GB COMERCIO E SERVICOS LTDA - EPP","valor_contratado":3295.49,"valor_pago":3295.49},{"codigo_unidade_gestora":"201157","codigo_unidade_orcamentaria":"02110","numero_empenho":"0002706","classificacao":"126","data_empenho":"2022-06-01","codigo_credor":"28695805000116","nome_credor":"GB COMERCIO E SERVICOS LTDA - EPP","valor_contratado":3474.42,"valor_pago":3474.42},{"codigo_unidade_gestora":"201157","codigo_unidade_orcamentaria":"02110","numero_empenho":"0002707","classificacao":"126","data_empenho":"2022-06-01","codigo_credor":"28695805000116","nome_credor":"GB COMERCIO E SERVICOS LTDA - EPP","valor_contratado":3454.93,"valor_pago":3454.93},{"codigo_unidade_gestora":"201157","codigo_unidade_orcamentaria":"02070","numero_empenho":"0002708","classificacao":"126","data_empenho":"2022-06-01","codigo_credor":"28695805000116","nome_credor":"GB COMERCIO E SERVICOS LTDA - EPP","valor_contratado":2940.64,"valor_pago":2940.64},{"codigo_unidade_gestora":"201157","codigo_unidade_orcamentaria":"02070","numero_empenho":"0002709","classificacao":"126","data_empenho":"2022-06-01","codigo_credor":"28695805000116","nome_credor":"GB COMERCIO E SERVICOS LTDA - EPP","valor_contratado":3265.99,"valor_pago":3265.99},{"codigo_unidade_gestora":"201157","codigo_unidade_orcamentaria":"02140","numero_empenho":"0002710","classificacao":"144","data_empenho":"2022-06-01","codigo_credor":"00070474970485","nome_credor":"JULIANA FRANCELINO DOS SANTOS","valor_contratado":200.00,"valor_pago":200.00},{"codigo_unidade_gestora":"201157","codigo_unidade_orcamentaria":"02040","numero_empenho":"0002711","classificacao":"126","data_empenho":"2022-06-01","codigo_credor":"28695805000116","nome_credor":"GB COMERCIO E SERVICOS LTDA - EPP","valor_contratado":3424.70,"valor_pago":3424.70},{"codigo_unidade_gestora":"201157","codigo_unidade_orcamentaria":"02140","numero_empenho":"0002712","classificacao":"144","data_empenho":"2022-06-01","codigo_credor":"00004184090486","nome_credor":"CASILDA MONTEIRO DO NASCIMENTO","valor_contratado":250.00,"valor_pago":250.00},{"codigo_unidade_gestora":"201157","codigo_unidade_orcamentaria":"02110","numero_empenho":"0002713","classificacao":"126","data_empenho":"2022-06-01","codigo_credor":"20226846000151","nome_credor":"ALLMED DISTRIBUIDORA E COMERCIO DE PROD. FARMACEUTICOS LTDA","valor_contratado":1402.92,"valor_pago":1402.92},{"codigo_unidade_gestora":"201157","codigo_unidade_orcamentaria":"02110","numero_empenho":"0002714","classificacao":"131","data_empenho":"2022-06-01","codigo_credor":"26804557000179","nome_credor":"JULIANNY DA CUNHA GOUVEIA","valor_contratado":2500.00,"valor_pago":2500.00},{"codigo_unidade_gestora":"201157","codigo_unidade_orcamentaria":"02040","numero_empenho":"0002715","classificacao":"135","data_empenho":"2022-06-01","codigo_credor":"00000000280704","nome_credor":"BANCO DO BRASIL S/A","valor_contratado":10.45,"valor_pago":10.45},{"codigo_unidade_gestora":"201157","codigo_unidade_orcamentaria":"02040","numero_empenho":"0002716","classificacao":"135","data_empenho":"2022-06-01","codigo_credor":"00000000280704","nome_credor":"BANCO DO BRASIL S/A","valor_contratado":10.45,"valor_pago":10.45},{"codigo_unidade_gestora":"201157","codigo_unidade_orcamentaria":"02020","numero_empenho":"0002717","classificacao":"135","data_empenho":"2022-06-01","codigo_credor":"00000000280704","nome_credor":"BANCO DO BRASIL S/A","valor_contratado":22.00,"valor_pago":22.00},{"codigo_unidade_gestora":"201157","codigo_unidade_orcamentaria":"02020","numero_empenho":"0002718","classificacao":"135","data_empenho":"2022-06-01","codigo_credor":"00000000280704","nome_credor":"BANCO DO BRASIL S/A","valor_contratado":4.75,"valor_pago":4.75},{"codigo_unidade_gestora":"201157","codigo_unidade_orcamentaria":"02040","numero_empenho":"0002719","classificacao":"126","data_empenho":"2022-06-01","codigo_credor":"31424800000163","nome_credor":"ADRIANO GONCALVES RODRIGUES DO NASCIMENTO","valor_contratado":888.00,"valor_pago":888.00},{"codigo_unidade_gestora":"201157","codigo_unidade_orcamentaria":"02040","numero_empenho":"0002720","classificacao":"135","data_empenho":"2022-06-01","codigo_credor":"00000000280704","nome_credor":"BANCO DO BRASIL S/A","valor_contratado":22.00,"valor_pago":22.00},{"codigo_unidade_gestora":"201157","codigo_unidade_orcamentaria":"02050","numero_empenho":"0002721","classificacao":"126","data_empenho":"2022-06-01","codigo_credor":"31424800000163","nome_credor":"ADRIANO GONCALVES RODRIGUES DO NASCIMENTO","valor_contratado":2424.00,"valor_pago":2424.00},{"codigo_unidade_gestora":"201157","codigo_unidade_orcamentaria":"02010","numero_empenho":"0002722","classificacao":"126","data_empenho":"2022-06-01","codigo_credor":"31424800000163","nome_credor":"ADRIANO GONCALVES RODRIGUES DO NASCIMENTO","valor_contratado":156.00,"valor_pago":156.00},{"codigo_unidade_gestora":"201157","codigo_unidade_orcamentaria":"02140","numero_empenho":"0002723","classificacao":"126","data_empenho":"2022-06-01","codigo_credor":"31424800000163","nome_credor":"ADRIANO GONCALVES RODRIGUES DO NASCIMENTO","valor_contratado":186.00,"valor_pago":186.00},{"codigo_unidade_gestora":"201157","codigo_unidade_orcamentaria":"02020","numero_empenho":"0002724","classificacao":"135","data_empenho":"2022-06-01","codigo_credor":"00360305000104","nome_credor":"CAIXA ECONOMICA FEDERAL","valor_contratado":1184.37,"valor_pago":1184.37},{"codigo_unidade_gestora":"201157","codigo_unidade_orcamentaria":"02020","numero_empenho":"0002725","classificacao":"135","data_empenho":"2022-06-01","codigo_credor":"00360305000104","nome_credor":"CAIXA ECONOMICA FEDERAL","valor_contratado":364.65,"valor_pago":364.65},{"codigo_unidade_gestora":"201157","codigo_unidade_orcamentaria":"02020","numero_empenho":"0002726","classificacao":"136","data_empenho":"2022-06-02","codigo_credor":"27275322000108","nome_credor":"JOSE ALEX LEANDRO DA SILVA EIRELI","valor_contratado":17500.00,"valor_pago":17500.00},{"codigo_unidade_gestora":"201157","codigo_unidade_orcamentaria":"02110","numero_empenho":"0002727","classificacao":"135","data_empenho":"2022-06-02","codigo_credor":"42024082000154","nome_credor":"LINDAIR ALVES DA SILVA EIRELI","valor_contratado":1320.00,"valor_pago":1320.00},{"codigo_unidade_gestora":"201157","codigo_unidade_orcamentaria":"02110","numero_empenho":"0002728","classificacao":"135","data_empenho":"2022-06-02","codigo_credor":"30431360000109","nome_credor":"CITO MAMA SERVI?OS DE DIAGNOSTICOS POR IMAGEM LTDA","valor_contratado":2744.00,"valor_pago":2744.00},{"codigo_unidade_gestora":"201157","codigo_unidade_orcamentaria":"02040","numero_empenho":"0002729","classificacao":"126","data_empenho":"2022-06-02","codigo_credor":"15609075000141","nome_credor":"CICERO GEOVANIO PRAZERES MELO - ME","valor_contratado":2835.00,"valor_pago":2835.00},{"codigo_unidade_gestora":"201157","codigo_unidade_orcamentaria":"02080","numero_empenho":"0002730","classificacao":"126","data_empenho":"2022-06-02","codigo_credor":"15609075000141","nome_credor":"CICERO GEOVANIO PRAZERES MELO - ME","valor_contratado":345.00,"valor_pago":345.00},{"codigo_unidade_gestora":"201157","codigo_unidade_orcamentaria":"02050","numero_empenho":"0002731","classificacao":"126","data_empenho":"2022-06-02","codigo_credor":"15609075000141","nome_credor":"CICERO GEOVANIO PRAZERES MELO - ME","valor_contratado":140.00,"valor_pago":140.00},{"codigo_unidade_gestora":"201157","codigo_unidade_orcamentaria":"02050","numero_empenho":"0002732","classificacao":"126","data_empenho":"2022-06-02","codigo_credor":"15609075000141","nome_credor":"CICERO GEOVANIO PRAZERES MELO - ME","valor_contratado":300.00,"valor_pago":300.00},{"codigo_unidade_gestora":"201157","codigo_unidade_orcamentaria":"02040","numero_empenho":"0002733","classificacao":"126","data_empenho":"2022-06-02","codigo_credor":"15609075000141","nome_credor":"CICERO GEOVANIO PRAZERES MELO - ME","valor_contratado":240.00,"valor_pago":240.00},{"codigo_unidade_gestora":"201157","codigo_unidade_orcamentaria":"02080","numero_empenho":"0002734","classificacao":"126","data_empenho":"2022-06-02","codigo_credor":"15609075000141","nome_credor":"CICERO GEOVANIO PRAZERES MELO - ME","valor_contratado":1536.00,"valor_pago":1536.00},{"codigo_unidade_gestora":"201157","codigo_unidade_orcamentaria":"02040","numero_empenho":"0002735","classificacao":"126","data_empenho":"2022-06-02","codigo_credor":"15609075000141","nome_credor":"CICERO GEOVANIO PRAZERES MELO - ME","valor_contratado":6412.00,"valor_pago":6412.00},{"codigo_unidade_gestora":"201157","codigo_unidade_orcamentaria":"02080","numero_empenho":"0002736","classificacao":"126","data_empenho":"2022-06-02","codigo_credor":"15609075000141","nome_credor":"CICERO GEOVANIO PRAZERES MELO - ME","valor_contratado":1824.00,"valor_pago":1824.00},{"codigo_unidade_gestora":"201157","codigo_unidade_orcamentaria":"02080","numero_empenho":"0002737","classificacao":"126","data_empenho":"2022-06-02","codigo_credor":"15609075000141","nome_credor":"CICERO GEOVANIO PRAZERES MELO - ME","valor_contratado":5376.00,"valor_pago":5376.00},{"codigo_unidade_gestora":"201157","codigo_unidade_orcamentaria":"02040","numero_empenho":"0002738","classificacao":"126","data_empenho":"2022-06-02","codigo_credor":"04923356000158","nome_credor":"FARIAS COMERCIO VAREJISTA DE MEDICAMENTOS LTDA","valor_contratado":24900.00,"valor_pago":24900.00},{"codigo_unidade_gestora":"201157","codigo_unidade_orcamentaria":"02120","numero_empenho":"0002739","classificacao":"126","data_empenho":"2022-06-02","codigo_credor":"03161004000220","nome_credor":"REPLASTIL","valor_contratado":533.00,"valor_pago":533.00},{"codigo_unidade_gestora":"201157","codigo_unidade_orcamentaria":"02090","numero_empenho":"0002740","classificacao":"126","data_empenho":"2022-06-02","codigo_credor":"28695805000116","nome_credor":"GB COMERCIO E SERVICOS LTDA - EPP","valor_contratado":3985.01,"valor_pago":3985.01},{"codigo_unidade_gestora":"201157","codigo_unidade_orcamentaria":"02090","numero_empenho":"0002741","classificacao":"126","data_empenho":"2022-06-02","codigo_credor":"28695805000116","nome_credor":"GB COMERCIO E SERVICOS LTDA - EPP","valor_contratado":4813.63,"valor_pago":4813.63},{"codigo_unidade_gestora":"201157","codigo_unidade_orcamentaria":"02090","numero_empenho":"0002742","classificacao":"126","data_empenho":"2022-06-02","codigo_credor":"28695805000116","nome_credor":"GB COMERCIO E SERVICOS LTDA - EPP","valor_contratado":5374.98,"valor_pago":5374.98},{"codigo_unidade_gestora":"201157","codigo_unidade_orcamentaria":"02090","numero_empenho":"0002743","classificacao":"126","data_empenho":"2022-06-02","codigo_credor":"28695805000116","nome_credor":"GB COMERCIO E SERVICOS LTDA - EPP","valor_contratado":6252.66,"valor_pago":6252.66},{"codigo_unidade_gestora":"201157","codigo_unidade_orcamentaria":"02090","numero_empenho":"0002744","classificacao":"126","data_empenho":"2022-06-02","codigo_credor":"28695805000116","nome_credor":"GB COMERCIO E SERVICOS LTDA - EPP","valor_contratado":4498.26,"valor_pago":4498.26},{"codigo_unidade_gestora":"201157","codigo_unidade_orcamentaria":"02090","numero_empenho":"0002745","classificacao":"126","data_empenho":"2022-06-02","codigo_credor":"28695805000116","nome_credor":"GB COMERCIO E SERVICOS LTDA - EPP","valor_contratado":5209.35,"valor_pago":5209.35},{"codigo_unidade_gestora":"201157","codigo_unidade_orcamentaria":"02090","numero_empenho":"0002746","classificacao":"126","data_empenho":"2022-06-02","codigo_credor":"28695805000116","nome_credor":"GB COMERCIO E SERVICOS LTDA - EPP","valor_contratado":4911.25,"valor_pago":4911.25},{"codigo_unidade_gestora":"201157","codigo_unidade_orcamentaria":"02090","numero_empenho":"0002747","classificacao":"126","data_empenho":"2022-06-02","codigo_credor":"28695805000116","nome_credor":"GB COMERCIO E SERVICOS LTDA - EPP","valor_contratado":4036.41,"valor_pago":4036.41},{"codigo_unidade_gestora":"201157","codigo_unidade_orcamentaria":"02070","numero_empenho":"0002748","classificacao":"135","data_empenho":"2022-06-02","codigo_credor":"28695805000116","nome_credor":"GB COMERCIO E SERVICOS LTDA - EPP","valor_contratado":1380.98,"valor_pago":1380.98},{"codigo_unidade_gestora":"201157","codigo_unidade_orcamentaria":"02090","numero_empenho":"0002749","classificacao":"126","data_empenho":"2022-06-02","codigo_credor":"28695805000116","nome_credor":"GB COMERCIO E SERVICOS LTDA - EPP","valor_contratado":298.43,"valor_pago":298.43},{"codigo_unidade_gestora":"201157","codigo_unidade_orcamentaria":"02110","numero_empenho":"0002750","classificacao":"126","data_empenho":"2022-06-02","codigo_credor":"08778201000126","nome_credor":"DROGAFONTE LTDA.","valor_contratado":7027.20,"valor_pago":7027.20}]}}