{"size":50,"page":11,"total":767,"count":50,"_embedded":{"empenhos":[{"codigo_unidade_gestora":"201157","codigo_unidade_orcamentaria":"02010","numero_empenho":"0003971","classificacao":"97","data_empenho":"2022-07-19","codigo_credor":"00636397000102","nome_credor":"FAMUP","valor_contratado":1300.00,"valor_pago":1300.00},{"codigo_unidade_gestora":"201157","codigo_unidade_orcamentaria":"02080","numero_empenho":"0003972","classificacao":"135","data_empenho":"2022-07-19","codigo_credor":"09095183000140","nome_credor":"ENERGISA","valor_contratado":38858.76,"valor_pago":38858.76},{"codigo_unidade_gestora":"201157","codigo_unidade_orcamentaria":"02080","numero_empenho":"0003973","classificacao":"126","data_empenho":"2022-07-19","codigo_credor":"02737810000150","nome_credor":"JOSE ARLINDO OLIVEIRA  SILVA","valor_contratado":2193.54,"valor_pago":2193.54},{"codigo_unidade_gestora":"201157","codigo_unidade_orcamentaria":"02110","numero_empenho":"0003974","classificacao":"126","data_empenho":"2022-07-19","codigo_credor":"05412147000102","nome_credor":"DENTAL OESTE EIRELI","valor_contratado":575.00,"valor_pago":575.00},{"codigo_unidade_gestora":"201157","codigo_unidade_orcamentaria":"02080","numero_empenho":"0003975","classificacao":"126","data_empenho":"2022-07-19","codigo_credor":"02737810000150","nome_credor":"JOSE ARLINDO OLIVEIRA  SILVA","valor_contratado":8108.20,"valor_pago":8108.20},{"codigo_unidade_gestora":"201157","codigo_unidade_orcamentaria":"02080","numero_empenho":"0003976","classificacao":"126","data_empenho":"2022-07-19","codigo_credor":"02737810000150","nome_credor":"JOSE ARLINDO OLIVEIRA  SILVA","valor_contratado":1105.55,"valor_pago":1105.55},{"codigo_unidade_gestora":"201157","codigo_unidade_orcamentaria":"02080","numero_empenho":"0003977","classificacao":"126","data_empenho":"2022-07-19","codigo_credor":"02737810000150","nome_credor":"JOSE ARLINDO OLIVEIRA  SILVA","valor_contratado":16337.82,"valor_pago":16337.82},{"codigo_unidade_gestora":"201157","codigo_unidade_orcamentaria":"02050","numero_empenho":"0003978","classificacao":"126","data_empenho":"2022-07-19","codigo_credor":"02737810000150","nome_credor":"JOSE ARLINDO OLIVEIRA  SILVA","valor_contratado":1388.18,"valor_pago":1388.18},{"codigo_unidade_gestora":"201157","codigo_unidade_orcamentaria":"02080","numero_empenho":"0003979","classificacao":"126","data_empenho":"2022-07-19","codigo_credor":"02737810000150","nome_credor":"JOSE ARLINDO OLIVEIRA  SILVA","valor_contratado":3040.98,"valor_pago":3040.98},{"codigo_unidade_gestora":"201157","codigo_unidade_orcamentaria":"02050","numero_empenho":"0003980","classificacao":"126","data_empenho":"2022-07-19","codigo_credor":"02737810000150","nome_credor":"JOSE ARLINDO OLIVEIRA  SILVA","valor_contratado":2795.06,"valor_pago":2795.06},{"codigo_unidade_gestora":"201157","codigo_unidade_orcamentaria":"02050","numero_empenho":"0003981","classificacao":"126","data_empenho":"2022-07-19","codigo_credor":"02737810000150","nome_credor":"JOSE ARLINDO OLIVEIRA  SILVA","valor_contratado":1298.81,"valor_pago":1298.81},{"codigo_unidade_gestora":"201157","codigo_unidade_orcamentaria":"02040","numero_empenho":"0003982","classificacao":"126","data_empenho":"2022-07-19","codigo_credor":"02737810000150","nome_credor":"JOSE ARLINDO OLIVEIRA  SILVA","valor_contratado":1803.64,"valor_pago":1803.64},{"codigo_unidade_gestora":"201157","codigo_unidade_orcamentaria":"02050","numero_empenho":"0003983","classificacao":"126","data_empenho":"2022-07-19","codigo_credor":"02737810000150","nome_credor":"JOSE ARLINDO OLIVEIRA  SILVA","valor_contratado":1236.91,"valor_pago":1236.91},{"codigo_unidade_gestora":"201157","codigo_unidade_orcamentaria":"02050","numero_empenho":"0003984","classificacao":"126","data_empenho":"2022-07-19","codigo_credor":"02737810000150","nome_credor":"JOSE ARLINDO OLIVEIRA  SILVA","valor_contratado":955.22,"valor_pago":955.22},{"codigo_unidade_gestora":"201157","codigo_unidade_orcamentaria":"02040","numero_empenho":"0003985","classificacao":"126","data_empenho":"2022-07-19","codigo_credor":"01687725000243","nome_credor":"CENTRO ESPECIALIZADO EM NUTRICAO ENTERAL E PARENTERAL - CENEP LTDA","valor_contratado":1890.00,"valor_pago":1890.00},{"codigo_unidade_gestora":"201157","codigo_unidade_orcamentaria":"02110","numero_empenho":"0003986","classificacao":"126","data_empenho":"2022-07-19","codigo_credor":"04451626000175","nome_credor":"PHOSPODONT LTDA","valor_contratado":1550.40,"valor_pago":1550.40},{"codigo_unidade_gestora":"201157","codigo_unidade_orcamentaria":"02110","numero_empenho":"0003987","classificacao":"126","data_empenho":"2022-07-19","codigo_credor":"04451626000175","nome_credor":"PHOSPODONT LTDA","valor_contratado":7615.00,"valor_pago":7615.00},{"codigo_unidade_gestora":"201157","codigo_unidade_orcamentaria":"02110","numero_empenho":"0003988","classificacao":"107","data_empenho":"2022-07-19","codigo_credor":"29979036000140","nome_credor":"INSS-INSTITUTO NACIONAL DO SEGURO SOCIAL","valor_contratado":509.04,"valor_pago":509.04},{"codigo_unidade_gestora":"201157","codigo_unidade_orcamentaria":"02050","numero_empenho":"0003989","classificacao":"107","data_empenho":"2022-07-19","codigo_credor":"29979036000140","nome_credor":"INSS-INSTITUTO NACIONAL DO SEGURO SOCIAL","valor_contratado":43053.82,"valor_pago":43053.82},{"codigo_unidade_gestora":"201157","codigo_unidade_orcamentaria":"02110","numero_empenho":"0003990","classificacao":"107","data_empenho":"2022-07-19","codigo_credor":"29979036000140","nome_credor":"INSS-INSTITUTO NACIONAL DO SEGURO SOCIAL","valor_contratado":1934.35,"valor_pago":1934.35},{"codigo_unidade_gestora":"201157","codigo_unidade_orcamentaria":"02110","numero_empenho":"0003991","classificacao":"107","data_empenho":"2022-07-19","codigo_credor":"29979036000140","nome_credor":"INSS-INSTITUTO NACIONAL DO SEGURO SOCIAL","valor_contratado":1365.00,"valor_pago":1365.00},{"codigo_unidade_gestora":"201157","codigo_unidade_orcamentaria":"02070","numero_empenho":"0003992","classificacao":"107","data_empenho":"2022-07-19","codigo_credor":"29979036000140","nome_credor":"INSS-INSTITUTO NACIONAL DO SEGURO SOCIAL","valor_contratado":4685.10,"valor_pago":4685.10},{"codigo_unidade_gestora":"201157","codigo_unidade_orcamentaria":"02110","numero_empenho":"0003993","classificacao":"107","data_empenho":"2022-07-19","codigo_credor":"29979036000140","nome_credor":"INSS-INSTITUTO NACIONAL DO SEGURO SOCIAL","valor_contratado":19399.64,"valor_pago":19399.64},{"codigo_unidade_gestora":"201157","codigo_unidade_orcamentaria":"02110","numero_empenho":"0003994","classificacao":"107","data_empenho":"2022-07-19","codigo_credor":"29979036000140","nome_credor":"INSS-INSTITUTO NACIONAL DO SEGURO SOCIAL","valor_contratado":2265.07,"valor_pago":2265.07},{"codigo_unidade_gestora":"201157","codigo_unidade_orcamentaria":"02040","numero_empenho":"0003995","classificacao":"107","data_empenho":"2022-07-19","codigo_credor":"29979036000140","nome_credor":"INSS-INSTITUTO NACIONAL DO SEGURO SOCIAL","valor_contratado":27890.31,"valor_pago":27890.31},{"codigo_unidade_gestora":"201157","codigo_unidade_orcamentaria":"02020","numero_empenho":"0003996","classificacao":"107","data_empenho":"2022-07-19","codigo_credor":"29979036000140","nome_credor":"INSS-INSTITUTO NACIONAL DO SEGURO SOCIAL","valor_contratado":40067.57,"valor_pago":40067.57},{"codigo_unidade_gestora":"201157","codigo_unidade_orcamentaria":"02020","numero_empenho":"0003997","classificacao":"136","data_empenho":"2022-07-20","codigo_credor":"24627421000105","nome_credor":"MAXÍMA SERVIÇOS EM TECNOLOGIA DA IRNFORMAÇÃO LTDA","valor_contratado":723.45,"valor_pago":723.45},{"codigo_unidade_gestora":"201157","codigo_unidade_orcamentaria":"02110","numero_empenho":"0003998","classificacao":"126","data_empenho":"2022-07-20","codigo_credor":"26156923000120","nome_credor":"EXPRESS DISTRIBUIDORA DE MEDICAMENTOS LTDA","valor_contratado":487.00,"valor_pago":487.00},{"codigo_unidade_gestora":"201157","codigo_unidade_orcamentaria":"02110","numero_empenho":"0003999","classificacao":"126","data_empenho":"2022-07-20","codigo_credor":"06106005000180","nome_credor":"STOCK MED PRODUTOS MEDICO-HOSPITALARES LTDA","valor_contratado":862.40,"valor_pago":862.40},{"codigo_unidade_gestora":"201157","codigo_unidade_orcamentaria":"02040","numero_empenho":"0004000","classificacao":"135","data_empenho":"2022-07-20","codigo_credor":"09095183000140","nome_credor":"ENERGISA","valor_contratado":50.42,"valor_pago":50.42},{"codigo_unidade_gestora":"201157","codigo_unidade_orcamentaria":"02110","numero_empenho":"0004001","classificacao":"126","data_empenho":"2022-07-20","codigo_credor":"02737810000150","nome_credor":"JOSE ARLINDO OLIVEIRA  SILVA","valor_contratado":701.92,"valor_pago":701.92},{"codigo_unidade_gestora":"201157","codigo_unidade_orcamentaria":"02110","numero_empenho":"0004002","classificacao":"126","data_empenho":"2022-07-20","codigo_credor":"02737810000150","nome_credor":"JOSE ARLINDO OLIVEIRA  SILVA","valor_contratado":1858.29,"valor_pago":1858.29},{"codigo_unidade_gestora":"201157","codigo_unidade_orcamentaria":"02050","numero_empenho":"0004003","classificacao":"126","data_empenho":"2022-07-20","codigo_credor":"02737810000150","nome_credor":"JOSE ARLINDO OLIVEIRA  SILVA","valor_contratado":1150.87,"valor_pago":1150.87},{"codigo_unidade_gestora":"201157","codigo_unidade_orcamentaria":"02040","numero_empenho":"0004004","classificacao":"126","data_empenho":"2022-07-20","codigo_credor":"02737810000150","nome_credor":"JOSE ARLINDO OLIVEIRA  SILVA","valor_contratado":1337.76,"valor_pago":1337.76},{"codigo_unidade_gestora":"201157","codigo_unidade_orcamentaria":"02050","numero_empenho":"0004005","classificacao":"126","data_empenho":"2022-07-20","codigo_credor":"02737810000150","nome_credor":"JOSE ARLINDO OLIVEIRA  SILVA","valor_contratado":1158.34,"valor_pago":1158.34},{"codigo_unidade_gestora":"201157","codigo_unidade_orcamentaria":"02050","numero_empenho":"0004006","classificacao":"126","data_empenho":"2022-07-20","codigo_credor":"02737810000150","nome_credor":"JOSE ARLINDO OLIVEIRA  SILVA","valor_contratado":709.54,"valor_pago":709.54},{"codigo_unidade_gestora":"201157","codigo_unidade_orcamentaria":"02110","numero_empenho":"0004007","classificacao":"126","data_empenho":"2022-07-20","codigo_credor":"02737810000150","nome_credor":"JOSE ARLINDO OLIVEIRA  SILVA","valor_contratado":833.98,"valor_pago":833.98},{"codigo_unidade_gestora":"201157","codigo_unidade_orcamentaria":"02090","numero_empenho":"0004008","classificacao":"135","data_empenho":"2022-07-20","codigo_credor":"09095183000140","nome_credor":"ENERGISA","valor_contratado":22.68,"valor_pago":22.68},{"codigo_unidade_gestora":"201157","codigo_unidade_orcamentaria":"02070","numero_empenho":"0004009","classificacao":"135","data_empenho":"2022-07-20","codigo_credor":"09095183000140","nome_credor":"ENERGISA","valor_contratado":99.46,"valor_pago":99.46},{"codigo_unidade_gestora":"201157","codigo_unidade_orcamentaria":"02050","numero_empenho":"0004010","classificacao":"135","data_empenho":"2022-07-20","codigo_credor":"19573653000198","nome_credor":"JOSE PEDRO DA SILVA - 026.799.054-58","valor_contratado":1760.00,"valor_pago":1760.00},{"codigo_unidade_gestora":"201157","codigo_unidade_orcamentaria":"02110","numero_empenho":"0004011","classificacao":"126","data_empenho":"2022-07-20","codigo_credor":"05329135000119","nome_credor":"ALEXSANDRO SANTOS DA SILVA","valor_contratado":18490.00,"valor_pago":18490.00},{"codigo_unidade_gestora":"201157","codigo_unidade_orcamentaria":"02120","numero_empenho":"0004012","classificacao":"132","data_empenho":"2022-07-20","codigo_credor":"00084095350415","nome_credor":"ANTONIO ALAECIO DE LIMA","valor_contratado":4500.00,"valor_pago":4500.00},{"codigo_unidade_gestora":"201157","codigo_unidade_orcamentaria":"02110","numero_empenho":"0004013","classificacao":"126","data_empenho":"2022-07-20","codigo_credor":"15609075000141","nome_credor":"CICERO GEOVANIO PRAZERES MELO - ME","valor_contratado":14000.00,"valor_pago":14000.00},{"codigo_unidade_gestora":"201157","codigo_unidade_orcamentaria":"02120","numero_empenho":"0004014","classificacao":"135","data_empenho":"2022-07-20","codigo_credor":"18483443000146","nome_credor":"MARCOS DE ALBUQUERQUE 41249216400","valor_contratado":3600.00,"valor_pago":3600.00},{"codigo_unidade_gestora":"201157","codigo_unidade_orcamentaria":"02020","numero_empenho":"0004015","classificacao":"135","data_empenho":"2022-07-20","codigo_credor":"00000000280704","nome_credor":"BANCO DO BRASIL S/A","valor_contratado":121.00,"valor_pago":121.00},{"codigo_unidade_gestora":"201157","codigo_unidade_orcamentaria":"02050","numero_empenho":"0004016","classificacao":"135","data_empenho":"2022-07-20","codigo_credor":"29458217000121","nome_credor":"MARCOS ANTONIO BATISTA REIS 85353213491","valor_contratado":7600.00,"valor_pago":7600.00},{"codigo_unidade_gestora":"201157","codigo_unidade_orcamentaria":"02120","numero_empenho":"0004017","classificacao":"135","data_empenho":"2022-07-20","codigo_credor":"10348487000232","nome_credor":"ASSOCIACAO HUMANITARIA DOS BOMBEIROS VOLUNTARIOS DA PARAIBA","valor_contratado":1200.00,"valor_pago":1200.00},{"codigo_unidade_gestora":"201157","codigo_unidade_orcamentaria":"02120","numero_empenho":"0004018","classificacao":"132","data_empenho":"2022-07-20","codigo_credor":"00095279210404","nome_credor":"NOBERTO SANTIAGO FEITOSA","valor_contratado":1200.00,"valor_pago":1200.00},{"codigo_unidade_gestora":"201157","codigo_unidade_orcamentaria":"02050","numero_empenho":"0004019","classificacao":"126","data_empenho":"2022-07-21","codigo_credor":"42878093000100","nome_credor":"JCASIF COMERCIO VAREJISTA DE CEREAIS LTDA","valor_contratado":8459.70,"valor_pago":8459.70},{"codigo_unidade_gestora":"201157","codigo_unidade_orcamentaria":"02020","numero_empenho":"0004020","classificacao":"136","data_empenho":"2022-07-21","codigo_credor":"17758807000190","nome_credor":"E-SOFT TECNOLOGIA EM INFORMATICA LTDA-EPP","valor_contratado":930.00,"valor_pago":930.00}]}}