{"size":50,"page":14,"total":802,"count":50,"_embedded":{"empenhos":[{"codigo_unidade_gestora":"201157","codigo_unidade_orcamentaria":"02050","numero_empenho":"0007301","classificacao":"135","data_empenho":"2022-11-24","codigo_credor":"28695805000116","nome_credor":"GB COMERCIO E SERVICOS LTDA - EPP","valor_contratado":5722.45,"valor_pago":5722.45},{"codigo_unidade_gestora":"201157","codigo_unidade_orcamentaria":"02130","numero_empenho":"0007302","classificacao":"135","data_empenho":"2022-11-24","codigo_credor":"28695805000116","nome_credor":"GB COMERCIO E SERVICOS LTDA - EPP","valor_contratado":2612.32,"valor_pago":2612.32},{"codigo_unidade_gestora":"201157","codigo_unidade_orcamentaria":"02010","numero_empenho":"0007303","classificacao":"135","data_empenho":"2022-11-24","codigo_credor":"09095183000140","nome_credor":"ENERGISA","valor_contratado":22.95,"valor_pago":22.95},{"codigo_unidade_gestora":"201157","codigo_unidade_orcamentaria":"02010","numero_empenho":"0007304","classificacao":"135","data_empenho":"2022-11-24","codigo_credor":"09095183000140","nome_credor":"ENERGISA","valor_contratado":23.27,"valor_pago":23.27},{"codigo_unidade_gestora":"201157","codigo_unidade_orcamentaria":"02020","numero_empenho":"0007306","classificacao":"135","data_empenho":"2022-11-24","codigo_credor":"00000000280704","nome_credor":"BANCO DO BRASIL S/A","valor_contratado":22.00,"valor_pago":22.00},{"codigo_unidade_gestora":"201157","codigo_unidade_orcamentaria":"02110","numero_empenho":"0007307","classificacao":"126","data_empenho":"2022-11-25","codigo_credor":"02977362000162","nome_credor":"A.COSTA COM.ATAC. DE PROD.FARM. LTDA","valor_contratado":20866.00,"valor_pago":20866.00},{"codigo_unidade_gestora":"201157","codigo_unidade_orcamentaria":"02010","numero_empenho":"0007308","classificacao":"135","data_empenho":"2022-11-25","codigo_credor":"09366790000106","nome_credor":"EMPRESA PARAIBANA DE COMUNICAÇÃO S.A -EPC","valor_contratado":1430.00,"valor_pago":1430.00},{"codigo_unidade_gestora":"201157","codigo_unidade_orcamentaria":"02110","numero_empenho":"0007309","classificacao":"126","data_empenho":"2022-11-25","codigo_credor":"02977362000162","nome_credor":"A.COSTA COM.ATAC. DE PROD.FARM. LTDA","valor_contratado":24935.00,"valor_pago":24935.00},{"codigo_unidade_gestora":"201157","codigo_unidade_orcamentaria":"02050","numero_empenho":"0007310","classificacao":"126","data_empenho":"2022-11-25","codigo_credor":"00977582000160","nome_credor":"ROSELMA VIEIRA SOARES","valor_contratado":2775.80,"valor_pago":2775.80},{"codigo_unidade_gestora":"201157","codigo_unidade_orcamentaria":"02050","numero_empenho":"0007311","classificacao":"126","data_empenho":"2022-11-25","codigo_credor":"00977582000160","nome_credor":"ROSELMA VIEIRA SOARES","valor_contratado":8947.10,"valor_pago":8947.10},{"codigo_unidade_gestora":"201157","codigo_unidade_orcamentaria":"02050","numero_empenho":"0007312","classificacao":"126","data_empenho":"2022-11-25","codigo_credor":"01686814000194","nome_credor":"ALEXSANDRA DINIZ FERNANDES","valor_contratado":6594.05,"valor_pago":0.00},{"codigo_unidade_gestora":"201157","codigo_unidade_orcamentaria":"02050","numero_empenho":"0007313","classificacao":"126","data_empenho":"2022-11-25","codigo_credor":"01686814000194","nome_credor":"ALEXSANDRA DINIZ FERNANDES","valor_contratado":14399.80,"valor_pago":14399.80},{"codigo_unidade_gestora":"201157","codigo_unidade_orcamentaria":"02050","numero_empenho":"0007314","classificacao":"126","data_empenho":"2022-11-25","codigo_credor":"01686814000194","nome_credor":"ALEXSANDRA DINIZ FERNANDES","valor_contratado":1357.65,"valor_pago":1357.65},{"codigo_unidade_gestora":"201157","codigo_unidade_orcamentaria":"02010","numero_empenho":"0007315","classificacao":"126","data_empenho":"2022-11-25","codigo_credor":"01686814000194","nome_credor":"ALEXSANDRA DINIZ FERNANDES","valor_contratado":1216.20,"valor_pago":1216.20},{"codigo_unidade_gestora":"201157","codigo_unidade_orcamentaria":"02040","numero_empenho":"0007316","classificacao":"126","data_empenho":"2022-11-25","codigo_credor":"01686814000194","nome_credor":"ALEXSANDRA DINIZ FERNANDES","valor_contratado":382.40,"valor_pago":382.40},{"codigo_unidade_gestora":"201157","codigo_unidade_orcamentaria":"02050","numero_empenho":"0007317","classificacao":"126","data_empenho":"2022-11-25","codigo_credor":"01686814000194","nome_credor":"ALEXSANDRA DINIZ FERNANDES","valor_contratado":1773.65,"valor_pago":1773.65},{"codigo_unidade_gestora":"201157","codigo_unidade_orcamentaria":"02040","numero_empenho":"0007318","classificacao":"126","data_empenho":"2022-11-25","codigo_credor":"01686814000194","nome_credor":"ALEXSANDRA DINIZ FERNANDES","valor_contratado":382.40,"valor_pago":382.40},{"codigo_unidade_gestora":"201157","codigo_unidade_orcamentaria":"02110","numero_empenho":"0007319","classificacao":"126","data_empenho":"2022-11-25","codigo_credor":"01686814000194","nome_credor":"ALEXSANDRA DINIZ FERNANDES","valor_contratado":1382.80,"valor_pago":1382.80},{"codigo_unidade_gestora":"201157","codigo_unidade_orcamentaria":"02070","numero_empenho":"0007320","classificacao":"126","data_empenho":"2022-11-25","codigo_credor":"01686814000194","nome_credor":"ALEXSANDRA DINIZ FERNANDES","valor_contratado":533.60,"valor_pago":533.60},{"codigo_unidade_gestora":"201157","codigo_unidade_orcamentaria":"02040","numero_empenho":"0007321","classificacao":"126","data_empenho":"2022-11-25","codigo_credor":"01686814000194","nome_credor":"ALEXSANDRA DINIZ FERNANDES","valor_contratado":1725.10,"valor_pago":1725.10},{"codigo_unidade_gestora":"201157","codigo_unidade_orcamentaria":"02020","numero_empenho":"0007322","classificacao":"126","data_empenho":"2022-11-25","codigo_credor":"01686814000194","nome_credor":"ALEXSANDRA DINIZ FERNANDES","valor_contratado":529.20,"valor_pago":0.00},{"codigo_unidade_gestora":"201157","codigo_unidade_orcamentaria":"02070","numero_empenho":"0007323","classificacao":"126","data_empenho":"2022-11-25","codigo_credor":"01686814000194","nome_credor":"ALEXSANDRA DINIZ FERNANDES","valor_contratado":453.60,"valor_pago":453.60},{"codigo_unidade_gestora":"201157","codigo_unidade_orcamentaria":"02110","numero_empenho":"0007324","classificacao":"126","data_empenho":"2022-11-25","codigo_credor":"01686814000194","nome_credor":"ALEXSANDRA DINIZ FERNANDES","valor_contratado":382.40,"valor_pago":382.40},{"codigo_unidade_gestora":"201157","codigo_unidade_orcamentaria":"02020","numero_empenho":"0007325","classificacao":"136","data_empenho":"2022-11-25","codigo_credor":"03500830000176","nome_credor":"RICARDO GUERRA INFORMATICA-ME","valor_contratado":1000.00,"valor_pago":1000.00},{"codigo_unidade_gestora":"201157","codigo_unidade_orcamentaria":"02130","numero_empenho":"0007326","classificacao":"150","data_empenho":"2022-11-25","codigo_credor":"26576226000129","nome_credor":"SIGMETAL INDUSTRIAL E COMERCIO DE MOVEIS LTDA","valor_contratado":10962.50,"valor_pago":10962.50},{"codigo_unidade_gestora":"201157","codigo_unidade_orcamentaria":"02020","numero_empenho":"0007327","classificacao":"135","data_empenho":"2022-11-25","codigo_credor":"00360305000104","nome_credor":"CAIXA ECONOMICA FEDERAL","valor_contratado":55.00,"valor_pago":55.00},{"codigo_unidade_gestora":"201157","codigo_unidade_orcamentaria":"02020","numero_empenho":"0007328","classificacao":"135","data_empenho":"2022-11-25","codigo_credor":"00360305000104","nome_credor":"CAIXA ECONOMICA FEDERAL","valor_contratado":55.00,"valor_pago":55.00},{"codigo_unidade_gestora":"201157","codigo_unidade_orcamentaria":"02020","numero_empenho":"0007329","classificacao":"135","data_empenho":"2022-11-25","codigo_credor":"00360305000104","nome_credor":"CAIXA ECONOMICA FEDERAL","valor_contratado":55.00,"valor_pago":55.00},{"codigo_unidade_gestora":"201157","codigo_unidade_orcamentaria":"02020","numero_empenho":"0007330","classificacao":"143","data_empenho":"2022-11-25","codigo_credor":"00000000280704","nome_credor":"BANCO DO BRASIL S/A","valor_contratado":148.20,"valor_pago":148.20},{"codigo_unidade_gestora":"201157","codigo_unidade_orcamentaria":"02090","numero_empenho":"0007331","classificacao":"126","data_empenho":"2022-11-28","codigo_credor":"28695805000116","nome_credor":"GB COMERCIO E SERVICOS LTDA - EPP","valor_contratado":7200.00,"valor_pago":7200.00},{"codigo_unidade_gestora":"201157","codigo_unidade_orcamentaria":"02090","numero_empenho":"0007332","classificacao":"126","data_empenho":"2022-11-28","codigo_credor":"28695805000116","nome_credor":"GB COMERCIO E SERVICOS LTDA - EPP","valor_contratado":3600.00,"valor_pago":3600.00},{"codigo_unidade_gestora":"201157","codigo_unidade_orcamentaria":"02110","numero_empenho":"0007333","classificacao":"126","data_empenho":"2022-11-28","codigo_credor":"40787152000109","nome_credor":"CIRUFARMA COMERCIAL LTDA","valor_contratado":200.00,"valor_pago":200.00},{"codigo_unidade_gestora":"201157","codigo_unidade_orcamentaria":"02110","numero_empenho":"0007334","classificacao":"135","data_empenho":"2022-11-28","codigo_credor":"26572822000130","nome_credor":"ALINE AGUIAR ROCHA - ME","valor_contratado":10027.00,"valor_pago":10027.00},{"codigo_unidade_gestora":"201157","codigo_unidade_orcamentaria":"02140","numero_empenho":"0007336","classificacao":"144","data_empenho":"2022-11-28","codigo_credor":"00009985704436","nome_credor":"JOCIMARA DA FÉ LULA","valor_contratado":560.00,"valor_pago":560.00},{"codigo_unidade_gestora":"201157","codigo_unidade_orcamentaria":"02140","numero_empenho":"0007337","classificacao":"128","data_empenho":"2022-11-28","codigo_credor":"00099627868434","nome_credor":"ZELIA PEREIRA DOS SANTOS","valor_contratado":600.00,"valor_pago":600.00},{"codigo_unidade_gestora":"201157","codigo_unidade_orcamentaria":"02140","numero_empenho":"0007338","classificacao":"128","data_empenho":"2022-11-28","codigo_credor":"00005472328454","nome_credor":"DAMIÃO JERONIMO DA COSTA","valor_contratado":500.00,"valor_pago":0.00},{"codigo_unidade_gestora":"201157","codigo_unidade_orcamentaria":"02050","numero_empenho":"0007339","classificacao":"135","data_empenho":"2022-11-28","codigo_credor":"09095183000140","nome_credor":"ENERGISA","valor_contratado":57.01,"valor_pago":57.01},{"codigo_unidade_gestora":"201157","codigo_unidade_orcamentaria":"02140","numero_empenho":"0007340","classificacao":"144","data_empenho":"2022-11-28","codigo_credor":"00009882924409","nome_credor":"FRANCINALVA DOS SANTOS","valor_contratado":612.00,"valor_pago":612.00},{"codigo_unidade_gestora":"201157","codigo_unidade_orcamentaria":"02110","numero_empenho":"0007341","classificacao":"135","data_empenho":"2022-11-28","codigo_credor":"22494864000140","nome_credor":"POLIVIDA CLINICA DE SAUDE POPULAR LTDA","valor_contratado":840.00,"valor_pago":840.00},{"codigo_unidade_gestora":"201157","codigo_unidade_orcamentaria":"02110","numero_empenho":"0007342","classificacao":"135","data_empenho":"2022-11-28","codigo_credor":"22494864000140","nome_credor":"POLIVIDA CLINICA DE SAUDE POPULAR LTDA","valor_contratado":1800.00,"valor_pago":1800.00},{"codigo_unidade_gestora":"201157","codigo_unidade_orcamentaria":"02110","numero_empenho":"0007343","classificacao":"135","data_empenho":"2022-11-28","codigo_credor":"22494864000140","nome_credor":"POLIVIDA CLINICA DE SAUDE POPULAR LTDA","valor_contratado":2400.00,"valor_pago":2400.00},{"codigo_unidade_gestora":"201157","codigo_unidade_orcamentaria":"02110","numero_empenho":"0007344","classificacao":"135","data_empenho":"2022-11-28","codigo_credor":"22494864000140","nome_credor":"POLIVIDA CLINICA DE SAUDE POPULAR LTDA","valor_contratado":1800.00,"valor_pago":1800.00},{"codigo_unidade_gestora":"201157","codigo_unidade_orcamentaria":"02030","numero_empenho":"0007345","classificacao":"187","data_empenho":"2022-11-28","codigo_credor":"00039667472434","nome_credor":"ANTONIO MODESTO DE SOUZA NETO","valor_contratado":60000.00,"valor_pago":30000.00},{"codigo_unidade_gestora":"201157","codigo_unidade_orcamentaria":"02110","numero_empenho":"0007346","classificacao":"135","data_empenho":"2022-11-28","codigo_credor":"17572003000100","nome_credor":"PHELIPE E VASCONCELOS INFORMATICA LTDA-ME","valor_contratado":480.00,"valor_pago":480.00},{"codigo_unidade_gestora":"201157","codigo_unidade_orcamentaria":"02010","numero_empenho":"0007347","classificacao":"105","data_empenho":"2022-11-29","codigo_credor":"09048976000109","nome_credor":"Prefeitura Municipal de Remígio","valor_contratado":19500.00,"valor_pago":19500.00},{"codigo_unidade_gestora":"201157","codigo_unidade_orcamentaria":"02010","numero_empenho":"0007348","classificacao":"105","data_empenho":"2022-11-29","codigo_credor":"09048976000109","nome_credor":"Prefeitura Municipal de Remígio","valor_contratado":14360.54,"valor_pago":14360.54},{"codigo_unidade_gestora":"201157","codigo_unidade_orcamentaria":"02010","numero_empenho":"0007349","classificacao":"105","data_empenho":"2022-11-29","codigo_credor":"09048976000109","nome_credor":"Prefeitura Municipal de Remígio","valor_contratado":14075.14,"valor_pago":14075.14},{"codigo_unidade_gestora":"201157","codigo_unidade_orcamentaria":"02020","numero_empenho":"0007350","classificacao":"105","data_empenho":"2022-11-29","codigo_credor":"09048976000109","nome_credor":"Prefeitura Municipal de Remígio","valor_contratado":13761.30,"valor_pago":13761.30},{"codigo_unidade_gestora":"201157","codigo_unidade_orcamentaria":"02120","numero_empenho":"0007351","classificacao":"135","data_empenho":"2022-11-29","codigo_credor":"36615604000190","nome_credor":"ROSICLEIA DA SILVA LIMA","valor_contratado":2000.00,"valor_pago":2000.00},{"codigo_unidade_gestora":"201157","codigo_unidade_orcamentaria":"02020","numero_empenho":"0007352","classificacao":"97","data_empenho":"2022-11-29","codigo_credor":"09048976000109","nome_credor":"Prefeitura Municipal de Remígio","valor_contratado":7272.00,"valor_pago":7272.00}]}}