{"size":50,"page":9,"total":766,"count":50,"_embedded":{"empenhos":[{"codigo_unidade_gestora":"201157","codigo_unidade_orcamentaria":"02130","numero_empenho":"0006284","classificacao":"126","data_empenho":"2022-10-17","codigo_credor":"42867490000178","nome_credor":"SPORTS TEXTIL COMERCIO DE ARTIGOS ESPORTIVOS E EVENTOS LTDA","valor_contratado":11030.75,"valor_pago":11030.75},{"codigo_unidade_gestora":"201157","codigo_unidade_orcamentaria":"02030","numero_empenho":"0006285","classificacao":"187","data_empenho":"2022-10-17","codigo_credor":"45746733000108","nome_credor":"ISRAEL RÊMORA PEREIRA DE AGUIAR MENDES","valor_contratado":424829.42,"valor_pago":424829.42},{"codigo_unidade_gestora":"201157","codigo_unidade_orcamentaria":"02010","numero_empenho":"0006286","classificacao":"126","data_empenho":"2022-10-17","codigo_credor":"01686814000194","nome_credor":"ALEXSANDRA DINIZ FERNANDES","valor_contratado":809.35,"valor_pago":809.35},{"codigo_unidade_gestora":"201157","codigo_unidade_orcamentaria":"02140","numero_empenho":"0006287","classificacao":"126","data_empenho":"2022-10-17","codigo_credor":"01686814000194","nome_credor":"ALEXSANDRA DINIZ FERNANDES","valor_contratado":7844.60,"valor_pago":7844.60},{"codigo_unidade_gestora":"201157","codigo_unidade_orcamentaria":"02010","numero_empenho":"0006288","classificacao":"126","data_empenho":"2022-10-17","codigo_credor":"01686814000194","nome_credor":"ALEXSANDRA DINIZ FERNANDES","valor_contratado":844.25,"valor_pago":844.25},{"codigo_unidade_gestora":"201157","codigo_unidade_orcamentaria":"02140","numero_empenho":"0006289","classificacao":"126","data_empenho":"2022-10-17","codigo_credor":"01686814000194","nome_credor":"ALEXSANDRA DINIZ FERNANDES","valor_contratado":3056.27,"valor_pago":3056.27},{"codigo_unidade_gestora":"201157","codigo_unidade_orcamentaria":"02050","numero_empenho":"0006290","classificacao":"135","data_empenho":"2022-10-17","codigo_credor":"45207481000149","nome_credor":"ALTERNATIVA DECORS","valor_contratado":1200.00,"valor_pago":1200.00},{"codigo_unidade_gestora":"201157","codigo_unidade_orcamentaria":"02020","numero_empenho":"0006291","classificacao":"135","data_empenho":"2022-10-17","codigo_credor":"00000000280704","nome_credor":"BANCO DO BRASIL S/A","valor_contratado":22.00,"valor_pago":22.00},{"codigo_unidade_gestora":"201157","codigo_unidade_orcamentaria":"02010","numero_empenho":"0006292","classificacao":"135","data_empenho":"2022-10-17","codigo_credor":"40565581000123","nome_credor":"DARLAN WIILER BATISTA ROQUE","valor_contratado":2000.00,"valor_pago":2000.00},{"codigo_unidade_gestora":"201157","codigo_unidade_orcamentaria":"02010","numero_empenho":"0006293","classificacao":"110","data_empenho":"2022-10-17","codigo_credor":"00000772969400","nome_credor":"EUZELIR FIDELIS DE LIMA","valor_contratado":42.50,"valor_pago":42.50},{"codigo_unidade_gestora":"201157","codigo_unidade_orcamentaria":"02010","numero_empenho":"0006294","classificacao":"110","data_empenho":"2022-10-17","codigo_credor":"00001844396479","nome_credor":"RENATO MARINHO VIEIRA","valor_contratado":0.00,"valor_pago":0.00},{"codigo_unidade_gestora":"201157","codigo_unidade_orcamentaria":"02040","numero_empenho":"0006295","classificacao":"135","data_empenho":"2022-10-17","codigo_credor":"00000000280704","nome_credor":"BANCO DO BRASIL S/A","valor_contratado":66.00,"valor_pago":66.00},{"codigo_unidade_gestora":"201157","codigo_unidade_orcamentaria":"02020","numero_empenho":"0006296","classificacao":"171","data_empenho":"2022-10-18","codigo_credor":"29979036000140","nome_credor":"INSS-INSTITUTO NACIONAL DO SEGURO SOCIAL","valor_contratado":563.33,"valor_pago":563.33},{"codigo_unidade_gestora":"201157","codigo_unidade_orcamentaria":"02020","numero_empenho":"0006297","classificacao":"135","data_empenho":"2022-10-18","codigo_credor":"04685950000158","nome_credor":"AZUS COPY CENTER COM.E SERVICOS LTDA","valor_contratado":650.00,"valor_pago":650.00},{"codigo_unidade_gestora":"201157","codigo_unidade_orcamentaria":"02020","numero_empenho":"0006298","classificacao":"135","data_empenho":"2022-10-18","codigo_credor":"04685950000158","nome_credor":"AZUS COPY CENTER COM.E SERVICOS LTDA","valor_contratado":325.00,"valor_pago":325.00},{"codigo_unidade_gestora":"201157","codigo_unidade_orcamentaria":"02050","numero_empenho":"0006299","classificacao":"135","data_empenho":"2022-10-18","codigo_credor":"04685950000158","nome_credor":"AZUS COPY CENTER COM.E SERVICOS LTDA","valor_contratado":650.00,"valor_pago":650.00},{"codigo_unidade_gestora":"201157","codigo_unidade_orcamentaria":"02110","numero_empenho":"0006300","classificacao":"135","data_empenho":"2022-10-18","codigo_credor":"40432544000147","nome_credor":"CLARO S/A","valor_contratado":13.52,"valor_pago":13.52},{"codigo_unidade_gestora":"201157","codigo_unidade_orcamentaria":"02050","numero_empenho":"0006301","classificacao":"135","data_empenho":"2022-10-18","codigo_credor":"09095183000140","nome_credor":"ENERGISA","valor_contratado":8949.56,"valor_pago":8949.56},{"codigo_unidade_gestora":"201157","codigo_unidade_orcamentaria":"02080","numero_empenho":"0006302","classificacao":"135","data_empenho":"2022-10-18","codigo_credor":"09095183000140","nome_credor":"ENERGISA","valor_contratado":6222.80,"valor_pago":6222.80},{"codigo_unidade_gestora":"201157","codigo_unidade_orcamentaria":"02010","numero_empenho":"0006303","classificacao":"97","data_empenho":"2022-10-18","codigo_credor":"00636397000102","nome_credor":"FAMUP","valor_contratado":1300.00,"valor_pago":1300.00},{"codigo_unidade_gestora":"201157","codigo_unidade_orcamentaria":"02040","numero_empenho":"0006304","classificacao":"135","data_empenho":"2022-10-18","codigo_credor":"09095183000140","nome_credor":"ENERGISA","valor_contratado":7823.08,"valor_pago":7823.08},{"codigo_unidade_gestora":"201157","codigo_unidade_orcamentaria":"02050","numero_empenho":"0006305","classificacao":"135","data_empenho":"2022-10-18","codigo_credor":"32621662000175","nome_credor":"BELARMINO ROQUE DA SILVA NETO 01683378431","valor_contratado":2730.00,"valor_pago":2730.00},{"codigo_unidade_gestora":"201157","codigo_unidade_orcamentaria":"02050","numero_empenho":"0006306","classificacao":"135","data_empenho":"2022-10-18","codigo_credor":"40634472000110","nome_credor":"JOSE DOS SANTOS OLIVEIRA","valor_contratado":3070.41,"valor_pago":3070.41},{"codigo_unidade_gestora":"201157","codigo_unidade_orcamentaria":"02080","numero_empenho":"0006307","classificacao":"135","data_empenho":"2022-10-18","codigo_credor":"09095183000140","nome_credor":"ENERGISA","valor_contratado":36091.57,"valor_pago":36091.57},{"codigo_unidade_gestora":"201157","codigo_unidade_orcamentaria":"02050","numero_empenho":"0006308","classificacao":"135","data_empenho":"2022-10-18","codigo_credor":"40634472000110","nome_credor":"JOSE DOS SANTOS OLIVEIRA","valor_contratado":2909.13,"valor_pago":2909.13},{"codigo_unidade_gestora":"201157","codigo_unidade_orcamentaria":"02050","numero_empenho":"0006309","classificacao":"135","data_empenho":"2022-10-18","codigo_credor":"32593366000108","nome_credor":"DJAILSON DE FARIAS FERREIRA 09774773470","valor_contratado":1994.79,"valor_pago":1994.79},{"codigo_unidade_gestora":"201157","codigo_unidade_orcamentaria":"02050","numero_empenho":"0006310","classificacao":"135","data_empenho":"2022-10-18","codigo_credor":"19573498000100","nome_credor":"JOSE PASSOS S. DE OLIVEIRA- 09220384493","valor_contratado":2531.97,"valor_pago":2531.97},{"codigo_unidade_gestora":"201157","codigo_unidade_orcamentaria":"02050","numero_empenho":"0006311","classificacao":"135","data_empenho":"2022-10-18","codigo_credor":"32593366000108","nome_credor":"DJAILSON DE FARIAS FERREIRA 09774773470","valor_contratado":2205.00,"valor_pago":2205.00},{"codigo_unidade_gestora":"201157","codigo_unidade_orcamentaria":"02070","numero_empenho":"0006312","classificacao":"126","data_empenho":"2022-10-18","codigo_credor":"22526394000159","nome_credor":"MARCELA ELIZABETE DE MIRANDA BATISTA SANTOS SOUTO EIRELI - ME","valor_contratado":1517.96,"valor_pago":1517.96},{"codigo_unidade_gestora":"201157","codigo_unidade_orcamentaria":"02050","numero_empenho":"0006313","classificacao":"135","data_empenho":"2022-10-18","codigo_credor":"19573498000100","nome_credor":"JOSE PASSOS S. DE OLIVEIRA- 09220384493","valor_contratado":2422.98,"valor_pago":2422.98},{"codigo_unidade_gestora":"201157","codigo_unidade_orcamentaria":"02050","numero_empenho":"0006314","classificacao":"135","data_empenho":"2022-10-18","codigo_credor":"19562890000153","nome_credor":"EDILSON BENTO ALVES - 042.998.774-97","valor_contratado":2542.68,"valor_pago":2542.68},{"codigo_unidade_gestora":"201157","codigo_unidade_orcamentaria":"02120","numero_empenho":"0006315","classificacao":"126","data_empenho":"2022-10-18","codigo_credor":"22526394000159","nome_credor":"MARCELA ELIZABETE DE MIRANDA BATISTA SANTOS SOUTO EIRELI - ME","valor_contratado":7291.60,"valor_pago":7291.60},{"codigo_unidade_gestora":"201157","codigo_unidade_orcamentaria":"02050","numero_empenho":"0006316","classificacao":"135","data_empenho":"2022-10-18","codigo_credor":"19562890000153","nome_credor":"EDILSON BENTO ALVES - 042.998.774-97","valor_contratado":2577.96,"valor_pago":2577.96},{"codigo_unidade_gestora":"201157","codigo_unidade_orcamentaria":"02110","numero_empenho":"0006317","classificacao":"126","data_empenho":"2022-10-18","codigo_credor":"22526394000159","nome_credor":"MARCELA ELIZABETE DE MIRANDA BATISTA SANTOS SOUTO EIRELI - ME","valor_contratado":1586.72,"valor_pago":1586.72},{"codigo_unidade_gestora":"201157","codigo_unidade_orcamentaria":"02050","numero_empenho":"0006318","classificacao":"135","data_empenho":"2022-10-18","codigo_credor":"27143877000198","nome_credor":"EDMILSON PEREIRA DA SILVA","valor_contratado":2165.10,"valor_pago":2165.10},{"codigo_unidade_gestora":"201157","codigo_unidade_orcamentaria":"02050","numero_empenho":"0006319","classificacao":"135","data_empenho":"2022-10-18","codigo_credor":"19573653000198","nome_credor":"JOSE PEDRO DA SILVA - 026.799.054-58","valor_contratado":2310.00,"valor_pago":2310.00},{"codigo_unidade_gestora":"201157","codigo_unidade_orcamentaria":"02040","numero_empenho":"0006320","classificacao":"126","data_empenho":"2022-10-18","codigo_credor":"22526394000159","nome_credor":"MARCELA ELIZABETE DE MIRANDA BATISTA SANTOS SOUTO EIRELI - ME","valor_contratado":1060.60,"valor_pago":1060.60},{"codigo_unidade_gestora":"201157","codigo_unidade_orcamentaria":"02050","numero_empenho":"0006321","classificacao":"135","data_empenho":"2022-10-18","codigo_credor":"27143877000198","nome_credor":"EDMILSON PEREIRA DA SILVA","valor_contratado":2362.29,"valor_pago":2362.29},{"codigo_unidade_gestora":"201157","codigo_unidade_orcamentaria":"02050","numero_empenho":"0006322","classificacao":"135","data_empenho":"2022-10-18","codigo_credor":"19573653000198","nome_credor":"JOSE PEDRO DA SILVA - 026.799.054-58","valor_contratado":2310.00,"valor_pago":2310.00},{"codigo_unidade_gestora":"201157","codigo_unidade_orcamentaria":"02050","numero_empenho":"0006323","classificacao":"135","data_empenho":"2022-10-18","codigo_credor":"19192694000134","nome_credor":"EDMILSON SOARES DE OLIVEIRA - 155.429.828-83","valor_contratado":3225.39,"valor_pago":3225.39},{"codigo_unidade_gestora":"201157","codigo_unidade_orcamentaria":"02020","numero_empenho":"0006324","classificacao":"126","data_empenho":"2022-10-18","codigo_credor":"22526394000159","nome_credor":"MARCELA ELIZABETE DE MIRANDA BATISTA SANTOS SOUTO EIRELI - ME","valor_contratado":2248.30,"valor_pago":2248.30},{"codigo_unidade_gestora":"201157","codigo_unidade_orcamentaria":"02050","numero_empenho":"0006325","classificacao":"135","data_empenho":"2022-10-18","codigo_credor":"19192694000134","nome_credor":"EDMILSON SOARES DE OLIVEIRA - 155.429.828-83","valor_contratado":2728.53,"valor_pago":2728.53},{"codigo_unidade_gestora":"201157","codigo_unidade_orcamentaria":"02050","numero_empenho":"0006326","classificacao":"135","data_empenho":"2022-10-18","codigo_credor":"19539921000155","nome_credor":"JOSE ROBERTO DA SILVA -033.365.154-59","valor_contratado":2100.00,"valor_pago":2100.00},{"codigo_unidade_gestora":"201157","codigo_unidade_orcamentaria":"02050","numero_empenho":"0006327","classificacao":"135","data_empenho":"2022-10-18","codigo_credor":"19539239000162","nome_credor":"FABIANO L.DO NASCIMENTO-07178938471","valor_contratado":2299.50,"valor_pago":2299.50},{"codigo_unidade_gestora":"201157","codigo_unidade_orcamentaria":"02050","numero_empenho":"0006328","classificacao":"135","data_empenho":"2022-10-18","codigo_credor":"19263965000103","nome_credor":"JOSE SEVERINO LIMA - 08363009806","valor_contratado":2324.49,"valor_pago":2324.49},{"codigo_unidade_gestora":"201157","codigo_unidade_orcamentaria":"02050","numero_empenho":"0006329","classificacao":"135","data_empenho":"2022-10-18","codigo_credor":"19539239000162","nome_credor":"FABIANO L.DO NASCIMENTO-07178938471","valor_contratado":2331.00,"valor_pago":2331.00},{"codigo_unidade_gestora":"201157","codigo_unidade_orcamentaria":"02050","numero_empenho":"0006330","classificacao":"135","data_empenho":"2022-10-18","codigo_credor":"36826273000137","nome_credor":"LUIZ FERNANDO MISSIAS DE FARIAS 12567919465","valor_contratado":2375.56,"valor_pago":2375.56},{"codigo_unidade_gestora":"201157","codigo_unidade_orcamentaria":"02050","numero_empenho":"0006331","classificacao":"135","data_empenho":"2022-10-18","codigo_credor":"19573568000120","nome_credor":"FRANCISCO DE A.MONTEIRO-98177699415","valor_contratado":2415.00,"valor_pago":2415.00},{"codigo_unidade_gestora":"201157","codigo_unidade_orcamentaria":"02050","numero_empenho":"0006332","classificacao":"135","data_empenho":"2022-10-18","codigo_credor":"36826273000137","nome_credor":"LUIZ FERNANDO MISSIAS DE FARIAS 12567919465","valor_contratado":2868.18,"valor_pago":2868.18},{"codigo_unidade_gestora":"201157","codigo_unidade_orcamentaria":"02050","numero_empenho":"0006333","classificacao":"150","data_empenho":"2022-10-18","codigo_credor":"17633364000101","nome_credor":"L & D COM. DE MOVEIS MAQUINAS E EQUIP.LTDA - ME","valor_contratado":2000.00,"valor_pago":2000.00}]}}