{"size":50,"page":10,"total":766,"count":50,"_embedded":{"empenhos":[{"codigo_unidade_gestora":"201157","codigo_unidade_orcamentaria":"02050","numero_empenho":"0006334","classificacao":"135","data_empenho":"2022-10-18","codigo_credor":"24316195000141","nome_credor":"JONHN RAILSON MORAIS BATISTA","valor_contratado":2472.96,"valor_pago":2472.96},{"codigo_unidade_gestora":"201157","codigo_unidade_orcamentaria":"02040","numero_empenho":"0006335","classificacao":"126","data_empenho":"2022-10-18","codigo_credor":"17633364000101","nome_credor":"L & D COM. DE MOVEIS MAQUINAS E EQUIP.LTDA - ME","valor_contratado":570.00,"valor_pago":570.00},{"codigo_unidade_gestora":"201157","codigo_unidade_orcamentaria":"02050","numero_empenho":"0006336","classificacao":"135","data_empenho":"2022-10-18","codigo_credor":"36826273000137","nome_credor":"LUIZ FERNANDO MISSIAS DE FARIAS 12567919465","valor_contratado":2372.58,"valor_pago":2372.58},{"codigo_unidade_gestora":"201157","codigo_unidade_orcamentaria":"02050","numero_empenho":"0006337","classificacao":"135","data_empenho":"2022-10-18","codigo_credor":"24316195000141","nome_credor":"JONHN RAILSON MORAIS BATISTA","valor_contratado":2542.68,"valor_pago":2542.68},{"codigo_unidade_gestora":"201157","codigo_unidade_orcamentaria":"02120","numero_empenho":"0006338","classificacao":"126","data_empenho":"2022-10-18","codigo_credor":"19772324000176","nome_credor":"VALDECIR MELO SANTOS","valor_contratado":500.00,"valor_pago":500.00},{"codigo_unidade_gestora":"201157","codigo_unidade_orcamentaria":"02050","numero_empenho":"0006339","classificacao":"135","data_empenho":"2022-10-18","codigo_credor":"29458217000121","nome_credor":"MARCOS ANTONIO BATISTA REIS 85353213491","valor_contratado":3272.64,"valor_pago":3272.64},{"codigo_unidade_gestora":"201157","codigo_unidade_orcamentaria":"02050","numero_empenho":"0006340","classificacao":"135","data_empenho":"2022-10-18","codigo_credor":"36326180000143","nome_credor":"GEFERSON MORAIS BATISTA 06896637498","valor_contratado":2508.03,"valor_pago":2508.03},{"codigo_unidade_gestora":"201157","codigo_unidade_orcamentaria":"02050","numero_empenho":"0006341","classificacao":"135","data_empenho":"2022-10-18","codigo_credor":"19144465000144","nome_credor":"ANTONIO MARIO DOS SANTOS JUNIOR 05954876452","valor_contratado":3296.79,"valor_pago":3296.79},{"codigo_unidade_gestora":"201157","codigo_unidade_orcamentaria":"02050","numero_empenho":"0006342","classificacao":"135","data_empenho":"2022-10-18","codigo_credor":"36326180000143","nome_credor":"GEFERSON MORAIS BATISTA 06896637498","valor_contratado":2508.03,"valor_pago":2508.03},{"codigo_unidade_gestora":"201157","codigo_unidade_orcamentaria":"02050","numero_empenho":"0006343","classificacao":"135","data_empenho":"2022-10-18","codigo_credor":"19144465000144","nome_credor":"ANTONIO MARIO DOS SANTOS JUNIOR 05954876452","valor_contratado":3705.45,"valor_pago":3705.45},{"codigo_unidade_gestora":"201157","codigo_unidade_orcamentaria":"02050","numero_empenho":"0006344","classificacao":"135","data_empenho":"2022-10-18","codigo_credor":"19692464000134","nome_credor":"JOÃO FERREIRA DO NASCIMENTO-219110614-53","valor_contratado":3423.00,"valor_pago":3423.00},{"codigo_unidade_gestora":"201157","codigo_unidade_orcamentaria":"02050","numero_empenho":"0006345","classificacao":"135","data_empenho":"2022-10-18","codigo_credor":"29458217000121","nome_credor":"MARCOS ANTONIO BATISTA REIS 85353213491","valor_contratado":2449.65,"valor_pago":2449.65},{"codigo_unidade_gestora":"201157","codigo_unidade_orcamentaria":"02050","numero_empenho":"0006346","classificacao":"135","data_empenho":"2022-10-18","codigo_credor":"19563523000174","nome_credor":"ANTONIO PEREIRA MIRANDA - 0522749844-40","valor_contratado":2730.00,"valor_pago":2730.00},{"codigo_unidade_gestora":"201157","codigo_unidade_orcamentaria":"02050","numero_empenho":"0006347","classificacao":"135","data_empenho":"2022-10-18","codigo_credor":"19692464000134","nome_credor":"JOÃO FERREIRA DO NASCIMENTO-219110614-53","valor_contratado":2310.00,"valor_pago":2310.00},{"codigo_unidade_gestora":"201157","codigo_unidade_orcamentaria":"02050","numero_empenho":"0006348","classificacao":"135","data_empenho":"2022-10-18","codigo_credor":"27123627000196","nome_credor":"MARILIA DA SILVA CAVALCANTE - 08142292475","valor_contratado":3543.96,"valor_pago":3543.96},{"codigo_unidade_gestora":"201157","codigo_unidade_orcamentaria":"02050","numero_empenho":"0006349","classificacao":"135","data_empenho":"2022-10-18","codigo_credor":"19332221000195","nome_credor":"JOÃO RODRIGUES DA COSTA 58636820430","valor_contratado":2485.98,"valor_pago":2485.98},{"codigo_unidade_gestora":"201157","codigo_unidade_orcamentaria":"02050","numero_empenho":"0006350","classificacao":"135","data_empenho":"2022-10-18","codigo_credor":"19563523000174","nome_credor":"ANTONIO PEREIRA MIRANDA - 0522749844-40","valor_contratado":2410.80,"valor_pago":2410.80},{"codigo_unidade_gestora":"201157","codigo_unidade_orcamentaria":"02050","numero_empenho":"0006351","classificacao":"135","data_empenho":"2022-10-18","codigo_credor":"41366784000153","nome_credor":"MARIVALDO LOPES DA SILVA 01249202418","valor_contratado":2078.79,"valor_pago":2078.79},{"codigo_unidade_gestora":"201157","codigo_unidade_orcamentaria":"02050","numero_empenho":"0006352","classificacao":"135","data_empenho":"2022-10-18","codigo_credor":"19332221000195","nome_credor":"JOÃO RODRIGUES DA COSTA 58636820430","valor_contratado":2967.72,"valor_pago":2967.72},{"codigo_unidade_gestora":"201157","codigo_unidade_orcamentaria":"02050","numero_empenho":"0006353","classificacao":"135","data_empenho":"2022-10-18","codigo_credor":"41366784000153","nome_credor":"MARIVALDO LOPES DA SILVA 01249202418","valor_contratado":2598.12,"valor_pago":2598.12},{"codigo_unidade_gestora":"201157","codigo_unidade_orcamentaria":"02050","numero_empenho":"0006354","classificacao":"135","data_empenho":"2022-10-18","codigo_credor":"40634472000110","nome_credor":"JOSE DOS SANTOS OLIVEIRA","valor_contratado":2321.34,"valor_pago":2321.34},{"codigo_unidade_gestora":"201157","codigo_unidade_orcamentaria":"02050","numero_empenho":"0006355","classificacao":"135","data_empenho":"2022-10-18","codigo_credor":"18973469000172","nome_credor":"ROBERTO GOMES DA SILVA","valor_contratado":2424.03,"valor_pago":2424.03},{"codigo_unidade_gestora":"201157","codigo_unidade_orcamentaria":"02050","numero_empenho":"0006356","classificacao":"135","data_empenho":"2022-10-18","codigo_credor":"19712469000181","nome_credor":"MICHEL LOPES DE LIMA 09808104428","valor_contratado":2328.27,"valor_pago":2328.27},{"codigo_unidade_gestora":"201157","codigo_unidade_orcamentaria":"02050","numero_empenho":"0006357","classificacao":"135","data_empenho":"2022-10-18","codigo_credor":"18973469000172","nome_credor":"ROBERTO GOMES DA SILVA","valor_contratado":2436.00,"valor_pago":2436.00},{"codigo_unidade_gestora":"201157","codigo_unidade_orcamentaria":"02050","numero_empenho":"0006358","classificacao":"135","data_empenho":"2022-10-18","codigo_credor":"19712469000181","nome_credor":"MICHEL LOPES DE LIMA 09808104428","valor_contratado":2572.92,"valor_pago":2572.92},{"codigo_unidade_gestora":"201157","codigo_unidade_orcamentaria":"02050","numero_empenho":"0006359","classificacao":"135","data_empenho":"2022-10-18","codigo_credor":"19225950000142","nome_credor":"PAULO DOS SANTOS ADELINO - 036.224.944-09","valor_contratado":2730.00,"valor_pago":2730.00},{"codigo_unidade_gestora":"201157","codigo_unidade_orcamentaria":"02050","numero_empenho":"0006360","classificacao":"135","data_empenho":"2022-10-18","codigo_credor":"33332588000130","nome_credor":"VINICIUS DOS SANTOS PESSOA 13222955492","valor_contratado":2164.89,"valor_pago":2164.89},{"codigo_unidade_gestora":"201157","codigo_unidade_orcamentaria":"02050","numero_empenho":"0006361","classificacao":"126","data_empenho":"2022-10-18","codigo_credor":"22526394000159","nome_credor":"MARCELA ELIZABETE DE MIRANDA BATISTA SANTOS SOUTO EIRELI - ME","valor_contratado":1615.00,"valor_pago":1615.00},{"codigo_unidade_gestora":"201157","codigo_unidade_orcamentaria":"02050","numero_empenho":"0006362","classificacao":"135","data_empenho":"2022-10-18","codigo_credor":"19225950000142","nome_credor":"PAULO DOS SANTOS ADELINO - 036.224.944-09","valor_contratado":2330.79,"valor_pago":2330.79},{"codigo_unidade_gestora":"201157","codigo_unidade_orcamentaria":"02060","numero_empenho":"0006363","classificacao":"135","data_empenho":"2022-10-18","codigo_credor":"09095183000140","nome_credor":"ENERGISA","valor_contratado":39.83,"valor_pago":39.83},{"codigo_unidade_gestora":"201157","codigo_unidade_orcamentaria":"02050","numero_empenho":"0006364","classificacao":"135","data_empenho":"2022-10-18","codigo_credor":"19225950000142","nome_credor":"PAULO DOS SANTOS ADELINO - 036.224.944-09","valor_contratado":2968.77,"valor_pago":2968.77},{"codigo_unidade_gestora":"201157","codigo_unidade_orcamentaria":"02110","numero_empenho":"0006365","classificacao":"135","data_empenho":"2022-10-18","codigo_credor":"03601910000118","nome_credor":"NUCLEO DE OFTALMOLOGIA FRANCISCO PINTO LTDA","valor_contratado":1410.00,"valor_pago":1410.00},{"codigo_unidade_gestora":"201157","codigo_unidade_orcamentaria":"02050","numero_empenho":"0006366","classificacao":"135","data_empenho":"2022-10-18","codigo_credor":"19432537000159","nome_credor":"PAULO PONCIANO DE SOUZA - 978359944-53","valor_contratado":2854.95,"valor_pago":2854.95},{"codigo_unidade_gestora":"201157","codigo_unidade_orcamentaria":"02050","numero_empenho":"0006367","classificacao":"135","data_empenho":"2022-10-18","codigo_credor":"19432537000159","nome_credor":"PAULO PONCIANO DE SOUZA - 978359944-53","valor_contratado":2961.84,"valor_pago":2961.84},{"codigo_unidade_gestora":"201157","codigo_unidade_orcamentaria":"02050","numero_empenho":"0006368","classificacao":"135","data_empenho":"2022-10-18","codigo_credor":"19699196000182","nome_credor":"THIAGO FELIX SOUTO - 110.345.324-64","valor_contratado":2457.00,"valor_pago":2457.00},{"codigo_unidade_gestora":"201157","codigo_unidade_orcamentaria":"02110","numero_empenho":"0006369","classificacao":"135","data_empenho":"2022-10-18","codigo_credor":"40095475000123","nome_credor":"FRANCISCO FERNANDES DIAS 13433688800","valor_contratado":800.00,"valor_pago":800.00},{"codigo_unidade_gestora":"201157","codigo_unidade_orcamentaria":"02040","numero_empenho":"0006370","classificacao":"135","data_empenho":"2022-10-18","codigo_credor":"40095475000123","nome_credor":"FRANCISCO FERNANDES DIAS 13433688800","valor_contratado":320.00,"valor_pago":320.00},{"codigo_unidade_gestora":"201157","codigo_unidade_orcamentaria":"02050","numero_empenho":"0006371","classificacao":"135","data_empenho":"2022-10-18","codigo_credor":"33332588000130","nome_credor":"VINICIUS DOS SANTOS PESSOA 13222955492","valor_contratado":3441.27,"valor_pago":3441.27},{"codigo_unidade_gestora":"201157","codigo_unidade_orcamentaria":"02110","numero_empenho":"0006372","classificacao":"135","data_empenho":"2022-10-18","codigo_credor":"40095475000123","nome_credor":"FRANCISCO FERNANDES DIAS 13433688800","valor_contratado":160.00,"valor_pago":160.00},{"codigo_unidade_gestora":"201157","codigo_unidade_orcamentaria":"02110","numero_empenho":"0006373","classificacao":"135","data_empenho":"2022-10-18","codigo_credor":"40095475000123","nome_credor":"FRANCISCO FERNANDES DIAS 13433688800","valor_contratado":320.00,"valor_pago":320.00},{"codigo_unidade_gestora":"201157","codigo_unidade_orcamentaria":"02090","numero_empenho":"0006374","classificacao":"135","data_empenho":"2022-10-18","codigo_credor":"40095475000123","nome_credor":"FRANCISCO FERNANDES DIAS 13433688800","valor_contratado":18900.00,"valor_pago":18900.00},{"codigo_unidade_gestora":"201157","codigo_unidade_orcamentaria":"02090","numero_empenho":"0006375","classificacao":"135","data_empenho":"2022-10-18","codigo_credor":"40095475000123","nome_credor":"FRANCISCO FERNANDES DIAS 13433688800","valor_contratado":16660.00,"valor_pago":16660.00},{"codigo_unidade_gestora":"201157","codigo_unidade_orcamentaria":"02050","numero_empenho":"0006376","classificacao":"135","data_empenho":"2022-10-18","codigo_credor":"45697759000103","nome_credor":"LEONARDO FREIRE ROCHA 09459732410","valor_contratado":5760.00,"valor_pago":5760.00},{"codigo_unidade_gestora":"201157","codigo_unidade_orcamentaria":"02090","numero_empenho":"0006377","classificacao":"135","data_empenho":"2022-10-18","codigo_credor":"45697759000103","nome_credor":"LEONARDO FREIRE ROCHA 09459732410","valor_contratado":28080.00,"valor_pago":28080.00},{"codigo_unidade_gestora":"201157","codigo_unidade_orcamentaria":"02090","numero_empenho":"0006378","classificacao":"135","data_empenho":"2022-10-18","codigo_credor":"45697759000103","nome_credor":"LEONARDO FREIRE ROCHA 09459732410","valor_contratado":15130.00,"valor_pago":15130.00},{"codigo_unidade_gestora":"201157","codigo_unidade_orcamentaria":"02020","numero_empenho":"0006379","classificacao":"135","data_empenho":"2022-10-18","codigo_credor":"00000000280704","nome_credor":"BANCO DO BRASIL S/A","valor_contratado":11.00,"valor_pago":11.00},{"codigo_unidade_gestora":"201157","codigo_unidade_orcamentaria":"02030","numero_empenho":"0006380","classificacao":"185","data_empenho":"2022-10-18","codigo_credor":"09283185000163","nome_credor":"JOAO PESSOA TRIBUNAL DE JUSTIÇA DO ESTADO DA PARAIBA","valor_contratado":7087.22,"valor_pago":7087.22},{"codigo_unidade_gestora":"201157","codigo_unidade_orcamentaria":"02010","numero_empenho":"0006381","classificacao":"110","data_empenho":"2022-10-18","codigo_credor":"00001844396479","nome_credor":"RENATO MARINHO VIEIRA","valor_contratado":35.00,"valor_pago":35.00},{"codigo_unidade_gestora":"201157","codigo_unidade_orcamentaria":"02050","numero_empenho":"0006382","classificacao":"135","data_empenho":"2022-10-19","codigo_credor":"17572003000100","nome_credor":"PHELIPE E VASCONCELOS INFORMATICA LTDA-ME","valor_contratado":770.00,"valor_pago":770.00},{"codigo_unidade_gestora":"201157","codigo_unidade_orcamentaria":"02040","numero_empenho":"0006383","classificacao":"126","data_empenho":"2022-10-19","codigo_credor":"04923356000158","nome_credor":"FARIAS COMERCIO VAREJISTA DE MEDICAMENTOS LTDA","valor_contratado":9828.00,"valor_pago":9828.00}]}}