{"size":50,"page":2,"total":441,"count":50,"_embedded":{"empenhos":[{"codigo_unidade_gestora":"201157","codigo_unidade_orcamentaria":"02070","numero_empenho":"0000358","classificacao":"126","data_empenho":"2022-02-08","codigo_credor":"03092570000147","nome_credor":"REVENDEDORA DE GÁS DO BRASIL LTDA.","valor_contratado":200.00,"valor_pago":200.00},{"codigo_unidade_gestora":"201157","codigo_unidade_orcamentaria":"02010","numero_empenho":"0000359","classificacao":"135","data_empenho":"2022-02-08","codigo_credor":"04196645000100","nome_credor":"PR/CC/IMPRENSA NACIONAL","valor_contratado":1486.80,"valor_pago":1486.80},{"codigo_unidade_gestora":"201157","codigo_unidade_orcamentaria":"02020","numero_empenho":"0000360","classificacao":"171","data_empenho":"2022-02-08","codigo_credor":"29979036000140","nome_credor":"INSS-INSTITUTO NACIONAL DO SEGURO SOCIAL","valor_contratado":524.13,"valor_pago":524.13},{"codigo_unidade_gestora":"201157","codigo_unidade_orcamentaria":"02050","numero_empenho":"0000361","classificacao":"107","data_empenho":"2022-02-08","codigo_credor":"29979036000140","nome_credor":"INSS-INSTITUTO NACIONAL DO SEGURO SOCIAL","valor_contratado":3891.01,"valor_pago":3891.01},{"codigo_unidade_gestora":"201157","codigo_unidade_orcamentaria":"02040","numero_empenho":"0000362","classificacao":"135","data_empenho":"2022-02-08","codigo_credor":"00360305000104","nome_credor":"CAIXA ECONOMICA FEDERAL","valor_contratado":10.45,"valor_pago":10.45},{"codigo_unidade_gestora":"201157","codigo_unidade_orcamentaria":"02030","numero_empenho":"0000363","classificacao":"187","data_empenho":"2022-02-09","codigo_credor":"09283185000163","nome_credor":"JOAO PESSOA TRIBUNAL DE JUSTIÇA DO ESTADO DA PARAIBA","valor_contratado":363.60,"valor_pago":363.60},{"codigo_unidade_gestora":"201157","codigo_unidade_orcamentaria":"02110","numero_empenho":"0000364","classificacao":"135","data_empenho":"2022-02-09","codigo_credor":"36328179000158","nome_credor":"ELIANE GONCALVES GOMES 25647928803","valor_contratado":660.00,"valor_pago":660.00},{"codigo_unidade_gestora":"201157","codigo_unidade_orcamentaria":"02110","numero_empenho":"0000365","classificacao":"135","data_empenho":"2022-02-09","codigo_credor":"36319807000139","nome_credor":"ANA EMILIA DANIEL DA SILVA 09461623445","valor_contratado":660.00,"valor_pago":660.00},{"codigo_unidade_gestora":"201157","codigo_unidade_orcamentaria":"02110","numero_empenho":"0000366","classificacao":"135","data_empenho":"2022-02-09","codigo_credor":"36401036000124","nome_credor":"MARIA DO SOCORRO LAURENTINO DA SILVA 45241325468","valor_contratado":960.00,"valor_pago":960.00},{"codigo_unidade_gestora":"201157","codigo_unidade_orcamentaria":"02110","numero_empenho":"0000367","classificacao":"135","data_empenho":"2022-02-09","codigo_credor":"40692278000191","nome_credor":"MARIA LEANE QUEIROZ DE OLIVEIRA 05722291439","valor_contratado":660.00,"valor_pago":660.00},{"codigo_unidade_gestora":"201157","codigo_unidade_orcamentaria":"02040","numero_empenho":"0000368","classificacao":"135","data_empenho":"2022-02-09","codigo_credor":"36330418000104","nome_credor":"ANDREIA TRAJANO DOS SANTOS 06604177408","valor_contratado":960.00,"valor_pago":960.00},{"codigo_unidade_gestora":"201157","codigo_unidade_orcamentaria":"02110","numero_empenho":"0000369","classificacao":"135","data_empenho":"2022-02-09","codigo_credor":"36766570000134","nome_credor":"SIMONE FAUSTINO DOS SANTOS 05961077497","valor_contratado":1460.00,"valor_pago":1460.00},{"codigo_unidade_gestora":"201157","codigo_unidade_orcamentaria":"02110","numero_empenho":"0000370","classificacao":"135","data_empenho":"2022-02-09","codigo_credor":"36394457000175","nome_credor":"JOAO VICTOR DE OLIVEIRA GONCALVES 09843480422","valor_contratado":1000.00,"valor_pago":1000.00},{"codigo_unidade_gestora":"201157","codigo_unidade_orcamentaria":"02110","numero_empenho":"0000371","classificacao":"135","data_empenho":"2022-02-09","codigo_credor":"36415682000140","nome_credor":"CELIA REGINA IZIDIO DE ANDRADE 97980536487","valor_contratado":610.00,"valor_pago":610.00},{"codigo_unidade_gestora":"201157","codigo_unidade_orcamentaria":"02110","numero_empenho":"0000372","classificacao":"135","data_empenho":"2022-02-09","codigo_credor":"36416137000179","nome_credor":"MARINEZ FAUSTINO 04725426482","valor_contratado":610.00,"valor_pago":610.00},{"codigo_unidade_gestora":"201157","codigo_unidade_orcamentaria":"02110","numero_empenho":"0000373","classificacao":"135","data_empenho":"2022-02-09","codigo_credor":"41989653000122","nome_credor":"MARIA DAS VITORIAS DOS SANTOS 08868876744","valor_contratado":1000.00,"valor_pago":1000.00},{"codigo_unidade_gestora":"201157","codigo_unidade_orcamentaria":"02110","numero_empenho":"0000374","classificacao":"135","data_empenho":"2022-02-09","codigo_credor":"42819459000161","nome_credor":"MARIA DAS VITORIAS ALVES DE MELO 06347591405","valor_contratado":1000.00,"valor_pago":1000.00},{"codigo_unidade_gestora":"201157","codigo_unidade_orcamentaria":"02040","numero_empenho":"0000375","classificacao":"135","data_empenho":"2022-02-09","codigo_credor":"38042181000191","nome_credor":"ADRIANO CARLOS DOS SANTOS SILVA 03929196484","valor_contratado":1790.00,"valor_pago":1790.00},{"codigo_unidade_gestora":"201157","codigo_unidade_orcamentaria":"02040","numero_empenho":"0000376","classificacao":"135","data_empenho":"2022-02-09","codigo_credor":"38058364000103","nome_credor":"JOSE ALEXANDRE SANTOS CARDOSO 02726187480","valor_contratado":1660.00,"valor_pago":1660.00},{"codigo_unidade_gestora":"201157","codigo_unidade_orcamentaria":"02040","numero_empenho":"0000377","classificacao":"135","data_empenho":"2022-02-09","codigo_credor":"43730879000130","nome_credor":"LUIS CLAUDIO GOMES DA SILVA 08896339405","valor_contratado":1160.00,"valor_pago":1160.00},{"codigo_unidade_gestora":"201157","codigo_unidade_orcamentaria":"02040","numero_empenho":"0000378","classificacao":"135","data_empenho":"2022-02-09","codigo_credor":"41757219000117","nome_credor":"INACIO BALBINO DA SILVA 58634711404","valor_contratado":1060.00,"valor_pago":1060.00},{"codigo_unidade_gestora":"201157","codigo_unidade_orcamentaria":"02040","numero_empenho":"0000379","classificacao":"135","data_empenho":"2022-02-09","codigo_credor":"19778033000195","nome_credor":"CARLOS ANTONIO PEREIRA 48394882404","valor_contratado":1060.00,"valor_pago":1060.00},{"codigo_unidade_gestora":"201157","codigo_unidade_orcamentaria":"02080","numero_empenho":"0000380","classificacao":"135","data_empenho":"2022-02-09","codigo_credor":"32621662000175","nome_credor":"BELARMINO ROQUE DA SILVA NETO 01683378431","valor_contratado":1280.00,"valor_pago":1280.00},{"codigo_unidade_gestora":"201157","codigo_unidade_orcamentaria":"02080","numero_empenho":"0000381","classificacao":"135","data_empenho":"2022-02-09","codigo_credor":"24518477000121","nome_credor":"ERMINIO PEREIRA DE OLIVEIRA 03814233441","valor_contratado":2160.00,"valor_pago":2160.00},{"codigo_unidade_gestora":"201157","codigo_unidade_orcamentaria":"02080","numero_empenho":"0000382","classificacao":"135","data_empenho":"2022-02-09","codigo_credor":"36291941000179","nome_credor":"ANDRE RICARDO BARRETO PERAZZO COSTA","valor_contratado":7000.00,"valor_pago":7000.00},{"codigo_unidade_gestora":"201157","codigo_unidade_orcamentaria":"02080","numero_empenho":"0000383","classificacao":"135","data_empenho":"2022-02-09","codigo_credor":"32593366000108","nome_credor":"DJAILSON DE FARIAS FERREIRA 09774773470","valor_contratado":1194.00,"valor_pago":1194.00},{"codigo_unidade_gestora":"201157","codigo_unidade_orcamentaria":"02080","numero_empenho":"0000384","classificacao":"135","data_empenho":"2022-02-09","codigo_credor":"36291941000179","nome_credor":"ANDRE RICARDO BARRETO PERAZZO COSTA","valor_contratado":7000.00,"valor_pago":7000.00},{"codigo_unidade_gestora":"201157","codigo_unidade_orcamentaria":"02080","numero_empenho":"0000385","classificacao":"135","data_empenho":"2022-02-09","codigo_credor":"32593366000108","nome_credor":"DJAILSON DE FARIAS FERREIRA 09774773470","valor_contratado":1194.00,"valor_pago":1194.00},{"codigo_unidade_gestora":"201157","codigo_unidade_orcamentaria":"02080","numero_empenho":"0000386","classificacao":"135","data_empenho":"2022-02-09","codigo_credor":"36291941000179","nome_credor":"ANDRE RICARDO BARRETO PERAZZO COSTA","valor_contratado":7000.00,"valor_pago":7000.00},{"codigo_unidade_gestora":"201157","codigo_unidade_orcamentaria":"02080","numero_empenho":"0000387","classificacao":"135","data_empenho":"2022-02-09","codigo_credor":"34133527000106","nome_credor":"PEDRO HENRIQUE FIDELIS DA SILVA 10773589465","valor_contratado":1450.00,"valor_pago":1450.00},{"codigo_unidade_gestora":"201157","codigo_unidade_orcamentaria":"02080","numero_empenho":"0000388","classificacao":"135","data_empenho":"2022-02-09","codigo_credor":"30443124000102","nome_credor":"JOSE LYRA PEREIRA 02163303438","valor_contratado":1363.00,"valor_pago":1363.00},{"codigo_unidade_gestora":"201157","codigo_unidade_orcamentaria":"02080","numero_empenho":"0000389","classificacao":"135","data_empenho":"2022-02-09","codigo_credor":"36291941000179","nome_credor":"ANDRE RICARDO BARRETO PERAZZO COSTA","valor_contratado":7000.00,"valor_pago":7000.00},{"codigo_unidade_gestora":"201157","codigo_unidade_orcamentaria":"02080","numero_empenho":"0000390","classificacao":"135","data_empenho":"2022-02-09","codigo_credor":"24072047000129","nome_credor":"JOSE ADRIANO GONDIM DA SILVA","valor_contratado":1500.00,"valor_pago":1500.00},{"codigo_unidade_gestora":"201157","codigo_unidade_orcamentaria":"02080","numero_empenho":"0000391","classificacao":"135","data_empenho":"2022-02-09","codigo_credor":"36291941000179","nome_credor":"ANDRE RICARDO BARRETO PERAZZO COSTA","valor_contratado":4800.00,"valor_pago":4800.00},{"codigo_unidade_gestora":"201157","codigo_unidade_orcamentaria":"02080","numero_empenho":"0000392","classificacao":"135","data_empenho":"2022-02-09","codigo_credor":"32593366000108","nome_credor":"DJAILSON DE FARIAS FERREIRA 09774773470","valor_contratado":1390.57,"valor_pago":1390.57},{"codigo_unidade_gestora":"201157","codigo_unidade_orcamentaria":"02040","numero_empenho":"0000393","classificacao":"135","data_empenho":"2022-02-09","codigo_credor":"24853787000100","nome_credor":"MARCOS ANTONIO DO NASCIMENTO 09535475827","valor_contratado":960.00,"valor_pago":960.00},{"codigo_unidade_gestora":"201157","codigo_unidade_orcamentaria":"02080","numero_empenho":"0000394","classificacao":"135","data_empenho":"2022-02-09","codigo_credor":"36579872000101","nome_credor":"EDINALDO VITOR DOS SANTOS 11322123837","valor_contratado":1400.00,"valor_pago":1400.00},{"codigo_unidade_gestora":"201157","codigo_unidade_orcamentaria":"02040","numero_empenho":"0000395","classificacao":"135","data_empenho":"2022-02-09","codigo_credor":"36244814000119","nome_credor":"ROBSON SOUZA DOS SANTOS","valor_contratado":626.40,"valor_pago":626.40},{"codigo_unidade_gestora":"201157","codigo_unidade_orcamentaria":"02080","numero_empenho":"0000396","classificacao":"135","data_empenho":"2022-02-09","codigo_credor":"29482840000110","nome_credor":"JOSE FRANCISCO DO NASCIMENTO 06911828414","valor_contratado":1500.00,"valor_pago":1500.00},{"codigo_unidade_gestora":"201157","codigo_unidade_orcamentaria":"02080","numero_empenho":"0000397","classificacao":"135","data_empenho":"2022-02-09","codigo_credor":"36244814000119","nome_credor":"ROBSON SOUZA DOS SANTOS","valor_contratado":1252.80,"valor_pago":1252.80},{"codigo_unidade_gestora":"201157","codigo_unidade_orcamentaria":"02080","numero_empenho":"0000398","classificacao":"135","data_empenho":"2022-02-09","codigo_credor":"29416266000100","nome_credor":"CICERO RENATO SOUZA SILVA 05855997421","valor_contratado":1280.00,"valor_pago":1280.00},{"codigo_unidade_gestora":"201157","codigo_unidade_orcamentaria":"02080","numero_empenho":"0000399","classificacao":"135","data_empenho":"2022-02-09","codigo_credor":"29416266000100","nome_credor":"CICERO RENATO SOUZA SILVA 05855997421","valor_contratado":1280.00,"valor_pago":1280.00},{"codigo_unidade_gestora":"201157","codigo_unidade_orcamentaria":"02010","numero_empenho":"0000400","classificacao":"143","data_empenho":"2022-02-09","codigo_credor":"09188376000146","nome_credor":"DETRAN-DEP.EST.DE TRANSITO DA PARAIBA","valor_contratado":406.72,"valor_pago":406.72},{"codigo_unidade_gestora":"201157","codigo_unidade_orcamentaria":"02080","numero_empenho":"0000401","classificacao":"143","data_empenho":"2022-02-09","codigo_credor":"09188376000146","nome_credor":"DETRAN-DEP.EST.DE TRANSITO DA PARAIBA","valor_contratado":202.93,"valor_pago":202.93},{"codigo_unidade_gestora":"201157","codigo_unidade_orcamentaria":"02070","numero_empenho":"0000402","classificacao":"143","data_empenho":"2022-02-09","codigo_credor":"09188376000146","nome_credor":"DETRAN-DEP.EST.DE TRANSITO DA PARAIBA","valor_contratado":202.93,"valor_pago":202.93},{"codigo_unidade_gestora":"201157","codigo_unidade_orcamentaria":"02080","numero_empenho":"0000403","classificacao":"143","data_empenho":"2022-02-09","codigo_credor":"09188376000146","nome_credor":"DETRAN-DEP.EST.DE TRANSITO DA PARAIBA","valor_contratado":1313.94,"valor_pago":1313.94},{"codigo_unidade_gestora":"201157","codigo_unidade_orcamentaria":"02070","numero_empenho":"0000404","classificacao":"143","data_empenho":"2022-02-09","codigo_credor":"09188376000146","nome_credor":"DETRAN-DEP.EST.DE TRANSITO DA PARAIBA","valor_contratado":202.93,"valor_pago":202.93},{"codigo_unidade_gestora":"201157","codigo_unidade_orcamentaria":"02050","numero_empenho":"0000405","classificacao":"143","data_empenho":"2022-02-09","codigo_credor":"09188376000146","nome_credor":"DETRAN-DEP.EST.DE TRANSITO DA PARAIBA","valor_contratado":202.93,"valor_pago":202.93},{"codigo_unidade_gestora":"201157","codigo_unidade_orcamentaria":"02070","numero_empenho":"0000406","classificacao":"143","data_empenho":"2022-02-09","codigo_credor":"09188376000146","nome_credor":"DETRAN-DEP.EST.DE TRANSITO DA PARAIBA","valor_contratado":336.79,"valor_pago":336.79},{"codigo_unidade_gestora":"201157","codigo_unidade_orcamentaria":"02050","numero_empenho":"0000407","classificacao":"143","data_empenho":"2022-02-09","codigo_credor":"09188376000146","nome_credor":"DETRAN-DEP.EST.DE TRANSITO DA PARAIBA","valor_contratado":202.93,"valor_pago":202.93}]}}