{"size":50,"page":6,"total":522,"count":50,"_embedded":{"empenhos":[{"codigo_unidade_gestora":"201157","codigo_unidade_orcamentaria":"02110","numero_empenho":"0001002","classificacao":"107","data_empenho":"2022-03-15","codigo_credor":"29979036000140","nome_credor":"INSS-INSTITUTO NACIONAL DO SEGURO SOCIAL","valor_contratado":2236.19,"valor_pago":2236.19},{"codigo_unidade_gestora":"201157","codigo_unidade_orcamentaria":"02040","numero_empenho":"0001003","classificacao":"107","data_empenho":"2022-03-15","codigo_credor":"29979036000140","nome_credor":"INSS-INSTITUTO NACIONAL DO SEGURO SOCIAL","valor_contratado":28579.06,"valor_pago":28579.06},{"codigo_unidade_gestora":"201157","codigo_unidade_orcamentaria":"02080","numero_empenho":"0001004","classificacao":"135","data_empenho":"2022-03-15","codigo_credor":"29379974000100","nome_credor":"JRDSA GRAFICA EDITORA E FABRICAÇAO DE PAPEIS EIRELI","valor_contratado":1050.00,"valor_pago":1050.00},{"codigo_unidade_gestora":"201157","codigo_unidade_orcamentaria":"02020","numero_empenho":"0001005","classificacao":"107","data_empenho":"2022-03-15","codigo_credor":"29979036000140","nome_credor":"INSS-INSTITUTO NACIONAL DO SEGURO SOCIAL","valor_contratado":33428.27,"valor_pago":33428.27},{"codigo_unidade_gestora":"201157","codigo_unidade_orcamentaria":"02040","numero_empenho":"0001006","classificacao":"135","data_empenho":"2022-03-15","codigo_credor":"09095183000140","nome_credor":"ENERGISA","valor_contratado":11500.08,"valor_pago":11500.08},{"codigo_unidade_gestora":"201157","codigo_unidade_orcamentaria":"02050","numero_empenho":"0001007","classificacao":"135","data_empenho":"2022-03-15","codigo_credor":"29379974000100","nome_credor":"JRDSA GRAFICA EDITORA E FABRICAÇAO DE PAPEIS EIRELI","valor_contratado":1862.50,"valor_pago":1862.50},{"codigo_unidade_gestora":"201157","codigo_unidade_orcamentaria":"02070","numero_empenho":"0001008","classificacao":"135","data_empenho":"2022-03-15","codigo_credor":"29379974000100","nome_credor":"JRDSA GRAFICA EDITORA E FABRICAÇAO DE PAPEIS EIRELI","valor_contratado":2448.65,"valor_pago":2448.65},{"codigo_unidade_gestora":"201157","codigo_unidade_orcamentaria":"02140","numero_empenho":"0001009","classificacao":"128","data_empenho":"2022-03-15","codigo_credor":"25242664000198","nome_credor":"BRUNA EDUARDA BARBOSA GONÇALVES DE LIMA","valor_contratado":1000.00,"valor_pago":1000.00},{"codigo_unidade_gestora":"201157","codigo_unidade_orcamentaria":"02140","numero_empenho":"0001010","classificacao":"128","data_empenho":"2022-03-15","codigo_credor":"25242664000198","nome_credor":"BRUNA EDUARDA BARBOSA GONÇALVES DE LIMA","valor_contratado":1000.00,"valor_pago":1000.00},{"codigo_unidade_gestora":"201157","codigo_unidade_orcamentaria":"02080","numero_empenho":"0001011","classificacao":"135","data_empenho":"2022-03-15","codigo_credor":"32916696000197","nome_credor":"ROSIVAN BATISTA DA SILVA LTDA","valor_contratado":3450.00,"valor_pago":3450.00},{"codigo_unidade_gestora":"201157","codigo_unidade_orcamentaria":"02010","numero_empenho":"0001012","classificacao":"135","data_empenho":"2022-03-15","codigo_credor":"22909263000150","nome_credor":"JOSE DE ARIMATEIA R.GONÇALVES 01608645428","valor_contratado":900.00,"valor_pago":900.00},{"codigo_unidade_gestora":"201157","codigo_unidade_orcamentaria":"02010","numero_empenho":"0001013","classificacao":"135","data_empenho":"2022-03-15","codigo_credor":"28253940000101","nome_credor":"DAVILLA IZIDIO DE ANDRADE","valor_contratado":900.00,"valor_pago":900.00},{"codigo_unidade_gestora":"201157","codigo_unidade_orcamentaria":"02020","numero_empenho":"0001014","classificacao":"135","data_empenho":"2022-03-15","codigo_credor":"00000000280704","nome_credor":"BANCO DO BRASIL S/A","valor_contratado":99.00,"valor_pago":99.00},{"codigo_unidade_gestora":"201157","codigo_unidade_orcamentaria":"02020","numero_empenho":"0001015","classificacao":"135","data_empenho":"2022-03-15","codigo_credor":"29379974000100","nome_credor":"JRDSA GRAFICA EDITORA E FABRICAÇAO DE PAPEIS EIRELI","valor_contratado":510.00,"valor_pago":510.00},{"codigo_unidade_gestora":"201157","codigo_unidade_orcamentaria":"02110","numero_empenho":"0001016","classificacao":"135","data_empenho":"2022-03-15","codigo_credor":"01326076000174","nome_credor":"SPECULLUS ENDOSCOPIA GINECOLOGICA LTDA","valor_contratado":1000.00,"valor_pago":1000.00},{"codigo_unidade_gestora":"201157","codigo_unidade_orcamentaria":"02050","numero_empenho":"0001017","classificacao":"135","data_empenho":"2022-03-15","codigo_credor":"09095183000140","nome_credor":"ENERGISA","valor_contratado":8983.64,"valor_pago":8983.64},{"codigo_unidade_gestora":"201157","codigo_unidade_orcamentaria":"02080","numero_empenho":"0001018","classificacao":"135","data_empenho":"2022-03-15","codigo_credor":"09095183000140","nome_credor":"ENERGISA","valor_contratado":10721.04,"valor_pago":10721.04},{"codigo_unidade_gestora":"201157","codigo_unidade_orcamentaria":"02080","numero_empenho":"0001019","classificacao":"135","data_empenho":"2022-03-15","codigo_credor":"09095183000140","nome_credor":"ENERGISA","valor_contratado":52000.86,"valor_pago":52000.86},{"codigo_unidade_gestora":"201157","codigo_unidade_orcamentaria":"02020","numero_empenho":"0001020","classificacao":"136","data_empenho":"2022-03-16","codigo_credor":"17758807000190","nome_credor":"E-SOFT TECNOLOGIA EM INFORMATICA LTDA-EPP","valor_contratado":1860.00,"valor_pago":1860.00},{"codigo_unidade_gestora":"201157","codigo_unidade_orcamentaria":"02070","numero_empenho":"0001021","classificacao":"135","data_empenho":"2022-03-16","codigo_credor":"18075547000111","nome_credor":"EDMILSON ALVES MASCARENHAS 11236239881","valor_contratado":160.00,"valor_pago":160.00},{"codigo_unidade_gestora":"201157","codigo_unidade_orcamentaria":"02050","numero_empenho":"0001022","classificacao":"114","data_empenho":"2022-03-16","codigo_credor":"61600839000155","nome_credor":"CIEE-CENTRO DE INTEGRAÇÃO EMPRESA ESCOLA","valor_contratado":6700.00,"valor_pago":6700.00},{"codigo_unidade_gestora":"201157","codigo_unidade_orcamentaria":"02040","numero_empenho":"0001023","classificacao":"187","data_empenho":"2022-03-16","codigo_credor":"41210014000117","nome_credor":"HOSPITAL DE OLHOS DE CAMPINA GRANDE S/S LTDA EPP","valor_contratado":3000.00,"valor_pago":3000.00},{"codigo_unidade_gestora":"201157","codigo_unidade_orcamentaria":"02090","numero_empenho":"0001024","classificacao":"135","data_empenho":"2022-03-16","codigo_credor":"44481595000110","nome_credor":"ARISTONES PAULINO DA SILVA","valor_contratado":500.00,"valor_pago":500.00},{"codigo_unidade_gestora":"201157","codigo_unidade_orcamentaria":"02110","numero_empenho":"0001025","classificacao":"150","data_empenho":"2022-03-16","codigo_credor":"10754828000199","nome_credor":"COPAUTO COMERCIO PATOENSE DE AUTOMOTORES LTDA","valor_contratado":167242.00,"valor_pago":167242.00},{"codigo_unidade_gestora":"201157","codigo_unidade_orcamentaria":"02110","numero_empenho":"0001026","classificacao":"150","data_empenho":"2022-03-16","codigo_credor":"10754828000199","nome_credor":"COPAUTO COMERCIO PATOENSE DE AUTOMOTORES LTDA","valor_contratado":44028.00,"valor_pago":44028.00},{"codigo_unidade_gestora":"201157","codigo_unidade_orcamentaria":"02110","numero_empenho":"0001027","classificacao":"135","data_empenho":"2022-03-16","codigo_credor":"42524968000167","nome_credor":"JORGE MAGNO GONÇALVES","valor_contratado":1200.00,"valor_pago":1200.00},{"codigo_unidade_gestora":"201157","codigo_unidade_orcamentaria":"02020","numero_empenho":"0001028","classificacao":"135","data_empenho":"2022-03-16","codigo_credor":"00360305000104","nome_credor":"CAIXA ECONOMICA FEDERAL","valor_contratado":9.35,"valor_pago":9.35},{"codigo_unidade_gestora":"201157","codigo_unidade_orcamentaria":"02020","numero_empenho":"0001029","classificacao":"135","data_empenho":"2022-03-16","codigo_credor":"00360305000104","nome_credor":"CAIXA ECONOMICA FEDERAL","valor_contratado":13.09,"valor_pago":13.09},{"codigo_unidade_gestora":"201157","codigo_unidade_orcamentaria":"02020","numero_empenho":"0001030","classificacao":"135","data_empenho":"2022-03-17","codigo_credor":"41860308000194","nome_credor":"JULIANO BASILIO DA SILVA","valor_contratado":1200.00,"valor_pago":1200.00},{"codigo_unidade_gestora":"201157","codigo_unidade_orcamentaria":"02050","numero_empenho":"0001031","classificacao":"135","data_empenho":"2022-03-17","codigo_credor":"41201592000197","nome_credor":"ARNOBIO TEIXEIRA DE BRITO LYRA JUNIOR 04183890470","valor_contratado":2420.00,"valor_pago":2420.00},{"codigo_unidade_gestora":"201157","codigo_unidade_orcamentaria":"02090","numero_empenho":"0001032","classificacao":"135","data_empenho":"2022-03-17","codigo_credor":"31390801000134","nome_credor":"JOSEMI ROBERTO DE FREITAS 08726908492","valor_contratado":230.00,"valor_pago":230.00},{"codigo_unidade_gestora":"201157","codigo_unidade_orcamentaria":"02050","numero_empenho":"0001033","classificacao":"135","data_empenho":"2022-03-17","codigo_credor":"35357696000192","nome_credor":"AMANDA AMANAI MOUZINHO DA SILVA 13227479460","valor_contratado":9800.00,"valor_pago":9800.00},{"codigo_unidade_gestora":"201157","codigo_unidade_orcamentaria":"02020","numero_empenho":"0001034","classificacao":"135","data_empenho":"2022-03-17","codigo_credor":"00000000280704","nome_credor":"BANCO DO BRASIL S/A","valor_contratado":33.00,"valor_pago":33.00},{"codigo_unidade_gestora":"201157","codigo_unidade_orcamentaria":"02050","numero_empenho":"0001035","classificacao":"135","data_empenho":"2022-03-17","codigo_credor":"00000000280704","nome_credor":"BANCO DO BRASIL S/A","valor_contratado":11.00,"valor_pago":11.00},{"codigo_unidade_gestora":"201157","codigo_unidade_orcamentaria":"02040","numero_empenho":"0001036","classificacao":"135","data_empenho":"2022-03-17","codigo_credor":"44427026000196","nome_credor":"FISIOVITALIS PB - COMERCIO DE ARTIGOS MEDICOS, ORTOPEDICOS E SERVICOS DE FISIOTE","valor_contratado":8000.00,"valor_pago":8000.00},{"codigo_unidade_gestora":"201157","codigo_unidade_orcamentaria":"02110","numero_empenho":"0001037","classificacao":"126","data_empenho":"2022-03-18","codigo_credor":"24280828000109","nome_credor":"SAÚDE DENTAL COMÉRCIO E REPRESENTAÇÃO LTDA","valor_contratado":1197.00,"valor_pago":1197.00},{"codigo_unidade_gestora":"201157","codigo_unidade_orcamentaria":"02050","numero_empenho":"0001038","classificacao":"135","data_empenho":"2022-03-18","codigo_credor":"33332588000130","nome_credor":"VINICIUS DOS SANTOS PESSOA 13222955492","valor_contratado":799.32,"valor_pago":799.32},{"codigo_unidade_gestora":"201157","codigo_unidade_orcamentaria":"02050","numero_empenho":"0001039","classificacao":"135","data_empenho":"2022-03-18","codigo_credor":"19699196000182","nome_credor":"THIAGO FELIX SOUTO - 110.345.324-64","valor_contratado":936.00,"valor_pago":936.00},{"codigo_unidade_gestora":"201157","codigo_unidade_orcamentaria":"02050","numero_empenho":"0001040","classificacao":"135","data_empenho":"2022-03-18","codigo_credor":"33332588000130","nome_credor":"VINICIUS DOS SANTOS PESSOA 13222955492","valor_contratado":1240.00,"valor_pago":1240.00},{"codigo_unidade_gestora":"201157","codigo_unidade_orcamentaria":"02050","numero_empenho":"0001041","classificacao":"135","data_empenho":"2022-03-18","codigo_credor":"18973469000172","nome_credor":"ROBERTO GOMES DA SILVA","valor_contratado":888.00,"valor_pago":888.00},{"codigo_unidade_gestora":"201157","codigo_unidade_orcamentaria":"02050","numero_empenho":"0001042","classificacao":"135","data_empenho":"2022-03-18","codigo_credor":"19432537000159","nome_credor":"PAULO PONCIANO DE SOUZA - 978359944-53","valor_contratado":1038.80,"valor_pago":1038.80},{"codigo_unidade_gestora":"201157","codigo_unidade_orcamentaria":"02050","numero_empenho":"0001043","classificacao":"135","data_empenho":"2022-03-18","codigo_credor":"18973469000172","nome_credor":"ROBERTO GOMES DA SILVA","valor_contratado":1038.00,"valor_pago":1038.00},{"codigo_unidade_gestora":"201157","codigo_unidade_orcamentaria":"02010","numero_empenho":"0001044","classificacao":"135","data_empenho":"2022-03-18","codigo_credor":"09366790000106","nome_credor":"EMPRESA PARAIBANA DE COMUNICAÇÃO S.A -EPC","valor_contratado":713.00,"valor_pago":713.00},{"codigo_unidade_gestora":"201157","codigo_unidade_orcamentaria":"02050","numero_empenho":"0001045","classificacao":"135","data_empenho":"2022-03-18","codigo_credor":"19432537000159","nome_credor":"PAULO PONCIANO DE SOUZA - 978359944-53","valor_contratado":1084.00,"valor_pago":1084.00},{"codigo_unidade_gestora":"201157","codigo_unidade_orcamentaria":"02050","numero_empenho":"0001046","classificacao":"135","data_empenho":"2022-03-18","codigo_credor":"19712469000181","nome_credor":"MICHEL LOPES DE LIMA 09808104428","valor_contratado":840.00,"valor_pago":840.00},{"codigo_unidade_gestora":"201157","codigo_unidade_orcamentaria":"02050","numero_empenho":"0001047","classificacao":"135","data_empenho":"2022-03-18","codigo_credor":"19225950000142","nome_credor":"PAULO DOS SANTOS ADELINO - 036.224.944-09","valor_contratado":1060.00,"valor_pago":1060.00},{"codigo_unidade_gestora":"201157","codigo_unidade_orcamentaria":"02050","numero_empenho":"0001048","classificacao":"135","data_empenho":"2022-03-18","codigo_credor":"19712469000181","nome_credor":"MICHEL LOPES DE LIMA 09808104428","valor_contratado":950.00,"valor_pago":950.00},{"codigo_unidade_gestora":"201157","codigo_unidade_orcamentaria":"02050","numero_empenho":"0001049","classificacao":"135","data_empenho":"2022-03-18","codigo_credor":"19225950000142","nome_credor":"PAULO DOS SANTOS ADELINO - 036.224.944-09","valor_contratado":848.00,"valor_pago":848.00},{"codigo_unidade_gestora":"201157","codigo_unidade_orcamentaria":"02050","numero_empenho":"0001050","classificacao":"135","data_empenho":"2022-03-18","codigo_credor":"41366784000153","nome_credor":"MARIVALDO LOPES DA SILVA 01249202418","valor_contratado":942.80,"valor_pago":942.80},{"codigo_unidade_gestora":"201157","codigo_unidade_orcamentaria":"02050","numero_empenho":"0001051","classificacao":"135","data_empenho":"2022-03-18","codigo_credor":"19225950000142","nome_credor":"PAULO DOS SANTOS ADELINO - 036.224.944-09","valor_contratado":1040.00,"valor_pago":1040.00}]}}