{"size":50,"page":13,"total":795,"count":50,"_embedded":{"empenhos":[{"codigo_unidade_gestora":"201157","codigo_unidade_orcamentaria":"02140","numero_empenho":"0005688","classificacao":"144","data_empenho":"2022-09-23","codigo_credor":"00005856072499","nome_credor":"LUZIA ILMA DINIZ","valor_contratado":300.00,"valor_pago":300.00},{"codigo_unidade_gestora":"201157","codigo_unidade_orcamentaria":"02140","numero_empenho":"0005689","classificacao":"144","data_empenho":"2022-09-23","codigo_credor":"00010474597440","nome_credor":"ANA CRISTINA CHAVES COSTA","valor_contratado":300.00,"valor_pago":300.00},{"codigo_unidade_gestora":"201157","codigo_unidade_orcamentaria":"02080","numero_empenho":"0005690","classificacao":"126","data_empenho":"2022-09-23","codigo_credor":"41138298000188","nome_credor":"ATACADÃO DOS PARAFUSOS LTDA.","valor_contratado":800.00,"valor_pago":800.00},{"codigo_unidade_gestora":"201157","codigo_unidade_orcamentaria":"02110","numero_empenho":"0005691","classificacao":"126","data_empenho":"2022-09-23","codigo_credor":"00977582000160","nome_credor":"ROSELMA VIEIRA SOARES","valor_contratado":4157.40,"valor_pago":4157.40},{"codigo_unidade_gestora":"201157","codigo_unidade_orcamentaria":"02140","numero_empenho":"0005692","classificacao":"144","data_empenho":"2022-09-23","codigo_credor":"00008073834499","nome_credor":"MARIA ADRIANA DE SOUZA SANTOS","valor_contratado":200.00,"valor_pago":200.00},{"codigo_unidade_gestora":"201157","codigo_unidade_orcamentaria":"02140","numero_empenho":"0005693","classificacao":"144","data_empenho":"2022-09-23","codigo_credor":"00010165663600","nome_credor":"ALINE DA COSTA GOMES","valor_contratado":612.00,"valor_pago":612.00},{"codigo_unidade_gestora":"201157","codigo_unidade_orcamentaria":"02140","numero_empenho":"0005694","classificacao":"144","data_empenho":"2022-09-23","codigo_credor":"00004697524403","nome_credor":"MARIA FATIMA SANTOS FRANÇA","valor_contratado":300.00,"valor_pago":300.00},{"codigo_unidade_gestora":"201157","codigo_unidade_orcamentaria":"02140","numero_empenho":"0005695","classificacao":"144","data_empenho":"2022-09-23","codigo_credor":"00007098343498","nome_credor":"MARIA DA CONCEIÇAO SANTOS FRANÇA","valor_contratado":300.00,"valor_pago":300.00},{"codigo_unidade_gestora":"201157","codigo_unidade_orcamentaria":"02030","numero_empenho":"0005696","classificacao":"191","data_empenho":"2022-09-23","codigo_credor":"09283185000163","nome_credor":"JOAO PESSOA TRIBUNAL DE JUSTIÇA DO ESTADO DA PARAIBA","valor_contratado":7793.11,"valor_pago":7793.11},{"codigo_unidade_gestora":"201157","codigo_unidade_orcamentaria":"02020","numero_empenho":"0005697","classificacao":"135","data_empenho":"2022-09-23","codigo_credor":"00000000280704","nome_credor":"BANCO DO BRASIL S/A","valor_contratado":11.00,"valor_pago":11.00},{"codigo_unidade_gestora":"201157","codigo_unidade_orcamentaria":"02020","numero_empenho":"0005698","classificacao":"135","data_empenho":"2022-09-23","codigo_credor":"00000000280704","nome_credor":"BANCO DO BRASIL S/A","valor_contratado":11.00,"valor_pago":11.00},{"codigo_unidade_gestora":"201157","codigo_unidade_orcamentaria":"02070","numero_empenho":"0005699","classificacao":"135","data_empenho":"2022-09-23","codigo_credor":"09095183000140","nome_credor":"ENERGISA","valor_contratado":39.60,"valor_pago":39.60},{"codigo_unidade_gestora":"201157","codigo_unidade_orcamentaria":"02010","numero_empenho":"0005700","classificacao":"135","data_empenho":"2022-09-23","codigo_credor":"09366790000106","nome_credor":"EMPRESA PARAIBANA DE COMUNICAÇÃO S.A -EPC","valor_contratado":3948.00,"valor_pago":3948.00},{"codigo_unidade_gestora":"201157","codigo_unidade_orcamentaria":"02140","numero_empenho":"0005701","classificacao":"128","data_empenho":"2022-09-23","codigo_credor":"25242664000198","nome_credor":"BRUNA EDUARDA BARBOSA GONÇALVES DE LIMA","valor_contratado":1000.00,"valor_pago":1000.00},{"codigo_unidade_gestora":"201157","codigo_unidade_orcamentaria":"02020","numero_empenho":"0005702","classificacao":"171","data_empenho":"2022-09-26","codigo_credor":"29979036000140","nome_credor":"INSS-INSTITUTO NACIONAL DO SEGURO SOCIAL","valor_contratado":557.98,"valor_pago":557.98},{"codigo_unidade_gestora":"201157","codigo_unidade_orcamentaria":"02110","numero_empenho":"0005703","classificacao":"135","data_empenho":"2022-09-26","codigo_credor":"02674275000136","nome_credor":"CARDIO IMAGEM SERV. DE DIAGNOSTICOS POR IMAGEM LTDA","valor_contratado":600.00,"valor_pago":600.00},{"codigo_unidade_gestora":"201157","codigo_unidade_orcamentaria":"02110","numero_empenho":"0005704","classificacao":"126","data_empenho":"2022-09-26","codigo_credor":"44037576000107","nome_credor":"JAENE FRANCISCO DE SOUZA OLIVEIRA","valor_contratado":1600.00,"valor_pago":1600.00},{"codigo_unidade_gestora":"201157","codigo_unidade_orcamentaria":"02010","numero_empenho":"0005705","classificacao":"105","data_empenho":"2022-09-26","codigo_credor":"09048976000109","nome_credor":"Prefeitura Municipal de Remígio","valor_contratado":19500.00,"valor_pago":19500.00},{"codigo_unidade_gestora":"201157","codigo_unidade_orcamentaria":"02010","numero_empenho":"0005706","classificacao":"105","data_empenho":"2022-09-26","codigo_credor":"09048976000109","nome_credor":"Prefeitura Municipal de Remígio","valor_contratado":14487.82,"valor_pago":14487.82},{"codigo_unidade_gestora":"201157","codigo_unidade_orcamentaria":"02010","numero_empenho":"0005707","classificacao":"105","data_empenho":"2022-09-26","codigo_credor":"09048976000109","nome_credor":"Prefeitura Municipal de Remígio","valor_contratado":13998.93,"valor_pago":13998.93},{"codigo_unidade_gestora":"201157","codigo_unidade_orcamentaria":"02010","numero_empenho":"0005708","classificacao":"105","data_empenho":"2022-09-26","codigo_credor":"09048976000109","nome_credor":"Prefeitura Municipal de Remígio","valor_contratado":3000.00,"valor_pago":3000.00},{"codigo_unidade_gestora":"201157","codigo_unidade_orcamentaria":"02050","numero_empenho":"0005709","classificacao":"114","data_empenho":"2022-09-26","codigo_credor":"61600839000155","nome_credor":"CIEE-CENTRO DE INTEGRAÇÃO EMPRESA ESCOLA","valor_contratado":900.00,"valor_pago":900.00},{"codigo_unidade_gestora":"201157","codigo_unidade_orcamentaria":"02050","numero_empenho":"0005710","classificacao":"114","data_empenho":"2022-09-26","codigo_credor":"61600839000155","nome_credor":"CIEE-CENTRO DE INTEGRAÇÃO EMPRESA ESCOLA","valor_contratado":3200.00,"valor_pago":3200.00},{"codigo_unidade_gestora":"201157","codigo_unidade_orcamentaria":"02020","numero_empenho":"0005711","classificacao":"105","data_empenho":"2022-09-26","codigo_credor":"09048976000109","nome_credor":"Prefeitura Municipal de Remígio","valor_contratado":13625.34,"valor_pago":13625.34},{"codigo_unidade_gestora":"201157","codigo_unidade_orcamentaria":"02020","numero_empenho":"0005712","classificacao":"97","data_empenho":"2022-09-26","codigo_credor":"09048976000109","nome_credor":"Prefeitura Municipal de Remígio","valor_contratado":7272.00,"valor_pago":7272.00},{"codigo_unidade_gestora":"201157","codigo_unidade_orcamentaria":"02050","numero_empenho":"0005713","classificacao":"105","data_empenho":"2022-09-26","codigo_credor":"09048976000109","nome_credor":"Prefeitura Municipal de Remígio","valor_contratado":14995.61,"valor_pago":14995.61},{"codigo_unidade_gestora":"201157","codigo_unidade_orcamentaria":"02020","numero_empenho":"0005714","classificacao":"136","data_empenho":"2022-09-26","codigo_credor":"03500830000176","nome_credor":"RICARDO GUERRA INFORMATICA-ME","valor_contratado":1000.00,"valor_pago":1000.00},{"codigo_unidade_gestora":"201157","codigo_unidade_orcamentaria":"02050","numero_empenho":"0005715","classificacao":"105","data_empenho":"2022-09-26","codigo_credor":"09048976000109","nome_credor":"Prefeitura Municipal de Remígio","valor_contratado":328564.06,"valor_pago":328564.06},{"codigo_unidade_gestora":"201157","codigo_unidade_orcamentaria":"02050","numero_empenho":"0005716","classificacao":"105","data_empenho":"2022-09-26","codigo_credor":"09048976000109","nome_credor":"Prefeitura Municipal de Remígio","valor_contratado":237923.70,"valor_pago":237923.70},{"codigo_unidade_gestora":"201157","codigo_unidade_orcamentaria":"02050","numero_empenho":"0005717","classificacao":"105","data_empenho":"2022-09-26","codigo_credor":"09048976000109","nome_credor":"Prefeitura Municipal de Remígio","valor_contratado":31308.84,"valor_pago":31308.84},{"codigo_unidade_gestora":"201157","codigo_unidade_orcamentaria":"02050","numero_empenho":"0005718","classificacao":"105","data_empenho":"2022-09-26","codigo_credor":"09048976000109","nome_credor":"Prefeitura Municipal de Remígio","valor_contratado":185997.81,"valor_pago":185997.81},{"codigo_unidade_gestora":"201157","codigo_unidade_orcamentaria":"02050","numero_empenho":"0005719","classificacao":"105","data_empenho":"2022-09-26","codigo_credor":"09048976000109","nome_credor":"Prefeitura Municipal de Remígio","valor_contratado":16860.53,"valor_pago":16860.53},{"codigo_unidade_gestora":"201157","codigo_unidade_orcamentaria":"02050","numero_empenho":"0005720","classificacao":"105","data_empenho":"2022-09-26","codigo_credor":"09048976000109","nome_credor":"Prefeitura Municipal de Remígio","valor_contratado":13177.16,"valor_pago":13177.16},{"codigo_unidade_gestora":"201157","codigo_unidade_orcamentaria":"02050","numero_empenho":"0005721","classificacao":"105","data_empenho":"2022-09-26","codigo_credor":"09048976000109","nome_credor":"Prefeitura Municipal de Remígio","valor_contratado":10618.50,"valor_pago":10618.50},{"codigo_unidade_gestora":"201157","codigo_unidade_orcamentaria":"02050","numero_empenho":"0005722","classificacao":"105","data_empenho":"2022-09-26","codigo_credor":"09048976000109","nome_credor":"Prefeitura Municipal de Remígio","valor_contratado":5357.43,"valor_pago":5357.43},{"codigo_unidade_gestora":"201157","codigo_unidade_orcamentaria":"02050","numero_empenho":"0005723","classificacao":"105","data_empenho":"2022-09-26","codigo_credor":"09048976000109","nome_credor":"Prefeitura Municipal de Remígio","valor_contratado":139658.37,"valor_pago":139658.37},{"codigo_unidade_gestora":"201157","codigo_unidade_orcamentaria":"02050","numero_empenho":"0005724","classificacao":"105","data_empenho":"2022-09-26","codigo_credor":"09048976000109","nome_credor":"Prefeitura Municipal de Remígio","valor_contratado":12207.09,"valor_pago":12207.09},{"codigo_unidade_gestora":"201157","codigo_unidade_orcamentaria":"02050","numero_empenho":"0005725","classificacao":"105","data_empenho":"2022-09-26","codigo_credor":"09048976000109","nome_credor":"Prefeitura Municipal de Remígio","valor_contratado":118977.09,"valor_pago":118977.09},{"codigo_unidade_gestora":"201157","codigo_unidade_orcamentaria":"02040","numero_empenho":"0005726","classificacao":"105","data_empenho":"2022-09-26","codigo_credor":"09048976000109","nome_credor":"Prefeitura Municipal de Remígio","valor_contratado":107009.66,"valor_pago":107009.66},{"codigo_unidade_gestora":"201157","codigo_unidade_orcamentaria":"02110","numero_empenho":"0005727","classificacao":"105","data_empenho":"2022-09-26","codigo_credor":"09048976000109","nome_credor":"Prefeitura Municipal de Remígio","valor_contratado":2404.00,"valor_pago":2404.00},{"codigo_unidade_gestora":"201157","codigo_unidade_orcamentaria":"02110","numero_empenho":"0005728","classificacao":"105","data_empenho":"2022-09-26","codigo_credor":"09048976000109","nome_credor":"Prefeitura Municipal de Remígio","valor_contratado":40066.46,"valor_pago":40066.46},{"codigo_unidade_gestora":"201157","codigo_unidade_orcamentaria":"02110","numero_empenho":"0005729","classificacao":"105","data_empenho":"2022-09-26","codigo_credor":"09048976000109","nome_credor":"Prefeitura Municipal de Remígio","valor_contratado":28169.00,"valor_pago":28169.00},{"codigo_unidade_gestora":"201157","codigo_unidade_orcamentaria":"02020","numero_empenho":"0005730","classificacao":"135","data_empenho":"2022-09-26","codigo_credor":"00000000280704","nome_credor":"BANCO DO BRASIL S/A","valor_contratado":22.00,"valor_pago":22.00},{"codigo_unidade_gestora":"201157","codigo_unidade_orcamentaria":"02020","numero_empenho":"0005731","classificacao":"135","data_empenho":"2022-09-26","codigo_credor":"00000000280704","nome_credor":"BANCO DO BRASIL S/A","valor_contratado":22.00,"valor_pago":22.00},{"codigo_unidade_gestora":"201157","codigo_unidade_orcamentaria":"02020","numero_empenho":"0005732","classificacao":"135","data_empenho":"2022-09-26","codigo_credor":"00000000280704","nome_credor":"BANCO DO BRASIL S/A","valor_contratado":11.00,"valor_pago":11.00},{"codigo_unidade_gestora":"201157","codigo_unidade_orcamentaria":"02020","numero_empenho":"0005733","classificacao":"135","data_empenho":"2022-09-26","codigo_credor":"00360305000104","nome_credor":"CAIXA ECONOMICA FEDERAL","valor_contratado":49.00,"valor_pago":49.00},{"codigo_unidade_gestora":"201157","codigo_unidade_orcamentaria":"02110","numero_empenho":"0005734","classificacao":"105","data_empenho":"2022-09-26","codigo_credor":"09048976000109","nome_credor":"Prefeitura Municipal de Remígio","valor_contratado":145434.72,"valor_pago":145434.72},{"codigo_unidade_gestora":"201157","codigo_unidade_orcamentaria":"02020","numero_empenho":"0005735","classificacao":"135","data_empenho":"2022-09-26","codigo_credor":"00360305000104","nome_credor":"CAIXA ECONOMICA FEDERAL","valor_contratado":49.00,"valor_pago":49.00},{"codigo_unidade_gestora":"201157","codigo_unidade_orcamentaria":"02020","numero_empenho":"0005736","classificacao":"135","data_empenho":"2022-09-26","codigo_credor":"00360305000104","nome_credor":"CAIXA ECONOMICA FEDERAL","valor_contratado":49.00,"valor_pago":49.00},{"codigo_unidade_gestora":"201157","codigo_unidade_orcamentaria":"02110","numero_empenho":"0005737","classificacao":"105","data_empenho":"2022-09-26","codigo_credor":"09048976000109","nome_credor":"Prefeitura Municipal de Remígio","valor_contratado":27898.45,"valor_pago":27898.45}]}}