{"size":50,"page":16,"total":767,"count":17,"_embedded":{"empenhos":[{"codigo_unidade_gestora":"201157","codigo_unidade_orcamentaria":"02050","numero_empenho":"0004221","classificacao":"135","data_empenho":"2022-07-29","codigo_credor":"08361818000141","nome_credor":"CARTORIO DO UNICO OFICIO","valor_contratado":150.00,"valor_pago":150.00},{"codigo_unidade_gestora":"201157","codigo_unidade_orcamentaria":"02070","numero_empenho":"0004222","classificacao":"135","data_empenho":"2022-07-29","codigo_credor":"23395830000160","nome_credor":"LUISA BALBINO DA SILVA 72707070491","valor_contratado":5800.00,"valor_pago":5800.00},{"codigo_unidade_gestora":"201157","codigo_unidade_orcamentaria":"02110","numero_empenho":"0004223","classificacao":"126","data_empenho":"2022-07-29","codigo_credor":"42878093000100","nome_credor":"JCASIF COMERCIO VAREJISTA DE CEREAIS LTDA","valor_contratado":766.50,"valor_pago":766.50},{"codigo_unidade_gestora":"201157","codigo_unidade_orcamentaria":"02010","numero_empenho":"0004224","classificacao":"135","data_empenho":"2022-07-29","codigo_credor":"09366790000106","nome_credor":"EMPRESA PARAIBANA DE COMUNICAÇÃO S.A -EPC","valor_contratado":390.00,"valor_pago":390.00},{"codigo_unidade_gestora":"201157","codigo_unidade_orcamentaria":"02110","numero_empenho":"0004225","classificacao":"126","data_empenho":"2022-07-29","codigo_credor":"42878093000100","nome_credor":"JCASIF COMERCIO VAREJISTA DE CEREAIS LTDA","valor_contratado":555.65,"valor_pago":555.65},{"codigo_unidade_gestora":"201157","codigo_unidade_orcamentaria":"02010","numero_empenho":"0004226","classificacao":"135","data_empenho":"2022-07-29","codigo_credor":"09366790000106","nome_credor":"EMPRESA PARAIBANA DE COMUNICAÇÃO S.A -EPC","valor_contratado":435.00,"valor_pago":435.00},{"codigo_unidade_gestora":"201157","codigo_unidade_orcamentaria":"02110","numero_empenho":"0004227","classificacao":"126","data_empenho":"2022-07-29","codigo_credor":"42878093000100","nome_credor":"JCASIF COMERCIO VAREJISTA DE CEREAIS LTDA","valor_contratado":37420.60,"valor_pago":37420.60},{"codigo_unidade_gestora":"201157","codigo_unidade_orcamentaria":"02010","numero_empenho":"0004228","classificacao":"135","data_empenho":"2022-07-29","codigo_credor":"09366790000106","nome_credor":"EMPRESA PARAIBANA DE COMUNICAÇÃO S.A -EPC","valor_contratado":341.00,"valor_pago":341.00},{"codigo_unidade_gestora":"201157","codigo_unidade_orcamentaria":"02050","numero_empenho":"0004229","classificacao":"135","data_empenho":"2022-07-29","codigo_credor":"17558716000101","nome_credor":"CAMPINA-COMERCIO VAREJISTA DE PEÇAS E TACOGRAFOS LTDA","valor_contratado":250.00,"valor_pago":250.00},{"codigo_unidade_gestora":"201157","codigo_unidade_orcamentaria":"02090","numero_empenho":"0004230","classificacao":"135","data_empenho":"2022-07-29","codigo_credor":"17558716000101","nome_credor":"CAMPINA-COMERCIO VAREJISTA DE PEÇAS E TACOGRAFOS LTDA","valor_contratado":430.00,"valor_pago":430.00},{"codigo_unidade_gestora":"201157","codigo_unidade_orcamentaria":"02090","numero_empenho":"0004231","classificacao":"126","data_empenho":"2022-07-29","codigo_credor":"17558716000101","nome_credor":"CAMPINA-COMERCIO VAREJISTA DE PEÇAS E TACOGRAFOS LTDA","valor_contratado":2900.00,"valor_pago":2900.00},{"codigo_unidade_gestora":"201157","codigo_unidade_orcamentaria":"02020","numero_empenho":"0004232","classificacao":"135","data_empenho":"2022-07-29","codigo_credor":"00000000280704","nome_credor":"BANCO DO BRASIL S/A","valor_contratado":110.00,"valor_pago":110.00},{"codigo_unidade_gestora":"201157","codigo_unidade_orcamentaria":"02020","numero_empenho":"0004233","classificacao":"135","data_empenho":"2022-07-29","codigo_credor":"00000000280704","nome_credor":"BANCO DO BRASIL S/A","valor_contratado":11.00,"valor_pago":11.00},{"codigo_unidade_gestora":"201157","codigo_unidade_orcamentaria":"02130","numero_empenho":"0004234","classificacao":"135","data_empenho":"2022-07-29","codigo_credor":"04724352000140","nome_credor":"PINHEIRAO VIAGENS E TURISMO LTDA.","valor_contratado":1893.64,"valor_pago":1893.64},{"codigo_unidade_gestora":"201157","codigo_unidade_orcamentaria":"02020","numero_empenho":"0004235","classificacao":"135","data_empenho":"2022-07-29","codigo_credor":"00360305000104","nome_credor":"CAIXA ECONOMICA FEDERAL","valor_contratado":49.00,"valor_pago":49.00},{"codigo_unidade_gestora":"201157","codigo_unidade_orcamentaria":"02020","numero_empenho":"0004236","classificacao":"135","data_empenho":"2022-07-29","codigo_credor":"00360305000104","nome_credor":"CAIXA ECONOMICA FEDERAL","valor_contratado":49.00,"valor_pago":49.00},{"codigo_unidade_gestora":"201157","codigo_unidade_orcamentaria":"02050","numero_empenho":"0004237","classificacao":"135","data_empenho":"2022-07-29","codigo_credor":"60746948000112","nome_credor":"BANCO BRADESCO S/A","valor_contratado":163.10,"valor_pago":163.10}]}}