{"size":50,"page":16,"total":846,"count":50,"_embedded":{"empenhos":[{"codigo_unidade_gestora":"201157","codigo_unidade_orcamentaria":"02140","numero_empenho":"0004991","classificacao":"128","data_empenho":"2022-08-29","codigo_credor":"00006117105444","nome_credor":"JOSE ROBERTO DE SOUZA","valor_contratado":1500.00,"valor_pago":1500.00},{"codigo_unidade_gestora":"201157","codigo_unidade_orcamentaria":"02140","numero_empenho":"0004992","classificacao":"128","data_empenho":"2022-08-29","codigo_credor":"00002402380446","nome_credor":"JOSINALDO FREIRE DA SILVA","valor_contratado":1500.00,"valor_pago":1500.00},{"codigo_unidade_gestora":"201157","codigo_unidade_orcamentaria":"02140","numero_empenho":"0004993","classificacao":"128","data_empenho":"2022-08-29","codigo_credor":"00017098659894","nome_credor":"IVO GONÇALVES DE SOUZA","valor_contratado":1500.00,"valor_pago":1500.00},{"codigo_unidade_gestora":"201157","codigo_unidade_orcamentaria":"02140","numero_empenho":"0004994","classificacao":"128","data_empenho":"2022-08-29","codigo_credor":"00004423163489","nome_credor":"SOCRATES DE LIRA DIAS","valor_contratado":1500.00,"valor_pago":1500.00},{"codigo_unidade_gestora":"201157","codigo_unidade_orcamentaria":"02140","numero_empenho":"0004995","classificacao":"128","data_empenho":"2022-08-29","codigo_credor":"00006117105444","nome_credor":"JOSE ROBERTO DE SOUZA","valor_contratado":1500.00,"valor_pago":1500.00},{"codigo_unidade_gestora":"201157","codigo_unidade_orcamentaria":"02090","numero_empenho":"0004996","classificacao":"126","data_empenho":"2022-08-29","codigo_credor":"28695805000116","nome_credor":"GB COMERCIO E SERVICOS LTDA - EPP","valor_contratado":2702.42,"valor_pago":2702.42},{"codigo_unidade_gestora":"201157","codigo_unidade_orcamentaria":"02090","numero_empenho":"0004997","classificacao":"126","data_empenho":"2022-08-29","codigo_credor":"28695805000116","nome_credor":"GB COMERCIO E SERVICOS LTDA - EPP","valor_contratado":5081.73,"valor_pago":5081.73},{"codigo_unidade_gestora":"201157","codigo_unidade_orcamentaria":"02040","numero_empenho":"0004998","classificacao":"126","data_empenho":"2022-08-29","codigo_credor":"17633364000101","nome_credor":"L & D COM. DE MOVEIS MAQUINAS E EQUIP.LTDA - ME","valor_contratado":470.00,"valor_pago":470.00},{"codigo_unidade_gestora":"201157","codigo_unidade_orcamentaria":"02050","numero_empenho":"0004999","classificacao":"126","data_empenho":"2022-08-29","codigo_credor":"28695805000116","nome_credor":"GB COMERCIO E SERVICOS LTDA - EPP","valor_contratado":2754.11,"valor_pago":2754.11},{"codigo_unidade_gestora":"201157","codigo_unidade_orcamentaria":"02110","numero_empenho":"0005000","classificacao":"126","data_empenho":"2022-08-29","codigo_credor":"28695805000116","nome_credor":"GB COMERCIO E SERVICOS LTDA - EPP","valor_contratado":3864.53,"valor_pago":3864.53},{"codigo_unidade_gestora":"201157","codigo_unidade_orcamentaria":"02110","numero_empenho":"0005001","classificacao":"126","data_empenho":"2022-08-29","codigo_credor":"28695805000116","nome_credor":"GB COMERCIO E SERVICOS LTDA - EPP","valor_contratado":3385.77,"valor_pago":3385.77},{"codigo_unidade_gestora":"201157","codigo_unidade_orcamentaria":"02110","numero_empenho":"0005002","classificacao":"135","data_empenho":"2022-08-29","codigo_credor":"28695805000116","nome_credor":"GB COMERCIO E SERVICOS LTDA - EPP","valor_contratado":1727.46,"valor_pago":1727.46},{"codigo_unidade_gestora":"201157","codigo_unidade_orcamentaria":"02050","numero_empenho":"0005003","classificacao":"135","data_empenho":"2022-08-29","codigo_credor":"28695805000116","nome_credor":"GB COMERCIO E SERVICOS LTDA - EPP","valor_contratado":3424.74,"valor_pago":3424.74},{"codigo_unidade_gestora":"201157","codigo_unidade_orcamentaria":"02050","numero_empenho":"0005004","classificacao":"135","data_empenho":"2022-08-29","codigo_credor":"28695805000116","nome_credor":"GB COMERCIO E SERVICOS LTDA - EPP","valor_contratado":2802.06,"valor_pago":2802.06},{"codigo_unidade_gestora":"201157","codigo_unidade_orcamentaria":"02080","numero_empenho":"0005005","classificacao":"135","data_empenho":"2022-08-29","codigo_credor":"28695805000116","nome_credor":"GB COMERCIO E SERVICOS LTDA - EPP","valor_contratado":4433.50,"valor_pago":4433.50},{"codigo_unidade_gestora":"201157","codigo_unidade_orcamentaria":"02040","numero_empenho":"0005006","classificacao":"126","data_empenho":"2022-08-29","codigo_credor":"20335256000167","nome_credor":"CARNEIRO DO NASCIMENTO COMERCIO DE PECAS PARA VEICULOS AUTOMOTORES LTDA","valor_contratado":1280.00,"valor_pago":1280.00},{"codigo_unidade_gestora":"201157","codigo_unidade_orcamentaria":"02140","numero_empenho":"0005007","classificacao":"131","data_empenho":"2022-08-29","codigo_credor":"45419753000174","nome_credor":"VIVIANN FRANCISCA SALES FERNANDES 01175933465","valor_contratado":1400.00,"valor_pago":1400.00},{"codigo_unidade_gestora":"201157","codigo_unidade_orcamentaria":"02010","numero_empenho":"0005008","classificacao":"126","data_empenho":"2022-08-29","codigo_credor":"20335256000167","nome_credor":"CARNEIRO DO NASCIMENTO COMERCIO DE PECAS PARA VEICULOS AUTOMOTORES LTDA","valor_contratado":1280.00,"valor_pago":1280.00},{"codigo_unidade_gestora":"201157","codigo_unidade_orcamentaria":"02040","numero_empenho":"0005009","classificacao":"126","data_empenho":"2022-08-29","codigo_credor":"01686814000194","nome_credor":"ALEXSANDRA DINIZ FERNANDES","valor_contratado":382.40,"valor_pago":382.40},{"codigo_unidade_gestora":"201157","codigo_unidade_orcamentaria":"02070","numero_empenho":"0005010","classificacao":"126","data_empenho":"2022-08-29","codigo_credor":"01686814000194","nome_credor":"ALEXSANDRA DINIZ FERNANDES","valor_contratado":302.40,"valor_pago":302.40},{"codigo_unidade_gestora":"201157","codigo_unidade_orcamentaria":"02110","numero_empenho":"0005011","classificacao":"126","data_empenho":"2022-08-29","codigo_credor":"01686814000194","nome_credor":"ALEXSANDRA DINIZ FERNANDES","valor_contratado":1382.80,"valor_pago":1382.80},{"codigo_unidade_gestora":"201157","codigo_unidade_orcamentaria":"02050","numero_empenho":"0005012","classificacao":"126","data_empenho":"2022-08-29","codigo_credor":"01686814000194","nome_credor":"ALEXSANDRA DINIZ FERNANDES","valor_contratado":2023.65,"valor_pago":2023.65},{"codigo_unidade_gestora":"201157","codigo_unidade_orcamentaria":"02040","numero_empenho":"0005013","classificacao":"126","data_empenho":"2022-08-29","codigo_credor":"01686814000194","nome_credor":"ALEXSANDRA DINIZ FERNANDES","valor_contratado":382.40,"valor_pago":382.40},{"codigo_unidade_gestora":"201157","codigo_unidade_orcamentaria":"02110","numero_empenho":"0005014","classificacao":"126","data_empenho":"2022-08-29","codigo_credor":"01686814000194","nome_credor":"ALEXSANDRA DINIZ FERNANDES","valor_contratado":382.40,"valor_pago":382.40},{"codigo_unidade_gestora":"201157","codigo_unidade_orcamentaria":"02020","numero_empenho":"0005015","classificacao":"126","data_empenho":"2022-08-29","codigo_credor":"01686814000194","nome_credor":"ALEXSANDRA DINIZ FERNANDES","valor_contratado":529.20,"valor_pago":529.20},{"codigo_unidade_gestora":"201157","codigo_unidade_orcamentaria":"02050","numero_empenho":"0005016","classificacao":"126","data_empenho":"2022-08-29","codigo_credor":"01686814000194","nome_credor":"ALEXSANDRA DINIZ FERNANDES","valor_contratado":1357.65,"valor_pago":1357.65},{"codigo_unidade_gestora":"201157","codigo_unidade_orcamentaria":"02070","numero_empenho":"0005017","classificacao":"126","data_empenho":"2022-08-29","codigo_credor":"01686814000194","nome_credor":"ALEXSANDRA DINIZ FERNANDES","valor_contratado":533.60,"valor_pago":533.60},{"codigo_unidade_gestora":"201157","codigo_unidade_orcamentaria":"02110","numero_empenho":"0005018","classificacao":"126","data_empenho":"2022-08-29","codigo_credor":"01686814000194","nome_credor":"ALEXSANDRA DINIZ FERNANDES","valor_contratado":1725.10,"valor_pago":1725.10},{"codigo_unidade_gestora":"201157","codigo_unidade_orcamentaria":"02020","numero_empenho":"0005019","classificacao":"135","data_empenho":"2022-08-29","codigo_credor":"00000000280704","nome_credor":"BANCO DO BRASIL S/A","valor_contratado":22.00,"valor_pago":22.00},{"codigo_unidade_gestora":"201157","codigo_unidade_orcamentaria":"02020","numero_empenho":"0005020","classificacao":"135","data_empenho":"2022-08-29","codigo_credor":"00000000280704","nome_credor":"BANCO DO BRASIL S/A","valor_contratado":11.00,"valor_pago":11.00},{"codigo_unidade_gestora":"201157","codigo_unidade_orcamentaria":"02040","numero_empenho":"0005021","classificacao":"135","data_empenho":"2022-08-29","codigo_credor":"00000000280704","nome_credor":"BANCO DO BRASIL S/A","valor_contratado":33.00,"valor_pago":33.00},{"codigo_unidade_gestora":"201157","codigo_unidade_orcamentaria":"02080","numero_empenho":"0005022","classificacao":"135","data_empenho":"2022-08-30","codigo_credor":"41201592000197","nome_credor":"ARNOBIO TEIXEIRA DE BRITO LYRA JUNIOR 04183890470","valor_contratado":2725.00,"valor_pago":2725.00},{"codigo_unidade_gestora":"201157","codigo_unidade_orcamentaria":"02080","numero_empenho":"0005023","classificacao":"135","data_empenho":"2022-08-30","codigo_credor":"41201592000197","nome_credor":"ARNOBIO TEIXEIRA DE BRITO LYRA JUNIOR 04183890470","valor_contratado":2725.00,"valor_pago":2725.00},{"codigo_unidade_gestora":"201157","codigo_unidade_orcamentaria":"02080","numero_empenho":"0005024","classificacao":"135","data_empenho":"2022-08-30","codigo_credor":"41201592000197","nome_credor":"ARNOBIO TEIXEIRA DE BRITO LYRA JUNIOR 04183890470","valor_contratado":2725.00,"valor_pago":2725.00},{"codigo_unidade_gestora":"201157","codigo_unidade_orcamentaria":"02080","numero_empenho":"0005025","classificacao":"135","data_empenho":"2022-08-30","codigo_credor":"41201592000197","nome_credor":"ARNOBIO TEIXEIRA DE BRITO LYRA JUNIOR 04183890470","valor_contratado":2400.00,"valor_pago":2400.00},{"codigo_unidade_gestora":"201157","codigo_unidade_orcamentaria":"02080","numero_empenho":"0005026","classificacao":"135","data_empenho":"2022-08-30","codigo_credor":"41201592000197","nome_credor":"ARNOBIO TEIXEIRA DE BRITO LYRA JUNIOR 04183890470","valor_contratado":2400.00,"valor_pago":2400.00},{"codigo_unidade_gestora":"201157","codigo_unidade_orcamentaria":"02050","numero_empenho":"0005027","classificacao":"126","data_empenho":"2022-08-29","codigo_credor":"31424800000163","nome_credor":"ADRIANO GONCALVES RODRIGUES DO NASCIMENTO","valor_contratado":2112.00,"valor_pago":2112.00},{"codigo_unidade_gestora":"201157","codigo_unidade_orcamentaria":"02010","numero_empenho":"0005028","classificacao":"126","data_empenho":"2022-08-29","codigo_credor":"31424800000163","nome_credor":"ADRIANO GONCALVES RODRIGUES DO NASCIMENTO","valor_contratado":264.00,"valor_pago":264.00},{"codigo_unidade_gestora":"201157","codigo_unidade_orcamentaria":"02040","numero_empenho":"0005029","classificacao":"126","data_empenho":"2022-08-29","codigo_credor":"31424800000163","nome_credor":"ADRIANO GONCALVES RODRIGUES DO NASCIMENTO","valor_contratado":672.00,"valor_pago":672.00},{"codigo_unidade_gestora":"201157","codigo_unidade_orcamentaria":"02070","numero_empenho":"0005030","classificacao":"126","data_empenho":"2022-08-29","codigo_credor":"31424800000163","nome_credor":"ADRIANO GONCALVES RODRIGUES DO NASCIMENTO","valor_contratado":150.00,"valor_pago":150.00},{"codigo_unidade_gestora":"201157","codigo_unidade_orcamentaria":"02080","numero_empenho":"0005031","classificacao":"135","data_empenho":"2022-08-30","codigo_credor":"41201592000197","nome_credor":"ARNOBIO TEIXEIRA DE BRITO LYRA JUNIOR 04183890470","valor_contratado":2400.00,"valor_pago":2400.00},{"codigo_unidade_gestora":"201157","codigo_unidade_orcamentaria":"02080","numero_empenho":"0005032","classificacao":"135","data_empenho":"2022-08-30","codigo_credor":"41201592000197","nome_credor":"ARNOBIO TEIXEIRA DE BRITO LYRA JUNIOR 04183890470","valor_contratado":1799.00,"valor_pago":1799.00},{"codigo_unidade_gestora":"201157","codigo_unidade_orcamentaria":"02040","numero_empenho":"0005033","classificacao":"126","data_empenho":"2022-08-30","codigo_credor":"04923356000158","nome_credor":"FARIAS COMERCIO VAREJISTA DE MEDICAMENTOS LTDA","valor_contratado":3479.22,"valor_pago":3479.22},{"codigo_unidade_gestora":"201157","codigo_unidade_orcamentaria":"02110","numero_empenho":"0005034","classificacao":"126","data_empenho":"2022-08-30","codigo_credor":"05457026000187","nome_credor":"MARIA CRISTIANE LEMOS DE ARAUJO","valor_contratado":3446.83,"valor_pago":3446.83},{"codigo_unidade_gestora":"201157","codigo_unidade_orcamentaria":"02050","numero_empenho":"0005035","classificacao":"126","data_empenho":"2022-08-30","codigo_credor":"05457026000187","nome_credor":"MARIA CRISTIANE LEMOS DE ARAUJO","valor_contratado":3544.72,"valor_pago":3544.72},{"codigo_unidade_gestora":"201157","codigo_unidade_orcamentaria":"02110","numero_empenho":"0005036","classificacao":"135","data_empenho":"2022-08-30","codigo_credor":"19500415000152","nome_credor":"EDER BATISTA DE SOUSA","valor_contratado":13050.00,"valor_pago":13050.00},{"codigo_unidade_gestora":"201157","codigo_unidade_orcamentaria":"02020","numero_empenho":"0005037","classificacao":"136","data_empenho":"2022-08-30","codigo_credor":"07553129000176","nome_credor":"PUBLIC SOFTWARE INFORMATICA LTDA-ME","valor_contratado":5790.50,"valor_pago":5790.50},{"codigo_unidade_gestora":"201157","codigo_unidade_orcamentaria":"02050","numero_empenho":"0005038","classificacao":"126","data_empenho":"2022-08-30","codigo_credor":"00000313522782","nome_credor":"TEREZINHA SERAFIM DOS SANTOS","valor_contratado":1963.50,"valor_pago":1963.50},{"codigo_unidade_gestora":"201157","codigo_unidade_orcamentaria":"02070","numero_empenho":"0005039","classificacao":"189","data_empenho":"2022-08-30","codigo_credor":"00080615503420","nome_credor":"LAELSON SOARES DE LIMA","valor_contratado":18.50,"valor_pago":18.50},{"codigo_unidade_gestora":"201157","codigo_unidade_orcamentaria":"02110","numero_empenho":"0005040","classificacao":"126","data_empenho":"2022-08-30","codigo_credor":"07788510000114","nome_credor":"IN-DENTAL PRODUTOS ODONTOLOGICOS, MEDICOS E HOSPITALARES LTDA","valor_contratado":609.30,"valor_pago":609.30}]}}