{"size":50,"page":4,"total":802,"count":50,"_embedded":{"empenhos":[{"codigo_unidade_gestora":"201157","codigo_unidade_orcamentaria":"02040","numero_empenho":"0006800","classificacao":"126","data_empenho":"2022-11-07","codigo_credor":"09261355000109","nome_credor":"HILTON PINHEIRO DANTAS","valor_contratado":935.35,"valor_pago":935.35},{"codigo_unidade_gestora":"201157","codigo_unidade_orcamentaria":"02040","numero_empenho":"0006801","classificacao":"126","data_empenho":"2022-11-07","codigo_credor":"09261355000109","nome_credor":"HILTON PINHEIRO DANTAS","valor_contratado":225.34,"valor_pago":225.34},{"codigo_unidade_gestora":"201157","codigo_unidade_orcamentaria":"02010","numero_empenho":"0006802","classificacao":"135","data_empenho":"2022-11-07","codigo_credor":"04196645000100","nome_credor":"PR/CC/IMPRENSA NACIONAL","valor_contratado":1478.96,"valor_pago":1478.96},{"codigo_unidade_gestora":"201157","codigo_unidade_orcamentaria":"02110","numero_empenho":"0006803","classificacao":"126","data_empenho":"2022-11-07","codigo_credor":"09261355000109","nome_credor":"HILTON PINHEIRO DANTAS","valor_contratado":2108.31,"valor_pago":2108.31},{"codigo_unidade_gestora":"201157","codigo_unidade_orcamentaria":"02040","numero_empenho":"0006804","classificacao":"126","data_empenho":"2022-11-07","codigo_credor":"09261355000109","nome_credor":"HILTON PINHEIRO DANTAS","valor_contratado":686.57,"valor_pago":686.57},{"codigo_unidade_gestora":"201157","codigo_unidade_orcamentaria":"02110","numero_empenho":"0006805","classificacao":"126","data_empenho":"2022-11-07","codigo_credor":"09261355000109","nome_credor":"HILTON PINHEIRO DANTAS","valor_contratado":438.81,"valor_pago":438.81},{"codigo_unidade_gestora":"201157","codigo_unidade_orcamentaria":"02080","numero_empenho":"0006806","classificacao":"149","data_empenho":"2022-11-07","codigo_credor":"22759235000102","nome_credor":"SENA CONSTRUÇÕES EIRELI-ME","valor_contratado":54482.04,"valor_pago":54482.04},{"codigo_unidade_gestora":"201157","codigo_unidade_orcamentaria":"02040","numero_empenho":"0006807","classificacao":"126","data_empenho":"2022-11-07","codigo_credor":"09261355000109","nome_credor":"HILTON PINHEIRO DANTAS","valor_contratado":271.86,"valor_pago":271.86},{"codigo_unidade_gestora":"201157","codigo_unidade_orcamentaria":"02040","numero_empenho":"0006808","classificacao":"126","data_empenho":"2022-11-07","codigo_credor":"09261355000109","nome_credor":"HILTON PINHEIRO DANTAS","valor_contratado":104.98,"valor_pago":104.98},{"codigo_unidade_gestora":"201157","codigo_unidade_orcamentaria":"02110","numero_empenho":"0006809","classificacao":"126","data_empenho":"2022-11-07","codigo_credor":"09261355000109","nome_credor":"HILTON PINHEIRO DANTAS","valor_contratado":1377.29,"valor_pago":1377.29},{"codigo_unidade_gestora":"201157","codigo_unidade_orcamentaria":"02110","numero_empenho":"0006810","classificacao":"126","data_empenho":"2022-11-07","codigo_credor":"09261355000109","nome_credor":"HILTON PINHEIRO DANTAS","valor_contratado":1389.27,"valor_pago":1389.27},{"codigo_unidade_gestora":"201157","codigo_unidade_orcamentaria":"02110","numero_empenho":"0006811","classificacao":"126","data_empenho":"2022-11-07","codigo_credor":"09261355000109","nome_credor":"HILTON PINHEIRO DANTAS","valor_contratado":946.93,"valor_pago":946.93},{"codigo_unidade_gestora":"201157","codigo_unidade_orcamentaria":"02040","numero_empenho":"0006812","classificacao":"126","data_empenho":"2022-11-07","codigo_credor":"09261355000109","nome_credor":"HILTON PINHEIRO DANTAS","valor_contratado":1541.69,"valor_pago":1541.69},{"codigo_unidade_gestora":"201157","codigo_unidade_orcamentaria":"02110","numero_empenho":"0006813","classificacao":"126","data_empenho":"2022-11-07","codigo_credor":"09261355000109","nome_credor":"HILTON PINHEIRO DANTAS","valor_contratado":1352.54,"valor_pago":1352.54},{"codigo_unidade_gestora":"201157","codigo_unidade_orcamentaria":"02040","numero_empenho":"0006814","classificacao":"126","data_empenho":"2022-11-07","codigo_credor":"09261355000109","nome_credor":"HILTON PINHEIRO DANTAS","valor_contratado":1038.29,"valor_pago":1038.29},{"codigo_unidade_gestora":"201157","codigo_unidade_orcamentaria":"02040","numero_empenho":"0006815","classificacao":"126","data_empenho":"2022-11-07","codigo_credor":"09261355000109","nome_credor":"HILTON PINHEIRO DANTAS","valor_contratado":7862.84,"valor_pago":7862.84},{"codigo_unidade_gestora":"201157","codigo_unidade_orcamentaria":"02110","numero_empenho":"0006816","classificacao":"135","data_empenho":"2022-11-07","codigo_credor":"41448410000187","nome_credor":"ORTOCLIN - SAUDE E TRABALHO","valor_contratado":3600.00,"valor_pago":3600.00},{"codigo_unidade_gestora":"201157","codigo_unidade_orcamentaria":"02140","numero_empenho":"0006817","classificacao":"126","data_empenho":"2022-11-07","codigo_credor":"28695805000116","nome_credor":"GB COMERCIO E SERVICOS LTDA - EPP","valor_contratado":474.28,"valor_pago":474.28},{"codigo_unidade_gestora":"201157","codigo_unidade_orcamentaria":"02110","numero_empenho":"0006818","classificacao":"126","data_empenho":"2022-11-07","codigo_credor":"28695805000116","nome_credor":"GB COMERCIO E SERVICOS LTDA - EPP","valor_contratado":767.72,"valor_pago":767.72},{"codigo_unidade_gestora":"201157","codigo_unidade_orcamentaria":"02040","numero_empenho":"0006819","classificacao":"126","data_empenho":"2022-11-07","codigo_credor":"28695805000116","nome_credor":"GB COMERCIO E SERVICOS LTDA - EPP","valor_contratado":2430.30,"valor_pago":2430.30},{"codigo_unidade_gestora":"201157","codigo_unidade_orcamentaria":"02070","numero_empenho":"0006820","classificacao":"126","data_empenho":"2022-11-07","codigo_credor":"28695805000116","nome_credor":"GB COMERCIO E SERVICOS LTDA - EPP","valor_contratado":705.94,"valor_pago":705.94},{"codigo_unidade_gestora":"201157","codigo_unidade_orcamentaria":"02110","numero_empenho":"0006821","classificacao":"135","data_empenho":"2022-11-07","codigo_credor":"28695805000116","nome_credor":"GB COMERCIO E SERVICOS LTDA - EPP","valor_contratado":3583.14,"valor_pago":3583.14},{"codigo_unidade_gestora":"201157","codigo_unidade_orcamentaria":"02040","numero_empenho":"0006822","classificacao":"126","data_empenho":"2022-11-07","codigo_credor":"28695805000116","nome_credor":"GB COMERCIO E SERVICOS LTDA - EPP","valor_contratado":411.76,"valor_pago":411.76},{"codigo_unidade_gestora":"201157","codigo_unidade_orcamentaria":"02020","numero_empenho":"0006823","classificacao":"135","data_empenho":"2022-11-07","codigo_credor":"00000000280704","nome_credor":"BANCO DO BRASIL S/A","valor_contratado":11.00,"valor_pago":11.00},{"codigo_unidade_gestora":"201157","codigo_unidade_orcamentaria":"02020","numero_empenho":"0006824","classificacao":"135","data_empenho":"2022-11-07","codigo_credor":"00000000280704","nome_credor":"BANCO DO BRASIL S/A","valor_contratado":88.00,"valor_pago":88.00},{"codigo_unidade_gestora":"201157","codigo_unidade_orcamentaria":"02040","numero_empenho":"0006825","classificacao":"126","data_empenho":"2022-11-07","codigo_credor":"28695805000116","nome_credor":"GB COMERCIO E SERVICOS LTDA - EPP","valor_contratado":1123.94,"valor_pago":1123.94},{"codigo_unidade_gestora":"201157","codigo_unidade_orcamentaria":"02110","numero_empenho":"0006826","classificacao":"135","data_empenho":"2022-11-07","codigo_credor":"34783914000198","nome_credor":"JOSE WAGNER DE LIMA","valor_contratado":13400.00,"valor_pago":13400.00},{"codigo_unidade_gestora":"201157","codigo_unidade_orcamentaria":"02140","numero_empenho":"0006827","classificacao":"144","data_empenho":"2022-11-07","codigo_credor":"00006246421431","nome_credor":"APARECIDA PEREIRA DA SILVA","valor_contratado":50.00,"valor_pago":50.00},{"codigo_unidade_gestora":"201157","codigo_unidade_orcamentaria":"02040","numero_empenho":"0006828","classificacao":"126","data_empenho":"2022-11-07","codigo_credor":"28695805000116","nome_credor":"GB COMERCIO E SERVICOS LTDA - EPP","valor_contratado":217.19,"valor_pago":217.19},{"codigo_unidade_gestora":"201157","codigo_unidade_orcamentaria":"02070","numero_empenho":"0006829","classificacao":"126","data_empenho":"2022-11-07","codigo_credor":"28695805000116","nome_credor":"GB COMERCIO E SERVICOS LTDA - EPP","valor_contratado":583.99,"valor_pago":583.99},{"codigo_unidade_gestora":"201157","codigo_unidade_orcamentaria":"02110","numero_empenho":"0006830","classificacao":"126","data_empenho":"2022-11-07","codigo_credor":"28695805000116","nome_credor":"GB COMERCIO E SERVICOS LTDA - EPP","valor_contratado":2972.89,"valor_pago":2972.89},{"codigo_unidade_gestora":"201157","codigo_unidade_orcamentaria":"02040","numero_empenho":"0006831","classificacao":"126","data_empenho":"2022-11-07","codigo_credor":"28695805000116","nome_credor":"GB COMERCIO E SERVICOS LTDA - EPP","valor_contratado":2841.53,"valor_pago":2841.53},{"codigo_unidade_gestora":"201157","codigo_unidade_orcamentaria":"02090","numero_empenho":"0006832","classificacao":"126","data_empenho":"2022-11-07","codigo_credor":"28695805000116","nome_credor":"GB COMERCIO E SERVICOS LTDA - EPP","valor_contratado":3384.11,"valor_pago":3384.11},{"codigo_unidade_gestora":"201157","codigo_unidade_orcamentaria":"02110","numero_empenho":"0006834","classificacao":"126","data_empenho":"2022-11-07","codigo_credor":"28695805000116","nome_credor":"GB COMERCIO E SERVICOS LTDA - EPP","valor_contratado":672.96,"valor_pago":672.96},{"codigo_unidade_gestora":"201157","codigo_unidade_orcamentaria":"02040","numero_empenho":"0006835","classificacao":"126","data_empenho":"2022-11-07","codigo_credor":"28695805000116","nome_credor":"GB COMERCIO E SERVICOS LTDA - EPP","valor_contratado":2435.21,"valor_pago":2435.21},{"codigo_unidade_gestora":"201157","codigo_unidade_orcamentaria":"02110","numero_empenho":"0006836","classificacao":"126","data_empenho":"2022-11-07","codigo_credor":"28695805000116","nome_credor":"GB COMERCIO E SERVICOS LTDA - EPP","valor_contratado":957.59,"valor_pago":957.59},{"codigo_unidade_gestora":"201157","codigo_unidade_orcamentaria":"02050","numero_empenho":"0006837","classificacao":"126","data_empenho":"2022-11-07","codigo_credor":"28695805000116","nome_credor":"GB COMERCIO E SERVICOS LTDA - EPP","valor_contratado":3783.32,"valor_pago":3783.32},{"codigo_unidade_gestora":"201157","codigo_unidade_orcamentaria":"02050","numero_empenho":"0006838","classificacao":"126","data_empenho":"2022-11-07","codigo_credor":"28695805000116","nome_credor":"GB COMERCIO E SERVICOS LTDA - EPP","valor_contratado":3335.56,"valor_pago":3335.56},{"codigo_unidade_gestora":"201157","codigo_unidade_orcamentaria":"02050","numero_empenho":"0006839","classificacao":"126","data_empenho":"2022-11-07","codigo_credor":"28695805000116","nome_credor":"GB COMERCIO E SERVICOS LTDA - EPP","valor_contratado":2795.75,"valor_pago":2795.75},{"codigo_unidade_gestora":"201157","codigo_unidade_orcamentaria":"02050","numero_empenho":"0006840","classificacao":"126","data_empenho":"2022-11-07","codigo_credor":"28695805000116","nome_credor":"GB COMERCIO E SERVICOS LTDA - EPP","valor_contratado":2773.73,"valor_pago":2773.73},{"codigo_unidade_gestora":"201157","codigo_unidade_orcamentaria":"02050","numero_empenho":"0006841","classificacao":"126","data_empenho":"2022-11-07","codigo_credor":"28695805000116","nome_credor":"GB COMERCIO E SERVICOS LTDA - EPP","valor_contratado":492.45,"valor_pago":492.45},{"codigo_unidade_gestora":"201157","codigo_unidade_orcamentaria":"02040","numero_empenho":"0006842","classificacao":"135","data_empenho":"2022-11-07","codigo_credor":"28695805000116","nome_credor":"GB COMERCIO E SERVICOS LTDA - EPP","valor_contratado":4100.92,"valor_pago":4100.92},{"codigo_unidade_gestora":"201157","codigo_unidade_orcamentaria":"02090","numero_empenho":"0006843","classificacao":"126","data_empenho":"2022-11-07","codigo_credor":"28695805000116","nome_credor":"GB COMERCIO E SERVICOS LTDA - EPP","valor_contratado":1916.07,"valor_pago":1916.07},{"codigo_unidade_gestora":"201157","codigo_unidade_orcamentaria":"02050","numero_empenho":"0006844","classificacao":"126","data_empenho":"2022-11-07","codigo_credor":"28695805000116","nome_credor":"GB COMERCIO E SERVICOS LTDA - EPP","valor_contratado":3077.73,"valor_pago":3077.73},{"codigo_unidade_gestora":"201157","codigo_unidade_orcamentaria":"02050","numero_empenho":"0006845","classificacao":"135","data_empenho":"2022-11-07","codigo_credor":"28695805000116","nome_credor":"GB COMERCIO E SERVICOS LTDA - EPP","valor_contratado":5060.90,"valor_pago":5060.90},{"codigo_unidade_gestora":"201157","codigo_unidade_orcamentaria":"02050","numero_empenho":"0006846","classificacao":"135","data_empenho":"2022-11-07","codigo_credor":"28695805000116","nome_credor":"GB COMERCIO E SERVICOS LTDA - EPP","valor_contratado":5451.20,"valor_pago":5451.20},{"codigo_unidade_gestora":"201157","codigo_unidade_orcamentaria":"02050","numero_empenho":"0006847","classificacao":"135","data_empenho":"2022-11-07","codigo_credor":"28695805000116","nome_credor":"GB COMERCIO E SERVICOS LTDA - EPP","valor_contratado":5440.58,"valor_pago":5440.58},{"codigo_unidade_gestora":"201157","codigo_unidade_orcamentaria":"02050","numero_empenho":"0006848","classificacao":"135","data_empenho":"2022-11-07","codigo_credor":"28695805000116","nome_credor":"GB COMERCIO E SERVICOS LTDA - EPP","valor_contratado":5106.42,"valor_pago":5106.42},{"codigo_unidade_gestora":"201157","codigo_unidade_orcamentaria":"02110","numero_empenho":"0006849","classificacao":"135","data_empenho":"2022-11-07","codigo_credor":"28695805000116","nome_credor":"GB COMERCIO E SERVICOS LTDA - EPP","valor_contratado":3299.06,"valor_pago":3299.06},{"codigo_unidade_gestora":"201157","codigo_unidade_orcamentaria":"02050","numero_empenho":"0006850","classificacao":"126","data_empenho":"2022-11-07","codigo_credor":"28695805000116","nome_credor":"GB COMERCIO E SERVICOS LTDA - EPP","valor_contratado":2864.56,"valor_pago":2864.56}]}}