{"size":50,"page":2,"total":766,"count":50,"_embedded":{"empenhos":[{"codigo_unidade_gestora":"201157","codigo_unidade_orcamentaria":"02080","numero_empenho":"0005933","classificacao":"135","data_empenho":"2022-10-05","codigo_credor":"36291941000179","nome_credor":"ANDRE RICARDO BARRETO PERAZZO COSTA","valor_contratado":7849.10,"valor_pago":7849.10},{"codigo_unidade_gestora":"201157","codigo_unidade_orcamentaria":"02110","numero_empenho":"0005934","classificacao":"126","data_empenho":"2022-10-05","codigo_credor":"23312871000146","nome_credor":"EXEMPLARMED COMERCIO DE PRODUTOS HOSPITALARES LTDA","valor_contratado":207.90,"valor_pago":207.90},{"codigo_unidade_gestora":"201157","codigo_unidade_orcamentaria":"02040","numero_empenho":"0005935","classificacao":"135","data_empenho":"2022-10-05","codigo_credor":"41201592000197","nome_credor":"ARNOBIO TEIXEIRA DE BRITO LYRA JUNIOR 04183890470","valor_contratado":1680.00,"valor_pago":1680.00},{"codigo_unidade_gestora":"201157","codigo_unidade_orcamentaria":"02110","numero_empenho":"0005936","classificacao":"126","data_empenho":"2022-10-05","codigo_credor":"22226670000163","nome_credor":"R.L COMERCIO VAREJISTA DE MULTI UTILIDADES LTDA","valor_contratado":1760.00,"valor_pago":1760.00},{"codigo_unidade_gestora":"201157","codigo_unidade_orcamentaria":"02080","numero_empenho":"0005937","classificacao":"135","data_empenho":"2022-10-05","codigo_credor":"41201592000197","nome_credor":"ARNOBIO TEIXEIRA DE BRITO LYRA JUNIOR 04183890470","valor_contratado":2070.00,"valor_pago":2070.00},{"codigo_unidade_gestora":"201157","codigo_unidade_orcamentaria":"02050","numero_empenho":"0005938","classificacao":"126","data_empenho":"2022-10-05","codigo_credor":"37840719000140","nome_credor":"RICARDO ARAUJO ALVES 06483213476","valor_contratado":4653.40,"valor_pago":4653.40},{"codigo_unidade_gestora":"201157","codigo_unidade_orcamentaria":"02010","numero_empenho":"0005939","classificacao":"131","data_empenho":"2022-10-05","codigo_credor":"23397663000197","nome_credor":"MARINHO E SILVA ADVOCACIA","valor_contratado":3000.00,"valor_pago":3000.00},{"codigo_unidade_gestora":"201157","codigo_unidade_orcamentaria":"02080","numero_empenho":"0005940","classificacao":"135","data_empenho":"2022-10-05","codigo_credor":"41201592000197","nome_credor":"ARNOBIO TEIXEIRA DE BRITO LYRA JUNIOR 04183890470","valor_contratado":4000.00,"valor_pago":4000.00},{"codigo_unidade_gestora":"201157","codigo_unidade_orcamentaria":"02080","numero_empenho":"0005941","classificacao":"135","data_empenho":"2022-10-05","codigo_credor":"41201592000197","nome_credor":"ARNOBIO TEIXEIRA DE BRITO LYRA JUNIOR 04183890470","valor_contratado":672.00,"valor_pago":672.00},{"codigo_unidade_gestora":"201157","codigo_unidade_orcamentaria":"02110","numero_empenho":"0005942","classificacao":"135","data_empenho":"2022-10-05","codigo_credor":"15144201000130","nome_credor":"IMAGO DIAGNOSTICO POR IMAGEM LTDA","valor_contratado":520.00,"valor_pago":520.00},{"codigo_unidade_gestora":"201157","codigo_unidade_orcamentaria":"02080","numero_empenho":"0005943","classificacao":"135","data_empenho":"2022-10-05","codigo_credor":"22759235000102","nome_credor":"SENA CONSTRUÇÕES EIRELI-ME","valor_contratado":3924.55,"valor_pago":3924.55},{"codigo_unidade_gestora":"201157","codigo_unidade_orcamentaria":"02130","numero_empenho":"0005944","classificacao":"135","data_empenho":"2022-10-05","codigo_credor":"42488051000154","nome_credor":"MICHEL ANTHONY ALVES DE SOUZA","valor_contratado":1500.00,"valor_pago":1500.00},{"codigo_unidade_gestora":"201157","codigo_unidade_orcamentaria":"02080","numero_empenho":"0005945","classificacao":"135","data_empenho":"2022-10-05","codigo_credor":"22759235000102","nome_credor":"SENA CONSTRUÇÕES EIRELI-ME","valor_contratado":3363.90,"valor_pago":3363.90},{"codigo_unidade_gestora":"201157","codigo_unidade_orcamentaria":"02130","numero_empenho":"0005946","classificacao":"135","data_empenho":"2022-10-05","codigo_credor":"43330097000103","nome_credor":"JOSE ROMULO GALDINO DA SILVA","valor_contratado":1500.00,"valor_pago":1500.00},{"codigo_unidade_gestora":"201157","codigo_unidade_orcamentaria":"02130","numero_empenho":"0005947","classificacao":"135","data_empenho":"2022-10-05","codigo_credor":"46491621000116","nome_credor":"ERISMALDO FERREIRA DA SILVA 33807487816","valor_contratado":1000.00,"valor_pago":1000.00},{"codigo_unidade_gestora":"201157","codigo_unidade_orcamentaria":"02130","numero_empenho":"0005948","classificacao":"135","data_empenho":"2022-10-05","codigo_credor":"41769438000116","nome_credor":"JOAO VICTOR OLIVEIRA DOS SANTOS 71993888454","valor_contratado":1500.00,"valor_pago":1500.00},{"codigo_unidade_gestora":"201157","codigo_unidade_orcamentaria":"02140","numero_empenho":"0005949","classificacao":"128","data_empenho":"2022-10-05","codigo_credor":"21187875000114","nome_credor":"NEVALTO DE SOUSA PEREIRA","valor_contratado":6285.00,"valor_pago":6285.00},{"codigo_unidade_gestora":"201157","codigo_unidade_orcamentaria":"02110","numero_empenho":"0005950","classificacao":"126","data_empenho":"2022-10-05","codigo_credor":"08674752000140","nome_credor":"CIRURGICA MONTEBELLO LTDA","valor_contratado":285.00,"valor_pago":285.00},{"codigo_unidade_gestora":"201157","codigo_unidade_orcamentaria":"02140","numero_empenho":"0005951","classificacao":"128","data_empenho":"2022-10-05","codigo_credor":"19314487000105","nome_credor":"ALEXSANDRA DA COSTA GOMES DE MORAIS","valor_contratado":1022.00,"valor_pago":1022.00},{"codigo_unidade_gestora":"201157","codigo_unidade_orcamentaria":"02080","numero_empenho":"0005952","classificacao":"135","data_empenho":"2022-10-05","codigo_credor":"19144465000144","nome_credor":"ANTONIO MARIO DOS SANTOS JUNIOR 05954876452","valor_contratado":2520.00,"valor_pago":2520.00},{"codigo_unidade_gestora":"201157","codigo_unidade_orcamentaria":"02050","numero_empenho":"0005953","classificacao":"135","data_empenho":"2022-10-05","codigo_credor":"41201592000197","nome_credor":"ARNOBIO TEIXEIRA DE BRITO LYRA JUNIOR 04183890470","valor_contratado":2018.25,"valor_pago":2018.25},{"codigo_unidade_gestora":"201157","codigo_unidade_orcamentaria":"02130","numero_empenho":"0005954","classificacao":"126","data_empenho":"2022-10-05","codigo_credor":"09261355000109","nome_credor":"HILTON PINHEIRO DANTAS","valor_contratado":52.00,"valor_pago":52.00},{"codigo_unidade_gestora":"201157","codigo_unidade_orcamentaria":"02080","numero_empenho":"0005955","classificacao":"126","data_empenho":"2022-10-05","codigo_credor":"09261355000109","nome_credor":"HILTON PINHEIRO DANTAS","valor_contratado":150.81,"valor_pago":150.81},{"codigo_unidade_gestora":"201157","codigo_unidade_orcamentaria":"02050","numero_empenho":"0005956","classificacao":"135","data_empenho":"2022-10-05","codigo_credor":"41201592000197","nome_credor":"ARNOBIO TEIXEIRA DE BRITO LYRA JUNIOR 04183890470","valor_contratado":2691.00,"valor_pago":2691.00},{"codigo_unidade_gestora":"201157","codigo_unidade_orcamentaria":"02010","numero_empenho":"0005957","classificacao":"126","data_empenho":"2022-10-05","codigo_credor":"09261355000109","nome_credor":"HILTON PINHEIRO DANTAS","valor_contratado":693.74,"valor_pago":693.74},{"codigo_unidade_gestora":"201157","codigo_unidade_orcamentaria":"02090","numero_empenho":"0005958","classificacao":"126","data_empenho":"2022-10-05","codigo_credor":"09261355000109","nome_credor":"HILTON PINHEIRO DANTAS","valor_contratado":74.00,"valor_pago":74.00},{"codigo_unidade_gestora":"201157","codigo_unidade_orcamentaria":"02050","numero_empenho":"0005959","classificacao":"135","data_empenho":"2022-10-05","codigo_credor":"41201592000197","nome_credor":"ARNOBIO TEIXEIRA DE BRITO LYRA JUNIOR 04183890470","valor_contratado":4338.75,"valor_pago":4338.75},{"codigo_unidade_gestora":"201157","codigo_unidade_orcamentaria":"02080","numero_empenho":"0005960","classificacao":"126","data_empenho":"2022-10-05","codigo_credor":"09261355000109","nome_credor":"HILTON PINHEIRO DANTAS","valor_contratado":1152.86,"valor_pago":1152.86},{"codigo_unidade_gestora":"201157","codigo_unidade_orcamentaria":"02050","numero_empenho":"0005961","classificacao":"135","data_empenho":"2022-10-05","codigo_credor":"41201592000197","nome_credor":"ARNOBIO TEIXEIRA DE BRITO LYRA JUNIOR 04183890470","valor_contratado":1228.50,"valor_pago":1228.50},{"codigo_unidade_gestora":"201157","codigo_unidade_orcamentaria":"02080","numero_empenho":"0005962","classificacao":"126","data_empenho":"2022-10-05","codigo_credor":"09261355000109","nome_credor":"HILTON PINHEIRO DANTAS","valor_contratado":1839.17,"valor_pago":1839.17},{"codigo_unidade_gestora":"201157","codigo_unidade_orcamentaria":"02050","numero_empenho":"0005963","classificacao":"135","data_empenho":"2022-10-05","codigo_credor":"41201592000197","nome_credor":"ARNOBIO TEIXEIRA DE BRITO LYRA JUNIOR 04183890470","valor_contratado":2522.81,"valor_pago":2522.81},{"codigo_unidade_gestora":"201157","codigo_unidade_orcamentaria":"02140","numero_empenho":"0005964","classificacao":"126","data_empenho":"2022-10-05","codigo_credor":"09261355000109","nome_credor":"HILTON PINHEIRO DANTAS","valor_contratado":871.40,"valor_pago":871.40},{"codigo_unidade_gestora":"201157","codigo_unidade_orcamentaria":"02070","numero_empenho":"0005965","classificacao":"126","data_empenho":"2022-10-05","codigo_credor":"09261355000109","nome_credor":"HILTON PINHEIRO DANTAS","valor_contratado":1314.31,"valor_pago":1314.31},{"codigo_unidade_gestora":"201157","codigo_unidade_orcamentaria":"02050","numero_empenho":"0005966","classificacao":"135","data_empenho":"2022-10-05","codigo_credor":"41201592000197","nome_credor":"ARNOBIO TEIXEIRA DE BRITO LYRA JUNIOR 04183890470","valor_contratado":1170.00,"valor_pago":1170.00},{"codigo_unidade_gestora":"201157","codigo_unidade_orcamentaria":"02050","numero_empenho":"0005967","classificacao":"135","data_empenho":"2022-10-05","codigo_credor":"41201592000197","nome_credor":"ARNOBIO TEIXEIRA DE BRITO LYRA JUNIOR 04183890470","valor_contratado":2379.00,"valor_pago":2379.00},{"codigo_unidade_gestora":"201157","codigo_unidade_orcamentaria":"02070","numero_empenho":"0005968","classificacao":"126","data_empenho":"2022-10-05","codigo_credor":"09261355000109","nome_credor":"HILTON PINHEIRO DANTAS","valor_contratado":798.92,"valor_pago":798.92},{"codigo_unidade_gestora":"201157","codigo_unidade_orcamentaria":"02050","numero_empenho":"0005969","classificacao":"126","data_empenho":"2022-10-05","codigo_credor":"00004286077489","nome_credor":"JOSINALDO DOS SANTOS NASCIMENTO","valor_contratado":2497.50,"valor_pago":2497.50},{"codigo_unidade_gestora":"201157","codigo_unidade_orcamentaria":"02140","numero_empenho":"0005970","classificacao":"126","data_empenho":"2022-10-05","codigo_credor":"09261355000109","nome_credor":"HILTON PINHEIRO DANTAS","valor_contratado":1681.30,"valor_pago":1681.30},{"codigo_unidade_gestora":"201157","codigo_unidade_orcamentaria":"02050","numero_empenho":"0005971","classificacao":"126","data_empenho":"2022-10-05","codigo_credor":"00004286077489","nome_credor":"JOSINALDO DOS SANTOS NASCIMENTO","valor_contratado":1252.50,"valor_pago":1252.50},{"codigo_unidade_gestora":"201157","codigo_unidade_orcamentaria":"02050","numero_empenho":"0005972","classificacao":"126","data_empenho":"2022-10-05","codigo_credor":"00004286077489","nome_credor":"JOSINALDO DOS SANTOS NASCIMENTO","valor_contratado":2497.50,"valor_pago":2497.50},{"codigo_unidade_gestora":"201157","codigo_unidade_orcamentaria":"02010","numero_empenho":"0005973","classificacao":"126","data_empenho":"2022-10-05","codigo_credor":"09261355000109","nome_credor":"HILTON PINHEIRO DANTAS","valor_contratado":774.95,"valor_pago":774.95},{"codigo_unidade_gestora":"201157","codigo_unidade_orcamentaria":"02050","numero_empenho":"0005974","classificacao":"126","data_empenho":"2022-10-05","codigo_credor":"00004286077489","nome_credor":"JOSINALDO DOS SANTOS NASCIMENTO","valor_contratado":2497.50,"valor_pago":2497.50},{"codigo_unidade_gestora":"201157","codigo_unidade_orcamentaria":"02050","numero_empenho":"0005975","classificacao":"126","data_empenho":"2022-10-05","codigo_credor":"09261355000109","nome_credor":"HILTON PINHEIRO DANTAS","valor_contratado":1543.94,"valor_pago":1543.94},{"codigo_unidade_gestora":"201157","codigo_unidade_orcamentaria":"02050","numero_empenho":"0005976","classificacao":"126","data_empenho":"2022-10-05","codigo_credor":"00004286077489","nome_credor":"JOSINALDO DOS SANTOS NASCIMENTO","valor_contratado":2512.50,"valor_pago":2512.50},{"codigo_unidade_gestora":"201157","codigo_unidade_orcamentaria":"02130","numero_empenho":"0005977","classificacao":"126","data_empenho":"2022-10-05","codigo_credor":"09261355000109","nome_credor":"HILTON PINHEIRO DANTAS","valor_contratado":744.37,"valor_pago":744.37},{"codigo_unidade_gestora":"201157","codigo_unidade_orcamentaria":"02050","numero_empenho":"0005978","classificacao":"126","data_empenho":"2022-10-05","codigo_credor":"00004286077489","nome_credor":"JOSINALDO DOS SANTOS NASCIMENTO","valor_contratado":1245.00,"valor_pago":1245.00},{"codigo_unidade_gestora":"201157","codigo_unidade_orcamentaria":"02050","numero_empenho":"0005979","classificacao":"126","data_empenho":"2022-10-05","codigo_credor":"00010603925421","nome_credor":"IGOR DELFINO GOMES DA SILVA","valor_contratado":871.00,"valor_pago":871.00},{"codigo_unidade_gestora":"201157","codigo_unidade_orcamentaria":"02080","numero_empenho":"0005980","classificacao":"126","data_empenho":"2022-10-05","codigo_credor":"09261355000109","nome_credor":"HILTON PINHEIRO DANTAS","valor_contratado":300.57,"valor_pago":300.57},{"codigo_unidade_gestora":"201157","codigo_unidade_orcamentaria":"02050","numero_empenho":"0005981","classificacao":"126","data_empenho":"2022-10-05","codigo_credor":"00004286077489","nome_credor":"JOSINALDO DOS SANTOS NASCIMENTO","valor_contratado":2497.50,"valor_pago":2497.50},{"codigo_unidade_gestora":"201157","codigo_unidade_orcamentaria":"02080","numero_empenho":"0005982","classificacao":"126","data_empenho":"2022-10-05","codigo_credor":"09261355000109","nome_credor":"HILTON PINHEIRO DANTAS","valor_contratado":165.22,"valor_pago":165.22}]}}