{"size":50,"page":15,"total":1183,"count":50,"_embedded":{"empenhos":[{"codigo_unidade_gestora":"201157","codigo_unidade_orcamentaria":"02020","numero_empenho":"0008157","classificacao":"143","data_empenho":"2022-12-20","codigo_credor":"00000000280704","nome_credor":"BANCO DO BRASIL S/A","valor_contratado":0.41,"valor_pago":0.41},{"codigo_unidade_gestora":"201157","codigo_unidade_orcamentaria":"02040","numero_empenho":"0008158","classificacao":"126","data_empenho":"2022-12-20","codigo_credor":"44132269000105","nome_credor":"VANESSA CAETANO FRANCA DE AQUINO LEITE 05307428456","valor_contratado":223.35,"valor_pago":0.00},{"codigo_unidade_gestora":"201157","codigo_unidade_orcamentaria":"02110","numero_empenho":"0008159","classificacao":"135","data_empenho":"2022-12-20","codigo_credor":"41989653000122","nome_credor":"MARIA DAS VITORIAS DOS SANTOS 08868876744","valor_contratado":1000.00,"valor_pago":1000.00},{"codigo_unidade_gestora":"201157","codigo_unidade_orcamentaria":"02040","numero_empenho":"0008160","classificacao":"135","data_empenho":"2022-12-20","codigo_credor":"19778033000195","nome_credor":"CARLOS ANTONIO PEREIRA 48394882404","valor_contratado":1180.00,"valor_pago":1180.00},{"codigo_unidade_gestora":"201157","codigo_unidade_orcamentaria":"02040","numero_empenho":"0008161","classificacao":"135","data_empenho":"2022-12-20","codigo_credor":"41757219000117","nome_credor":"INACIO BALBINO DA SILVA 58634711404","valor_contratado":1180.00,"valor_pago":1180.00},{"codigo_unidade_gestora":"201157","codigo_unidade_orcamentaria":"02110","numero_empenho":"0008162","classificacao":"126","data_empenho":"2022-12-20","codigo_credor":"18588224000121","nome_credor":"NACIONAL COMERCIO E REPRESENTACAO EIRELI","valor_contratado":1000.00,"valor_pago":0.00},{"codigo_unidade_gestora":"201157","codigo_unidade_orcamentaria":"02110","numero_empenho":"0008163","classificacao":"135","data_empenho":"2022-12-20","codigo_credor":"36330418000104","nome_credor":"ANDREIA TRAJANO DOS SANTOS 06604177408","valor_contratado":1000.00,"valor_pago":1000.00},{"codigo_unidade_gestora":"201157","codigo_unidade_orcamentaria":"02110","numero_empenho":"0008164","classificacao":"135","data_empenho":"2022-12-20","codigo_credor":"36328179000158","nome_credor":"ELIANE GONCALVES GOMES 25647928803","valor_contratado":1000.00,"valor_pago":1000.00},{"codigo_unidade_gestora":"201157","codigo_unidade_orcamentaria":"02040","numero_empenho":"0008165","classificacao":"135","data_empenho":"2022-12-20","codigo_credor":"36394457000175","nome_credor":"JOAO VICTOR DE OLIVEIRA GONCALVES 09843480422","valor_contratado":1480.00,"valor_pago":1480.00},{"codigo_unidade_gestora":"201157","codigo_unidade_orcamentaria":"02010","numero_empenho":"0008166","classificacao":"126","data_empenho":"2022-12-20","codigo_credor":"20245870000138","nome_credor":"VERIDIANA DA CUNHA QUERINO 01971365408","valor_contratado":2649.00,"valor_pago":0.00},{"codigo_unidade_gestora":"201157","codigo_unidade_orcamentaria":"02110","numero_empenho":"0008167","classificacao":"135","data_empenho":"2022-12-20","codigo_credor":"42744709000141","nome_credor":"MARIA COSMA FREIRE DOS SANTOS 06262745408","valor_contratado":1000.00,"valor_pago":1000.00},{"codigo_unidade_gestora":"201157","codigo_unidade_orcamentaria":"02110","numero_empenho":"0008168","classificacao":"135","data_empenho":"2022-12-20","codigo_credor":"19858858000110","nome_credor":"CENTRO DE ESPECIALIDADES MEDICAS ABIMAR BURITI LTDA","valor_contratado":6900.00,"valor_pago":6900.00},{"codigo_unidade_gestora":"201157","codigo_unidade_orcamentaria":"02080","numero_empenho":"0008169","classificacao":"149","data_empenho":"2022-12-20","codigo_credor":"22759235000102","nome_credor":"SENA CONSTRUÇÕES EIRELI-ME","valor_contratado":29177.31,"valor_pago":29177.31},{"codigo_unidade_gestora":"201157","codigo_unidade_orcamentaria":"02110","numero_empenho":"0008170","classificacao":"135","data_empenho":"2022-12-20","codigo_credor":"36319807000139","nome_credor":"ANA EMILIA DANIEL DA SILVA 09461623445","valor_contratado":1000.00,"valor_pago":1000.00},{"codigo_unidade_gestora":"201157","codigo_unidade_orcamentaria":"02110","numero_empenho":"0008171","classificacao":"135","data_empenho":"2022-12-20","codigo_credor":"36401036000124","nome_credor":"MARIA DO SOCORRO LAURENTINO DA SILVA 45241325468","valor_contratado":500.00,"valor_pago":500.00},{"codigo_unidade_gestora":"201157","codigo_unidade_orcamentaria":"02110","numero_empenho":"0008172","classificacao":"135","data_empenho":"2022-12-20","codigo_credor":"36277230000140","nome_credor":"JOSILEIDE SOUZA VIANA FERNANDES 06058281482","valor_contratado":1000.00,"valor_pago":1000.00},{"codigo_unidade_gestora":"201157","codigo_unidade_orcamentaria":"02050","numero_empenho":"0008173","classificacao":"135","data_empenho":"2022-12-20","codigo_credor":"27123627000196","nome_credor":"MARILIA DA SILVA CAVALCANTE - 08142292475","valor_contratado":2193.88,"valor_pago":2193.88},{"codigo_unidade_gestora":"201157","codigo_unidade_orcamentaria":"02050","numero_empenho":"0008174","classificacao":"135","data_empenho":"2022-12-20","codigo_credor":"19332221000195","nome_credor":"JOÃO RODRIGUES DA COSTA 58636820430","valor_contratado":1538.94,"valor_pago":1538.94},{"codigo_unidade_gestora":"201157","codigo_unidade_orcamentaria":"02050","numero_empenho":"0008175","classificacao":"135","data_empenho":"2022-12-20","codigo_credor":"19263965000103","nome_credor":"JOSE SEVERINO LIMA - 08363009806","valor_contratado":1438.97,"valor_pago":1438.97},{"codigo_unidade_gestora":"201157","codigo_unidade_orcamentaria":"02050","numero_empenho":"0008176","classificacao":"135","data_empenho":"2022-12-20","codigo_credor":"32621662000175","nome_credor":"BELARMINO ROQUE DA SILVA NETO 01683378431","valor_contratado":1690.00,"valor_pago":1690.00},{"codigo_unidade_gestora":"201157","codigo_unidade_orcamentaria":"02050","numero_empenho":"0008177","classificacao":"135","data_empenho":"2022-12-20","codigo_credor":"19432537000159","nome_credor":"PAULO PONCIANO DE SOUZA - 978359944-53","valor_contratado":1833.52,"valor_pago":1833.52},{"codigo_unidade_gestora":"201157","codigo_unidade_orcamentaria":"02050","numero_empenho":"0008178","classificacao":"135","data_empenho":"2022-12-20","codigo_credor":"19699196000182","nome_credor":"THIAGO FELIX SOUTO - 110.345.324-64","valor_contratado":1521.00,"valor_pago":1521.00},{"codigo_unidade_gestora":"201157","codigo_unidade_orcamentaria":"02050","numero_empenho":"0008179","classificacao":"135","data_empenho":"2022-12-20","codigo_credor":"19432537000159","nome_credor":"PAULO PONCIANO DE SOUZA - 978359944-53","valor_contratado":1767.35,"valor_pago":1767.35},{"codigo_unidade_gestora":"201157","codigo_unidade_orcamentaria":"02050","numero_empenho":"0008180","classificacao":"135","data_empenho":"2022-12-20","codigo_credor":"18973469000172","nome_credor":"ROBERTO GOMES DA SILVA","valor_contratado":1508.00,"valor_pago":1508.00},{"codigo_unidade_gestora":"201157","codigo_unidade_orcamentaria":"02050","numero_empenho":"0008181","classificacao":"135","data_empenho":"2022-12-20","codigo_credor":"19712469000181","nome_credor":"MICHEL LOPES DE LIMA 09808104428","valor_contratado":1441.31,"valor_pago":1441.31},{"codigo_unidade_gestora":"201157","codigo_unidade_orcamentaria":"02050","numero_empenho":"0008182","classificacao":"135","data_empenho":"2022-12-20","codigo_credor":"19225950000142","nome_credor":"PAULO DOS SANTOS ADELINO - 036.224.944-09","valor_contratado":1690.00,"valor_pago":1690.00},{"codigo_unidade_gestora":"201157","codigo_unidade_orcamentaria":"02050","numero_empenho":"0008183","classificacao":"135","data_empenho":"2022-12-20","codigo_credor":"19573498000100","nome_credor":"JOSE PASSOS S. DE OLIVEIRA- 09220384493","valor_contratado":1567.41,"valor_pago":1567.41},{"codigo_unidade_gestora":"201157","codigo_unidade_orcamentaria":"02050","numero_empenho":"0008184","classificacao":"135","data_empenho":"2022-12-20","codigo_credor":"19539921000155","nome_credor":"JOSE ROBERTO DA SILVA -033.365.154-59","valor_contratado":1300.00,"valor_pago":1300.00},{"codigo_unidade_gestora":"201157","codigo_unidade_orcamentaria":"02050","numero_empenho":"0008185","classificacao":"135","data_empenho":"2022-12-20","codigo_credor":"19712469000181","nome_credor":"MICHEL LOPES DE LIMA 09808104428","valor_contratado":1592.76,"valor_pago":1592.76},{"codigo_unidade_gestora":"201157","codigo_unidade_orcamentaria":"02050","numero_empenho":"0008186","classificacao":"135","data_empenho":"2022-12-20","codigo_credor":"19562890000153","nome_credor":"EDILSON BENTO ALVES - 042.998.774-97","valor_contratado":1574.04,"valor_pago":1574.04},{"codigo_unidade_gestora":"201157","codigo_unidade_orcamentaria":"02050","numero_empenho":"0008187","classificacao":"135","data_empenho":"2022-12-20","codigo_credor":"19573653000198","nome_credor":"JOSE PEDRO DA SILVA - 026.799.054-58","valor_contratado":1430.00,"valor_pago":1430.00},{"codigo_unidade_gestora":"201157","codigo_unidade_orcamentaria":"02050","numero_empenho":"0008188","classificacao":"135","data_empenho":"2022-12-20","codigo_credor":"19562890000153","nome_credor":"EDILSON BENTO ALVES - 042.998.774-97","valor_contratado":1595.88,"valor_pago":1595.88},{"codigo_unidade_gestora":"201157","codigo_unidade_orcamentaria":"02050","numero_empenho":"0008189","classificacao":"135","data_empenho":"2022-12-20","codigo_credor":"19573653000198","nome_credor":"JOSE PEDRO DA SILVA - 026.799.054-58","valor_contratado":1430.00,"valor_pago":1430.00},{"codigo_unidade_gestora":"201157","codigo_unidade_orcamentaria":"02110","numero_empenho":"0008190","classificacao":"126","data_empenho":"2022-12-20","codigo_credor":"08674752000140","nome_credor":"CIRURGICA MONTEBELLO LTDA","valor_contratado":2300.00,"valor_pago":0.00},{"codigo_unidade_gestora":"201157","codigo_unidade_orcamentaria":"02050","numero_empenho":"0008191","classificacao":"135","data_empenho":"2022-12-20","codigo_credor":"19573498000100","nome_credor":"JOSE PASSOS S. DE OLIVEIRA- 09220384493","valor_contratado":1499.94,"valor_pago":1499.94},{"codigo_unidade_gestora":"201157","codigo_unidade_orcamentaria":"02050","numero_empenho":"0008192","classificacao":"135","data_empenho":"2022-12-20","codigo_credor":"19692464000134","nome_credor":"JOÃO FERREIRA DO NASCIMENTO-219110614-53","valor_contratado":1430.00,"valor_pago":1430.00},{"codigo_unidade_gestora":"201157","codigo_unidade_orcamentaria":"02050","numero_empenho":"0008193","classificacao":"135","data_empenho":"2022-12-20","codigo_credor":"27143877000198","nome_credor":"EDMILSON PEREIRA DA SILVA","valor_contratado":1340.30,"valor_pago":1340.30},{"codigo_unidade_gestora":"201157","codigo_unidade_orcamentaria":"02050","numero_empenho":"0008194","classificacao":"135","data_empenho":"2022-12-20","codigo_credor":"19692464000134","nome_credor":"JOÃO FERREIRA DO NASCIMENTO-219110614-53","valor_contratado":2119.00,"valor_pago":2119.00},{"codigo_unidade_gestora":"201157","codigo_unidade_orcamentaria":"02050","numero_empenho":"0008195","classificacao":"135","data_empenho":"2022-12-20","codigo_credor":"27143877000198","nome_credor":"EDMILSON PEREIRA DA SILVA","valor_contratado":1462.37,"valor_pago":1462.37},{"codigo_unidade_gestora":"201157","codigo_unidade_orcamentaria":"02050","numero_empenho":"0008196","classificacao":"135","data_empenho":"2022-12-20","codigo_credor":"19573568000120","nome_credor":"FRANCISCO DE A.MONTEIRO-98177699415","valor_contratado":1495.00,"valor_pago":1495.00},{"codigo_unidade_gestora":"201157","codigo_unidade_orcamentaria":"02050","numero_empenho":"0008197","classificacao":"135","data_empenho":"2022-12-20","codigo_credor":"19539239000162","nome_credor":"FABIANO L.DO NASCIMENTO-07178938471","valor_contratado":1443.00,"valor_pago":1443.00},{"codigo_unidade_gestora":"201157","codigo_unidade_orcamentaria":"02050","numero_empenho":"0008198","classificacao":"135","data_empenho":"2022-12-20","codigo_credor":"19539239000162","nome_credor":"FABIANO L.DO NASCIMENTO-07178938471","valor_contratado":1423.50,"valor_pago":1423.50},{"codigo_unidade_gestora":"201157","codigo_unidade_orcamentaria":"02050","numero_empenho":"0008199","classificacao":"135","data_empenho":"2022-12-20","codigo_credor":"24316195000141","nome_credor":"JONHN RAILSON MORAIS BATISTA","valor_contratado":1530.88,"valor_pago":1530.88},{"codigo_unidade_gestora":"201157","codigo_unidade_orcamentaria":"02020","numero_empenho":"0008200","classificacao":"135","data_empenho":"2022-12-20","codigo_credor":"00360305000104","nome_credor":"CAIXA ECONOMICA FEDERAL","valor_contratado":1015.19,"valor_pago":1015.19},{"codigo_unidade_gestora":"201157","codigo_unidade_orcamentaria":"02050","numero_empenho":"0008201","classificacao":"135","data_empenho":"2022-12-20","codigo_credor":"19562890000153","nome_credor":"EDILSON BENTO ALVES - 042.998.774-97","valor_contratado":1625.00,"valor_pago":1625.00},{"codigo_unidade_gestora":"201157","codigo_unidade_orcamentaria":"02050","numero_empenho":"0008202","classificacao":"135","data_empenho":"2022-12-20","codigo_credor":"32593366000108","nome_credor":"DJAILSON DE FARIAS FERREIRA 09774773470","valor_contratado":1234.87,"valor_pago":1234.87},{"codigo_unidade_gestora":"201157","codigo_unidade_orcamentaria":"02050","numero_empenho":"0008203","classificacao":"135","data_empenho":"2022-12-20","codigo_credor":"24316195000141","nome_credor":"JONHN RAILSON MORAIS BATISTA","valor_contratado":1574.04,"valor_pago":1574.04},{"codigo_unidade_gestora":"201157","codigo_unidade_orcamentaria":"02050","numero_empenho":"0008204","classificacao":"135","data_empenho":"2022-12-20","codigo_credor":"32593366000108","nome_credor":"DJAILSON DE FARIAS FERREIRA 09774773470","valor_contratado":1365.00,"valor_pago":1365.00},{"codigo_unidade_gestora":"201157","codigo_unidade_orcamentaria":"02020","numero_empenho":"0008205","classificacao":"135","data_empenho":"2022-12-20","codigo_credor":"00360305000104","nome_credor":"CAIXA ECONOMICA FEDERAL","valor_contratado":172.26,"valor_pago":172.26},{"codigo_unidade_gestora":"201157","codigo_unidade_orcamentaria":"02050","numero_empenho":"0008206","classificacao":"135","data_empenho":"2022-12-20","codigo_credor":"29458217000121","nome_credor":"MARCOS ANTONIO BATISTA REIS 85353213491","valor_contratado":2025.92,"valor_pago":2025.92}]}}