{"size":50,"page":2,"total":301,"count":50,"_embedded":{"empenhos":[{"codigo_unidade_gestora":"201157","codigo_unidade_orcamentaria":"02040","numero_empenho":"0000057","classificacao":"126","data_empenho":"2022-01-14","codigo_credor":"09261355000109","nome_credor":"HILTON PINHEIRO DANTAS","valor_contratado":401.44,"valor_pago":401.44},{"codigo_unidade_gestora":"201157","codigo_unidade_orcamentaria":"02140","numero_empenho":"0000058","classificacao":"128","data_empenho":"2022-01-14","codigo_credor":"00009063058705","nome_credor":"SOLANGE FIRMINO PORTO","valor_contratado":250.00,"valor_pago":250.00},{"codigo_unidade_gestora":"201157","codigo_unidade_orcamentaria":"02040","numero_empenho":"0000059","classificacao":"126","data_empenho":"2022-01-14","codigo_credor":"09261355000109","nome_credor":"HILTON PINHEIRO DANTAS","valor_contratado":53.52,"valor_pago":53.52},{"codigo_unidade_gestora":"201157","codigo_unidade_orcamentaria":"02140","numero_empenho":"0000060","classificacao":"128","data_empenho":"2022-01-14","codigo_credor":"00009063058705","nome_credor":"SOLANGE FIRMINO PORTO","valor_contratado":250.00,"valor_pago":250.00},{"codigo_unidade_gestora":"201157","codigo_unidade_orcamentaria":"02040","numero_empenho":"0000061","classificacao":"126","data_empenho":"2022-01-14","codigo_credor":"09261355000109","nome_credor":"HILTON PINHEIRO DANTAS","valor_contratado":20.07,"valor_pago":20.07},{"codigo_unidade_gestora":"201157","codigo_unidade_orcamentaria":"02140","numero_empenho":"0000062","classificacao":"128","data_empenho":"2022-01-14","codigo_credor":"00006117105444","nome_credor":"JOSE ROBERTO DE SOUZA","valor_contratado":250.00,"valor_pago":250.00},{"codigo_unidade_gestora":"201157","codigo_unidade_orcamentaria":"02140","numero_empenho":"0000063","classificacao":"128","data_empenho":"2022-01-14","codigo_credor":"00002402380446","nome_credor":"JOSINALDO FREIRE DA SILVA","valor_contratado":250.00,"valor_pago":250.00},{"codigo_unidade_gestora":"201157","codigo_unidade_orcamentaria":"02040","numero_empenho":"0000064","classificacao":"126","data_empenho":"2022-01-14","codigo_credor":"09261355000109","nome_credor":"HILTON PINHEIRO DANTAS","valor_contratado":33.45,"valor_pago":33.45},{"codigo_unidade_gestora":"201157","codigo_unidade_orcamentaria":"02140","numero_empenho":"0000065","classificacao":"128","data_empenho":"2022-01-14","codigo_credor":"00002402380446","nome_credor":"JOSINALDO FREIRE DA SILVA","valor_contratado":250.00,"valor_pago":250.00},{"codigo_unidade_gestora":"201157","codigo_unidade_orcamentaria":"02140","numero_empenho":"0000066","classificacao":"128","data_empenho":"2022-01-14","codigo_credor":"00002402380446","nome_credor":"JOSINALDO FREIRE DA SILVA","valor_contratado":250.00,"valor_pago":250.00},{"codigo_unidade_gestora":"201157","codigo_unidade_orcamentaria":"02110","numero_empenho":"0000067","classificacao":"126","data_empenho":"2022-01-14","codigo_credor":"09261355000109","nome_credor":"HILTON PINHEIRO DANTAS","valor_contratado":1297.57,"valor_pago":1297.57},{"codigo_unidade_gestora":"201157","codigo_unidade_orcamentaria":"02140","numero_empenho":"0000068","classificacao":"128","data_empenho":"2022-01-14","codigo_credor":"00002311512412","nome_credor":"IVAN SERAFIM","valor_contratado":250.00,"valor_pago":250.00},{"codigo_unidade_gestora":"201157","codigo_unidade_orcamentaria":"02110","numero_empenho":"0000069","classificacao":"126","data_empenho":"2022-01-14","codigo_credor":"09261355000109","nome_credor":"HILTON PINHEIRO DANTAS","valor_contratado":879.39,"valor_pago":879.39},{"codigo_unidade_gestora":"201157","codigo_unidade_orcamentaria":"02140","numero_empenho":"0000070","classificacao":"128","data_empenho":"2022-01-14","codigo_credor":"00069623163800","nome_credor":"EVERALDO PEREIRA CUNHA","valor_contratado":250.00,"valor_pago":250.00},{"codigo_unidade_gestora":"201157","codigo_unidade_orcamentaria":"02040","numero_empenho":"0000071","classificacao":"126","data_empenho":"2022-01-14","codigo_credor":"09261355000109","nome_credor":"HILTON PINHEIRO DANTAS","valor_contratado":559.00,"valor_pago":559.00},{"codigo_unidade_gestora":"201157","codigo_unidade_orcamentaria":"02140","numero_empenho":"0000072","classificacao":"128","data_empenho":"2022-01-14","codigo_credor":"00030084334487","nome_credor":"MARIA DO CARMO BARBOSA CABRAL","valor_contratado":250.00,"valor_pago":250.00},{"codigo_unidade_gestora":"201157","codigo_unidade_orcamentaria":"02140","numero_empenho":"0000073","classificacao":"128","data_empenho":"2022-01-14","codigo_credor":"00003356562851","nome_credor":"GENIVAL GONÇALVES DOS SANTOS","valor_contratado":250.00,"valor_pago":250.00},{"codigo_unidade_gestora":"201157","codigo_unidade_orcamentaria":"02110","numero_empenho":"0000074","classificacao":"126","data_empenho":"2022-01-14","codigo_credor":"09261355000109","nome_credor":"HILTON PINHEIRO DANTAS","valor_contratado":442.60,"valor_pago":442.60},{"codigo_unidade_gestora":"201157","codigo_unidade_orcamentaria":"02140","numero_empenho":"0000075","classificacao":"128","data_empenho":"2022-01-14","codigo_credor":"00068653972404","nome_credor":"JOSEFA DA SILVA BALBINO","valor_contratado":250.00,"valor_pago":250.00},{"codigo_unidade_gestora":"201157","codigo_unidade_orcamentaria":"02110","numero_empenho":"0000076","classificacao":"126","data_empenho":"2022-01-14","codigo_credor":"09261355000109","nome_credor":"HILTON PINHEIRO DANTAS","valor_contratado":963.59,"valor_pago":963.59},{"codigo_unidade_gestora":"201157","codigo_unidade_orcamentaria":"02140","numero_empenho":"0000077","classificacao":"128","data_empenho":"2022-01-14","codigo_credor":"00027464644468","nome_credor":"PAULO FERNANDES DA SILVA","valor_contratado":250.00,"valor_pago":250.00},{"codigo_unidade_gestora":"201157","codigo_unidade_orcamentaria":"02140","numero_empenho":"0000078","classificacao":"128","data_empenho":"2022-01-14","codigo_credor":"00027748074844","nome_credor":"JOSINEIDE PEREIRA SALES","valor_contratado":250.00,"valor_pago":250.00},{"codigo_unidade_gestora":"201157","codigo_unidade_orcamentaria":"02110","numero_empenho":"0000079","classificacao":"126","data_empenho":"2022-01-14","codigo_credor":"09261355000109","nome_credor":"HILTON PINHEIRO DANTAS","valor_contratado":1366.77,"valor_pago":1366.77},{"codigo_unidade_gestora":"201157","codigo_unidade_orcamentaria":"02140","numero_empenho":"0000080","classificacao":"128","data_empenho":"2022-01-14","codigo_credor":"00027516416878","nome_credor":"IZABEL CRISTINA DA SILVA","valor_contratado":250.00,"valor_pago":250.00},{"codigo_unidade_gestora":"201157","codigo_unidade_orcamentaria":"02070","numero_empenho":"0000081","classificacao":"126","data_empenho":"2022-01-14","codigo_credor":"09261355000109","nome_credor":"HILTON PINHEIRO DANTAS","valor_contratado":267.60,"valor_pago":267.60},{"codigo_unidade_gestora":"201157","codigo_unidade_orcamentaria":"02140","numero_empenho":"0000082","classificacao":"128","data_empenho":"2022-01-14","codigo_credor":"00002985786460","nome_credor":"JOANITA ARAUJO CARNEIRO","valor_contratado":250.00,"valor_pago":250.00},{"codigo_unidade_gestora":"201157","codigo_unidade_orcamentaria":"02140","numero_empenho":"0000083","classificacao":"126","data_empenho":"2022-01-14","codigo_credor":"09261355000109","nome_credor":"HILTON PINHEIRO DANTAS","valor_contratado":468.66,"valor_pago":468.66},{"codigo_unidade_gestora":"201157","codigo_unidade_orcamentaria":"02140","numero_empenho":"0000084","classificacao":"128","data_empenho":"2022-01-14","codigo_credor":"00007877259433","nome_credor":"MANOEL LUCIANO DOS SANTOS","valor_contratado":250.00,"valor_pago":250.00},{"codigo_unidade_gestora":"201157","codigo_unidade_orcamentaria":"02010","numero_empenho":"0000085","classificacao":"126","data_empenho":"2022-01-14","codigo_credor":"09261355000109","nome_credor":"HILTON PINHEIRO DANTAS","valor_contratado":333.21,"valor_pago":333.21},{"codigo_unidade_gestora":"201157","codigo_unidade_orcamentaria":"02140","numero_empenho":"0000086","classificacao":"128","data_empenho":"2022-01-14","codigo_credor":"00051110105487","nome_credor":"FRANCISCO DE ASSIS DA SILVA","valor_contratado":250.00,"valor_pago":250.00},{"codigo_unidade_gestora":"201157","codigo_unidade_orcamentaria":"02130","numero_empenho":"0000087","classificacao":"126","data_empenho":"2022-01-14","codigo_credor":"09261355000109","nome_credor":"HILTON PINHEIRO DANTAS","valor_contratado":495.60,"valor_pago":495.60},{"codigo_unidade_gestora":"201157","codigo_unidade_orcamentaria":"02140","numero_empenho":"0000088","classificacao":"128","data_empenho":"2022-01-14","codigo_credor":"00012135025860","nome_credor":"CICERO BALBINO DA SILVA","valor_contratado":250.00,"valor_pago":250.00},{"codigo_unidade_gestora":"201157","codigo_unidade_orcamentaria":"02140","numero_empenho":"0000089","classificacao":"128","data_empenho":"2022-01-14","codigo_credor":"00065311868449","nome_credor":"MARIA DE LOURDES DA CUNHA","valor_contratado":250.00,"valor_pago":250.00},{"codigo_unidade_gestora":"201157","codigo_unidade_orcamentaria":"02140","numero_empenho":"0000090","classificacao":"128","data_empenho":"2022-01-14","codigo_credor":"00068869355420","nome_credor":"JOSE LUCIANO DE OLIVEIRA SEGUNDO","valor_contratado":250.00,"valor_pago":250.00},{"codigo_unidade_gestora":"201157","codigo_unidade_orcamentaria":"02140","numero_empenho":"0000091","classificacao":"128","data_empenho":"2022-01-14","codigo_credor":"00024542465896","nome_credor":"ELIAS MARTINS PEREIRA","valor_contratado":250.00,"valor_pago":250.00},{"codigo_unidade_gestora":"201157","codigo_unidade_orcamentaria":"02140","numero_empenho":"0000092","classificacao":"128","data_empenho":"2022-01-14","codigo_credor":"00008423826406","nome_credor":"RENATO SOARES DA SILVA","valor_contratado":250.00,"valor_pago":250.00},{"codigo_unidade_gestora":"201157","codigo_unidade_orcamentaria":"02140","numero_empenho":"0000093","classificacao":"128","data_empenho":"2022-01-14","codigo_credor":"00003346352846","nome_credor":"CLAUDIO ANTONIO DE LIMA","valor_contratado":250.00,"valor_pago":250.00},{"codigo_unidade_gestora":"201157","codigo_unidade_orcamentaria":"02140","numero_empenho":"0000094","classificacao":"128","data_empenho":"2022-01-14","codigo_credor":"00050917846400","nome_credor":"MARIA DE FATIMA DOS SANTOS COSTA","valor_contratado":250.00,"valor_pago":250.00},{"codigo_unidade_gestora":"201157","codigo_unidade_orcamentaria":"02140","numero_empenho":"0000095","classificacao":"128","data_empenho":"2022-01-14","codigo_credor":"00070755525469","nome_credor":"MARAILZA ALVES DOS SANTOS DIAS","valor_contratado":250.00,"valor_pago":250.00},{"codigo_unidade_gestora":"201157","codigo_unidade_orcamentaria":"02140","numero_empenho":"0000096","classificacao":"128","data_empenho":"2022-01-14","codigo_credor":"00006117105444","nome_credor":"JOSE ROBERTO DE SOUZA","valor_contratado":250.00,"valor_pago":250.00},{"codigo_unidade_gestora":"201157","codigo_unidade_orcamentaria":"02140","numero_empenho":"0000097","classificacao":"128","data_empenho":"2022-01-14","codigo_credor":"00036517305491","nome_credor":"MARIA CARMONIZIA DANIEL DE ASSIS DINIZ","valor_contratado":250.00,"valor_pago":250.00},{"codigo_unidade_gestora":"201157","codigo_unidade_orcamentaria":"02140","numero_empenho":"0000098","classificacao":"128","data_empenho":"2022-01-14","codigo_credor":"00002402380446","nome_credor":"JOSINALDO FREIRE DA SILVA","valor_contratado":250.00,"valor_pago":250.00},{"codigo_unidade_gestora":"201157","codigo_unidade_orcamentaria":"02140","numero_empenho":"0000099","classificacao":"128","data_empenho":"2022-01-14","codigo_credor":"00017098659894","nome_credor":"IVO GONÇALVES DE SOUZA","valor_contratado":250.00,"valor_pago":250.00},{"codigo_unidade_gestora":"201157","codigo_unidade_orcamentaria":"02140","numero_empenho":"0000100","classificacao":"128","data_empenho":"2022-01-14","codigo_credor":"00002311512412","nome_credor":"IVAN SERAFIM","valor_contratado":250.00,"valor_pago":250.00},{"codigo_unidade_gestora":"201157","codigo_unidade_orcamentaria":"02140","numero_empenho":"0000101","classificacao":"128","data_empenho":"2022-01-14","codigo_credor":"00005696350470","nome_credor":"MARIA CICERA MEDEIROS RUFINO DA COSTA","valor_contratado":250.00,"valor_pago":250.00},{"codigo_unidade_gestora":"201157","codigo_unidade_orcamentaria":"02140","numero_empenho":"0000102","classificacao":"128","data_empenho":"2022-01-14","codigo_credor":"00004082560440","nome_credor":"LUZIA JORGE DOS SANTOS","valor_contratado":250.00,"valor_pago":250.00},{"codigo_unidade_gestora":"201157","codigo_unidade_orcamentaria":"02040","numero_empenho":"0000103","classificacao":"126","data_empenho":"2022-01-14","codigo_credor":"09261355000109","nome_credor":"HILTON PINHEIRO DANTAS","valor_contratado":167.70,"valor_pago":167.70},{"codigo_unidade_gestora":"201157","codigo_unidade_orcamentaria":"02010","numero_empenho":"0000104","classificacao":"135","data_empenho":"2022-01-17","codigo_credor":"09366790000106","nome_credor":"EMPRESA PARAIBANA DE COMUNICAÇÃO S.A -EPC","valor_contratado":200.00,"valor_pago":200.00},{"codigo_unidade_gestora":"201157","codigo_unidade_orcamentaria":"02020","numero_empenho":"0000105","classificacao":"135","data_empenho":"2022-01-17","codigo_credor":"00000000280704","nome_credor":"BANCO DO BRASIL S/A","valor_contratado":41.80,"valor_pago":41.80},{"codigo_unidade_gestora":"201157","codigo_unidade_orcamentaria":"02090","numero_empenho":"0000106","classificacao":"132","data_empenho":"2022-01-17","codigo_credor":"00008064498457","nome_credor":"ROBERTO DA CUNHA FREIRE","valor_contratado":2900.00,"valor_pago":2900.00}]}}