{"size":50,"page":12,"total":703,"count":50,"_embedded":{"empenhos":[{"codigo_unidade_gestora":"201157","codigo_unidade_orcamentaria":"02080","numero_empenho":"0001826","classificacao":"126","data_empenho":"2022-04-26","codigo_credor":"40351078000175","nome_credor":"LUMIART COMERCIO E SERVICOS LTDA","valor_contratado":2790.00,"valor_pago":2790.00},{"codigo_unidade_gestora":"201157","codigo_unidade_orcamentaria":"02010","numero_empenho":"0001827","classificacao":"105","data_empenho":"2022-04-26","codigo_credor":"09048976000109","nome_credor":"Prefeitura Municipal de Remígio","valor_contratado":13962.57,"valor_pago":13962.57},{"codigo_unidade_gestora":"201157","codigo_unidade_orcamentaria":"02010","numero_empenho":"0001828","classificacao":"105","data_empenho":"2022-04-26","codigo_credor":"09048976000109","nome_credor":"Prefeitura Municipal de Remígio","valor_contratado":3000.00,"valor_pago":3000.00},{"codigo_unidade_gestora":"201157","codigo_unidade_orcamentaria":"02020","numero_empenho":"0001829","classificacao":"105","data_empenho":"2022-04-26","codigo_credor":"09048976000109","nome_credor":"Prefeitura Municipal de Remígio","valor_contratado":13158.04,"valor_pago":13158.04},{"codigo_unidade_gestora":"201157","codigo_unidade_orcamentaria":"02020","numero_empenho":"0001830","classificacao":"97","data_empenho":"2022-04-26","codigo_credor":"09048976000109","nome_credor":"Prefeitura Municipal de Remígio","valor_contratado":7272.00,"valor_pago":7272.00},{"codigo_unidade_gestora":"201157","codigo_unidade_orcamentaria":"02050","numero_empenho":"0001831","classificacao":"105","data_empenho":"2022-04-26","codigo_credor":"09048976000109","nome_credor":"Prefeitura Municipal de Remígio","valor_contratado":14796.65,"valor_pago":14796.65},{"codigo_unidade_gestora":"201157","codigo_unidade_orcamentaria":"02050","numero_empenho":"0001832","classificacao":"105","data_empenho":"2022-04-26","codigo_credor":"09048976000109","nome_credor":"Prefeitura Municipal de Remígio","valor_contratado":378.69,"valor_pago":378.69},{"codigo_unidade_gestora":"201157","codigo_unidade_orcamentaria":"02050","numero_empenho":"0001835","classificacao":"105","data_empenho":"2022-04-26","codigo_credor":"09048976000109","nome_credor":"Prefeitura Municipal de Remígio","valor_contratado":320251.58,"valor_pago":320251.58},{"codigo_unidade_gestora":"201157","codigo_unidade_orcamentaria":"02110","numero_empenho":"0001836","classificacao":"135","data_empenho":"2022-04-26","codigo_credor":"01024347000137","nome_credor":"NEUROCENTRO","valor_contratado":2700.00,"valor_pago":2700.00},{"codigo_unidade_gestora":"201157","codigo_unidade_orcamentaria":"02050","numero_empenho":"0001838","classificacao":"105","data_empenho":"2022-04-26","codigo_credor":"09048976000109","nome_credor":"Prefeitura Municipal de Remígio","valor_contratado":220657.91,"valor_pago":220657.91},{"codigo_unidade_gestora":"201157","codigo_unidade_orcamentaria":"02130","numero_empenho":"0001839","classificacao":"127","data_empenho":"2022-04-26","codigo_credor":"00015407663490","nome_credor":"DANILO CARNEIRO DA SILVA","valor_contratado":0.00,"valor_pago":0.00},{"codigo_unidade_gestora":"201157","codigo_unidade_orcamentaria":"02080","numero_empenho":"0001840","classificacao":"135","data_empenho":"2022-04-26","codigo_credor":"09095183000140","nome_credor":"ENERGISA","valor_contratado":408.86,"valor_pago":408.86},{"codigo_unidade_gestora":"201157","codigo_unidade_orcamentaria":"02050","numero_empenho":"0001841","classificacao":"105","data_empenho":"2022-04-26","codigo_credor":"09048976000109","nome_credor":"Prefeitura Municipal de Remígio","valor_contratado":30329.84,"valor_pago":30329.84},{"codigo_unidade_gestora":"201157","codigo_unidade_orcamentaria":"02050","numero_empenho":"0001842","classificacao":"105","data_empenho":"2022-04-26","codigo_credor":"09048976000109","nome_credor":"Prefeitura Municipal de Remígio","valor_contratado":181542.88,"valor_pago":181542.88},{"codigo_unidade_gestora":"201157","codigo_unidade_orcamentaria":"02050","numero_empenho":"0001843","classificacao":"105","data_empenho":"2022-04-26","codigo_credor":"09048976000109","nome_credor":"Prefeitura Municipal de Remígio","valor_contratado":16484.36,"valor_pago":16484.36},{"codigo_unidade_gestora":"201157","codigo_unidade_orcamentaria":"02050","numero_empenho":"0001844","classificacao":"105","data_empenho":"2022-04-26","codigo_credor":"09048976000109","nome_credor":"Prefeitura Municipal de Remígio","valor_contratado":13177.16,"valor_pago":13177.16},{"codigo_unidade_gestora":"201157","codigo_unidade_orcamentaria":"02050","numero_empenho":"0001845","classificacao":"105","data_empenho":"2022-04-26","codigo_credor":"09048976000109","nome_credor":"Prefeitura Municipal de Remígio","valor_contratado":10582.14,"valor_pago":10582.14},{"codigo_unidade_gestora":"201157","codigo_unidade_orcamentaria":"02050","numero_empenho":"0001846","classificacao":"105","data_empenho":"2022-04-26","codigo_credor":"09048976000109","nome_credor":"Prefeitura Municipal de Remígio","valor_contratado":19847.16,"valor_pago":19847.16},{"codigo_unidade_gestora":"201157","codigo_unidade_orcamentaria":"02140","numero_empenho":"0001847","classificacao":"135","data_empenho":"2022-04-26","codigo_credor":"00000000280704","nome_credor":"BANCO DO BRASIL S/A","valor_contratado":11.00,"valor_pago":11.00},{"codigo_unidade_gestora":"201157","codigo_unidade_orcamentaria":"02020","numero_empenho":"0001848","classificacao":"135","data_empenho":"2022-04-26","codigo_credor":"00000000280704","nome_credor":"BANCO DO BRASIL S/A","valor_contratado":11.00,"valor_pago":11.00},{"codigo_unidade_gestora":"201157","codigo_unidade_orcamentaria":"02020","numero_empenho":"0001849","classificacao":"135","data_empenho":"2022-04-26","codigo_credor":"00000000280704","nome_credor":"BANCO DO BRASIL S/A","valor_contratado":44.00,"valor_pago":44.00},{"codigo_unidade_gestora":"201157","codigo_unidade_orcamentaria":"02040","numero_empenho":"0001850","classificacao":"135","data_empenho":"2022-04-26","codigo_credor":"00000000280704","nome_credor":"BANCO DO BRASIL S/A","valor_contratado":11.00,"valor_pago":11.00},{"codigo_unidade_gestora":"201157","codigo_unidade_orcamentaria":"02050","numero_empenho":"0001851","classificacao":"105","data_empenho":"2022-04-26","codigo_credor":"09048976000109","nome_credor":"Prefeitura Municipal de Remígio","valor_contratado":139045.58,"valor_pago":139045.58},{"codigo_unidade_gestora":"201157","codigo_unidade_orcamentaria":"02020","numero_empenho":"0001852","classificacao":"135","data_empenho":"2022-04-26","codigo_credor":"00000000280704","nome_credor":"BANCO DO BRASIL S/A","valor_contratado":11.00,"valor_pago":11.00},{"codigo_unidade_gestora":"201157","codigo_unidade_orcamentaria":"02050","numero_empenho":"0001853","classificacao":"105","data_empenho":"2022-04-26","codigo_credor":"09048976000109","nome_credor":"Prefeitura Municipal de Remígio","valor_contratado":11085.97,"valor_pago":11085.97},{"codigo_unidade_gestora":"201157","codigo_unidade_orcamentaria":"02050","numero_empenho":"0001854","classificacao":"135","data_empenho":"2022-04-26","codigo_credor":"00000000280704","nome_credor":"BANCO DO BRASIL S/A","valor_contratado":11.00,"valor_pago":11.00},{"codigo_unidade_gestora":"201157","codigo_unidade_orcamentaria":"02050","numero_empenho":"0001855","classificacao":"105","data_empenho":"2022-04-26","codigo_credor":"09048976000109","nome_credor":"Prefeitura Municipal de Remígio","valor_contratado":116944.35,"valor_pago":116944.35},{"codigo_unidade_gestora":"201157","codigo_unidade_orcamentaria":"02040","numero_empenho":"0001856","classificacao":"105","data_empenho":"2022-04-26","codigo_credor":"09048976000109","nome_credor":"Prefeitura Municipal de Remígio","valor_contratado":109988.36,"valor_pago":109988.36},{"codigo_unidade_gestora":"201157","codigo_unidade_orcamentaria":"02110","numero_empenho":"0001857","classificacao":"105","data_empenho":"2022-04-26","codigo_credor":"09048976000109","nome_credor":"Prefeitura Municipal de Remígio","valor_contratado":300.00,"valor_pago":300.00},{"codigo_unidade_gestora":"201157","codigo_unidade_orcamentaria":"02110","numero_empenho":"0001858","classificacao":"105","data_empenho":"2022-04-26","codigo_credor":"09048976000109","nome_credor":"Prefeitura Municipal de Remígio","valor_contratado":41183.93,"valor_pago":41183.93},{"codigo_unidade_gestora":"201157","codigo_unidade_orcamentaria":"02020","numero_empenho":"0001859","classificacao":"136","data_empenho":"2022-04-26","codigo_credor":"03500830000176","nome_credor":"RICARDO GUERRA INFORMATICA-ME","valor_contratado":1000.00,"valor_pago":1000.00},{"codigo_unidade_gestora":"201157","codigo_unidade_orcamentaria":"02110","numero_empenho":"0001860","classificacao":"105","data_empenho":"2022-04-26","codigo_credor":"09048976000109","nome_credor":"Prefeitura Municipal de Remígio","valor_contratado":26566.00,"valor_pago":26566.00},{"codigo_unidade_gestora":"201157","codigo_unidade_orcamentaria":"02110","numero_empenho":"0001861","classificacao":"105","data_empenho":"2022-04-26","codigo_credor":"09048976000109","nome_credor":"Prefeitura Municipal de Remígio","valor_contratado":94882.44,"valor_pago":94882.44},{"codigo_unidade_gestora":"201157","codigo_unidade_orcamentaria":"02110","numero_empenho":"0001862","classificacao":"105","data_empenho":"2022-04-26","codigo_credor":"09048976000109","nome_credor":"Prefeitura Municipal de Remígio","valor_contratado":17776.25,"valor_pago":17776.25},{"codigo_unidade_gestora":"201157","codigo_unidade_orcamentaria":"02040","numero_empenho":"0001863","classificacao":"105","data_empenho":"2022-04-26","codigo_credor":"09048976000109","nome_credor":"Prefeitura Municipal de Remígio","valor_contratado":8800.00,"valor_pago":8800.00},{"codigo_unidade_gestora":"201157","codigo_unidade_orcamentaria":"02070","numero_empenho":"0001864","classificacao":"105","data_empenho":"2022-04-26","codigo_credor":"09048976000109","nome_credor":"Prefeitura Municipal de Remígio","valor_contratado":13557.55,"valor_pago":13557.55},{"codigo_unidade_gestora":"201157","codigo_unidade_orcamentaria":"02080","numero_empenho":"0001865","classificacao":"126","data_empenho":"2022-04-26","codigo_credor":"03995452000149","nome_credor":"SOUZAUTO LUB COMERCIO DE LUBRIFICANTE EIRELI","valor_contratado":5019.60,"valor_pago":5019.60},{"codigo_unidade_gestora":"201157","codigo_unidade_orcamentaria":"02070","numero_empenho":"0001866","classificacao":"105","data_empenho":"2022-04-26","codigo_credor":"09048976000109","nome_credor":"Prefeitura Municipal de Remígio","valor_contratado":12524.00,"valor_pago":12524.00},{"codigo_unidade_gestora":"201157","codigo_unidade_orcamentaria":"02080","numero_empenho":"0001867","classificacao":"105","data_empenho":"2022-04-26","codigo_credor":"09048976000109","nome_credor":"Prefeitura Municipal de Remígio","valor_contratado":21713.78,"valor_pago":21713.78},{"codigo_unidade_gestora":"201157","codigo_unidade_orcamentaria":"02080","numero_empenho":"0001868","classificacao":"126","data_empenho":"2022-04-26","codigo_credor":"03995452000149","nome_credor":"SOUZAUTO LUB COMERCIO DE LUBRIFICANTE EIRELI","valor_contratado":220.00,"valor_pago":220.00},{"codigo_unidade_gestora":"201157","codigo_unidade_orcamentaria":"02080","numero_empenho":"0001869","classificacao":"105","data_empenho":"2022-04-26","codigo_credor":"09048976000109","nome_credor":"Prefeitura Municipal de Remígio","valor_contratado":46188.40,"valor_pago":46188.40},{"codigo_unidade_gestora":"201157","codigo_unidade_orcamentaria":"02070","numero_empenho":"0001870","classificacao":"126","data_empenho":"2022-04-26","codigo_credor":"03995452000149","nome_credor":"SOUZAUTO LUB COMERCIO DE LUBRIFICANTE EIRELI","valor_contratado":57.00,"valor_pago":57.00},{"codigo_unidade_gestora":"201157","codigo_unidade_orcamentaria":"02140","numero_empenho":"0001871","classificacao":"126","data_empenho":"2022-04-26","codigo_credor":"03995452000149","nome_credor":"SOUZAUTO LUB COMERCIO DE LUBRIFICANTE EIRELI","valor_contratado":35.00,"valor_pago":35.00},{"codigo_unidade_gestora":"201157","codigo_unidade_orcamentaria":"02080","numero_empenho":"0001872","classificacao":"105","data_empenho":"2022-04-26","codigo_credor":"09048976000109","nome_credor":"Prefeitura Municipal de Remígio","valor_contratado":7400.00,"valor_pago":7400.00},{"codigo_unidade_gestora":"201157","codigo_unidade_orcamentaria":"02040","numero_empenho":"0001873","classificacao":"126","data_empenho":"2022-04-26","codigo_credor":"03995452000149","nome_credor":"SOUZAUTO LUB COMERCIO DE LUBRIFICANTE EIRELI","valor_contratado":111.00,"valor_pago":111.00},{"codigo_unidade_gestora":"201157","codigo_unidade_orcamentaria":"02110","numero_empenho":"0001874","classificacao":"126","data_empenho":"2022-04-26","codigo_credor":"03995452000149","nome_credor":"SOUZAUTO LUB COMERCIO DE LUBRIFICANTE EIRELI","valor_contratado":90.00,"valor_pago":90.00},{"codigo_unidade_gestora":"201157","codigo_unidade_orcamentaria":"02090","numero_empenho":"0001875","classificacao":"105","data_empenho":"2022-04-26","codigo_credor":"09048976000109","nome_credor":"Prefeitura Municipal de Remígio","valor_contratado":6470.46,"valor_pago":6470.46},{"codigo_unidade_gestora":"201157","codigo_unidade_orcamentaria":"02090","numero_empenho":"0001876","classificacao":"126","data_empenho":"2022-04-26","codigo_credor":"03995452000149","nome_credor":"SOUZAUTO LUB COMERCIO DE LUBRIFICANTE EIRELI","valor_contratado":2108.00,"valor_pago":2108.00},{"codigo_unidade_gestora":"201157","codigo_unidade_orcamentaria":"02050","numero_empenho":"0001877","classificacao":"126","data_empenho":"2022-04-26","codigo_credor":"03995452000149","nome_credor":"SOUZAUTO LUB COMERCIO DE LUBRIFICANTE EIRELI","valor_contratado":0.00,"valor_pago":0.00},{"codigo_unidade_gestora":"201157","codigo_unidade_orcamentaria":"02050","numero_empenho":"0001878","classificacao":"126","data_empenho":"2022-04-26","codigo_credor":"03995452000149","nome_credor":"SOUZAUTO LUB COMERCIO DE LUBRIFICANTE EIRELI","valor_contratado":270.00,"valor_pago":270.00}]}}