{"size":50,"page":5,"total":717,"count":50,"_embedded":{"empenhos":[{"codigo_unidade_gestora":"201157","codigo_unidade_orcamentaria":"02080","numero_empenho":"0002183","classificacao":"135","data_empenho":"2022-05-09","codigo_credor":"22759235000102","nome_credor":"SENA CONSTRUÇÕES EIRELI-ME","valor_contratado":3500.00,"valor_pago":3500.00},{"codigo_unidade_gestora":"201157","codigo_unidade_orcamentaria":"02070","numero_empenho":"0002184","classificacao":"132","data_empenho":"2022-05-09","codigo_credor":"00025879499120","nome_credor":"PAULO CESAR DE SOUZA","valor_contratado":1500.00,"valor_pago":1500.00},{"codigo_unidade_gestora":"201157","codigo_unidade_orcamentaria":"02040","numero_empenho":"0002185","classificacao":"135","data_empenho":"2022-05-09","codigo_credor":"00000000280704","nome_credor":"BANCO DO BRASIL S/A","valor_contratado":20.90,"valor_pago":20.90},{"codigo_unidade_gestora":"201157","codigo_unidade_orcamentaria":"02080","numero_empenho":"0002186","classificacao":"135","data_empenho":"2022-05-09","codigo_credor":"22759235000102","nome_credor":"SENA CONSTRUÇÕES EIRELI-ME","valor_contratado":1595.00,"valor_pago":1595.00},{"codigo_unidade_gestora":"201157","codigo_unidade_orcamentaria":"02090","numero_empenho":"0002187","classificacao":"135","data_empenho":"2022-05-09","codigo_credor":"08298416002517","nome_credor":"PAROQUIA NOSSA SENHORA DO PATROCINIO","valor_contratado":500.00,"valor_pago":500.00},{"codigo_unidade_gestora":"201157","codigo_unidade_orcamentaria":"02040","numero_empenho":"0002188","classificacao":"135","data_empenho":"2022-05-09","codigo_credor":"00000000280704","nome_credor":"BANCO DO BRASIL S/A","valor_contratado":10.45,"valor_pago":10.45},{"codigo_unidade_gestora":"201157","codigo_unidade_orcamentaria":"02080","numero_empenho":"0002189","classificacao":"135","data_empenho":"2022-05-09","codigo_credor":"08298416002517","nome_credor":"PAROQUIA NOSSA SENHORA DO PATROCINIO","valor_contratado":1200.00,"valor_pago":1200.00},{"codigo_unidade_gestora":"201157","codigo_unidade_orcamentaria":"02050","numero_empenho":"0002190","classificacao":"132","data_empenho":"2022-05-09","codigo_credor":"00049910990482","nome_credor":"MARIA DO SOCORRO DINIZ FIDELIS","valor_contratado":700.00,"valor_pago":700.00},{"codigo_unidade_gestora":"201157","codigo_unidade_orcamentaria":"02010","numero_empenho":"0002191","classificacao":"132","data_empenho":"2022-05-09","codigo_credor":"00011642062812","nome_credor":"MARINES MARQUES DA SILVA","valor_contratado":1000.00,"valor_pago":1000.00},{"codigo_unidade_gestora":"201157","codigo_unidade_orcamentaria":"02010","numero_empenho":"0002192","classificacao":"132","data_empenho":"2022-05-09","codigo_credor":"00048424803191","nome_credor":"MARIA JACINTA PONTES","valor_contratado":2200.00,"valor_pago":2200.00},{"codigo_unidade_gestora":"201157","codigo_unidade_orcamentaria":"02110","numero_empenho":"0002193","classificacao":"132","data_empenho":"2022-05-09","codigo_credor":"00016644118879","nome_credor":"JOSÉ TORRES BRASIL","valor_contratado":1500.00,"valor_pago":1500.00},{"codigo_unidade_gestora":"201157","codigo_unidade_orcamentaria":"02060","numero_empenho":"0002194","classificacao":"132","data_empenho":"2022-05-09","codigo_credor":"00016024036434","nome_credor":"JOSE PEREIRA GONÇALVES","valor_contratado":1000.00,"valor_pago":1000.00},{"codigo_unidade_gestora":"201157","codigo_unidade_orcamentaria":"02040","numero_empenho":"0002195","classificacao":"135","data_empenho":"2022-05-09","codigo_credor":"08716557000135","nome_credor":"CLINICA RADIOLOGICA DR.WANDERLEY LTDA","valor_contratado":0.00,"valor_pago":0.00},{"codigo_unidade_gestora":"201157","codigo_unidade_orcamentaria":"02070","numero_empenho":"0002196","classificacao":"132","data_empenho":"2022-05-09","codigo_credor":"00005829267420","nome_credor":"CICERO BATISTA RIBEIRO","valor_contratado":700.00,"valor_pago":700.00},{"codigo_unidade_gestora":"201157","codigo_unidade_orcamentaria":"02080","numero_empenho":"0002197","classificacao":"132","data_empenho":"2022-05-09","codigo_credor":"00006457865437","nome_credor":"ANTONIO GUSTAVO DE LUNA SOUTO","valor_contratado":700.00,"valor_pago":700.00},{"codigo_unidade_gestora":"201157","codigo_unidade_orcamentaria":"02050","numero_empenho":"0002198","classificacao":"135","data_empenho":"2022-05-09","codigo_credor":"29458217000121","nome_credor":"MARCOS ANTONIO BATISTA REIS 85353213491","valor_contratado":5200.00,"valor_pago":5200.00},{"codigo_unidade_gestora":"201157","codigo_unidade_orcamentaria":"02110","numero_empenho":"0002199","classificacao":"107","data_empenho":"2022-05-09","codigo_credor":"29979036000140","nome_credor":"INSS-INSTITUTO NACIONAL DO SEGURO SOCIAL","valor_contratado":509.04,"valor_pago":509.04},{"codigo_unidade_gestora":"201157","codigo_unidade_orcamentaria":"02040","numero_empenho":"0002200","classificacao":"126","data_empenho":"2022-05-09","codigo_credor":"20335256000167","nome_credor":"CARNEIRO DO NASCIMENTO COMERCIO DE PECAS PARA VEICULOS AUTOMOTORES LTDA","valor_contratado":1280.00,"valor_pago":1280.00},{"codigo_unidade_gestora":"201157","codigo_unidade_orcamentaria":"02050","numero_empenho":"0002201","classificacao":"107","data_empenho":"2022-05-09","codigo_credor":"29979036000140","nome_credor":"INSS-INSTITUTO NACIONAL DO SEGURO SOCIAL","valor_contratado":42189.56,"valor_pago":42189.56},{"codigo_unidade_gestora":"201157","codigo_unidade_orcamentaria":"02110","numero_empenho":"0002202","classificacao":"107","data_empenho":"2022-05-09","codigo_credor":"29979036000140","nome_credor":"INSS-INSTITUTO NACIONAL DO SEGURO SOCIAL","valor_contratado":1934.35,"valor_pago":1934.35},{"codigo_unidade_gestora":"201157","codigo_unidade_orcamentaria":"02110","numero_empenho":"0002203","classificacao":"107","data_empenho":"2022-05-09","codigo_credor":"29979036000140","nome_credor":"INSS-INSTITUTO NACIONAL DO SEGURO SOCIAL","valor_contratado":1365.00,"valor_pago":1365.00},{"codigo_unidade_gestora":"201157","codigo_unidade_orcamentaria":"02070","numero_empenho":"0002204","classificacao":"107","data_empenho":"2022-05-09","codigo_credor":"29979036000140","nome_credor":"INSS-INSTITUTO NACIONAL DO SEGURO SOCIAL","valor_contratado":4887.12,"valor_pago":4887.12},{"codigo_unidade_gestora":"201157","codigo_unidade_orcamentaria":"02110","numero_empenho":"0002205","classificacao":"126","data_empenho":"2022-05-09","codigo_credor":"20335256000167","nome_credor":"CARNEIRO DO NASCIMENTO COMERCIO DE PECAS PARA VEICULOS AUTOMOTORES LTDA","valor_contratado":1700.00,"valor_pago":1700.00},{"codigo_unidade_gestora":"201157","codigo_unidade_orcamentaria":"02040","numero_empenho":"0002206","classificacao":"126","data_empenho":"2022-05-09","codigo_credor":"20335256000167","nome_credor":"CARNEIRO DO NASCIMENTO COMERCIO DE PECAS PARA VEICULOS AUTOMOTORES LTDA","valor_contratado":1280.00,"valor_pago":1280.00},{"codigo_unidade_gestora":"201157","codigo_unidade_orcamentaria":"02110","numero_empenho":"0002207","classificacao":"107","data_empenho":"2022-05-09","codigo_credor":"29979036000140","nome_credor":"INSS-INSTITUTO NACIONAL DO SEGURO SOCIAL","valor_contratado":20659.09,"valor_pago":20659.09},{"codigo_unidade_gestora":"201157","codigo_unidade_orcamentaria":"02050","numero_empenho":"0002208","classificacao":"126","data_empenho":"2022-05-09","codigo_credor":"20335256000167","nome_credor":"CARNEIRO DO NASCIMENTO COMERCIO DE PECAS PARA VEICULOS AUTOMOTORES LTDA","valor_contratado":11220.00,"valor_pago":11220.00},{"codigo_unidade_gestora":"201157","codigo_unidade_orcamentaria":"02110","numero_empenho":"0002209","classificacao":"107","data_empenho":"2022-05-09","codigo_credor":"29979036000140","nome_credor":"INSS-INSTITUTO NACIONAL DO SEGURO SOCIAL","valor_contratado":2120.69,"valor_pago":2120.69},{"codigo_unidade_gestora":"201157","codigo_unidade_orcamentaria":"02110","numero_empenho":"0002210","classificacao":"126","data_empenho":"2022-05-09","codigo_credor":"08778201000126","nome_credor":"DROGAFONTE LTDA.","valor_contratado":4770.00,"valor_pago":4770.00},{"codigo_unidade_gestora":"201157","codigo_unidade_orcamentaria":"02040","numero_empenho":"0002211","classificacao":"107","data_empenho":"2022-05-09","codigo_credor":"29979036000140","nome_credor":"INSS-INSTITUTO NACIONAL DO SEGURO SOCIAL","valor_contratado":26074.07,"valor_pago":26074.07},{"codigo_unidade_gestora":"201157","codigo_unidade_orcamentaria":"02020","numero_empenho":"0002212","classificacao":"107","data_empenho":"2022-05-09","codigo_credor":"29979036000140","nome_credor":"INSS-INSTITUTO NACIONAL DO SEGURO SOCIAL","valor_contratado":41313.85,"valor_pago":41313.85},{"codigo_unidade_gestora":"201157","codigo_unidade_orcamentaria":"02010","numero_empenho":"0002213","classificacao":"135","data_empenho":"2022-05-09","codigo_credor":"34028316371942","nome_credor":"ETC-EMP.BRAS.DE CORREIOS E TELEGRAFOS","valor_contratado":32.92,"valor_pago":32.92},{"codigo_unidade_gestora":"201157","codigo_unidade_orcamentaria":"02010","numero_empenho":"0002214","classificacao":"135","data_empenho":"2022-05-09","codigo_credor":"34028316371942","nome_credor":"ETC-EMP.BRAS.DE CORREIOS E TELEGRAFOS","valor_contratado":109.32,"valor_pago":109.32},{"codigo_unidade_gestora":"201157","codigo_unidade_orcamentaria":"02010","numero_empenho":"0002215","classificacao":"135","data_empenho":"2022-05-09","codigo_credor":"08361818000141","nome_credor":"CARTORIO DO UNICO OFICIO","valor_contratado":66.00,"valor_pago":66.00},{"codigo_unidade_gestora":"201157","codigo_unidade_orcamentaria":"02040","numero_empenho":"0002216","classificacao":"135","data_empenho":"2022-05-09","codigo_credor":"02674275000136","nome_credor":"CARDIO IMAGEM SERV. DE DIAGNOSTICOS POR IMAGEM LTDA","valor_contratado":600.00,"valor_pago":600.00},{"codigo_unidade_gestora":"201157","codigo_unidade_orcamentaria":"02020","numero_empenho":"0002217","classificacao":"135","data_empenho":"2022-05-09","codigo_credor":"00000000280704","nome_credor":"BANCO DO BRASIL S/A","valor_contratado":0.00,"valor_pago":0.00},{"codigo_unidade_gestora":"201157","codigo_unidade_orcamentaria":"02040","numero_empenho":"0002218","classificacao":"135","data_empenho":"2022-05-09","codigo_credor":"00000000280704","nome_credor":"BANCO DO BRASIL S/A","valor_contratado":22.00,"valor_pago":22.00},{"codigo_unidade_gestora":"201157","codigo_unidade_orcamentaria":"02040","numero_empenho":"0002219","classificacao":"135","data_empenho":"2022-05-09","codigo_credor":"00000000280704","nome_credor":"BANCO DO BRASIL S/A","valor_contratado":0.00,"valor_pago":0.00},{"codigo_unidade_gestora":"201157","codigo_unidade_orcamentaria":"02050","numero_empenho":"0002220","classificacao":"135","data_empenho":"2022-05-09","codigo_credor":"00000000280704","nome_credor":"BANCO DO BRASIL S/A","valor_contratado":33.00,"valor_pago":33.00},{"codigo_unidade_gestora":"201157","codigo_unidade_orcamentaria":"02140","numero_empenho":"0002221","classificacao":"135","data_empenho":"2022-05-09","codigo_credor":"00000000280704","nome_credor":"BANCO DO BRASIL S/A","valor_contratado":11.00,"valor_pago":11.00},{"codigo_unidade_gestora":"201157","codigo_unidade_orcamentaria":"02050","numero_empenho":"0002222","classificacao":"126","data_empenho":"2022-05-09","codigo_credor":"01686814000194","nome_credor":"ALEXSANDRA DINIZ FERNANDES","valor_contratado":23343.80,"valor_pago":23343.80},{"codigo_unidade_gestora":"201157","codigo_unidade_orcamentaria":"02080","numero_empenho":"0002223","classificacao":"126","data_empenho":"2022-05-09","codigo_credor":"15609075000141","nome_credor":"CICERO GEOVANIO PRAZERES MELO - ME","valor_contratado":14050.00,"valor_pago":14050.00},{"codigo_unidade_gestora":"201157","codigo_unidade_orcamentaria":"02080","numero_empenho":"0002224","classificacao":"126","data_empenho":"2022-05-09","codigo_credor":"15609075000141","nome_credor":"CICERO GEOVANIO PRAZERES MELO - ME","valor_contratado":2640.00,"valor_pago":2640.00},{"codigo_unidade_gestora":"201157","codigo_unidade_orcamentaria":"02080","numero_empenho":"0002225","classificacao":"126","data_empenho":"2022-05-09","codigo_credor":"15609075000141","nome_credor":"CICERO GEOVANIO PRAZERES MELO - ME","valor_contratado":2160.00,"valor_pago":2160.00},{"codigo_unidade_gestora":"201157","codigo_unidade_orcamentaria":"02080","numero_empenho":"0002226","classificacao":"126","data_empenho":"2022-05-09","codigo_credor":"15609075000141","nome_credor":"CICERO GEOVANIO PRAZERES MELO - ME","valor_contratado":1584.00,"valor_pago":1584.00},{"codigo_unidade_gestora":"201157","codigo_unidade_orcamentaria":"02010","numero_empenho":"0002227","classificacao":"135","data_empenho":"2022-05-09","codigo_credor":"42350692000148","nome_credor":"FABRICIO ARTHUR RAMOS DE ALMEIDA","valor_contratado":1300.00,"valor_pago":1300.00},{"codigo_unidade_gestora":"201157","codigo_unidade_orcamentaria":"02010","numero_empenho":"0002228","classificacao":"97","data_empenho":"2022-05-10","codigo_credor":"00703157000183","nome_credor":"CNM-CONFEDERAÇÃO NACIONAL DOS MUNICIPIOS","valor_contratado":1133.00,"valor_pago":1133.00},{"codigo_unidade_gestora":"201157","codigo_unidade_orcamentaria":"02040","numero_empenho":"0002229","classificacao":"135","data_empenho":"2022-05-10","codigo_credor":"17572003000100","nome_credor":"PHELIPE E VASCONCELOS INFORMATICA LTDA-ME","valor_contratado":320.00,"valor_pago":320.00},{"codigo_unidade_gestora":"201157","codigo_unidade_orcamentaria":"02110","numero_empenho":"0002230","classificacao":"126","data_empenho":"2022-05-10","codigo_credor":"11054242000184","nome_credor":"DENTAL COSTA PRODUTOS ODONTOLOGICOS LTDA","valor_contratado":26035.81,"valor_pago":26035.81},{"codigo_unidade_gestora":"201157","codigo_unidade_orcamentaria":"02110","numero_empenho":"0002231","classificacao":"126","data_empenho":"2022-05-10","codigo_credor":"40787152000109","nome_credor":"CIRUFARMA COMERCIAL LTDA","valor_contratado":300.00,"valor_pago":300.00},{"codigo_unidade_gestora":"201157","codigo_unidade_orcamentaria":"02110","numero_empenho":"0002232","classificacao":"126","data_empenho":"2022-05-10","codigo_credor":"08778201000126","nome_credor":"DROGAFONTE LTDA.","valor_contratado":420.00,"valor_pago":420.00}]}}