{"size":50,"page":12,"total":717,"count":50,"_embedded":{"empenhos":[{"codigo_unidade_gestora":"201157","codigo_unidade_orcamentaria":"02060","numero_empenho":"0002533","classificacao":"105","data_empenho":"2022-05-24","codigo_credor":"09048976000109","nome_credor":"Prefeitura Municipal de Remígio","valor_contratado":3890.52,"valor_pago":3890.52},{"codigo_unidade_gestora":"201157","codigo_unidade_orcamentaria":"02030","numero_empenho":"0002534","classificacao":"187","data_empenho":"2022-05-24","codigo_credor":"09283185000163","nome_credor":"JOAO PESSOA TRIBUNAL DE JUSTIÇA DO ESTADO DA PARAIBA","valor_contratado":363.60,"valor_pago":363.60},{"codigo_unidade_gestora":"201157","codigo_unidade_orcamentaria":"02090","numero_empenho":"0002535","classificacao":"135","data_empenho":"2022-05-24","codigo_credor":"09095183000140","nome_credor":"ENERGISA","valor_contratado":32.20,"valor_pago":32.20},{"codigo_unidade_gestora":"201157","codigo_unidade_orcamentaria":"02010","numero_empenho":"0002536","classificacao":"105","data_empenho":"2022-05-24","codigo_credor":"09048976000109","nome_credor":"Prefeitura Municipal de Remígio","valor_contratado":18834.00,"valor_pago":18834.00},{"codigo_unidade_gestora":"201157","codigo_unidade_orcamentaria":"02140","numero_empenho":"0002537","classificacao":"135","data_empenho":"2022-05-24","codigo_credor":"00000000280704","nome_credor":"BANCO DO BRASIL S/A","valor_contratado":11.00,"valor_pago":11.00},{"codigo_unidade_gestora":"201157","codigo_unidade_orcamentaria":"02050","numero_empenho":"0002538","classificacao":"114","data_empenho":"2022-05-24","codigo_credor":"61600839000155","nome_credor":"CIEE-CENTRO DE INTEGRAÇÃO EMPRESA ESCOLA","valor_contratado":20725.00,"valor_pago":20725.00},{"codigo_unidade_gestora":"201157","codigo_unidade_orcamentaria":"02030","numero_empenho":"0002539","classificacao":"105","data_empenho":"2022-05-24","codigo_credor":"09048976000109","nome_credor":"Prefeitura Municipal de Remígio","valor_contratado":11000.00,"valor_pago":11000.00},{"codigo_unidade_gestora":"201157","codigo_unidade_orcamentaria":"02020","numero_empenho":"0002540","classificacao":"105","data_empenho":"2022-05-24","codigo_credor":"09048976000109","nome_credor":"Prefeitura Municipal de Remígio","valor_contratado":20160.00,"valor_pago":20160.00},{"codigo_unidade_gestora":"201157","codigo_unidade_orcamentaria":"02050","numero_empenho":"0002541","classificacao":"105","data_empenho":"2022-05-24","codigo_credor":"09048976000109","nome_credor":"Prefeitura Municipal de Remígio","valor_contratado":37825.00,"valor_pago":37825.00},{"codigo_unidade_gestora":"201157","codigo_unidade_orcamentaria":"02050","numero_empenho":"0002542","classificacao":"105","data_empenho":"2022-05-24","codigo_credor":"09048976000109","nome_credor":"Prefeitura Municipal de Remígio","valor_contratado":101.00,"valor_pago":101.00},{"codigo_unidade_gestora":"201157","codigo_unidade_orcamentaria":"02040","numero_empenho":"0002543","classificacao":"105","data_empenho":"2022-05-24","codigo_credor":"09048976000109","nome_credor":"Prefeitura Municipal de Remígio","valor_contratado":32484.00,"valor_pago":32484.00},{"codigo_unidade_gestora":"201157","codigo_unidade_orcamentaria":"02070","numero_empenho":"0002544","classificacao":"105","data_empenho":"2022-05-24","codigo_credor":"09048976000109","nome_credor":"Prefeitura Municipal de Remígio","valor_contratado":19886.00,"valor_pago":19886.00},{"codigo_unidade_gestora":"201157","codigo_unidade_orcamentaria":"02080","numero_empenho":"0002545","classificacao":"105","data_empenho":"2022-05-24","codigo_credor":"09048976000109","nome_credor":"Prefeitura Municipal de Remígio","valor_contratado":27668.00,"valor_pago":27668.00},{"codigo_unidade_gestora":"201157","codigo_unidade_orcamentaria":"02090","numero_empenho":"0002546","classificacao":"105","data_empenho":"2022-05-24","codigo_credor":"09048976000109","nome_credor":"Prefeitura Municipal de Remígio","valor_contratado":15960.00,"valor_pago":15960.00},{"codigo_unidade_gestora":"201157","codigo_unidade_orcamentaria":"02040","numero_empenho":"0002547","classificacao":"135","data_empenho":"2022-05-24","codigo_credor":"07575881000118","nome_credor":"SIM ENGENHARIA AMBIENTAL EIRELI","valor_contratado":1850.00,"valor_pago":1850.00},{"codigo_unidade_gestora":"201157","codigo_unidade_orcamentaria":"02060","numero_empenho":"0002548","classificacao":"105","data_empenho":"2022-05-24","codigo_credor":"09048976000109","nome_credor":"Prefeitura Municipal de Remígio","valor_contratado":4500.00,"valor_pago":4500.00},{"codigo_unidade_gestora":"201157","codigo_unidade_orcamentaria":"02050","numero_empenho":"0002549","classificacao":"126","data_empenho":"2022-05-24","codigo_credor":"07526979000185","nome_credor":"RAIMUNDO ADELMAR F. PIRES","valor_contratado":30025.12,"valor_pago":30025.12},{"codigo_unidade_gestora":"201157","codigo_unidade_orcamentaria":"02130","numero_empenho":"0002550","classificacao":"105","data_empenho":"2022-05-24","codigo_credor":"09048976000109","nome_credor":"Prefeitura Municipal de Remígio","valor_contratado":5000.00,"valor_pago":5000.00},{"codigo_unidade_gestora":"201157","codigo_unidade_orcamentaria":"02140","numero_empenho":"0002551","classificacao":"128","data_empenho":"2022-05-24","codigo_credor":"07526979000185","nome_credor":"RAIMUNDO ADELMAR F. PIRES","valor_contratado":10149.00,"valor_pago":10149.00},{"codigo_unidade_gestora":"201157","codigo_unidade_orcamentaria":"02120","numero_empenho":"0002552","classificacao":"105","data_empenho":"2022-05-24","codigo_credor":"09048976000109","nome_credor":"Prefeitura Municipal de Remígio","valor_contratado":4500.00,"valor_pago":4500.00},{"codigo_unidade_gestora":"201157","codigo_unidade_orcamentaria":"02050","numero_empenho":"0002553","classificacao":"135","data_empenho":"2022-05-24","codigo_credor":"09095183000140","nome_credor":"ENERGISA","valor_contratado":57.82,"valor_pago":57.82},{"codigo_unidade_gestora":"201157","codigo_unidade_orcamentaria":"02010","numero_empenho":"0002554","classificacao":"98","data_empenho":"2022-05-25","codigo_credor":"09048976000109","nome_credor":"Prefeitura Municipal de Remígio","valor_contratado":2000.00,"valor_pago":2000.00},{"codigo_unidade_gestora":"201157","codigo_unidade_orcamentaria":"02050","numero_empenho":"0002555","classificacao":"98","data_empenho":"2022-05-25","codigo_credor":"09048976000109","nome_credor":"Prefeitura Municipal de Remígio","valor_contratado":125115.03,"valor_pago":125115.03},{"codigo_unidade_gestora":"201157","codigo_unidade_orcamentaria":"02050","numero_empenho":"0002556","classificacao":"98","data_empenho":"2022-05-25","codigo_credor":"09048976000109","nome_credor":"Prefeitura Municipal de Remígio","valor_contratado":57788.55,"valor_pago":57788.55},{"codigo_unidade_gestora":"201157","codigo_unidade_orcamentaria":"02050","numero_empenho":"0002557","classificacao":"98","data_empenho":"2022-05-25","codigo_credor":"09048976000109","nome_credor":"Prefeitura Municipal de Remígio","valor_contratado":35517.76,"valor_pago":35517.76},{"codigo_unidade_gestora":"201157","codigo_unidade_orcamentaria":"02050","numero_empenho":"0002558","classificacao":"126","data_empenho":"2022-05-25","codigo_credor":"42878093000100","nome_credor":"JCASIF COMERCIO VAREJISTA DE CEREAIS LTDA","valor_contratado":13265.00,"valor_pago":13265.00},{"codigo_unidade_gestora":"201157","codigo_unidade_orcamentaria":"02050","numero_empenho":"0002559","classificacao":"98","data_empenho":"2022-05-25","codigo_credor":"09048976000109","nome_credor":"Prefeitura Municipal de Remígio","valor_contratado":30976.00,"valor_pago":30976.00},{"codigo_unidade_gestora":"201157","codigo_unidade_orcamentaria":"02040","numero_empenho":"0002560","classificacao":"98","data_empenho":"2022-05-25","codigo_credor":"09048976000109","nome_credor":"Prefeitura Municipal de Remígio","valor_contratado":21405.00,"valor_pago":21405.00},{"codigo_unidade_gestora":"201157","codigo_unidade_orcamentaria":"02040","numero_empenho":"0002561","classificacao":"126","data_empenho":"2022-05-25","codigo_credor":"28695805000116","nome_credor":"GB COMERCIO E SERVICOS LTDA - EPP","valor_contratado":0.00,"valor_pago":0.00},{"codigo_unidade_gestora":"201157","codigo_unidade_orcamentaria":"02110","numero_empenho":"0002562","classificacao":"98","data_empenho":"2022-05-25","codigo_credor":"09048976000109","nome_credor":"Prefeitura Municipal de Remígio","valor_contratado":9686.00,"valor_pago":9686.00},{"codigo_unidade_gestora":"201157","codigo_unidade_orcamentaria":"02010","numero_empenho":"0002563","classificacao":"126","data_empenho":"2022-05-25","codigo_credor":"05457026000187","nome_credor":"MARIA CRISTIANE LEMOS DE ARAUJO","valor_contratado":500.00,"valor_pago":500.00},{"codigo_unidade_gestora":"201157","codigo_unidade_orcamentaria":"02110","numero_empenho":"0002564","classificacao":"126","data_empenho":"2022-05-25","codigo_credor":"28695805000116","nome_credor":"GB COMERCIO E SERVICOS LTDA - EPP","valor_contratado":2631.35,"valor_pago":2631.35},{"codigo_unidade_gestora":"201157","codigo_unidade_orcamentaria":"02110","numero_empenho":"0002565","classificacao":"98","data_empenho":"2022-05-25","codigo_credor":"09048976000109","nome_credor":"Prefeitura Municipal de Remígio","valor_contratado":53367.73,"valor_pago":53367.73},{"codigo_unidade_gestora":"201157","codigo_unidade_orcamentaria":"02110","numero_empenho":"0002566","classificacao":"126","data_empenho":"2022-05-25","codigo_credor":"28695805000116","nome_credor":"GB COMERCIO E SERVICOS LTDA - EPP","valor_contratado":3341.29,"valor_pago":3341.29},{"codigo_unidade_gestora":"201157","codigo_unidade_orcamentaria":"02110","numero_empenho":"0002567","classificacao":"98","data_empenho":"2022-05-25","codigo_credor":"09048976000109","nome_credor":"Prefeitura Municipal de Remígio","valor_contratado":74219.00,"valor_pago":74219.00},{"codigo_unidade_gestora":"201157","codigo_unidade_orcamentaria":"02110","numero_empenho":"0002569","classificacao":"98","data_empenho":"2022-05-25","codigo_credor":"09048976000109","nome_credor":"Prefeitura Municipal de Remígio","valor_contratado":8200.00,"valor_pago":8200.00},{"codigo_unidade_gestora":"201157","codigo_unidade_orcamentaria":"02110","numero_empenho":"0002570","classificacao":"126","data_empenho":"2022-05-25","codigo_credor":"28695805000116","nome_credor":"GB COMERCIO E SERVICOS LTDA - EPP","valor_contratado":3216.90,"valor_pago":3216.90},{"codigo_unidade_gestora":"201157","codigo_unidade_orcamentaria":"02070","numero_empenho":"0002571","classificacao":"126","data_empenho":"2022-05-25","codigo_credor":"28695805000116","nome_credor":"GB COMERCIO E SERVICOS LTDA - EPP","valor_contratado":2446.29,"valor_pago":2446.29},{"codigo_unidade_gestora":"201157","codigo_unidade_orcamentaria":"02110","numero_empenho":"0002572","classificacao":"98","data_empenho":"2022-05-25","codigo_credor":"09048976000109","nome_credor":"Prefeitura Municipal de Remígio","valor_contratado":33650.40,"valor_pago":33650.40},{"codigo_unidade_gestora":"201157","codigo_unidade_orcamentaria":"02050","numero_empenho":"0002573","classificacao":"126","data_empenho":"2022-05-25","codigo_credor":"28695805000116","nome_credor":"GB COMERCIO E SERVICOS LTDA - EPP","valor_contratado":4199.94,"valor_pago":4199.94},{"codigo_unidade_gestora":"201157","codigo_unidade_orcamentaria":"02110","numero_empenho":"0002574","classificacao":"98","data_empenho":"2022-05-25","codigo_credor":"09048976000109","nome_credor":"Prefeitura Municipal de Remígio","valor_contratado":6500.00,"valor_pago":6500.00},{"codigo_unidade_gestora":"201157","codigo_unidade_orcamentaria":"02040","numero_empenho":"0002575","classificacao":"126","data_empenho":"2022-05-25","codigo_credor":"28695805000116","nome_credor":"GB COMERCIO E SERVICOS LTDA - EPP","valor_contratado":2452.15,"valor_pago":2452.15},{"codigo_unidade_gestora":"201157","codigo_unidade_orcamentaria":"02050","numero_empenho":"0002576","classificacao":"126","data_empenho":"2022-05-25","codigo_credor":"28695805000116","nome_credor":"GB COMERCIO E SERVICOS LTDA - EPP","valor_contratado":4199.94,"valor_pago":4199.94},{"codigo_unidade_gestora":"201157","codigo_unidade_orcamentaria":"02110","numero_empenho":"0002577","classificacao":"98","data_empenho":"2022-05-25","codigo_credor":"09048976000109","nome_credor":"Prefeitura Municipal de Remígio","valor_contratado":12876.00,"valor_pago":12876.00},{"codigo_unidade_gestora":"201157","codigo_unidade_orcamentaria":"02110","numero_empenho":"0002578","classificacao":"98","data_empenho":"2022-05-25","codigo_credor":"09048976000109","nome_credor":"Prefeitura Municipal de Remígio","valor_contratado":2424.00,"valor_pago":2424.00},{"codigo_unidade_gestora":"201157","codigo_unidade_orcamentaria":"02040","numero_empenho":"0002579","classificacao":"126","data_empenho":"2022-05-25","codigo_credor":"28695805000116","nome_credor":"GB COMERCIO E SERVICOS LTDA - EPP","valor_contratado":2919.66,"valor_pago":2919.66},{"codigo_unidade_gestora":"201157","codigo_unidade_orcamentaria":"02070","numero_empenho":"0002580","classificacao":"98","data_empenho":"2022-05-25","codigo_credor":"09048976000109","nome_credor":"Prefeitura Municipal de Remígio","valor_contratado":2524.00,"valor_pago":2524.00},{"codigo_unidade_gestora":"201157","codigo_unidade_orcamentaria":"02080","numero_empenho":"0002581","classificacao":"98","data_empenho":"2022-05-25","codigo_credor":"09048976000109","nome_credor":"Prefeitura Municipal de Remígio","valor_contratado":13108.00,"valor_pago":13108.00},{"codigo_unidade_gestora":"201157","codigo_unidade_orcamentaria":"02080","numero_empenho":"0002582","classificacao":"98","data_empenho":"2022-05-25","codigo_credor":"09048976000109","nome_credor":"Prefeitura Municipal de Remígio","valor_contratado":2012.00,"valor_pago":2012.00},{"codigo_unidade_gestora":"201157","codigo_unidade_orcamentaria":"02090","numero_empenho":"0002583","classificacao":"98","data_empenho":"2022-05-25","codigo_credor":"09048976000109","nome_credor":"Prefeitura Municipal de Remígio","valor_contratado":1212.00,"valor_pago":1212.00}]}}