{"size":50,"page":2,"total":717,"count":50,"_embedded":{"empenhos":[{"codigo_unidade_gestora":"201157","codigo_unidade_orcamentaria":"02080","numero_empenho":"0002033","classificacao":"126","data_empenho":"2022-05-04","codigo_credor":"09261355000109","nome_credor":"HILTON PINHEIRO DANTAS","valor_contratado":2414.06,"valor_pago":2414.06},{"codigo_unidade_gestora":"201157","codigo_unidade_orcamentaria":"02050","numero_empenho":"0002034","classificacao":"126","data_empenho":"2022-05-04","codigo_credor":"09261355000109","nome_credor":"HILTON PINHEIRO DANTAS","valor_contratado":2000.45,"valor_pago":2000.45},{"codigo_unidade_gestora":"201157","codigo_unidade_orcamentaria":"02010","numero_empenho":"0002035","classificacao":"126","data_empenho":"2022-05-04","codigo_credor":"09261355000109","nome_credor":"HILTON PINHEIRO DANTAS","valor_contratado":1931.28,"valor_pago":1931.28},{"codigo_unidade_gestora":"201157","codigo_unidade_orcamentaria":"02140","numero_empenho":"0002036","classificacao":"126","data_empenho":"2022-05-04","codigo_credor":"09261355000109","nome_credor":"HILTON PINHEIRO DANTAS","valor_contratado":1437.54,"valor_pago":1437.54},{"codigo_unidade_gestora":"201157","codigo_unidade_orcamentaria":"02080","numero_empenho":"0002037","classificacao":"126","data_empenho":"2022-05-04","codigo_credor":"09261355000109","nome_credor":"HILTON PINHEIRO DANTAS","valor_contratado":339.28,"valor_pago":339.28},{"codigo_unidade_gestora":"201157","codigo_unidade_orcamentaria":"02010","numero_empenho":"0002038","classificacao":"126","data_empenho":"2022-05-04","codigo_credor":"09261355000109","nome_credor":"HILTON PINHEIRO DANTAS","valor_contratado":627.28,"valor_pago":627.28},{"codigo_unidade_gestora":"201157","codigo_unidade_orcamentaria":"02110","numero_empenho":"0002039","classificacao":"126","data_empenho":"2022-05-04","codigo_credor":"09261355000109","nome_credor":"HILTON PINHEIRO DANTAS","valor_contratado":35.45,"valor_pago":35.45},{"codigo_unidade_gestora":"201157","codigo_unidade_orcamentaria":"02010","numero_empenho":"0002040","classificacao":"135","data_empenho":"2022-05-04","codigo_credor":"19144465000144","nome_credor":"ANTONIO MARIO DOS SANTOS JUNIOR 05954876452","valor_contratado":1500.00,"valor_pago":1500.00},{"codigo_unidade_gestora":"201157","codigo_unidade_orcamentaria":"02090","numero_empenho":"0002041","classificacao":"126","data_empenho":"2022-05-04","codigo_credor":"09261355000109","nome_credor":"HILTON PINHEIRO DANTAS","valor_contratado":1728.63,"valor_pago":1728.63},{"codigo_unidade_gestora":"201157","codigo_unidade_orcamentaria":"02080","numero_empenho":"0002042","classificacao":"126","data_empenho":"2022-05-04","codigo_credor":"09261355000109","nome_credor":"HILTON PINHEIRO DANTAS","valor_contratado":163.07,"valor_pago":163.07},{"codigo_unidade_gestora":"201157","codigo_unidade_orcamentaria":"02090","numero_empenho":"0002043","classificacao":"126","data_empenho":"2022-05-04","codigo_credor":"09261355000109","nome_credor":"HILTON PINHEIRO DANTAS","valor_contratado":6068.37,"valor_pago":6068.37},{"codigo_unidade_gestora":"201157","codigo_unidade_orcamentaria":"02050","numero_empenho":"0002044","classificacao":"126","data_empenho":"2022-05-04","codigo_credor":"09261355000109","nome_credor":"HILTON PINHEIRO DANTAS","valor_contratado":814.44,"valor_pago":814.44},{"codigo_unidade_gestora":"201157","codigo_unidade_orcamentaria":"02080","numero_empenho":"0002045","classificacao":"126","data_empenho":"2022-05-04","codigo_credor":"09261355000109","nome_credor":"HILTON PINHEIRO DANTAS","valor_contratado":205.61,"valor_pago":205.61},{"codigo_unidade_gestora":"201157","codigo_unidade_orcamentaria":"02090","numero_empenho":"0002046","classificacao":"126","data_empenho":"2022-05-04","codigo_credor":"09261355000109","nome_credor":"HILTON PINHEIRO DANTAS","valor_contratado":5923.00,"valor_pago":5923.00},{"codigo_unidade_gestora":"201157","codigo_unidade_orcamentaria":"02090","numero_empenho":"0002047","classificacao":"126","data_empenho":"2022-05-04","codigo_credor":"09261355000109","nome_credor":"HILTON PINHEIRO DANTAS","valor_contratado":86.47,"valor_pago":86.47},{"codigo_unidade_gestora":"201157","codigo_unidade_orcamentaria":"02140","numero_empenho":"0002048","classificacao":"126","data_empenho":"2022-05-04","codigo_credor":"09261355000109","nome_credor":"HILTON PINHEIRO DANTAS","valor_contratado":3177.99,"valor_pago":3177.99},{"codigo_unidade_gestora":"201157","codigo_unidade_orcamentaria":"02090","numero_empenho":"0002049","classificacao":"126","data_empenho":"2022-05-04","codigo_credor":"09261355000109","nome_credor":"HILTON PINHEIRO DANTAS","valor_contratado":173.80,"valor_pago":173.80},{"codigo_unidade_gestora":"201157","codigo_unidade_orcamentaria":"02070","numero_empenho":"0002050","classificacao":"126","data_empenho":"2022-05-04","codigo_credor":"09261355000109","nome_credor":"HILTON PINHEIRO DANTAS","valor_contratado":213.43,"valor_pago":213.43},{"codigo_unidade_gestora":"201157","codigo_unidade_orcamentaria":"02050","numero_empenho":"0002051","classificacao":"126","data_empenho":"2022-05-04","codigo_credor":"09261355000109","nome_credor":"HILTON PINHEIRO DANTAS","valor_contratado":2204.11,"valor_pago":2204.11},{"codigo_unidade_gestora":"201157","codigo_unidade_orcamentaria":"02050","numero_empenho":"0002052","classificacao":"126","data_empenho":"2022-05-04","codigo_credor":"09261355000109","nome_credor":"HILTON PINHEIRO DANTAS","valor_contratado":2358.72,"valor_pago":2358.72},{"codigo_unidade_gestora":"201157","codigo_unidade_orcamentaria":"02140","numero_empenho":"0002053","classificacao":"126","data_empenho":"2022-05-04","codigo_credor":"08905268000184","nome_credor":"PONTES E SOUZA IND. E COM. DE ALUMINIO E PLASTICOS LTDA ME","valor_contratado":472.50,"valor_pago":472.50},{"codigo_unidade_gestora":"201157","codigo_unidade_orcamentaria":"02110","numero_empenho":"0002054","classificacao":"135","data_empenho":"2022-05-04","codigo_credor":"76535764000143","nome_credor":"OI S.A","valor_contratado":159.24,"valor_pago":159.24},{"codigo_unidade_gestora":"201157","codigo_unidade_orcamentaria":"02130","numero_empenho":"0002055","classificacao":"127","data_empenho":"2022-05-04","codigo_credor":"00005751176480","nome_credor":"ADRIANO DA SILVA SOARES","valor_contratado":300.00,"valor_pago":300.00},{"codigo_unidade_gestora":"201157","codigo_unidade_orcamentaria":"02130","numero_empenho":"0002056","classificacao":"127","data_empenho":"2022-05-04","codigo_credor":"00004956509430","nome_credor":"ROMILDO SEVERINO DA SILVA","valor_contratado":150.00,"valor_pago":150.00},{"codigo_unidade_gestora":"201157","codigo_unidade_orcamentaria":"02130","numero_empenho":"0002057","classificacao":"127","data_empenho":"2022-05-04","codigo_credor":"00082712972449","nome_credor":"CRISTIANE ALVES XAVIER","valor_contratado":150.00,"valor_pago":150.00},{"codigo_unidade_gestora":"201157","codigo_unidade_orcamentaria":"02130","numero_empenho":"0002058","classificacao":"127","data_empenho":"2022-05-04","codigo_credor":"00043307094491","nome_credor":"ELIZABETH SZILASSY","valor_contratado":150.00,"valor_pago":150.00},{"codigo_unidade_gestora":"201157","codigo_unidade_orcamentaria":"02130","numero_empenho":"0002059","classificacao":"127","data_empenho":"2022-05-04","codigo_credor":"00007464925459","nome_credor":"LUIZ FERNANDES","valor_contratado":100.00,"valor_pago":100.00},{"codigo_unidade_gestora":"201157","codigo_unidade_orcamentaria":"02130","numero_empenho":"0002060","classificacao":"127","data_empenho":"2022-05-04","codigo_credor":"00007393349485","nome_credor":"JOSE ERIVALDO DE BRITO SANTOS","valor_contratado":70.00,"valor_pago":70.00},{"codigo_unidade_gestora":"201157","codigo_unidade_orcamentaria":"02050","numero_empenho":"0002061","classificacao":"126","data_empenho":"2022-05-04","codigo_credor":"40876269000150","nome_credor":"DISTRIBUIDORA DE PRODUTOS AGRESTE MERIDIONAL LTDA","valor_contratado":909.00,"valor_pago":909.00},{"codigo_unidade_gestora":"201157","codigo_unidade_orcamentaria":"02020","numero_empenho":"0002062","classificacao":"135","data_empenho":"2022-05-04","codigo_credor":"00000000280704","nome_credor":"BANCO DO BRASIL S/A","valor_contratado":11.00,"valor_pago":11.00},{"codigo_unidade_gestora":"201157","codigo_unidade_orcamentaria":"02110","numero_empenho":"0002063","classificacao":"135","data_empenho":"2022-05-04","codigo_credor":"22494864000140","nome_credor":"POLIVIDA CLINICA DE SAUDE POPULAR LTDA","valor_contratado":2400.00,"valor_pago":2400.00},{"codigo_unidade_gestora":"201157","codigo_unidade_orcamentaria":"02110","numero_empenho":"0002064","classificacao":"135","data_empenho":"2022-05-04","codigo_credor":"22494864000140","nome_credor":"POLIVIDA CLINICA DE SAUDE POPULAR LTDA","valor_contratado":1800.00,"valor_pago":1800.00},{"codigo_unidade_gestora":"201157","codigo_unidade_orcamentaria":"02020","numero_empenho":"0002065","classificacao":"135","data_empenho":"2022-05-04","codigo_credor":"00360305000104","nome_credor":"CAIXA ECONOMICA FEDERAL","valor_contratado":5.61,"valor_pago":5.61},{"codigo_unidade_gestora":"201157","codigo_unidade_orcamentaria":"02110","numero_empenho":"0002066","classificacao":"135","data_empenho":"2022-05-05","codigo_credor":"09095183000140","nome_credor":"ENERGISA","valor_contratado":348.16,"valor_pago":348.16},{"codigo_unidade_gestora":"201157","codigo_unidade_orcamentaria":"02130","numero_empenho":"0002067","classificacao":"126","data_empenho":"2022-05-05","codigo_credor":"09261355000109","nome_credor":"HILTON PINHEIRO DANTAS","valor_contratado":2568.08,"valor_pago":2568.08},{"codigo_unidade_gestora":"201157","codigo_unidade_orcamentaria":"02080","numero_empenho":"0002068","classificacao":"126","data_empenho":"2022-05-05","codigo_credor":"09261355000109","nome_credor":"HILTON PINHEIRO DANTAS","valor_contratado":551.20,"valor_pago":551.20},{"codigo_unidade_gestora":"201157","codigo_unidade_orcamentaria":"02050","numero_empenho":"0002069","classificacao":"126","data_empenho":"2022-05-05","codigo_credor":"09261355000109","nome_credor":"HILTON PINHEIRO DANTAS","valor_contratado":1925.11,"valor_pago":1925.11},{"codigo_unidade_gestora":"201157","codigo_unidade_orcamentaria":"02080","numero_empenho":"0002070","classificacao":"126","data_empenho":"2022-05-05","codigo_credor":"09261355000109","nome_credor":"HILTON PINHEIRO DANTAS","valor_contratado":298.50,"valor_pago":298.50},{"codigo_unidade_gestora":"201157","codigo_unidade_orcamentaria":"02050","numero_empenho":"0002071","classificacao":"126","data_empenho":"2022-05-05","codigo_credor":"09261355000109","nome_credor":"HILTON PINHEIRO DANTAS","valor_contratado":2449.63,"valor_pago":2449.63},{"codigo_unidade_gestora":"201157","codigo_unidade_orcamentaria":"02080","numero_empenho":"0002072","classificacao":"126","data_empenho":"2022-05-05","codigo_credor":"09261355000109","nome_credor":"HILTON PINHEIRO DANTAS","valor_contratado":9601.42,"valor_pago":9601.42},{"codigo_unidade_gestora":"201157","codigo_unidade_orcamentaria":"02050","numero_empenho":"0002073","classificacao":"126","data_empenho":"2022-05-05","codigo_credor":"09261355000109","nome_credor":"HILTON PINHEIRO DANTAS","valor_contratado":4975.23,"valor_pago":4975.23},{"codigo_unidade_gestora":"201157","codigo_unidade_orcamentaria":"02080","numero_empenho":"0002074","classificacao":"126","data_empenho":"2022-05-05","codigo_credor":"09261355000109","nome_credor":"HILTON PINHEIRO DANTAS","valor_contratado":1000.14,"valor_pago":1000.14},{"codigo_unidade_gestora":"201157","codigo_unidade_orcamentaria":"02050","numero_empenho":"0002075","classificacao":"126","data_empenho":"2022-05-05","codigo_credor":"09261355000109","nome_credor":"HILTON PINHEIRO DANTAS","valor_contratado":2159.57,"valor_pago":2159.57},{"codigo_unidade_gestora":"201157","codigo_unidade_orcamentaria":"02050","numero_empenho":"0002076","classificacao":"126","data_empenho":"2022-05-05","codigo_credor":"09261355000109","nome_credor":"HILTON PINHEIRO DANTAS","valor_contratado":173.80,"valor_pago":173.80},{"codigo_unidade_gestora":"201157","codigo_unidade_orcamentaria":"02080","numero_empenho":"0002077","classificacao":"126","data_empenho":"2022-05-05","codigo_credor":"09261355000109","nome_credor":"HILTON PINHEIRO DANTAS","valor_contratado":9674.67,"valor_pago":9674.67},{"codigo_unidade_gestora":"201157","codigo_unidade_orcamentaria":"02080","numero_empenho":"0002078","classificacao":"126","data_empenho":"2022-05-05","codigo_credor":"09261355000109","nome_credor":"HILTON PINHEIRO DANTAS","valor_contratado":1103.23,"valor_pago":1103.23},{"codigo_unidade_gestora":"201157","codigo_unidade_orcamentaria":"02080","numero_empenho":"0002079","classificacao":"126","data_empenho":"2022-05-05","codigo_credor":"09261355000109","nome_credor":"HILTON PINHEIRO DANTAS","valor_contratado":8008.71,"valor_pago":8008.71},{"codigo_unidade_gestora":"201157","codigo_unidade_orcamentaria":"02050","numero_empenho":"0002080","classificacao":"126","data_empenho":"2022-05-05","codigo_credor":"09261355000109","nome_credor":"HILTON PINHEIRO DANTAS","valor_contratado":3486.74,"valor_pago":3486.74},{"codigo_unidade_gestora":"201157","codigo_unidade_orcamentaria":"02050","numero_empenho":"0002081","classificacao":"126","data_empenho":"2022-05-05","codigo_credor":"09261355000109","nome_credor":"HILTON PINHEIRO DANTAS","valor_contratado":2961.50,"valor_pago":2961.50},{"codigo_unidade_gestora":"201157","codigo_unidade_orcamentaria":"02050","numero_empenho":"0002082","classificacao":"126","data_empenho":"2022-05-05","codigo_credor":"09261355000109","nome_credor":"HILTON PINHEIRO DANTAS","valor_contratado":4142.52,"valor_pago":4142.52}]}}