{"size":50,"page":3,"total":717,"count":50,"_embedded":{"empenhos":[{"codigo_unidade_gestora":"201157","codigo_unidade_orcamentaria":"02050","numero_empenho":"0002083","classificacao":"126","data_empenho":"2022-05-05","codigo_credor":"09261355000109","nome_credor":"HILTON PINHEIRO DANTAS","valor_contratado":5616.37,"valor_pago":5616.37},{"codigo_unidade_gestora":"201157","codigo_unidade_orcamentaria":"02050","numero_empenho":"0002084","classificacao":"126","data_empenho":"2022-05-05","codigo_credor":"09261355000109","nome_credor":"HILTON PINHEIRO DANTAS","valor_contratado":3077.14,"valor_pago":3077.14},{"codigo_unidade_gestora":"201157","codigo_unidade_orcamentaria":"02090","numero_empenho":"0002085","classificacao":"126","data_empenho":"2022-05-05","codigo_credor":"09261355000109","nome_credor":"HILTON PINHEIRO DANTAS","valor_contratado":1655.06,"valor_pago":1655.06},{"codigo_unidade_gestora":"201157","codigo_unidade_orcamentaria":"02090","numero_empenho":"0002086","classificacao":"126","data_empenho":"2022-05-05","codigo_credor":"09261355000109","nome_credor":"HILTON PINHEIRO DANTAS","valor_contratado":6722.42,"valor_pago":6722.42},{"codigo_unidade_gestora":"201157","codigo_unidade_orcamentaria":"02010","numero_empenho":"0002087","classificacao":"131","data_empenho":"2022-05-05","codigo_credor":"23397663000197","nome_credor":"MARINHO E SILVA ADVOCACIA","valor_contratado":3000.00,"valor_pago":3000.00},{"codigo_unidade_gestora":"201157","codigo_unidade_orcamentaria":"02140","numero_empenho":"0002088","classificacao":"126","data_empenho":"2022-05-05","codigo_credor":"42878093000100","nome_credor":"JCASIF COMERCIO VAREJISTA DE CEREAIS LTDA","valor_contratado":107.88,"valor_pago":107.88},{"codigo_unidade_gestora":"201157","codigo_unidade_orcamentaria":"02040","numero_empenho":"0002089","classificacao":"126","data_empenho":"2022-05-05","codigo_credor":"42878093000100","nome_credor":"JCASIF COMERCIO VAREJISTA DE CEREAIS LTDA","valor_contratado":107.88,"valor_pago":107.88},{"codigo_unidade_gestora":"201157","codigo_unidade_orcamentaria":"02050","numero_empenho":"0002090","classificacao":"126","data_empenho":"2022-05-05","codigo_credor":"42878093000100","nome_credor":"JCASIF COMERCIO VAREJISTA DE CEREAIS LTDA","valor_contratado":647.28,"valor_pago":647.28},{"codigo_unidade_gestora":"201157","codigo_unidade_orcamentaria":"02020","numero_empenho":"0002091","classificacao":"126","data_empenho":"2022-05-05","codigo_credor":"42878093000100","nome_credor":"JCASIF COMERCIO VAREJISTA DE CEREAIS LTDA","valor_contratado":608.40,"valor_pago":608.40},{"codigo_unidade_gestora":"201157","codigo_unidade_orcamentaria":"02110","numero_empenho":"0002092","classificacao":"126","data_empenho":"2022-05-05","codigo_credor":"42878093000100","nome_credor":"JCASIF COMERCIO VAREJISTA DE CEREAIS LTDA","valor_contratado":107.88,"valor_pago":107.88},{"codigo_unidade_gestora":"201157","codigo_unidade_orcamentaria":"02110","numero_empenho":"0002093","classificacao":"126","data_empenho":"2022-05-05","codigo_credor":"42878093000100","nome_credor":"JCASIF COMERCIO VAREJISTA DE CEREAIS LTDA","valor_contratado":431.52,"valor_pago":431.52},{"codigo_unidade_gestora":"201157","codigo_unidade_orcamentaria":"02110","numero_empenho":"0002094","classificacao":"126","data_empenho":"2022-05-05","codigo_credor":"42878093000100","nome_credor":"JCASIF COMERCIO VAREJISTA DE CEREAIS LTDA","valor_contratado":716.28,"valor_pago":716.28},{"codigo_unidade_gestora":"201157","codigo_unidade_orcamentaria":"02070","numero_empenho":"0002095","classificacao":"126","data_empenho":"2022-05-05","codigo_credor":"42878093000100","nome_credor":"JCASIF COMERCIO VAREJISTA DE CEREAIS LTDA","valor_contratado":323.64,"valor_pago":323.64},{"codigo_unidade_gestora":"201157","codigo_unidade_orcamentaria":"02050","numero_empenho":"0002096","classificacao":"126","data_empenho":"2022-05-05","codigo_credor":"42878093000100","nome_credor":"JCASIF COMERCIO VAREJISTA DE CEREAIS LTDA","valor_contratado":431.52,"valor_pago":431.52},{"codigo_unidade_gestora":"201157","codigo_unidade_orcamentaria":"02050","numero_empenho":"0002097","classificacao":"135","data_empenho":"2022-05-05","codigo_credor":"04376062000153","nome_credor":"MARISTELA FERNANDES DE OLIVEIRA LEANDRO","valor_contratado":572.60,"valor_pago":572.60},{"codigo_unidade_gestora":"201157","codigo_unidade_orcamentaria":"02050","numero_empenho":"0002098","classificacao":"135","data_empenho":"2022-05-05","codigo_credor":"08667024000100","nome_credor":"CREA/PB","valor_contratado":88.78,"valor_pago":88.78},{"codigo_unidade_gestora":"201157","codigo_unidade_orcamentaria":"02040","numero_empenho":"0002099","classificacao":"126","data_empenho":"2022-05-05","codigo_credor":"31424800000163","nome_credor":"ADRIANO GONCALVES RODRIGUES DO NASCIMENTO","valor_contratado":774.00,"valor_pago":774.00},{"codigo_unidade_gestora":"201157","codigo_unidade_orcamentaria":"02140","numero_empenho":"0002100","classificacao":"126","data_empenho":"2022-05-05","codigo_credor":"31424800000163","nome_credor":"ADRIANO GONCALVES RODRIGUES DO NASCIMENTO","valor_contratado":204.00,"valor_pago":204.00},{"codigo_unidade_gestora":"201157","codigo_unidade_orcamentaria":"02010","numero_empenho":"0002101","classificacao":"126","data_empenho":"2022-05-05","codigo_credor":"31424800000163","nome_credor":"ADRIANO GONCALVES RODRIGUES DO NASCIMENTO","valor_contratado":204.00,"valor_pago":204.00},{"codigo_unidade_gestora":"201157","codigo_unidade_orcamentaria":"02080","numero_empenho":"0002102","classificacao":"126","data_empenho":"2022-05-05","codigo_credor":"31424800000163","nome_credor":"ADRIANO GONCALVES RODRIGUES DO NASCIMENTO","valor_contratado":24.00,"valor_pago":24.00},{"codigo_unidade_gestora":"201157","codigo_unidade_orcamentaria":"02050","numero_empenho":"0002103","classificacao":"126","data_empenho":"2022-05-05","codigo_credor":"31424800000163","nome_credor":"ADRIANO GONCALVES RODRIGUES DO NASCIMENTO","valor_contratado":0.00,"valor_pago":0.00},{"codigo_unidade_gestora":"201157","codigo_unidade_orcamentaria":"02110","numero_empenho":"0002104","classificacao":"126","data_empenho":"2022-05-05","codigo_credor":"04451626000175","nome_credor":"PHOSPODONT LTDA","valor_contratado":7847.40,"valor_pago":7847.40},{"codigo_unidade_gestora":"201157","codigo_unidade_orcamentaria":"02060","numero_empenho":"0002105","classificacao":"132","data_empenho":"2022-05-05","codigo_credor":"00010593397495","nome_credor":"EUDISLANE PEREIRA DA SILVA","valor_contratado":1212.00,"valor_pago":1212.00},{"codigo_unidade_gestora":"201157","codigo_unidade_orcamentaria":"02020","numero_empenho":"0002106","classificacao":"135","data_empenho":"2022-05-05","codigo_credor":"00000000280704","nome_credor":"BANCO DO BRASIL S/A","valor_contratado":11.00,"valor_pago":11.00},{"codigo_unidade_gestora":"201157","codigo_unidade_orcamentaria":"02040","numero_empenho":"0002107","classificacao":"135","data_empenho":"2022-05-05","codigo_credor":"09095183000140","nome_credor":"ENERGISA","valor_contratado":93.22,"valor_pago":93.22},{"codigo_unidade_gestora":"201157","codigo_unidade_orcamentaria":"02010","numero_empenho":"0002108","classificacao":"135","data_empenho":"2022-05-05","codigo_credor":"14949698000109","nome_credor":"G O L NETO EIRELI","valor_contratado":2200.00,"valor_pago":2200.00},{"codigo_unidade_gestora":"201157","codigo_unidade_orcamentaria":"02110","numero_empenho":"0002109","classificacao":"135","data_empenho":"2022-05-05","codigo_credor":"41448410000187","nome_credor":"ORTOCLIN - SAUDE E TRABALHO","valor_contratado":3600.00,"valor_pago":3600.00},{"codigo_unidade_gestora":"201157","codigo_unidade_orcamentaria":"02140","numero_empenho":"0002110","classificacao":"135","data_empenho":"2022-05-06","codigo_credor":"18249795000131","nome_credor":"ALESANDRA VICENTE DIONISIO-08297276473","valor_contratado":1100.00,"valor_pago":1100.00},{"codigo_unidade_gestora":"201157","codigo_unidade_orcamentaria":"02140","numero_empenho":"0002111","classificacao":"135","data_empenho":"2022-05-06","codigo_credor":"29616667000103","nome_credor":"CARLOS DANIEL CRUZ FERREIRA 47459129860","valor_contratado":600.00,"valor_pago":600.00},{"codigo_unidade_gestora":"201157","codigo_unidade_orcamentaria":"02140","numero_empenho":"0002112","classificacao":"135","data_empenho":"2022-05-06","codigo_credor":"30554144000150","nome_credor":"MARIA ROSICLER GONCALVES DE OLIVEIRA 51109280459","valor_contratado":1200.00,"valor_pago":1200.00},{"codigo_unidade_gestora":"201157","codigo_unidade_orcamentaria":"02140","numero_empenho":"0002113","classificacao":"135","data_empenho":"2022-05-06","codigo_credor":"39154988000189","nome_credor":"LUCIANO OLIVEIRA DA SILVA","valor_contratado":600.00,"valor_pago":600.00},{"codigo_unidade_gestora":"201157","codigo_unidade_orcamentaria":"02140","numero_empenho":"0002114","classificacao":"135","data_empenho":"2022-05-06","codigo_credor":"45908534000159","nome_credor":"LUIZ FELIPE RODRIGUES PATRICIO","valor_contratado":600.00,"valor_pago":600.00},{"codigo_unidade_gestora":"201157","codigo_unidade_orcamentaria":"02140","numero_empenho":"0002115","classificacao":"135","data_empenho":"2022-05-06","codigo_credor":"31082268000143","nome_credor":"MARIA EUNICE FIDELIS DE LIMA 01844384462","valor_contratado":600.00,"valor_pago":600.00},{"codigo_unidade_gestora":"201157","codigo_unidade_orcamentaria":"02140","numero_empenho":"0002116","classificacao":"135","data_empenho":"2022-05-06","codigo_credor":"45308089000196","nome_credor":"WESLEY RODRIGUES DA COSTA 11740339401","valor_contratado":1780.00,"valor_pago":1780.00},{"codigo_unidade_gestora":"201157","codigo_unidade_orcamentaria":"02110","numero_empenho":"0002117","classificacao":"135","data_empenho":"2022-05-06","codigo_credor":"36415682000140","nome_credor":"CELIA REGINA IZIDIO DE ANDRADE 97980536487","valor_contratado":610.00,"valor_pago":610.00},{"codigo_unidade_gestora":"201157","codigo_unidade_orcamentaria":"02110","numero_empenho":"0002118","classificacao":"135","data_empenho":"2022-05-06","codigo_credor":"36401036000124","nome_credor":"MARIA DO SOCORRO LAURENTINO DA SILVA 45241325468","valor_contratado":1000.00,"valor_pago":1000.00},{"codigo_unidade_gestora":"201157","codigo_unidade_orcamentaria":"02110","numero_empenho":"0002119","classificacao":"135","data_empenho":"2022-05-06","codigo_credor":"36766570000134","nome_credor":"SIMONE FAUSTINO DOS SANTOS 05961077497","valor_contratado":1500.00,"valor_pago":1500.00},{"codigo_unidade_gestora":"201157","codigo_unidade_orcamentaria":"02110","numero_empenho":"0002120","classificacao":"135","data_empenho":"2022-05-06","codigo_credor":"41989653000122","nome_credor":"MARIA DAS VITORIAS DOS SANTOS 08868876744","valor_contratado":1000.00,"valor_pago":1000.00},{"codigo_unidade_gestora":"201157","codigo_unidade_orcamentaria":"02090","numero_empenho":"0002121","classificacao":"135","data_empenho":"2022-05-06","codigo_credor":"41186292000186","nome_credor":"MANOEL MESSIAS BENTO ALVES 08977864402","valor_contratado":1900.00,"valor_pago":1900.00},{"codigo_unidade_gestora":"201157","codigo_unidade_orcamentaria":"02110","numero_empenho":"0002122","classificacao":"135","data_empenho":"2022-05-06","codigo_credor":"36277230000140","nome_credor":"JOSILEIDE SOUZA VIANA FERNANDES 06058281482","valor_contratado":1000.00,"valor_pago":1000.00},{"codigo_unidade_gestora":"201157","codigo_unidade_orcamentaria":"02090","numero_empenho":"0002123","classificacao":"135","data_empenho":"2022-05-06","codigo_credor":"41448092000154","nome_credor":"JOSE MATIAS FILHO 01044299843","valor_contratado":1700.00,"valor_pago":1700.00},{"codigo_unidade_gestora":"201157","codigo_unidade_orcamentaria":"02110","numero_empenho":"0002124","classificacao":"135","data_empenho":"2022-05-06","codigo_credor":"36319807000139","nome_credor":"ANA EMILIA DANIEL DA SILVA 09461623445","valor_contratado":1000.00,"valor_pago":1000.00},{"codigo_unidade_gestora":"201157","codigo_unidade_orcamentaria":"02090","numero_empenho":"0002125","classificacao":"135","data_empenho":"2022-05-06","codigo_credor":"28839880000103","nome_credor":"JESSICA KAROLINE DE SOUTO BATISTA 11838916440","valor_contratado":1200.00,"valor_pago":1200.00},{"codigo_unidade_gestora":"201157","codigo_unidade_orcamentaria":"02040","numero_empenho":"0002126","classificacao":"135","data_empenho":"2022-05-06","codigo_credor":"38058364000103","nome_credor":"JOSE ALEXANDRE SANTOS CARDOSO 02726187480","valor_contratado":1880.00,"valor_pago":1880.00},{"codigo_unidade_gestora":"201157","codigo_unidade_orcamentaria":"02020","numero_empenho":"0002127","classificacao":"135","data_empenho":"2022-05-06","codigo_credor":"41860308000194","nome_credor":"JULIANO BASILIO DA SILVA","valor_contratado":1200.00,"valor_pago":1200.00},{"codigo_unidade_gestora":"201157","codigo_unidade_orcamentaria":"02040","numero_empenho":"0002128","classificacao":"135","data_empenho":"2022-05-06","codigo_credor":"41757219000117","nome_credor":"INACIO BALBINO DA SILVA 58634711404","valor_contratado":1250.00,"valor_pago":1250.00},{"codigo_unidade_gestora":"201157","codigo_unidade_orcamentaria":"02110","numero_empenho":"0002129","classificacao":"135","data_empenho":"2022-05-06","codigo_credor":"36416137000179","nome_credor":"MARINEZ FAUSTINO 04725426482","valor_contratado":610.00,"valor_pago":610.00},{"codigo_unidade_gestora":"201157","codigo_unidade_orcamentaria":"02140","numero_empenho":"0002130","classificacao":"135","data_empenho":"2022-05-06","codigo_credor":"29870408000104","nome_credor":"MARIA LUCIA DIAS DE AQUINO GONCALO 04061801481","valor_contratado":1100.00,"valor_pago":1100.00},{"codigo_unidade_gestora":"201157","codigo_unidade_orcamentaria":"02040","numero_empenho":"0002131","classificacao":"135","data_empenho":"2022-05-06","codigo_credor":"19778033000195","nome_credor":"CARLOS ANTONIO PEREIRA 48394882404","valor_contratado":1180.00,"valor_pago":1180.00},{"codigo_unidade_gestora":"201157","codigo_unidade_orcamentaria":"02140","numero_empenho":"0002132","classificacao":"135","data_empenho":"2022-05-06","codigo_credor":"29816462000163","nome_credor":"MARIA DO SOCORRO BATISTA DO NASCIMENTO 13563074852","valor_contratado":1100.00,"valor_pago":1100.00}]}}