{"size":50,"page":9,"total":846,"count":50,"_embedded":{"empenhos":[{"codigo_unidade_gestora":"201157","codigo_unidade_orcamentaria":"02050","numero_empenho":"0004641","classificacao":"126","data_empenho":"2022-08-16","codigo_credor":"31131079000113","nome_credor":"MASCENA DISTRIBUIDORA LTDA","valor_contratado":6000.00,"valor_pago":6000.00},{"codigo_unidade_gestora":"201157","codigo_unidade_orcamentaria":"02050","numero_empenho":"0004642","classificacao":"126","data_empenho":"2022-08-16","codigo_credor":"07526979000185","nome_credor":"RAIMUNDO ADELMAR F. PIRES","valor_contratado":10283.50,"valor_pago":10283.50},{"codigo_unidade_gestora":"201157","codigo_unidade_orcamentaria":"02080","numero_empenho":"0004643","classificacao":"135","data_empenho":"2022-08-16","codigo_credor":"41201592000197","nome_credor":"ARNOBIO TEIXEIRA DE BRITO LYRA JUNIOR 04183890470","valor_contratado":10080.00,"valor_pago":10080.00},{"codigo_unidade_gestora":"201157","codigo_unidade_orcamentaria":"02080","numero_empenho":"0004644","classificacao":"135","data_empenho":"2022-08-16","codigo_credor":"41201592000197","nome_credor":"ARNOBIO TEIXEIRA DE BRITO LYRA JUNIOR 04183890470","valor_contratado":12600.00,"valor_pago":12600.00},{"codigo_unidade_gestora":"201157","codigo_unidade_orcamentaria":"02050","numero_empenho":"0004645","classificacao":"135","data_empenho":"2022-08-16","codigo_credor":"41640336000104","nome_credor":"RENATO COSTA SILVA","valor_contratado":1450.00,"valor_pago":1450.00},{"codigo_unidade_gestora":"201157","codigo_unidade_orcamentaria":"02050","numero_empenho":"0004646","classificacao":"135","data_empenho":"2022-08-16","codigo_credor":"09095183000140","nome_credor":"ENERGISA","valor_contratado":7352.38,"valor_pago":7352.38},{"codigo_unidade_gestora":"201157","codigo_unidade_orcamentaria":"02080","numero_empenho":"0004647","classificacao":"135","data_empenho":"2022-08-16","codigo_credor":"09095183000140","nome_credor":"ENERGISA","valor_contratado":4660.58,"valor_pago":4660.58},{"codigo_unidade_gestora":"201157","codigo_unidade_orcamentaria":"02080","numero_empenho":"0004648","classificacao":"135","data_empenho":"2022-08-16","codigo_credor":"09095183000140","nome_credor":"ENERGISA","valor_contratado":287.38,"valor_pago":287.38},{"codigo_unidade_gestora":"201157","codigo_unidade_orcamentaria":"02010","numero_empenho":"0004649","classificacao":"97","data_empenho":"2022-08-16","codigo_credor":"00636397000102","nome_credor":"FAMUP","valor_contratado":1300.00,"valor_pago":1300.00},{"codigo_unidade_gestora":"201157","codigo_unidade_orcamentaria":"02040","numero_empenho":"0004650","classificacao":"135","data_empenho":"2022-08-16","codigo_credor":"09095183000140","nome_credor":"ENERGISA","valor_contratado":5982.73,"valor_pago":5982.73},{"codigo_unidade_gestora":"201157","codigo_unidade_orcamentaria":"02130","numero_empenho":"0004651","classificacao":"135","data_empenho":"2022-08-16","codigo_credor":"29458217000121","nome_credor":"MARCOS ANTONIO BATISTA REIS 85353213491","valor_contratado":650.00,"valor_pago":650.00},{"codigo_unidade_gestora":"201157","codigo_unidade_orcamentaria":"02080","numero_empenho":"0004652","classificacao":"126","data_empenho":"2022-08-16","codigo_credor":"41138298000188","nome_credor":"ATACADÃO DOS PARAFUSOS LTDA.","valor_contratado":600.00,"valor_pago":600.00},{"codigo_unidade_gestora":"201157","codigo_unidade_orcamentaria":"02080","numero_empenho":"0004653","classificacao":"135","data_empenho":"2022-08-16","codigo_credor":"09095183000140","nome_credor":"ENERGISA","valor_contratado":36770.21,"valor_pago":36770.21},{"codigo_unidade_gestora":"201157","codigo_unidade_orcamentaria":"02020","numero_empenho":"0004654","classificacao":"135","data_empenho":"2022-08-16","codigo_credor":"00000000280704","nome_credor":"BANCO DO BRASIL S/A","valor_contratado":44.00,"valor_pago":44.00},{"codigo_unidade_gestora":"201157","codigo_unidade_orcamentaria":"02110","numero_empenho":"0004655","classificacao":"126","data_empenho":"2022-08-17","codigo_credor":"02977362000162","nome_credor":"A.COSTA COM.ATAC. DE PROD.FARM. LTDA","valor_contratado":2162.00,"valor_pago":2162.00},{"codigo_unidade_gestora":"201157","codigo_unidade_orcamentaria":"02010","numero_empenho":"0004656","classificacao":"135","data_empenho":"2022-08-17","codigo_credor":"04196645000100","nome_credor":"PR/CC/IMPRENSA NACIONAL","valor_contratado":6162.20,"valor_pago":6162.20},{"codigo_unidade_gestora":"201157","codigo_unidade_orcamentaria":"02110","numero_empenho":"0004657","classificacao":"107","data_empenho":"2022-08-17","codigo_credor":"29979036000140","nome_credor":"INSS-INSTITUTO NACIONAL DO SEGURO SOCIAL","valor_contratado":509.04,"valor_pago":509.04},{"codigo_unidade_gestora":"201157","codigo_unidade_orcamentaria":"02050","numero_empenho":"0004658","classificacao":"107","data_empenho":"2022-08-17","codigo_credor":"29979036000140","nome_credor":"INSS-INSTITUTO NACIONAL DO SEGURO SOCIAL","valor_contratado":42472.42,"valor_pago":42472.42},{"codigo_unidade_gestora":"201157","codigo_unidade_orcamentaria":"02120","numero_empenho":"0004659","classificacao":"135","data_empenho":"2022-08-17","codigo_credor":"09139551000296","nome_credor":"SERVIÇO DE APOIO AS MICRO E PEQUENAS EMPRESAS DA PARAÍBA SEBRAE PB","valor_contratado":2000.00,"valor_pago":2000.00},{"codigo_unidade_gestora":"201157","codigo_unidade_orcamentaria":"02110","numero_empenho":"0004660","classificacao":"107","data_empenho":"2022-08-17","codigo_credor":"29979036000140","nome_credor":"INSS-INSTITUTO NACIONAL DO SEGURO SOCIAL","valor_contratado":1934.35,"valor_pago":1934.35},{"codigo_unidade_gestora":"201157","codigo_unidade_orcamentaria":"02110","numero_empenho":"0004661","classificacao":"107","data_empenho":"2022-08-17","codigo_credor":"29979036000140","nome_credor":"INSS-INSTITUTO NACIONAL DO SEGURO SOCIAL","valor_contratado":1365.00,"valor_pago":1365.00},{"codigo_unidade_gestora":"201157","codigo_unidade_orcamentaria":"02070","numero_empenho":"0004662","classificacao":"107","data_empenho":"2022-08-17","codigo_credor":"29979036000140","nome_credor":"INSS-INSTITUTO NACIONAL DO SEGURO SOCIAL","valor_contratado":4430.58,"valor_pago":4430.58},{"codigo_unidade_gestora":"201157","codigo_unidade_orcamentaria":"02120","numero_empenho":"0004663","classificacao":"135","data_empenho":"2022-08-17","codigo_credor":"36007491000140","nome_credor":"HERON ANDRADE MARINHO LMF CONSTRUÇOES","valor_contratado":5336.10,"valor_pago":5336.10},{"codigo_unidade_gestora":"201157","codigo_unidade_orcamentaria":"02110","numero_empenho":"0004664","classificacao":"107","data_empenho":"2022-08-17","codigo_credor":"29979036000140","nome_credor":"INSS-INSTITUTO NACIONAL DO SEGURO SOCIAL","valor_contratado":20073.11,"valor_pago":20073.11},{"codigo_unidade_gestora":"201157","codigo_unidade_orcamentaria":"02110","numero_empenho":"0004665","classificacao":"107","data_empenho":"2022-08-17","codigo_credor":"29979036000140","nome_credor":"INSS-INSTITUTO NACIONAL DO SEGURO SOCIAL","valor_contratado":2178.44,"valor_pago":2178.44},{"codigo_unidade_gestora":"201157","codigo_unidade_orcamentaria":"02040","numero_empenho":"0004666","classificacao":"107","data_empenho":"2022-08-17","codigo_credor":"29979036000140","nome_credor":"INSS-INSTITUTO NACIONAL DO SEGURO SOCIAL","valor_contratado":26982.06,"valor_pago":26982.06},{"codigo_unidade_gestora":"201157","codigo_unidade_orcamentaria":"02020","numero_empenho":"0004667","classificacao":"107","data_empenho":"2022-08-17","codigo_credor":"29979036000140","nome_credor":"INSS-INSTITUTO NACIONAL DO SEGURO SOCIAL","valor_contratado":39223.84,"valor_pago":39223.84},{"codigo_unidade_gestora":"201157","codigo_unidade_orcamentaria":"02110","numero_empenho":"0004668","classificacao":"135","data_empenho":"2022-08-17","codigo_credor":"09095183000140","nome_credor":"ENERGISA","valor_contratado":140.52,"valor_pago":140.52},{"codigo_unidade_gestora":"201157","codigo_unidade_orcamentaria":"02110","numero_empenho":"0004669","classificacao":"150","data_empenho":"2022-08-17","codigo_credor":"20008831000117","nome_credor":"VIVA DISTRIBUIDORA DE PRODUTOS LTDA","valor_contratado":5380.00,"valor_pago":5380.00},{"codigo_unidade_gestora":"201157","codigo_unidade_orcamentaria":"02110","numero_empenho":"0004670","classificacao":"150","data_empenho":"2022-08-17","codigo_credor":"20008831000117","nome_credor":"VIVA DISTRIBUIDORA DE PRODUTOS LTDA","valor_contratado":1090.00,"valor_pago":1090.00},{"codigo_unidade_gestora":"201157","codigo_unidade_orcamentaria":"02110","numero_empenho":"0004671","classificacao":"150","data_empenho":"2022-08-17","codigo_credor":"20008831000117","nome_credor":"VIVA DISTRIBUIDORA DE PRODUTOS LTDA","valor_contratado":889.00,"valor_pago":889.00},{"codigo_unidade_gestora":"201157","codigo_unidade_orcamentaria":"02110","numero_empenho":"0004672","classificacao":"150","data_empenho":"2022-08-17","codigo_credor":"20008831000117","nome_credor":"VIVA DISTRIBUIDORA DE PRODUTOS LTDA","valor_contratado":3700.00,"valor_pago":3700.00},{"codigo_unidade_gestora":"201157","codigo_unidade_orcamentaria":"02050","numero_empenho":"0004673","classificacao":"126","data_empenho":"2022-08-17","codigo_credor":"01686814000194","nome_credor":"ALEXSANDRA DINIZ FERNANDES","valor_contratado":6724.65,"valor_pago":6724.65},{"codigo_unidade_gestora":"201157","codigo_unidade_orcamentaria":"02050","numero_empenho":"0004674","classificacao":"126","data_empenho":"2022-08-17","codigo_credor":"01686814000194","nome_credor":"ALEXSANDRA DINIZ FERNANDES","valor_contratado":8806.94,"valor_pago":8806.94},{"codigo_unidade_gestora":"201157","codigo_unidade_orcamentaria":"02130","numero_empenho":"0004675","classificacao":"126","data_empenho":"2022-08-17","codigo_credor":"28695805000116","nome_credor":"GB COMERCIO E SERVICOS LTDA - EPP","valor_contratado":5278.81,"valor_pago":5278.81},{"codigo_unidade_gestora":"201157","codigo_unidade_orcamentaria":"02050","numero_empenho":"0004676","classificacao":"126","data_empenho":"2022-08-17","codigo_credor":"28695805000116","nome_credor":"GB COMERCIO E SERVICOS LTDA - EPP","valor_contratado":5273.98,"valor_pago":5273.98},{"codigo_unidade_gestora":"201157","codigo_unidade_orcamentaria":"02130","numero_empenho":"0004677","classificacao":"126","data_empenho":"2022-08-17","codigo_credor":"28695805000116","nome_credor":"GB COMERCIO E SERVICOS LTDA - EPP","valor_contratado":5522.71,"valor_pago":5522.71},{"codigo_unidade_gestora":"201157","codigo_unidade_orcamentaria":"02040","numero_empenho":"0004678","classificacao":"126","data_empenho":"2022-08-17","codigo_credor":"28695805000116","nome_credor":"GB COMERCIO E SERVICOS LTDA - EPP","valor_contratado":4432.23,"valor_pago":4432.23},{"codigo_unidade_gestora":"201157","codigo_unidade_orcamentaria":"02120","numero_empenho":"0004679","classificacao":"126","data_empenho":"2022-08-17","codigo_credor":"35111286000167","nome_credor":"MAURO RODRIGUES DA CRUZ","valor_contratado":486.00,"valor_pago":486.00},{"codigo_unidade_gestora":"201157","codigo_unidade_orcamentaria":"02080","numero_empenho":"0004680","classificacao":"126","data_empenho":"2022-08-17","codigo_credor":"28695805000116","nome_credor":"GB COMERCIO E SERVICOS LTDA - EPP","valor_contratado":4106.66,"valor_pago":4106.66},{"codigo_unidade_gestora":"201157","codigo_unidade_orcamentaria":"02050","numero_empenho":"0004681","classificacao":"135","data_empenho":"2022-08-17","codigo_credor":"28695805000116","nome_credor":"GB COMERCIO E SERVICOS LTDA - EPP","valor_contratado":6027.80,"valor_pago":6027.80},{"codigo_unidade_gestora":"201157","codigo_unidade_orcamentaria":"02050","numero_empenho":"0004682","classificacao":"135","data_empenho":"2022-08-17","codigo_credor":"29458217000121","nome_credor":"MARCOS ANTONIO BATISTA REIS 85353213491","valor_contratado":7350.00,"valor_pago":7350.00},{"codigo_unidade_gestora":"201157","codigo_unidade_orcamentaria":"02040","numero_empenho":"0004683","classificacao":"135","data_empenho":"2022-08-17","codigo_credor":"28695805000116","nome_credor":"GB COMERCIO E SERVICOS LTDA - EPP","valor_contratado":1562.94,"valor_pago":1562.94},{"codigo_unidade_gestora":"201157","codigo_unidade_orcamentaria":"02090","numero_empenho":"0004684","classificacao":"135","data_empenho":"2022-08-17","codigo_credor":"41186292000186","nome_credor":"MANOEL MESSIAS BENTO ALVES 08977864402","valor_contratado":1900.00,"valor_pago":1900.00},{"codigo_unidade_gestora":"201157","codigo_unidade_orcamentaria":"02080","numero_empenho":"0004685","classificacao":"135","data_empenho":"2022-08-17","codigo_credor":"28695805000116","nome_credor":"GB COMERCIO E SERVICOS LTDA - EPP","valor_contratado":904.86,"valor_pago":904.86},{"codigo_unidade_gestora":"201157","codigo_unidade_orcamentaria":"02090","numero_empenho":"0004686","classificacao":"132","data_empenho":"2022-08-17","codigo_credor":"00099703130453","nome_credor":"LUCIANA RODRIGUES DOS SANTOS","valor_contratado":1460.00,"valor_pago":1460.00},{"codigo_unidade_gestora":"201157","codigo_unidade_orcamentaria":"02020","numero_empenho":"0004687","classificacao":"135","data_empenho":"2022-08-17","codigo_credor":"00000000280704","nome_credor":"BANCO DO BRASIL S/A","valor_contratado":44.00,"valor_pago":44.00},{"codigo_unidade_gestora":"201157","codigo_unidade_orcamentaria":"02020","numero_empenho":"0004688","classificacao":"135","data_empenho":"2022-08-17","codigo_credor":"00360305000104","nome_credor":"CAIXA ECONOMICA FEDERAL","valor_contratado":3.74,"valor_pago":3.74},{"codigo_unidade_gestora":"201157","codigo_unidade_orcamentaria":"02020","numero_empenho":"0004689","classificacao":"135","data_empenho":"2022-08-17","codigo_credor":"00360305000104","nome_credor":"CAIXA ECONOMICA FEDERAL","valor_contratado":7.48,"valor_pago":7.48},{"codigo_unidade_gestora":"201157","codigo_unidade_orcamentaria":"02110","numero_empenho":"0004690","classificacao":"126","data_empenho":"2022-08-17","codigo_credor":"08778201000126","nome_credor":"DROGAFONTE LTDA.","valor_contratado":1065.00,"valor_pago":1065.00}]}}