{"size":50,"page":15,"total":717,"count":17,"_embedded":{"empenhos":[{"codigo_unidade_gestora":"201157","codigo_unidade_orcamentaria":"02040","numero_empenho":"0002684","classificacao":"135","data_empenho":"2022-05-30","codigo_credor":"00000000280704","nome_credor":"BANCO DO BRASIL S/A","valor_contratado":22.00,"valor_pago":22.00},{"codigo_unidade_gestora":"201157","codigo_unidade_orcamentaria":"02090","numero_empenho":"0002685","classificacao":"132","data_empenho":"2022-05-31","codigo_credor":"00013232193404","nome_credor":"LEONARDO JARDELINO DA COSTA","valor_contratado":7260.00,"valor_pago":0.00},{"codigo_unidade_gestora":"201157","codigo_unidade_orcamentaria":"02110","numero_empenho":"0002686","classificacao":"126","data_empenho":"2022-05-31","codigo_credor":"40787152000109","nome_credor":"CIRUFARMA COMERCIAL LTDA","valor_contratado":250.00,"valor_pago":250.00},{"codigo_unidade_gestora":"201157","codigo_unidade_orcamentaria":"02140","numero_empenho":"0002687","classificacao":"126","data_empenho":"2022-05-31","codigo_credor":"28695805000116","nome_credor":"GB COMERCIO E SERVICOS LTDA - EPP","valor_contratado":3585.01,"valor_pago":3585.01},{"codigo_unidade_gestora":"201157","codigo_unidade_orcamentaria":"02040","numero_empenho":"0002688","classificacao":"126","data_empenho":"2022-05-31","codigo_credor":"28695805000116","nome_credor":"GB COMERCIO E SERVICOS LTDA - EPP","valor_contratado":0.00,"valor_pago":0.00},{"codigo_unidade_gestora":"201157","codigo_unidade_orcamentaria":"02050","numero_empenho":"0002689","classificacao":"126","data_empenho":"2022-05-31","codigo_credor":"28695805000116","nome_credor":"GB COMERCIO E SERVICOS LTDA - EPP","valor_contratado":3629.45,"valor_pago":3629.45},{"codigo_unidade_gestora":"201157","codigo_unidade_orcamentaria":"02110","numero_empenho":"0002690","classificacao":"126","data_empenho":"2022-05-31","codigo_credor":"09478023000180","nome_credor":"SANTOS & LUCENA LTDA","valor_contratado":1042.98,"valor_pago":1042.98},{"codigo_unidade_gestora":"201157","codigo_unidade_orcamentaria":"02110","numero_empenho":"0002691","classificacao":"126","data_empenho":"2022-05-31","codigo_credor":"09478023000180","nome_credor":"SANTOS & LUCENA LTDA","valor_contratado":159.30,"valor_pago":159.30},{"codigo_unidade_gestora":"201157","codigo_unidade_orcamentaria":"02110","numero_empenho":"0002692","classificacao":"126","data_empenho":"2022-05-31","codigo_credor":"28695805000116","nome_credor":"GB COMERCIO E SERVICOS LTDA - EPP","valor_contratado":3720.96,"valor_pago":3720.96},{"codigo_unidade_gestora":"201157","codigo_unidade_orcamentaria":"02110","numero_empenho":"0002693","classificacao":"126","data_empenho":"2022-05-31","codigo_credor":"41136730000100","nome_credor":"RAMOS & MACEDO CIA LTDA","valor_contratado":670.00,"valor_pago":670.00},{"codigo_unidade_gestora":"201157","codigo_unidade_orcamentaria":"02070","numero_empenho":"0002694","classificacao":"135","data_empenho":"2022-05-31","codigo_credor":"23481145000157","nome_credor":"COLEGIADO ESTADUAL DE GESTORES MUNICIPAIS","valor_contratado":300.00,"valor_pago":300.00},{"codigo_unidade_gestora":"201157","codigo_unidade_orcamentaria":"02040","numero_empenho":"0002695","classificacao":"110","data_empenho":"2022-05-31","codigo_credor":"00003403537404","nome_credor":"ANDREA CRISTIANE A.A. BALBINO","valor_contratado":42.50,"valor_pago":42.50},{"codigo_unidade_gestora":"201157","codigo_unidade_orcamentaria":"02040","numero_empenho":"0002696","classificacao":"110","data_empenho":"2022-05-31","codigo_credor":"00010259277452","nome_credor":"PATRICIA CAVALCANTE DOSSANTOS DIAS","valor_contratado":35.00,"valor_pago":35.00},{"codigo_unidade_gestora":"201157","codigo_unidade_orcamentaria":"02140","numero_empenho":"0002697","classificacao":"126","data_empenho":"2022-05-31","codigo_credor":"31888483000136","nome_credor":"RANIELE SILVA DE SOUSA 13200231424","valor_contratado":2409.50,"valor_pago":2409.50},{"codigo_unidade_gestora":"201157","codigo_unidade_orcamentaria":"02140","numero_empenho":"0002698","classificacao":"126","data_empenho":"2022-05-31","codigo_credor":"31888483000136","nome_credor":"RANIELE SILVA DE SOUSA 13200231424","valor_contratado":1801.40,"valor_pago":1801.40},{"codigo_unidade_gestora":"201157","codigo_unidade_orcamentaria":"02110","numero_empenho":"0002699","classificacao":"126","data_empenho":"2022-05-31","codigo_credor":"02977362000162","nome_credor":"A.COSTA COM.ATAC. DE PROD.FARM. LTDA","valor_contratado":8651.46,"valor_pago":8651.46},{"codigo_unidade_gestora":"201157","codigo_unidade_orcamentaria":"02050","numero_empenho":"0002700","classificacao":"135","data_empenho":"2022-05-31","codigo_credor":"00000000280704","nome_credor":"BANCO DO BRASIL S/A","valor_contratado":11.00,"valor_pago":11.00}]}}