{"size":50,"page":6,"total":767,"count":50,"_embedded":{"empenhos":[{"codigo_unidade_gestora":"201157","codigo_unidade_orcamentaria":"02120","numero_empenho":"0003720","classificacao":"132","data_empenho":"2022-07-08","codigo_credor":"00001620424428","nome_credor":"ROMULO DOS SANTOS RUFINO","valor_contratado":700.00,"valor_pago":700.00},{"codigo_unidade_gestora":"201157","codigo_unidade_orcamentaria":"02120","numero_empenho":"0003721","classificacao":"132","data_empenho":"2022-07-08","codigo_credor":"00001620424428","nome_credor":"ROMULO DOS SANTOS RUFINO","valor_contratado":700.00,"valor_pago":700.00},{"codigo_unidade_gestora":"201157","codigo_unidade_orcamentaria":"02120","numero_empenho":"0003722","classificacao":"132","data_empenho":"2022-07-08","codigo_credor":"00006807202431","nome_credor":"ANDERSON FIRMINIO DA SILVA","valor_contratado":1200.00,"valor_pago":1200.00},{"codigo_unidade_gestora":"201157","codigo_unidade_orcamentaria":"02120","numero_empenho":"0003723","classificacao":"132","data_empenho":"2022-07-08","codigo_credor":"00011030378460","nome_credor":"FELIPE AGUIAR DE LIMA","valor_contratado":700.00,"valor_pago":700.00},{"codigo_unidade_gestora":"201157","codigo_unidade_orcamentaria":"02120","numero_empenho":"0003724","classificacao":"135","data_empenho":"2022-07-08","codigo_credor":"39419839000102","nome_credor":"RUDSON VITOR FIDELIS DE LIMA 70874320445","valor_contratado":1400.00,"valor_pago":1400.00},{"codigo_unidade_gestora":"201157","codigo_unidade_orcamentaria":"02020","numero_empenho":"0003725","classificacao":"135","data_empenho":"2022-07-08","codigo_credor":"00000000280704","nome_credor":"BANCO DO BRASIL S/A","valor_contratado":198.00,"valor_pago":198.00},{"codigo_unidade_gestora":"201157","codigo_unidade_orcamentaria":"02040","numero_empenho":"0003726","classificacao":"135","data_empenho":"2022-07-08","codigo_credor":"00000000280704","nome_credor":"BANCO DO BRASIL S/A","valor_contratado":22.00,"valor_pago":22.00},{"codigo_unidade_gestora":"201157","codigo_unidade_orcamentaria":"02130","numero_empenho":"0003727","classificacao":"135","data_empenho":"2022-07-11","codigo_credor":"42488051000154","nome_credor":"MICHEL ANTHONY ALVES DE SOUZA","valor_contratado":1200.00,"valor_pago":1200.00},{"codigo_unidade_gestora":"201157","codigo_unidade_orcamentaria":"02110","numero_empenho":"0003728","classificacao":"126","data_empenho":"2022-07-11","codigo_credor":"08674752000140","nome_credor":"CIRURGICA MONTEBELLO LTDA","valor_contratado":600.00,"valor_pago":600.00},{"codigo_unidade_gestora":"201157","codigo_unidade_orcamentaria":"02110","numero_empenho":"0003729","classificacao":"126","data_empenho":"2022-07-11","codigo_credor":"02977362000162","nome_credor":"A.COSTA COM.ATAC. DE PROD.FARM. LTDA","valor_contratado":28559.50,"valor_pago":28559.50},{"codigo_unidade_gestora":"201157","codigo_unidade_orcamentaria":"02110","numero_empenho":"0003730","classificacao":"126","data_empenho":"2022-07-11","codigo_credor":"02977362000162","nome_credor":"A.COSTA COM.ATAC. DE PROD.FARM. LTDA","valor_contratado":21709.10,"valor_pago":21709.10},{"codigo_unidade_gestora":"201157","codigo_unidade_orcamentaria":"02140","numero_empenho":"0003731","classificacao":"135","data_empenho":"2022-07-11","codigo_credor":"29870408000104","nome_credor":"MARIA LUCIA DIAS DE AQUINO GONCALO 04061801481","valor_contratado":1400.00,"valor_pago":1400.00},{"codigo_unidade_gestora":"201157","codigo_unidade_orcamentaria":"02130","numero_empenho":"0003732","classificacao":"135","data_empenho":"2022-07-11","codigo_credor":"43330097000103","nome_credor":"JOSE ROMULO GALDINO DA SILVA","valor_contratado":1200.00,"valor_pago":1200.00},{"codigo_unidade_gestora":"201157","codigo_unidade_orcamentaria":"02140","numero_empenho":"0003733","classificacao":"135","data_empenho":"2022-07-11","codigo_credor":"29816462000163","nome_credor":"MARIA DO SOCORRO BATISTA DO NASCIMENTO 13563074852","valor_contratado":1400.00,"valor_pago":1400.00},{"codigo_unidade_gestora":"201157","codigo_unidade_orcamentaria":"02140","numero_empenho":"0003734","classificacao":"135","data_empenho":"2022-07-11","codigo_credor":"29927874000170","nome_credor":"ANA MARIA PEREIRA DE LIMA 09170246483","valor_contratado":1400.00,"valor_pago":1400.00},{"codigo_unidade_gestora":"201157","codigo_unidade_orcamentaria":"02140","numero_empenho":"0003735","classificacao":"135","data_empenho":"2022-07-11","codigo_credor":"29787633000173","nome_credor":"TALINI ROQUE DA SILVA 06117107498","valor_contratado":1800.00,"valor_pago":1800.00},{"codigo_unidade_gestora":"201157","codigo_unidade_orcamentaria":"02140","numero_empenho":"0003736","classificacao":"135","data_empenho":"2022-07-11","codigo_credor":"41260906000122","nome_credor":"DAIANA JUSTINO DOS SANTOS","valor_contratado":1400.00,"valor_pago":1400.00},{"codigo_unidade_gestora":"201157","codigo_unidade_orcamentaria":"02140","numero_empenho":"0003737","classificacao":"135","data_empenho":"2022-07-11","codigo_credor":"34225891000104","nome_credor":"MARIA RISONEIDE ALVES FREIRE 03439334465","valor_contratado":1400.00,"valor_pago":1400.00},{"codigo_unidade_gestora":"201157","codigo_unidade_orcamentaria":"02140","numero_empenho":"0003738","classificacao":"135","data_empenho":"2022-07-11","codigo_credor":"36365643000186","nome_credor":"GEANE FIDELIS DE LIMA 05568969477","valor_contratado":1400.00,"valor_pago":1400.00},{"codigo_unidade_gestora":"201157","codigo_unidade_orcamentaria":"02070","numero_empenho":"0003739","classificacao":"126","data_empenho":"2022-07-11","codigo_credor":"31424800000163","nome_credor":"ADRIANO GONCALVES RODRIGUES DO NASCIMENTO","valor_contratado":192.00,"valor_pago":192.00},{"codigo_unidade_gestora":"201157","codigo_unidade_orcamentaria":"02130","numero_empenho":"0003740","classificacao":"135","data_empenho":"2022-07-11","codigo_credor":"41769438000116","nome_credor":"JOAO VICTOR OLIVEIRA DOS SANTOS 71993888454","valor_contratado":1200.00,"valor_pago":1200.00},{"codigo_unidade_gestora":"201157","codigo_unidade_orcamentaria":"02040","numero_empenho":"0003741","classificacao":"110","data_empenho":"2022-07-11","codigo_credor":"00003403537404","nome_credor":"ANDREA CRISTIANE A.A. BALBINO","valor_contratado":800.00,"valor_pago":800.00},{"codigo_unidade_gestora":"201157","codigo_unidade_orcamentaria":"02050","numero_empenho":"0003742","classificacao":"114","data_empenho":"2022-07-11","codigo_credor":"61600839000155","nome_credor":"CIEE-CENTRO DE INTEGRAÇÃO EMPRESA ESCOLA","valor_contratado":2750.00,"valor_pago":2750.00},{"codigo_unidade_gestora":"201157","codigo_unidade_orcamentaria":"02110","numero_empenho":"0003743","classificacao":"135","data_empenho":"2022-07-11","codigo_credor":"08716557000135","nome_credor":"CLINICA RADIOLOGICA DR.WANDERLEY LTDA","valor_contratado":150.00,"valor_pago":150.00},{"codigo_unidade_gestora":"201157","codigo_unidade_orcamentaria":"02090","numero_empenho":"0003744","classificacao":"135","data_empenho":"2022-07-11","codigo_credor":"28839880000103","nome_credor":"JESSICA KAROLINE DE SOUTO BATISTA 11838916440","valor_contratado":1200.00,"valor_pago":1200.00},{"codigo_unidade_gestora":"201157","codigo_unidade_orcamentaria":"02050","numero_empenho":"0003745","classificacao":"135","data_empenho":"2022-07-11","codigo_credor":"23960587000186","nome_credor":"ARLINDO SOARES DA SILVA 03406315461","valor_contratado":1100.00,"valor_pago":1100.00},{"codigo_unidade_gestora":"201157","codigo_unidade_orcamentaria":"02040","numero_empenho":"0003746","classificacao":"135","data_empenho":"2022-07-11","codigo_credor":"19144465000144","nome_credor":"ANTONIO MARIO DOS SANTOS JUNIOR 05954876452","valor_contratado":1280.00,"valor_pago":1280.00},{"codigo_unidade_gestora":"201157","codigo_unidade_orcamentaria":"02080","numero_empenho":"0003747","classificacao":"135","data_empenho":"2022-07-11","codigo_credor":"23960587000186","nome_credor":"ARLINDO SOARES DA SILVA 03406315461","valor_contratado":1540.00,"valor_pago":1540.00},{"codigo_unidade_gestora":"201157","codigo_unidade_orcamentaria":"02050","numero_empenho":"0003748","classificacao":"135","data_empenho":"2022-07-11","codigo_credor":"19144465000144","nome_credor":"ANTONIO MARIO DOS SANTOS JUNIOR 05954876452","valor_contratado":1680.00,"valor_pago":1680.00},{"codigo_unidade_gestora":"201157","codigo_unidade_orcamentaria":"02080","numero_empenho":"0003749","classificacao":"135","data_empenho":"2022-07-11","codigo_credor":"23960587000186","nome_credor":"ARLINDO SOARES DA SILVA 03406315461","valor_contratado":1100.00,"valor_pago":1100.00},{"codigo_unidade_gestora":"201157","codigo_unidade_orcamentaria":"02090","numero_empenho":"0003750","classificacao":"135","data_empenho":"2022-07-11","codigo_credor":"41186292000186","nome_credor":"MANOEL MESSIAS BENTO ALVES 08977864402","valor_contratado":1900.00,"valor_pago":1900.00},{"codigo_unidade_gestora":"201157","codigo_unidade_orcamentaria":"02080","numero_empenho":"0003751","classificacao":"135","data_empenho":"2022-07-11","codigo_credor":"29416266000100","nome_credor":"CICERO RENATO SOUZA SILVA 05855997421","valor_contratado":1356.00,"valor_pago":1356.00},{"codigo_unidade_gestora":"201157","codigo_unidade_orcamentaria":"02040","numero_empenho":"0003752","classificacao":"135","data_empenho":"2022-07-11","codigo_credor":"23960587000186","nome_credor":"ARLINDO SOARES DA SILVA 03406315461","valor_contratado":1320.00,"valor_pago":1320.00},{"codigo_unidade_gestora":"201157","codigo_unidade_orcamentaria":"02080","numero_empenho":"0003754","classificacao":"135","data_empenho":"2022-07-11","codigo_credor":"29416266000100","nome_credor":"CICERO RENATO SOUZA SILVA 05855997421","valor_contratado":1582.00,"valor_pago":1582.00},{"codigo_unidade_gestora":"201157","codigo_unidade_orcamentaria":"02090","numero_empenho":"0003755","classificacao":"135","data_empenho":"2022-07-11","codigo_credor":"41448092000154","nome_credor":"JOSE MATIAS FILHO 01044299843","valor_contratado":1700.00,"valor_pago":1700.00},{"codigo_unidade_gestora":"201157","codigo_unidade_orcamentaria":"02080","numero_empenho":"0003756","classificacao":"135","data_empenho":"2022-07-11","codigo_credor":"29416266000100","nome_credor":"CICERO RENATO SOUZA SILVA 05855997421","valor_contratado":1130.00,"valor_pago":1130.00},{"codigo_unidade_gestora":"201157","codigo_unidade_orcamentaria":"02080","numero_empenho":"0003757","classificacao":"135","data_empenho":"2022-07-11","codigo_credor":"29416266000100","nome_credor":"CICERO RENATO SOUZA SILVA 05855997421","valor_contratado":1582.00,"valor_pago":1582.00},{"codigo_unidade_gestora":"201157","codigo_unidade_orcamentaria":"02080","numero_empenho":"0003758","classificacao":"135","data_empenho":"2022-07-11","codigo_credor":"32593366000108","nome_credor":"DJAILSON DE FARIAS FERREIRA 09774773470","valor_contratado":1840.00,"valor_pago":1840.00},{"codigo_unidade_gestora":"201157","codigo_unidade_orcamentaria":"02020","numero_empenho":"0003759","classificacao":"135","data_empenho":"2022-07-11","codigo_credor":"41860308000194","nome_credor":"JULIANO BASILIO DA SILVA","valor_contratado":1200.00,"valor_pago":1200.00},{"codigo_unidade_gestora":"201157","codigo_unidade_orcamentaria":"02140","numero_empenho":"0003760","classificacao":"126","data_empenho":"2022-07-11","codigo_credor":"20245870000138","nome_credor":"VERIDIANA DA CUNHA QUERINO 01971365408","valor_contratado":318.50,"valor_pago":318.50},{"codigo_unidade_gestora":"201157","codigo_unidade_orcamentaria":"02080","numero_empenho":"0003761","classificacao":"135","data_empenho":"2022-07-11","codigo_credor":"32593366000108","nome_credor":"DJAILSON DE FARIAS FERREIRA 09774773470","valor_contratado":1840.00,"valor_pago":1840.00},{"codigo_unidade_gestora":"201157","codigo_unidade_orcamentaria":"02080","numero_empenho":"0003762","classificacao":"135","data_empenho":"2022-07-11","codigo_credor":"32666493000190","nome_credor":"VITOR FERREIRA DOS SANTOS 09470814452","valor_contratado":1400.00,"valor_pago":1400.00},{"codigo_unidade_gestora":"201157","codigo_unidade_orcamentaria":"02050","numero_empenho":"0003763","classificacao":"135","data_empenho":"2022-07-11","codigo_credor":"41640336000104","nome_credor":"RENATO COSTA SILVA","valor_contratado":2000.00,"valor_pago":2000.00},{"codigo_unidade_gestora":"201157","codigo_unidade_orcamentaria":"02080","numero_empenho":"0003764","classificacao":"135","data_empenho":"2022-07-11","codigo_credor":"32621662000175","nome_credor":"BELARMINO ROQUE DA SILVA NETO 01683378431","valor_contratado":1300.00,"valor_pago":1300.00},{"codigo_unidade_gestora":"201157","codigo_unidade_orcamentaria":"02120","numero_empenho":"0003765","classificacao":"126","data_empenho":"2022-07-11","codigo_credor":"20245870000138","nome_credor":"VERIDIANA DA CUNHA QUERINO 01971365408","valor_contratado":1120.00,"valor_pago":1120.00},{"codigo_unidade_gestora":"201157","codigo_unidade_orcamentaria":"02080","numero_empenho":"0003766","classificacao":"135","data_empenho":"2022-07-11","codigo_credor":"24518477000121","nome_credor":"ERMINIO PEREIRA DE OLIVEIRA 03814233441","valor_contratado":1600.00,"valor_pago":1600.00},{"codigo_unidade_gestora":"201157","codigo_unidade_orcamentaria":"02080","numero_empenho":"0003767","classificacao":"135","data_empenho":"2022-07-11","codigo_credor":"24518477000121","nome_credor":"ERMINIO PEREIRA DE OLIVEIRA 03814233441","valor_contratado":1440.00,"valor_pago":1440.00},{"codigo_unidade_gestora":"201157","codigo_unidade_orcamentaria":"02080","numero_empenho":"0003768","classificacao":"135","data_empenho":"2022-07-11","codigo_credor":"32666493000190","nome_credor":"VITOR FERREIRA DOS SANTOS 09470814452","valor_contratado":1000.00,"valor_pago":1000.00},{"codigo_unidade_gestora":"201157","codigo_unidade_orcamentaria":"02040","numero_empenho":"0003769","classificacao":"126","data_empenho":"2022-07-11","codigo_credor":"20245870000138","nome_credor":"VERIDIANA DA CUNHA QUERINO 01971365408","valor_contratado":1329.00,"valor_pago":1329.00},{"codigo_unidade_gestora":"201157","codigo_unidade_orcamentaria":"02080","numero_empenho":"0003770","classificacao":"135","data_empenho":"2022-07-11","codigo_credor":"32666493000190","nome_credor":"VITOR FERREIRA DOS SANTOS 09470814452","valor_contratado":1000.00,"valor_pago":1000.00}]}}