{"size":50,"page":8,"total":441,"count":50,"_embedded":{"empenhos":[{"codigo_unidade_gestora":"201157","codigo_unidade_orcamentaria":"02110","numero_empenho":"0000658","classificacao":"105","data_empenho":"2022-02-23","codigo_credor":"09048976000109","nome_credor":"Prefeitura Municipal de Remígio","valor_contratado":25997.00,"valor_pago":25997.00},{"codigo_unidade_gestora":"201157","codigo_unidade_orcamentaria":"02110","numero_empenho":"0000659","classificacao":"105","data_empenho":"2022-02-23","codigo_credor":"09048976000109","nome_credor":"Prefeitura Municipal de Remígio","valor_contratado":94697.44,"valor_pago":94697.44},{"codigo_unidade_gestora":"201157","codigo_unidade_orcamentaria":"02110","numero_empenho":"0000660","classificacao":"105","data_empenho":"2022-02-23","codigo_credor":"09048976000109","nome_credor":"Prefeitura Municipal de Remígio","valor_contratado":17698.59,"valor_pago":17698.59},{"codigo_unidade_gestora":"201157","codigo_unidade_orcamentaria":"02040","numero_empenho":"0000661","classificacao":"105","data_empenho":"2022-02-23","codigo_credor":"09048976000109","nome_credor":"Prefeitura Municipal de Remígio","valor_contratado":8800.00,"valor_pago":8800.00},{"codigo_unidade_gestora":"201157","codigo_unidade_orcamentaria":"02070","numero_empenho":"0000662","classificacao":"105","data_empenho":"2022-02-23","codigo_credor":"09048976000109","nome_credor":"Prefeitura Municipal de Remígio","valor_contratado":13630.03,"valor_pago":13630.03},{"codigo_unidade_gestora":"201157","codigo_unidade_orcamentaria":"02070","numero_empenho":"0000663","classificacao":"105","data_empenho":"2022-02-23","codigo_credor":"09048976000109","nome_credor":"Prefeitura Municipal de Remígio","valor_contratado":12120.00,"valor_pago":12120.00},{"codigo_unidade_gestora":"201157","codigo_unidade_orcamentaria":"02080","numero_empenho":"0000664","classificacao":"105","data_empenho":"2022-02-23","codigo_credor":"09048976000109","nome_credor":"Prefeitura Municipal de Remígio","valor_contratado":24309.11,"valor_pago":24309.11},{"codigo_unidade_gestora":"201157","codigo_unidade_orcamentaria":"02080","numero_empenho":"0000665","classificacao":"105","data_empenho":"2022-02-23","codigo_credor":"09048976000109","nome_credor":"Prefeitura Municipal de Remígio","valor_contratado":46705.60,"valor_pago":46705.60},{"codigo_unidade_gestora":"201157","codigo_unidade_orcamentaria":"02080","numero_empenho":"0000666","classificacao":"105","data_empenho":"2022-02-23","codigo_credor":"09048976000109","nome_credor":"Prefeitura Municipal de Remígio","valor_contratado":1700.00,"valor_pago":1700.00},{"codigo_unidade_gestora":"201157","codigo_unidade_orcamentaria":"02090","numero_empenho":"0000667","classificacao":"105","data_empenho":"2022-02-23","codigo_credor":"09048976000109","nome_credor":"Prefeitura Municipal de Remígio","valor_contratado":6470.46,"valor_pago":6470.46},{"codigo_unidade_gestora":"201157","codigo_unidade_orcamentaria":"02060","numero_empenho":"0000668","classificacao":"105","data_empenho":"2022-02-23","codigo_credor":"09048976000109","nome_credor":"Prefeitura Municipal de Remígio","valor_contratado":6125.40,"valor_pago":6125.40},{"codigo_unidade_gestora":"201157","codigo_unidade_orcamentaria":"02050","numero_empenho":"0000669","classificacao":"105","data_empenho":"2022-02-23","codigo_credor":"09048976000109","nome_credor":"Prefeitura Municipal de Remígio","valor_contratado":368.53,"valor_pago":368.53},{"codigo_unidade_gestora":"201157","codigo_unidade_orcamentaria":"02020","numero_empenho":"0000670","classificacao":"131","data_empenho":"2022-02-23","codigo_credor":"10571183000159","nome_credor":"CLAIR & LEITÃO CONTABILIDADE PUBLICA LTDA-ME","valor_contratado":84000.00,"valor_pago":77000.00},{"codigo_unidade_gestora":"201157","codigo_unidade_orcamentaria":"02040","numero_empenho":"0000671","classificacao":"126","data_empenho":"2022-02-23","codigo_credor":"01687725000243","nome_credor":"CENTRO ESPECIALIZADO EM NUTRICAO ENTERAL E PARENTERAL - CENEP LTDA","valor_contratado":2580.00,"valor_pago":2580.00},{"codigo_unidade_gestora":"201157","codigo_unidade_orcamentaria":"02080","numero_empenho":"0000672","classificacao":"126","data_empenho":"2022-02-23","codigo_credor":"40457770000182","nome_credor":"ELIONALDO DA SILVA DONATO 32632402859","valor_contratado":2814.00,"valor_pago":2814.00},{"codigo_unidade_gestora":"201157","codigo_unidade_orcamentaria":"02010","numero_empenho":"0000673","classificacao":"105","data_empenho":"2022-02-24","codigo_credor":"09048976000109","nome_credor":"Prefeitura Municipal de Remígio","valor_contratado":17884.00,"valor_pago":17884.00},{"codigo_unidade_gestora":"201157","codigo_unidade_orcamentaria":"02030","numero_empenho":"0000674","classificacao":"105","data_empenho":"2022-02-24","codigo_credor":"09048976000109","nome_credor":"Prefeitura Municipal de Remígio","valor_contratado":9000.00,"valor_pago":9000.00},{"codigo_unidade_gestora":"201157","codigo_unidade_orcamentaria":"02020","numero_empenho":"0000675","classificacao":"105","data_empenho":"2022-02-24","codigo_credor":"09048976000109","nome_credor":"Prefeitura Municipal de Remígio","valor_contratado":20160.00,"valor_pago":20160.00},{"codigo_unidade_gestora":"201157","codigo_unidade_orcamentaria":"02050","numero_empenho":"0000676","classificacao":"105","data_empenho":"2022-02-24","codigo_credor":"09048976000109","nome_credor":"Prefeitura Municipal de Remígio","valor_contratado":16914.40,"valor_pago":16914.40},{"codigo_unidade_gestora":"201157","codigo_unidade_orcamentaria":"02010","numero_empenho":"0000677","classificacao":"135","data_empenho":"2022-02-24","codigo_credor":"09095183000140","nome_credor":"ENERGISA","valor_contratado":30.89,"valor_pago":30.89},{"codigo_unidade_gestora":"201157","codigo_unidade_orcamentaria":"02040","numero_empenho":"0000678","classificacao":"105","data_empenho":"2022-02-24","codigo_credor":"09048976000109","nome_credor":"Prefeitura Municipal de Remígio","valor_contratado":30061.60,"valor_pago":30061.60},{"codigo_unidade_gestora":"201157","codigo_unidade_orcamentaria":"02070","numero_empenho":"0000679","classificacao":"105","data_empenho":"2022-02-24","codigo_credor":"09048976000109","nome_credor":"Prefeitura Municipal de Remígio","valor_contratado":14348.00,"valor_pago":14348.00},{"codigo_unidade_gestora":"201157","codigo_unidade_orcamentaria":"02020","numero_empenho":"0000680","classificacao":"136","data_empenho":"2022-02-24","codigo_credor":"07553129000176","nome_credor":"PUBLIC SOFTWARE INFORMATICA LTDA-ME","valor_contratado":5790.50,"valor_pago":5790.50},{"codigo_unidade_gestora":"201157","codigo_unidade_orcamentaria":"02080","numero_empenho":"0000681","classificacao":"105","data_empenho":"2022-02-24","codigo_credor":"09048976000109","nome_credor":"Prefeitura Municipal de Remígio","valor_contratado":23636.00,"valor_pago":23636.00},{"codigo_unidade_gestora":"201157","codigo_unidade_orcamentaria":"02090","numero_empenho":"0000682","classificacao":"105","data_empenho":"2022-02-24","codigo_credor":"09048976000109","nome_credor":"Prefeitura Municipal de Remígio","valor_contratado":13536.00,"valor_pago":13536.00},{"codigo_unidade_gestora":"201157","codigo_unidade_orcamentaria":"02020","numero_empenho":"0000683","classificacao":"135","data_empenho":"2022-02-24","codigo_credor":"06151969000140","nome_credor":"CENTRO DE APOIO AO DESENVOLVIMENTO SOCIAL COMUNITARIO DOS BAIRROS","valor_contratado":1497.00,"valor_pago":1497.00},{"codigo_unidade_gestora":"201157","codigo_unidade_orcamentaria":"02060","numero_empenho":"0000684","classificacao":"105","data_empenho":"2022-02-24","codigo_credor":"09048976000109","nome_credor":"Prefeitura Municipal de Remígio","valor_contratado":4500.00,"valor_pago":4500.00},{"codigo_unidade_gestora":"201157","codigo_unidade_orcamentaria":"02130","numero_empenho":"0000685","classificacao":"105","data_empenho":"2022-02-24","codigo_credor":"09048976000109","nome_credor":"Prefeitura Municipal de Remígio","valor_contratado":4000.00,"valor_pago":4000.00},{"codigo_unidade_gestora":"201157","codigo_unidade_orcamentaria":"02120","numero_empenho":"0000686","classificacao":"105","data_empenho":"2022-02-24","codigo_credor":"09048976000109","nome_credor":"Prefeitura Municipal de Remígio","valor_contratado":4500.00,"valor_pago":4500.00},{"codigo_unidade_gestora":"201157","codigo_unidade_orcamentaria":"02010","numero_empenho":"0000687","classificacao":"98","data_empenho":"2022-02-24","codigo_credor":"09048976000109","nome_credor":"Prefeitura Municipal de Remígio","valor_contratado":2000.00,"valor_pago":2000.00},{"codigo_unidade_gestora":"201157","codigo_unidade_orcamentaria":"02050","numero_empenho":"0000688","classificacao":"98","data_empenho":"2022-02-24","codigo_credor":"09048976000109","nome_credor":"Prefeitura Municipal de Remígio","valor_contratado":41934.76,"valor_pago":41934.76},{"codigo_unidade_gestora":"201157","codigo_unidade_orcamentaria":"02050","numero_empenho":"0000689","classificacao":"98","data_empenho":"2022-02-24","codigo_credor":"09048976000109","nome_credor":"Prefeitura Municipal de Remígio","valor_contratado":599.19,"valor_pago":599.19},{"codigo_unidade_gestora":"201157","codigo_unidade_orcamentaria":"02050","numero_empenho":"0000690","classificacao":"98","data_empenho":"2022-02-24","codigo_credor":"09048976000109","nome_credor":"Prefeitura Municipal de Remígio","valor_contratado":9370.35,"valor_pago":9370.35},{"codigo_unidade_gestora":"201157","codigo_unidade_orcamentaria":"02050","numero_empenho":"0000691","classificacao":"98","data_empenho":"2022-02-24","codigo_credor":"09048976000109","nome_credor":"Prefeitura Municipal de Remígio","valor_contratado":17997.74,"valor_pago":17997.74},{"codigo_unidade_gestora":"201157","codigo_unidade_orcamentaria":"02040","numero_empenho":"0000692","classificacao":"98","data_empenho":"2022-02-24","codigo_credor":"09048976000109","nome_credor":"Prefeitura Municipal de Remígio","valor_contratado":21408.35,"valor_pago":21408.35},{"codigo_unidade_gestora":"201157","codigo_unidade_orcamentaria":"02110","numero_empenho":"0000693","classificacao":"135","data_empenho":"2022-02-24","codigo_credor":"41210014000117","nome_credor":"HOSPITAL DE OLHOS DE CAMPINA GRANDE S/S LTDA EPP","valor_contratado":920.00,"valor_pago":920.00},{"codigo_unidade_gestora":"201157","codigo_unidade_orcamentaria":"02110","numero_empenho":"0000694","classificacao":"135","data_empenho":"2022-02-24","codigo_credor":"02503493000108","nome_credor":"CAMPIMAGEM-CENTRO DE DIAGNOSTICO POR IMA","valor_contratado":180.00,"valor_pago":180.00},{"codigo_unidade_gestora":"201157","codigo_unidade_orcamentaria":"02110","numero_empenho":"0000695","classificacao":"98","data_empenho":"2022-02-24","codigo_credor":"09048976000109","nome_credor":"Prefeitura Municipal de Remígio","valor_contratado":10648.50,"valor_pago":10648.50},{"codigo_unidade_gestora":"201157","codigo_unidade_orcamentaria":"02110","numero_empenho":"0000696","classificacao":"98","data_empenho":"2022-02-24","codigo_credor":"09048976000109","nome_credor":"Prefeitura Municipal de Remígio","valor_contratado":66392.86,"valor_pago":66392.86},{"codigo_unidade_gestora":"201157","codigo_unidade_orcamentaria":"02110","numero_empenho":"0000697","classificacao":"98","data_empenho":"2022-02-24","codigo_credor":"09048976000109","nome_credor":"Prefeitura Municipal de Remígio","valor_contratado":79119.00,"valor_pago":79119.00},{"codigo_unidade_gestora":"201157","codigo_unidade_orcamentaria":"02110","numero_empenho":"0000698","classificacao":"98","data_empenho":"2022-02-24","codigo_credor":"09048976000109","nome_credor":"Prefeitura Municipal de Remígio","valor_contratado":8200.00,"valor_pago":8200.00},{"codigo_unidade_gestora":"201157","codigo_unidade_orcamentaria":"02110","numero_empenho":"0000699","classificacao":"98","data_empenho":"2022-02-24","codigo_credor":"09048976000109","nome_credor":"Prefeitura Municipal de Remígio","valor_contratado":36282.00,"valor_pago":36282.00},{"codigo_unidade_gestora":"201157","codigo_unidade_orcamentaria":"02110","numero_empenho":"0000700","classificacao":"98","data_empenho":"2022-02-24","codigo_credor":"09048976000109","nome_credor":"Prefeitura Municipal de Remígio","valor_contratado":6500.00,"valor_pago":6500.00},{"codigo_unidade_gestora":"201157","codigo_unidade_orcamentaria":"02110","numero_empenho":"0000701","classificacao":"98","data_empenho":"2022-02-24","codigo_credor":"09048976000109","nome_credor":"Prefeitura Municipal de Remígio","valor_contratado":13376.00,"valor_pago":13376.00},{"codigo_unidade_gestora":"201157","codigo_unidade_orcamentaria":"02110","numero_empenho":"0000702","classificacao":"98","data_empenho":"2022-02-24","codigo_credor":"09048976000109","nome_credor":"Prefeitura Municipal de Remígio","valor_contratado":18224.00,"valor_pago":18224.00},{"codigo_unidade_gestora":"201157","codigo_unidade_orcamentaria":"02030","numero_empenho":"0000703","classificacao":"131","data_empenho":"2022-02-24","codigo_credor":"20503858000186","nome_credor":"SILANS & SILVA ADVOGADOS","valor_contratado":3500.00,"valor_pago":3500.00},{"codigo_unidade_gestora":"201157","codigo_unidade_orcamentaria":"02110","numero_empenho":"0000704","classificacao":"98","data_empenho":"2022-02-24","codigo_credor":"09048976000109","nome_credor":"Prefeitura Municipal de Remígio","valor_contratado":2424.00,"valor_pago":2424.00},{"codigo_unidade_gestora":"201157","codigo_unidade_orcamentaria":"02070","numero_empenho":"0000705","classificacao":"98","data_empenho":"2022-02-24","codigo_credor":"09048976000109","nome_credor":"Prefeitura Municipal de Remígio","valor_contratado":2524.00,"valor_pago":2524.00},{"codigo_unidade_gestora":"201157","codigo_unidade_orcamentaria":"02080","numero_empenho":"0000706","classificacao":"98","data_empenho":"2022-02-24","codigo_credor":"09048976000109","nome_credor":"Prefeitura Municipal de Remígio","valor_contratado":11355.60,"valor_pago":11355.60},{"codigo_unidade_gestora":"201157","codigo_unidade_orcamentaria":"02080","numero_empenho":"0000707","classificacao":"98","data_empenho":"2022-02-24","codigo_credor":"09048976000109","nome_credor":"Prefeitura Municipal de Remígio","valor_contratado":2012.00,"valor_pago":2012.00}]}}