{"size":50,"page":11,"total":703,"count":50,"_embedded":{"empenhos":[{"codigo_unidade_gestora":"201157","codigo_unidade_orcamentaria":"02130","numero_empenho":"0001775","classificacao":"127","data_empenho":"2022-04-25","codigo_credor":"00010289187478","nome_credor":"ANDRE NASCIMENTO DA SILVA","valor_contratado":200.00,"valor_pago":200.00},{"codigo_unidade_gestora":"201157","codigo_unidade_orcamentaria":"02130","numero_empenho":"0001776","classificacao":"127","data_empenho":"2022-04-25","codigo_credor":"00070340538473","nome_credor":"WANDSON NUNES PEREIRA","valor_contratado":300.00,"valor_pago":300.00},{"codigo_unidade_gestora":"201157","codigo_unidade_orcamentaria":"02130","numero_empenho":"0001777","classificacao":"127","data_empenho":"2022-04-25","codigo_credor":"00006809580450","nome_credor":"ROSA CELINA SOARES TOMAZ","valor_contratado":100.00,"valor_pago":100.00},{"codigo_unidade_gestora":"201157","codigo_unidade_orcamentaria":"02130","numero_empenho":"0001778","classificacao":"127","data_empenho":"2022-04-25","codigo_credor":"00011517588413","nome_credor":"JULIANO DOS SANTOS LIMA","valor_contratado":200.00,"valor_pago":200.00},{"codigo_unidade_gestora":"201157","codigo_unidade_orcamentaria":"02130","numero_empenho":"0001779","classificacao":"127","data_empenho":"2022-04-25","codigo_credor":"00014446631438","nome_credor":"IVANILSON GONÇALVES DOS SANTOS","valor_contratado":150.00,"valor_pago":150.00},{"codigo_unidade_gestora":"201157","codigo_unidade_orcamentaria":"02130","numero_empenho":"0001780","classificacao":"127","data_empenho":"2022-04-25","codigo_credor":"00085340910482","nome_credor":"JOSIVALDO BENEVENUTO DA SILVA","valor_contratado":100.00,"valor_pago":100.00},{"codigo_unidade_gestora":"201157","codigo_unidade_orcamentaria":"02130","numero_empenho":"0001781","classificacao":"127","data_empenho":"2022-04-25","codigo_credor":"00001584673451","nome_credor":"ANA CLAUDIA SILVA CRUZ","valor_contratado":250.00,"valor_pago":250.00},{"codigo_unidade_gestora":"201157","codigo_unidade_orcamentaria":"02130","numero_empenho":"0001782","classificacao":"127","data_empenho":"2022-04-25","codigo_credor":"00002525970446","nome_credor":"JOZENIA FRANCISCO DE SOUZA","valor_contratado":250.00,"valor_pago":250.00},{"codigo_unidade_gestora":"201157","codigo_unidade_orcamentaria":"02130","numero_empenho":"0001783","classificacao":"127","data_empenho":"2022-04-25","codigo_credor":"00013243124409","nome_credor":"RIVALDO ARTUR SOUZA DOS SANTOS","valor_contratado":250.00,"valor_pago":250.00},{"codigo_unidade_gestora":"201157","codigo_unidade_orcamentaria":"02130","numero_empenho":"0001784","classificacao":"127","data_empenho":"2022-04-25","codigo_credor":"00007266029490","nome_credor":"ANA CAROLINA MELO DA SILVA","valor_contratado":200.00,"valor_pago":200.00},{"codigo_unidade_gestora":"201157","codigo_unidade_orcamentaria":"02130","numero_empenho":"0001785","classificacao":"127","data_empenho":"2022-04-25","codigo_credor":"00006525468469","nome_credor":"ADRIANA SOARES SANTOS MELO","valor_contratado":150.00,"valor_pago":150.00},{"codigo_unidade_gestora":"201157","codigo_unidade_orcamentaria":"02130","numero_empenho":"0001786","classificacao":"127","data_empenho":"2022-04-25","codigo_credor":"00013325343414","nome_credor":"LUCINALDO DE SOUZA LIMA","valor_contratado":200.00,"valor_pago":200.00},{"codigo_unidade_gestora":"201157","codigo_unidade_orcamentaria":"02130","numero_empenho":"0001787","classificacao":"127","data_empenho":"2022-04-25","codigo_credor":"00008297276473","nome_credor":"ALESANDRA VICENTE DIONISIO","valor_contratado":150.00,"valor_pago":150.00},{"codigo_unidade_gestora":"201157","codigo_unidade_orcamentaria":"02130","numero_empenho":"0001788","classificacao":"127","data_empenho":"2022-04-25","codigo_credor":"00070340882417","nome_credor":"CICERO DOS SANTOS","valor_contratado":150.00,"valor_pago":150.00},{"codigo_unidade_gestora":"201157","codigo_unidade_orcamentaria":"02130","numero_empenho":"0001789","classificacao":"127","data_empenho":"2022-04-25","codigo_credor":"00011828369411","nome_credor":"DEBORAH NASCIMENTO SANTOS","valor_contratado":75.00,"valor_pago":75.00},{"codigo_unidade_gestora":"201157","codigo_unidade_orcamentaria":"02130","numero_empenho":"0001790","classificacao":"127","data_empenho":"2022-04-25","codigo_credor":"00009214525439","nome_credor":"LEONARDO MARIANO DA SILVA","valor_contratado":75.00,"valor_pago":75.00},{"codigo_unidade_gestora":"201157","codigo_unidade_orcamentaria":"02090","numero_empenho":"0001791","classificacao":"135","data_empenho":"2022-04-25","codigo_credor":"17923503000131","nome_credor":"ERALDO MARINHO DA SILVA  13540129847","valor_contratado":592.00,"valor_pago":592.00},{"codigo_unidade_gestora":"201157","codigo_unidade_orcamentaria":"02130","numero_empenho":"0001792","classificacao":"127","data_empenho":"2022-04-25","codigo_credor":"00013368608479","nome_credor":"GABRIELA HORACIO DOS SANTOS","valor_contratado":50.00,"valor_pago":50.00},{"codigo_unidade_gestora":"201157","codigo_unidade_orcamentaria":"02110","numero_empenho":"0001793","classificacao":"135","data_empenho":"2022-04-25","codigo_credor":"23472167000150","nome_credor":"IVANILDO FRANCO DA SILVA EIRELI - ME","valor_contratado":1800.00,"valor_pago":1800.00},{"codigo_unidade_gestora":"201157","codigo_unidade_orcamentaria":"02140","numero_empenho":"0001794","classificacao":"128","data_empenho":"2022-04-25","codigo_credor":"25242664000198","nome_credor":"BRUNA EDUARDA BARBOSA GONÇALVES DE LIMA","valor_contratado":1500.00,"valor_pago":1500.00},{"codigo_unidade_gestora":"201157","codigo_unidade_orcamentaria":"02040","numero_empenho":"0001795","classificacao":"126","data_empenho":"2022-04-25","codigo_credor":"01687725000243","nome_credor":"CENTRO ESPECIALIZADO EM NUTRICAO ENTERAL E PARENTERAL - CENEP LTDA","valor_contratado":2170.00,"valor_pago":2170.00},{"codigo_unidade_gestora":"201157","codigo_unidade_orcamentaria":"02080","numero_empenho":"0001796","classificacao":"126","data_empenho":"2022-04-25","codigo_credor":"15609075000141","nome_credor":"CICERO GEOVANIO PRAZERES MELO - ME","valor_contratado":2928.00,"valor_pago":2928.00},{"codigo_unidade_gestora":"201157","codigo_unidade_orcamentaria":"02080","numero_empenho":"0001797","classificacao":"126","data_empenho":"2022-04-25","codigo_credor":"15609075000141","nome_credor":"CICERO GEOVANIO PRAZERES MELO - ME","valor_contratado":910.00,"valor_pago":910.00},{"codigo_unidade_gestora":"201157","codigo_unidade_orcamentaria":"02080","numero_empenho":"0001798","classificacao":"126","data_empenho":"2022-04-25","codigo_credor":"15609075000141","nome_credor":"CICERO GEOVANIO PRAZERES MELO - ME","valor_contratado":670.00,"valor_pago":670.00},{"codigo_unidade_gestora":"201157","codigo_unidade_orcamentaria":"02080","numero_empenho":"0001799","classificacao":"126","data_empenho":"2022-04-25","codigo_credor":"15609075000141","nome_credor":"CICERO GEOVANIO PRAZERES MELO - ME","valor_contratado":1488.00,"valor_pago":1488.00},{"codigo_unidade_gestora":"201157","codigo_unidade_orcamentaria":"02080","numero_empenho":"0001800","classificacao":"126","data_empenho":"2022-04-25","codigo_credor":"15609075000141","nome_credor":"CICERO GEOVANIO PRAZERES MELO - ME","valor_contratado":11725.00,"valor_pago":11725.00},{"codigo_unidade_gestora":"201157","codigo_unidade_orcamentaria":"02080","numero_empenho":"0001801","classificacao":"135","data_empenho":"2022-04-25","codigo_credor":"17923503000131","nome_credor":"ERALDO MARINHO DA SILVA  13540129847","valor_contratado":656.00,"valor_pago":656.00},{"codigo_unidade_gestora":"201157","codigo_unidade_orcamentaria":"02070","numero_empenho":"0001802","classificacao":"135","data_empenho":"2022-04-25","codigo_credor":"17923503000131","nome_credor":"ERALDO MARINHO DA SILVA  13540129847","valor_contratado":128.00,"valor_pago":128.00},{"codigo_unidade_gestora":"201157","codigo_unidade_orcamentaria":"02110","numero_empenho":"0001803","classificacao":"126","data_empenho":"2022-04-25","codigo_credor":"09478023000180","nome_credor":"SANTOS & LUCENA LTDA","valor_contratado":1233.17,"valor_pago":1233.17},{"codigo_unidade_gestora":"201157","codigo_unidade_orcamentaria":"02110","numero_empenho":"0001804","classificacao":"135","data_empenho":"2022-04-25","codigo_credor":"19858858000110","nome_credor":"CENTRO DE ESPECIALIDADES MEDICAS ABIMAR BURITI LTDA","valor_contratado":5450.00,"valor_pago":5450.00},{"codigo_unidade_gestora":"201157","codigo_unidade_orcamentaria":"02080","numero_empenho":"0001805","classificacao":"135","data_empenho":"2022-04-25","codigo_credor":"41201592000197","nome_credor":"ARNOBIO TEIXEIRA DE BRITO LYRA JUNIOR 04183890470","valor_contratado":1375.00,"valor_pago":1375.00},{"codigo_unidade_gestora":"201157","codigo_unidade_orcamentaria":"02080","numero_empenho":"0001806","classificacao":"135","data_empenho":"2022-04-25","codigo_credor":"41201592000197","nome_credor":"ARNOBIO TEIXEIRA DE BRITO LYRA JUNIOR 04183890470","valor_contratado":1365.83,"valor_pago":1365.83},{"codigo_unidade_gestora":"201157","codigo_unidade_orcamentaria":"02140","numero_empenho":"0001807","classificacao":"135","data_empenho":"2022-04-25","codigo_credor":"45908534000159","nome_credor":"LUIZ FELIPE RODRIGUES PATRICIO","valor_contratado":900.00,"valor_pago":900.00},{"codigo_unidade_gestora":"201157","codigo_unidade_orcamentaria":"02080","numero_empenho":"0001808","classificacao":"135","data_empenho":"2022-04-25","codigo_credor":"41201592000197","nome_credor":"ARNOBIO TEIXEIRA DE BRITO LYRA JUNIOR 04183890470","valor_contratado":1389.67,"valor_pago":1389.67},{"codigo_unidade_gestora":"201157","codigo_unidade_orcamentaria":"02140","numero_empenho":"0001809","classificacao":"135","data_empenho":"2022-04-25","codigo_credor":"39154988000189","nome_credor":"LUCIANO OLIVEIRA DA SILVA","valor_contratado":900.00,"valor_pago":900.00},{"codigo_unidade_gestora":"201157","codigo_unidade_orcamentaria":"02140","numero_empenho":"0001810","classificacao":"135","data_empenho":"2022-04-25","codigo_credor":"31082268000143","nome_credor":"MARIA EUNICE FIDELIS DE LIMA 01844384462","valor_contratado":1180.00,"valor_pago":1180.00},{"codigo_unidade_gestora":"201157","codigo_unidade_orcamentaria":"02140","numero_empenho":"0001811","classificacao":"135","data_empenho":"2022-04-25","codigo_credor":"30554144000150","nome_credor":"MARIA ROSICLER GONCALVES DE OLIVEIRA 51109280459","valor_contratado":1200.00,"valor_pago":1200.00},{"codigo_unidade_gestora":"201157","codigo_unidade_orcamentaria":"02140","numero_empenho":"0001812","classificacao":"135","data_empenho":"2022-04-25","codigo_credor":"29616667000103","nome_credor":"CARLOS DANIEL CRUZ FERREIRA 47459129860","valor_contratado":800.00,"valor_pago":800.00},{"codigo_unidade_gestora":"201157","codigo_unidade_orcamentaria":"02040","numero_empenho":"0001813","classificacao":"135","data_empenho":"2022-04-25","codigo_credor":"09653741000146","nome_credor":"CENTRO PARAIBANO DE NEUROCIENCIAS COGNITIVAS LTDA","valor_contratado":180.00,"valor_pago":180.00},{"codigo_unidade_gestora":"201157","codigo_unidade_orcamentaria":"02020","numero_empenho":"0001814","classificacao":"135","data_empenho":"2022-04-25","codigo_credor":"00000000280704","nome_credor":"BANCO DO BRASIL S/A","valor_contratado":44.00,"valor_pago":44.00},{"codigo_unidade_gestora":"201157","codigo_unidade_orcamentaria":"02020","numero_empenho":"0001815","classificacao":"135","data_empenho":"2022-04-25","codigo_credor":"00360305000104","nome_credor":"CAIXA ECONOMICA FEDERAL","valor_contratado":49.00,"valor_pago":49.00},{"codigo_unidade_gestora":"201157","codigo_unidade_orcamentaria":"02020","numero_empenho":"0001816","classificacao":"135","data_empenho":"2022-04-25","codigo_credor":"00360305000104","nome_credor":"CAIXA ECONOMICA FEDERAL","valor_contratado":49.00,"valor_pago":49.00},{"codigo_unidade_gestora":"201157","codigo_unidade_orcamentaria":"02020","numero_empenho":"0001817","classificacao":"135","data_empenho":"2022-04-25","codigo_credor":"00360305000104","nome_credor":"CAIXA ECONOMICA FEDERAL","valor_contratado":49.00,"valor_pago":49.00},{"codigo_unidade_gestora":"201157","codigo_unidade_orcamentaria":"02040","numero_empenho":"0001819","classificacao":"135","data_empenho":"2022-04-26","codigo_credor":"02674275000136","nome_credor":"CARDIO IMAGEM SERV. DE DIAGNOSTICOS POR IMAGEM LTDA","valor_contratado":600.00,"valor_pago":600.00},{"codigo_unidade_gestora":"201157","codigo_unidade_orcamentaria":"02050","numero_empenho":"0001820","classificacao":"135","data_empenho":"2022-04-26","codigo_credor":"04685950000158","nome_credor":"AZUS COPY CENTER COM.E SERVICOS LTDA","valor_contratado":2406.14,"valor_pago":2406.14},{"codigo_unidade_gestora":"201157","codigo_unidade_orcamentaria":"02020","numero_empenho":"0001821","classificacao":"135","data_empenho":"2022-04-26","codigo_credor":"04685950000158","nome_credor":"AZUS COPY CENTER COM.E SERVICOS LTDA","valor_contratado":650.00,"valor_pago":650.00},{"codigo_unidade_gestora":"201157","codigo_unidade_orcamentaria":"02010","numero_empenho":"0001822","classificacao":"131","data_empenho":"2022-04-26","codigo_credor":"10954450000177","nome_credor":"IRAMILTON SATIRO DA NOBREGA","valor_contratado":2600.00,"valor_pago":2600.00},{"codigo_unidade_gestora":"201157","codigo_unidade_orcamentaria":"02020","numero_empenho":"0001823","classificacao":"135","data_empenho":"2022-04-26","codigo_credor":"04685950000158","nome_credor":"AZUS COPY CENTER COM.E SERVICOS LTDA","valor_contratado":325.00,"valor_pago":325.00},{"codigo_unidade_gestora":"201157","codigo_unidade_orcamentaria":"02010","numero_empenho":"0001824","classificacao":"105","data_empenho":"2022-04-26","codigo_credor":"09048976000109","nome_credor":"Prefeitura Municipal de Remígio","valor_contratado":19500.00,"valor_pago":19500.00},{"codigo_unidade_gestora":"201157","codigo_unidade_orcamentaria":"02010","numero_empenho":"0001825","classificacao":"105","data_empenho":"2022-04-26","codigo_credor":"09048976000109","nome_credor":"Prefeitura Municipal de Remígio","valor_contratado":13842.38,"valor_pago":13842.38}]}}