{"size":50,"page":9,"total":522,"count":50,"_embedded":{"empenhos":[{"codigo_unidade_gestora":"201157","codigo_unidade_orcamentaria":"02130","numero_empenho":"0001152","classificacao":"135","data_empenho":"2022-03-25","codigo_credor":"29776170000144","nome_credor":"WALMIR BEZERRA DA SILVA 09668419480","valor_contratado":300.00,"valor_pago":300.00},{"codigo_unidade_gestora":"201157","codigo_unidade_orcamentaria":"02080","numero_empenho":"0001153","classificacao":"135","data_empenho":"2022-03-25","codigo_credor":"29776170000144","nome_credor":"WALMIR BEZERRA DA SILVA 09668419480","valor_contratado":300.00,"valor_pago":300.00},{"codigo_unidade_gestora":"201157","codigo_unidade_orcamentaria":"02040","numero_empenho":"0001154","classificacao":"135","data_empenho":"2022-03-25","codigo_credor":"29776170000144","nome_credor":"WALMIR BEZERRA DA SILVA 09668419480","valor_contratado":300.00,"valor_pago":300.00},{"codigo_unidade_gestora":"201157","codigo_unidade_orcamentaria":"02050","numero_empenho":"0001155","classificacao":"126","data_empenho":"2022-03-25","codigo_credor":"01686814000194","nome_credor":"ALEXSANDRA DINIZ FERNANDES","valor_contratado":15845.45,"valor_pago":15845.45},{"codigo_unidade_gestora":"201157","codigo_unidade_orcamentaria":"02010","numero_empenho":"0001156","classificacao":"135","data_empenho":"2022-03-25","codigo_credor":"29776170000144","nome_credor":"WALMIR BEZERRA DA SILVA 09668419480","valor_contratado":300.00,"valor_pago":300.00},{"codigo_unidade_gestora":"201157","codigo_unidade_orcamentaria":"02130","numero_empenho":"0001157","classificacao":"135","data_empenho":"2022-03-28","codigo_credor":"29458217000121","nome_credor":"MARCOS ANTONIO BATISTA REIS 85353213491","valor_contratado":1350.00,"valor_pago":1350.00},{"codigo_unidade_gestora":"201157","codigo_unidade_orcamentaria":"02010","numero_empenho":"0001158","classificacao":"105","data_empenho":"2022-03-28","codigo_credor":"09048976000109","nome_credor":"Prefeitura Municipal de Remígio","valor_contratado":19500.00,"valor_pago":19500.00},{"codigo_unidade_gestora":"201157","codigo_unidade_orcamentaria":"02050","numero_empenho":"0001159","classificacao":"135","data_empenho":"2022-03-28","codigo_credor":"17572003000100","nome_credor":"PHELIPE E VASCONCELOS INFORMATICA LTDA-ME","valor_contratado":380.00,"valor_pago":380.00},{"codigo_unidade_gestora":"201157","codigo_unidade_orcamentaria":"02080","numero_empenho":"0001160","classificacao":"135","data_empenho":"2022-03-28","codigo_credor":"41201592000197","nome_credor":"ARNOBIO TEIXEIRA DE BRITO LYRA JUNIOR 04183890470","valor_contratado":1389.67,"valor_pago":1389.67},{"codigo_unidade_gestora":"201157","codigo_unidade_orcamentaria":"02010","numero_empenho":"0001161","classificacao":"105","data_empenho":"2022-03-28","codigo_credor":"09048976000109","nome_credor":"Prefeitura Municipal de Remígio","valor_contratado":13842.38,"valor_pago":13842.38},{"codigo_unidade_gestora":"201157","codigo_unidade_orcamentaria":"02010","numero_empenho":"0001162","classificacao":"105","data_empenho":"2022-03-28","codigo_credor":"09048976000109","nome_credor":"Prefeitura Municipal de Remígio","valor_contratado":13962.57,"valor_pago":13962.57},{"codigo_unidade_gestora":"201157","codigo_unidade_orcamentaria":"02080","numero_empenho":"0001163","classificacao":"135","data_empenho":"2022-03-28","codigo_credor":"41201592000197","nome_credor":"ARNOBIO TEIXEIRA DE BRITO LYRA JUNIOR 04183890470","valor_contratado":1375.00,"valor_pago":1375.00},{"codigo_unidade_gestora":"201157","codigo_unidade_orcamentaria":"02010","numero_empenho":"0001164","classificacao":"105","data_empenho":"2022-03-28","codigo_credor":"09048976000109","nome_credor":"Prefeitura Municipal de Remígio","valor_contratado":3000.00,"valor_pago":3000.00},{"codigo_unidade_gestora":"201157","codigo_unidade_orcamentaria":"02040","numero_empenho":"0001165","classificacao":"135","data_empenho":"2022-03-28","codigo_credor":"17572003000100","nome_credor":"PHELIPE E VASCONCELOS INFORMATICA LTDA-ME","valor_contratado":280.00,"valor_pago":280.00},{"codigo_unidade_gestora":"201157","codigo_unidade_orcamentaria":"02020","numero_empenho":"0001166","classificacao":"105","data_empenho":"2022-03-28","codigo_credor":"09048976000109","nome_credor":"Prefeitura Municipal de Remígio","valor_contratado":13160.28,"valor_pago":13160.28},{"codigo_unidade_gestora":"201157","codigo_unidade_orcamentaria":"02080","numero_empenho":"0001167","classificacao":"135","data_empenho":"2022-03-28","codigo_credor":"41201592000197","nome_credor":"ARNOBIO TEIXEIRA DE BRITO LYRA JUNIOR 04183890470","valor_contratado":1365.83,"valor_pago":1365.83},{"codigo_unidade_gestora":"201157","codigo_unidade_orcamentaria":"02020","numero_empenho":"0001168","classificacao":"105","data_empenho":"2022-03-28","codigo_credor":"09048976000109","nome_credor":"Prefeitura Municipal de Remígio","valor_contratado":315.23,"valor_pago":315.23},{"codigo_unidade_gestora":"201157","codigo_unidade_orcamentaria":"02040","numero_empenho":"0001169","classificacao":"135","data_empenho":"2022-03-28","codigo_credor":"17572003000100","nome_credor":"PHELIPE E VASCONCELOS INFORMATICA LTDA-ME","valor_contratado":650.00,"valor_pago":650.00},{"codigo_unidade_gestora":"201157","codigo_unidade_orcamentaria":"02020","numero_empenho":"0001170","classificacao":"97","data_empenho":"2022-03-28","codigo_credor":"09048976000109","nome_credor":"Prefeitura Municipal de Remígio","valor_contratado":7272.00,"valor_pago":7272.00},{"codigo_unidade_gestora":"201157","codigo_unidade_orcamentaria":"02040","numero_empenho":"0001171","classificacao":"126","data_empenho":"2022-03-28","codigo_credor":"17572003000100","nome_credor":"PHELIPE E VASCONCELOS INFORMATICA LTDA-ME","valor_contratado":160.00,"valor_pago":160.00},{"codigo_unidade_gestora":"201157","codigo_unidade_orcamentaria":"02020","numero_empenho":"0001172","classificacao":"135","data_empenho":"2022-03-28","codigo_credor":"00000000280704","nome_credor":"BANCO DO BRASIL S/A","valor_contratado":165.00,"valor_pago":165.00},{"codigo_unidade_gestora":"201157","codigo_unidade_orcamentaria":"02050","numero_empenho":"0001173","classificacao":"105","data_empenho":"2022-03-28","codigo_credor":"09048976000109","nome_credor":"Prefeitura Municipal de Remígio","valor_contratado":16611.40,"valor_pago":16611.40},{"codigo_unidade_gestora":"201157","codigo_unidade_orcamentaria":"02140","numero_empenho":"0001174","classificacao":"126","data_empenho":"2022-03-28","codigo_credor":"24747519000104","nome_credor":"JC CAVALCANTE","valor_contratado":505.21,"valor_pago":505.21},{"codigo_unidade_gestora":"201157","codigo_unidade_orcamentaria":"02050","numero_empenho":"0001175","classificacao":"105","data_empenho":"2022-03-28","codigo_credor":"09048976000109","nome_credor":"Prefeitura Municipal de Remígio","valor_contratado":314765.81,"valor_pago":314765.81},{"codigo_unidade_gestora":"201157","codigo_unidade_orcamentaria":"02110","numero_empenho":"0001176","classificacao":"126","data_empenho":"2022-03-28","codigo_credor":"24747519000104","nome_credor":"JC CAVALCANTE","valor_contratado":3111.65,"valor_pago":3111.65},{"codigo_unidade_gestora":"201157","codigo_unidade_orcamentaria":"02050","numero_empenho":"0001177","classificacao":"105","data_empenho":"2022-03-28","codigo_credor":"09048976000109","nome_credor":"Prefeitura Municipal de Remígio","valor_contratado":221232.56,"valor_pago":221232.56},{"codigo_unidade_gestora":"201157","codigo_unidade_orcamentaria":"02110","numero_empenho":"0001178","classificacao":"126","data_empenho":"2022-03-28","codigo_credor":"24747519000104","nome_credor":"JC CAVALCANTE","valor_contratado":6345.37,"valor_pago":6345.37},{"codigo_unidade_gestora":"201157","codigo_unidade_orcamentaria":"02010","numero_empenho":"0001179","classificacao":"126","data_empenho":"2022-03-28","codigo_credor":"24747519000104","nome_credor":"JC CAVALCANTE","valor_contratado":1982.32,"valor_pago":1982.32},{"codigo_unidade_gestora":"201157","codigo_unidade_orcamentaria":"02050","numero_empenho":"0001180","classificacao":"105","data_empenho":"2022-03-28","codigo_credor":"09048976000109","nome_credor":"Prefeitura Municipal de Remígio","valor_contratado":30329.84,"valor_pago":30329.84},{"codigo_unidade_gestora":"201157","codigo_unidade_orcamentaria":"02110","numero_empenho":"0001181","classificacao":"135","data_empenho":"2022-03-28","codigo_credor":"03823681000186","nome_credor":"LEONIDAS JOSE ALVERGA DE MEDEIROS-ME","valor_contratado":2000.00,"valor_pago":2000.00},{"codigo_unidade_gestora":"201157","codigo_unidade_orcamentaria":"02050","numero_empenho":"0001182","classificacao":"105","data_empenho":"2022-03-28","codigo_credor":"09048976000109","nome_credor":"Prefeitura Municipal de Remígio","valor_contratado":183561.95,"valor_pago":183561.95},{"codigo_unidade_gestora":"201157","codigo_unidade_orcamentaria":"02050","numero_empenho":"0001183","classificacao":"105","data_empenho":"2022-03-28","codigo_credor":"09048976000109","nome_credor":"Prefeitura Municipal de Remígio","valor_contratado":16484.36,"valor_pago":16484.36},{"codigo_unidade_gestora":"201157","codigo_unidade_orcamentaria":"02110","numero_empenho":"0001184","classificacao":"135","data_empenho":"2022-03-28","codigo_credor":"08716557000135","nome_credor":"CLINICA RADIOLOGICA DR.WANDERLEY LTDA","valor_contratado":330.00,"valor_pago":330.00},{"codigo_unidade_gestora":"201157","codigo_unidade_orcamentaria":"02110","numero_empenho":"0001185","classificacao":"126","data_empenho":"2022-03-28","codigo_credor":"26156923000120","nome_credor":"EXPRESS DISTRIBUIDORA DE MEDICAMENTOS LTDA","valor_contratado":0.00,"valor_pago":15141.80},{"codigo_unidade_gestora":"201157","codigo_unidade_orcamentaria":"02110","numero_empenho":"0001186","classificacao":"126","data_empenho":"2022-03-28","codigo_credor":"26156923000120","nome_credor":"EXPRESS DISTRIBUIDORA DE MEDICAMENTOS LTDA","valor_contratado":356.40,"valor_pago":356.40},{"codigo_unidade_gestora":"201157","codigo_unidade_orcamentaria":"02110","numero_empenho":"0001187","classificacao":"126","data_empenho":"2022-03-28","codigo_credor":"26156923000120","nome_credor":"EXPRESS DISTRIBUIDORA DE MEDICAMENTOS LTDA","valor_contratado":138.60,"valor_pago":138.60},{"codigo_unidade_gestora":"201157","codigo_unidade_orcamentaria":"02110","numero_empenho":"0001188","classificacao":"126","data_empenho":"2022-03-28","codigo_credor":"26156923000120","nome_credor":"EXPRESS DISTRIBUIDORA DE MEDICAMENTOS LTDA","valor_contratado":1140.00,"valor_pago":1140.00},{"codigo_unidade_gestora":"201157","codigo_unidade_orcamentaria":"02040","numero_empenho":"0001189","classificacao":"135","data_empenho":"2022-03-28","codigo_credor":"09095183000140","nome_credor":"ENERGISA","valor_contratado":72.05,"valor_pago":72.05},{"codigo_unidade_gestora":"201157","codigo_unidade_orcamentaria":"02050","numero_empenho":"0001190","classificacao":"135","data_empenho":"2022-03-29","codigo_credor":"09095183000140","nome_credor":"ENERGISA","valor_contratado":56.28,"valor_pago":56.28},{"codigo_unidade_gestora":"201157","codigo_unidade_orcamentaria":"02050","numero_empenho":"0001191","classificacao":"105","data_empenho":"2022-03-29","codigo_credor":"09048976000109","nome_credor":"Prefeitura Municipal de Remígio","valor_contratado":17470.77,"valor_pago":17470.77},{"codigo_unidade_gestora":"201157","codigo_unidade_orcamentaria":"02050","numero_empenho":"0001192","classificacao":"105","data_empenho":"2022-03-29","codigo_credor":"09048976000109","nome_credor":"Prefeitura Municipal de Remígio","valor_contratado":10582.14,"valor_pago":10582.14},{"codigo_unidade_gestora":"201157","codigo_unidade_orcamentaria":"02110","numero_empenho":"0001193","classificacao":"135","data_empenho":"2022-03-29","codigo_credor":"23472167000150","nome_credor":"IVANILDO FRANCO DA SILVA EIRELI - ME","valor_contratado":1800.00,"valor_pago":1800.00},{"codigo_unidade_gestora":"201157","codigo_unidade_orcamentaria":"02050","numero_empenho":"0001194","classificacao":"105","data_empenho":"2022-03-29","codigo_credor":"09048976000109","nome_credor":"Prefeitura Municipal de Remígio","valor_contratado":19847.16,"valor_pago":19847.16},{"codigo_unidade_gestora":"201157","codigo_unidade_orcamentaria":"02050","numero_empenho":"0001195","classificacao":"105","data_empenho":"2022-03-29","codigo_credor":"09048976000109","nome_credor":"Prefeitura Municipal de Remígio","valor_contratado":737.07,"valor_pago":737.07},{"codigo_unidade_gestora":"201157","codigo_unidade_orcamentaria":"02110","numero_empenho":"0001196","classificacao":"135","data_empenho":"2022-03-29","codigo_credor":"19500415000152","nome_credor":"EDER BATISTA DE SOUSA","valor_contratado":13050.00,"valor_pago":13050.00},{"codigo_unidade_gestora":"201157","codigo_unidade_orcamentaria":"02050","numero_empenho":"0001197","classificacao":"105","data_empenho":"2022-03-29","codigo_credor":"09048976000109","nome_credor":"Prefeitura Municipal de Remígio","valor_contratado":138527.37,"valor_pago":138527.37},{"codigo_unidade_gestora":"201157","codigo_unidade_orcamentaria":"02050","numero_empenho":"0001198","classificacao":"105","data_empenho":"2022-03-29","codigo_credor":"09048976000109","nome_credor":"Prefeitura Municipal de Remígio","valor_contratado":11085.97,"valor_pago":11085.97},{"codigo_unidade_gestora":"201157","codigo_unidade_orcamentaria":"02050","numero_empenho":"0001199","classificacao":"105","data_empenho":"2022-03-29","codigo_credor":"09048976000109","nome_credor":"Prefeitura Municipal de Remígio","valor_contratado":116834.86,"valor_pago":116834.86},{"codigo_unidade_gestora":"201157","codigo_unidade_orcamentaria":"02040","numero_empenho":"0001200","classificacao":"105","data_empenho":"2022-03-29","codigo_credor":"09048976000109","nome_credor":"Prefeitura Municipal de Remígio","valor_contratado":108543.46,"valor_pago":108543.46},{"codigo_unidade_gestora":"201157","codigo_unidade_orcamentaria":"02110","numero_empenho":"0001201","classificacao":"135","data_empenho":"2022-03-29","codigo_credor":"70133350000101","nome_credor":"ORTOTRAUMA CLINICA MEDICA S/S LTDA.","valor_contratado":450.00,"valor_pago":450.00}]}}