{"size":50,"page":5,"total":1183,"count":50,"_embedded":{"empenhos":[{"codigo_unidade_gestora":"201157","codigo_unidade_orcamentaria":"02050","numero_empenho":"0007656","classificacao":"135","data_empenho":"2022-12-07","codigo_credor":"08361818000141","nome_credor":"CARTORIO DO UNICO OFICIO","valor_contratado":150.00,"valor_pago":150.00},{"codigo_unidade_gestora":"201157","codigo_unidade_orcamentaria":"02090","numero_empenho":"0007657","classificacao":"126","data_empenho":"2022-12-07","codigo_credor":"09261355000109","nome_credor":"HILTON PINHEIRO DANTAS","valor_contratado":9469.32,"valor_pago":0.00},{"codigo_unidade_gestora":"201157","codigo_unidade_orcamentaria":"02090","numero_empenho":"0007658","classificacao":"126","data_empenho":"2022-12-07","codigo_credor":"09261355000109","nome_credor":"HILTON PINHEIRO DANTAS","valor_contratado":1299.15,"valor_pago":0.00},{"codigo_unidade_gestora":"201157","codigo_unidade_orcamentaria":"02050","numero_empenho":"0007659","classificacao":"135","data_empenho":"2022-12-07","codigo_credor":"29458217000121","nome_credor":"MARCOS ANTONIO BATISTA REIS 85353213491","valor_contratado":7000.00,"valor_pago":7000.00},{"codigo_unidade_gestora":"201157","codigo_unidade_orcamentaria":"02090","numero_empenho":"0007660","classificacao":"126","data_empenho":"2022-12-07","codigo_credor":"09261355000109","nome_credor":"HILTON PINHEIRO DANTAS","valor_contratado":7287.61,"valor_pago":0.00},{"codigo_unidade_gestora":"201157","codigo_unidade_orcamentaria":"02010","numero_empenho":"0007661","classificacao":"135","data_empenho":"2022-12-07","codigo_credor":"29458217000121","nome_credor":"MARCOS ANTONIO BATISTA REIS 85353213491","valor_contratado":3350.00,"valor_pago":3350.00},{"codigo_unidade_gestora":"201157","codigo_unidade_orcamentaria":"02090","numero_empenho":"0007662","classificacao":"126","data_empenho":"2022-12-07","codigo_credor":"09261355000109","nome_credor":"HILTON PINHEIRO DANTAS","valor_contratado":5511.07,"valor_pago":0.00},{"codigo_unidade_gestora":"201157","codigo_unidade_orcamentaria":"02080","numero_empenho":"0007663","classificacao":"126","data_empenho":"2022-12-07","codigo_credor":"09261355000109","nome_credor":"HILTON PINHEIRO DANTAS","valor_contratado":668.48,"valor_pago":0.00},{"codigo_unidade_gestora":"201157","codigo_unidade_orcamentaria":"02040","numero_empenho":"0007664","classificacao":"135","data_empenho":"2022-12-07","codigo_credor":"22909263000150","nome_credor":"JOSE DE ARIMATEIA R.GONÇALVES 01608645428","valor_contratado":200.00,"valor_pago":200.00},{"codigo_unidade_gestora":"201157","codigo_unidade_orcamentaria":"02040","numero_empenho":"0007665","classificacao":"135","data_empenho":"2022-12-07","codigo_credor":"28253940000101","nome_credor":"DAVILLA IZIDIO DE ANDRADE","valor_contratado":200.00,"valor_pago":200.00},{"codigo_unidade_gestora":"201157","codigo_unidade_orcamentaria":"02080","numero_empenho":"0007666","classificacao":"126","data_empenho":"2022-12-07","codigo_credor":"09261355000109","nome_credor":"HILTON PINHEIRO DANTAS","valor_contratado":7316.89,"valor_pago":0.00},{"codigo_unidade_gestora":"201157","codigo_unidade_orcamentaria":"02050","numero_empenho":"0007667","classificacao":"135","data_empenho":"2022-12-07","codigo_credor":"22909263000150","nome_credor":"JOSE DE ARIMATEIA R.GONÇALVES 01608645428","valor_contratado":400.00,"valor_pago":400.00},{"codigo_unidade_gestora":"201157","codigo_unidade_orcamentaria":"02080","numero_empenho":"0007668","classificacao":"126","data_empenho":"2022-12-07","codigo_credor":"09261355000109","nome_credor":"HILTON PINHEIRO DANTAS","valor_contratado":7891.07,"valor_pago":0.00},{"codigo_unidade_gestora":"201157","codigo_unidade_orcamentaria":"02050","numero_empenho":"0007669","classificacao":"135","data_empenho":"2022-12-07","codigo_credor":"28253940000101","nome_credor":"DAVILLA IZIDIO DE ANDRADE","valor_contratado":400.00,"valor_pago":400.00},{"codigo_unidade_gestora":"201157","codigo_unidade_orcamentaria":"02010","numero_empenho":"0007670","classificacao":"135","data_empenho":"2022-12-07","codigo_credor":"28253940000101","nome_credor":"DAVILLA IZIDIO DE ANDRADE","valor_contratado":700.00,"valor_pago":700.00},{"codigo_unidade_gestora":"201157","codigo_unidade_orcamentaria":"02080","numero_empenho":"0007671","classificacao":"126","data_empenho":"2022-12-07","codigo_credor":"09261355000109","nome_credor":"HILTON PINHEIRO DANTAS","valor_contratado":1293.84,"valor_pago":0.00},{"codigo_unidade_gestora":"201157","codigo_unidade_orcamentaria":"02010","numero_empenho":"0007672","classificacao":"135","data_empenho":"2022-12-07","codigo_credor":"22909263000150","nome_credor":"JOSE DE ARIMATEIA R.GONÇALVES 01608645428","valor_contratado":700.00,"valor_pago":700.00},{"codigo_unidade_gestora":"201157","codigo_unidade_orcamentaria":"02080","numero_empenho":"0007673","classificacao":"126","data_empenho":"2022-12-07","codigo_credor":"09261355000109","nome_credor":"HILTON PINHEIRO DANTAS","valor_contratado":1207.65,"valor_pago":0.00},{"codigo_unidade_gestora":"201157","codigo_unidade_orcamentaria":"02080","numero_empenho":"0007674","classificacao":"126","data_empenho":"2022-12-07","codigo_credor":"09261355000109","nome_credor":"HILTON PINHEIRO DANTAS","valor_contratado":715.19,"valor_pago":0.00},{"codigo_unidade_gestora":"201157","codigo_unidade_orcamentaria":"02010","numero_empenho":"0007675","classificacao":"135","data_empenho":"2022-12-07","codigo_credor":"17760192000137","nome_credor":"VALDEMIR CLEMENTINO DE AGUIAR 97705047420","valor_contratado":1550.00,"valor_pago":1550.00},{"codigo_unidade_gestora":"201157","codigo_unidade_orcamentaria":"02080","numero_empenho":"0007676","classificacao":"126","data_empenho":"2022-12-07","codigo_credor":"09261355000109","nome_credor":"HILTON PINHEIRO DANTAS","valor_contratado":5820.05,"valor_pago":0.00},{"codigo_unidade_gestora":"201157","codigo_unidade_orcamentaria":"02130","numero_empenho":"0007677","classificacao":"126","data_empenho":"2022-12-07","codigo_credor":"09261355000109","nome_credor":"HILTON PINHEIRO DANTAS","valor_contratado":1915.68,"valor_pago":0.00},{"codigo_unidade_gestora":"201157","codigo_unidade_orcamentaria":"02090","numero_empenho":"0007678","classificacao":"135","data_empenho":"2022-12-07","codigo_credor":"45697759000103","nome_credor":"LEONARDO FREIRE ROCHA 09459732410","valor_contratado":18720.00,"valor_pago":18720.00},{"codigo_unidade_gestora":"201157","codigo_unidade_orcamentaria":"02080","numero_empenho":"0007679","classificacao":"126","data_empenho":"2022-12-07","codigo_credor":"09261355000109","nome_credor":"HILTON PINHEIRO DANTAS","valor_contratado":266.80,"valor_pago":0.00},{"codigo_unidade_gestora":"201157","codigo_unidade_orcamentaria":"02050","numero_empenho":"0007680","classificacao":"135","data_empenho":"2022-12-07","codigo_credor":"45697759000103","nome_credor":"LEONARDO FREIRE ROCHA 09459732410","valor_contratado":4320.00,"valor_pago":4320.00},{"codigo_unidade_gestora":"201157","codigo_unidade_orcamentaria":"02090","numero_empenho":"0007681","classificacao":"135","data_empenho":"2022-12-07","codigo_credor":"45697759000103","nome_credor":"LEONARDO FREIRE ROCHA 09459732410","valor_contratado":12750.00,"valor_pago":12750.00},{"codigo_unidade_gestora":"201157","codigo_unidade_orcamentaria":"02050","numero_empenho":"0007682","classificacao":"126","data_empenho":"2022-12-07","codigo_credor":"09261355000109","nome_credor":"HILTON PINHEIRO DANTAS","valor_contratado":2440.11,"valor_pago":0.00},{"codigo_unidade_gestora":"201157","codigo_unidade_orcamentaria":"02090","numero_empenho":"0007683","classificacao":"135","data_empenho":"2022-12-07","codigo_credor":"40095475000123","nome_credor":"FRANCISCO FERNANDES DIAS 13433688800","valor_contratado":15660.00,"valor_pago":15660.00},{"codigo_unidade_gestora":"201157","codigo_unidade_orcamentaria":"02050","numero_empenho":"0007684","classificacao":"126","data_empenho":"2022-12-07","codigo_credor":"09261355000109","nome_credor":"HILTON PINHEIRO DANTAS","valor_contratado":1331.50,"valor_pago":0.00},{"codigo_unidade_gestora":"201157","codigo_unidade_orcamentaria":"02130","numero_empenho":"0007685","classificacao":"126","data_empenho":"2022-12-07","codigo_credor":"42867490000178","nome_credor":"SPORTS TEXTIL COMERCIO DE ARTIGOS ESPORTIVOS E EVENTOS LTDA","valor_contratado":14002.25,"valor_pago":14002.25},{"codigo_unidade_gestora":"201157","codigo_unidade_orcamentaria":"02090","numero_empenho":"0007686","classificacao":"135","data_empenho":"2022-12-07","codigo_credor":"40095475000123","nome_credor":"FRANCISCO FERNANDES DIAS 13433688800","valor_contratado":17170.00,"valor_pago":17170.00},{"codigo_unidade_gestora":"201157","codigo_unidade_orcamentaria":"02110","numero_empenho":"0007687","classificacao":"135","data_empenho":"2022-12-07","codigo_credor":"40095475000123","nome_credor":"FRANCISCO FERNANDES DIAS 13433688800","valor_contratado":1280.00,"valor_pago":1280.00},{"codigo_unidade_gestora":"201157","codigo_unidade_orcamentaria":"02110","numero_empenho":"0007688","classificacao":"135","data_empenho":"2022-12-07","codigo_credor":"40095475000123","nome_credor":"FRANCISCO FERNANDES DIAS 13433688800","valor_contratado":160.00,"valor_pago":160.00},{"codigo_unidade_gestora":"201157","codigo_unidade_orcamentaria":"02110","numero_empenho":"0007689","classificacao":"135","data_empenho":"2022-12-07","codigo_credor":"40095475000123","nome_credor":"FRANCISCO FERNANDES DIAS 13433688800","valor_contratado":640.00,"valor_pago":640.00},{"codigo_unidade_gestora":"201157","codigo_unidade_orcamentaria":"02050","numero_empenho":"0007690","classificacao":"126","data_empenho":"2022-12-07","codigo_credor":"09261355000109","nome_credor":"HILTON PINHEIRO DANTAS","valor_contratado":3530.73,"valor_pago":0.00},{"codigo_unidade_gestora":"201157","codigo_unidade_orcamentaria":"02050","numero_empenho":"0007691","classificacao":"126","data_empenho":"2022-12-07","codigo_credor":"09261355000109","nome_credor":"HILTON PINHEIRO DANTAS","valor_contratado":6179.04,"valor_pago":0.00},{"codigo_unidade_gestora":"201157","codigo_unidade_orcamentaria":"02050","numero_empenho":"0007692","classificacao":"126","data_empenho":"2022-12-07","codigo_credor":"09261355000109","nome_credor":"HILTON PINHEIRO DANTAS","valor_contratado":2639.54,"valor_pago":0.00},{"codigo_unidade_gestora":"201157","codigo_unidade_orcamentaria":"02050","numero_empenho":"0007693","classificacao":"126","data_empenho":"2022-12-07","codigo_credor":"09261355000109","nome_credor":"HILTON PINHEIRO DANTAS","valor_contratado":3757.92,"valor_pago":0.00},{"codigo_unidade_gestora":"201157","codigo_unidade_orcamentaria":"02050","numero_empenho":"0007694","classificacao":"126","data_empenho":"2022-12-07","codigo_credor":"09261355000109","nome_credor":"HILTON PINHEIRO DANTAS","valor_contratado":5817.63,"valor_pago":0.00},{"codigo_unidade_gestora":"201157","codigo_unidade_orcamentaria":"02050","numero_empenho":"0007695","classificacao":"126","data_empenho":"2022-12-07","codigo_credor":"09261355000109","nome_credor":"HILTON PINHEIRO DANTAS","valor_contratado":2214.26,"valor_pago":0.00},{"codigo_unidade_gestora":"201157","codigo_unidade_orcamentaria":"02050","numero_empenho":"0007696","classificacao":"126","data_empenho":"2022-12-07","codigo_credor":"09261355000109","nome_credor":"HILTON PINHEIRO DANTAS","valor_contratado":2230.29,"valor_pago":0.00},{"codigo_unidade_gestora":"201157","codigo_unidade_orcamentaria":"02050","numero_empenho":"0007697","classificacao":"126","data_empenho":"2022-12-07","codigo_credor":"09261355000109","nome_credor":"HILTON PINHEIRO DANTAS","valor_contratado":1024.55,"valor_pago":0.00},{"codigo_unidade_gestora":"201157","codigo_unidade_orcamentaria":"02070","numero_empenho":"0007698","classificacao":"126","data_empenho":"2022-12-07","codigo_credor":"09261355000109","nome_credor":"HILTON PINHEIRO DANTAS","valor_contratado":934.92,"valor_pago":0.00},{"codigo_unidade_gestora":"201157","codigo_unidade_orcamentaria":"02070","numero_empenho":"0007699","classificacao":"126","data_empenho":"2022-12-07","codigo_credor":"09261355000109","nome_credor":"HILTON PINHEIRO DANTAS","valor_contratado":507.32,"valor_pago":0.00},{"codigo_unidade_gestora":"201157","codigo_unidade_orcamentaria":"02010","numero_empenho":"0007700","classificacao":"126","data_empenho":"2022-12-07","codigo_credor":"09261355000109","nome_credor":"HILTON PINHEIRO DANTAS","valor_contratado":502.54,"valor_pago":0.00},{"codigo_unidade_gestora":"201157","codigo_unidade_orcamentaria":"02080","numero_empenho":"0007701","classificacao":"126","data_empenho":"2022-12-07","codigo_credor":"09261355000109","nome_credor":"HILTON PINHEIRO DANTAS","valor_contratado":96.10,"valor_pago":0.00},{"codigo_unidade_gestora":"201157","codigo_unidade_orcamentaria":"02050","numero_empenho":"0007702","classificacao":"114","data_empenho":"2022-12-07","codigo_credor":"61600839000155","nome_credor":"CIEE-CENTRO DE INTEGRAÇÃO EMPRESA ESCOLA","valor_contratado":35918.83,"valor_pago":35918.83},{"codigo_unidade_gestora":"201157","codigo_unidade_orcamentaria":"02080","numero_empenho":"0007703","classificacao":"126","data_empenho":"2022-12-07","codigo_credor":"09261355000109","nome_credor":"HILTON PINHEIRO DANTAS","valor_contratado":641.14,"valor_pago":0.00},{"codigo_unidade_gestora":"201157","codigo_unidade_orcamentaria":"02090","numero_empenho":"0007704","classificacao":"126","data_empenho":"2022-12-07","codigo_credor":"09261355000109","nome_credor":"HILTON PINHEIRO DANTAS","valor_contratado":74.39,"valor_pago":0.00},{"codigo_unidade_gestora":"201157","codigo_unidade_orcamentaria":"02030","numero_empenho":"0007705","classificacao":"191","data_empenho":"2022-12-07","codigo_credor":"09283185000163","nome_credor":"JOAO PESSOA TRIBUNAL DE JUSTIÇA DO ESTADO DA PARAIBA","valor_contratado":57515.24,"valor_pago":57515.24}]}}