{"size":50,"page":8,"total":767,"count":50,"_embedded":{"empenhos":[{"codigo_unidade_gestora":"201157","codigo_unidade_orcamentaria":"02020","numero_empenho":"0003821","classificacao":"172","data_empenho":"2022-07-12","codigo_credor":"70097811000138","nome_credor":"IPSER/FOLHA DE PAGAMENTO/SAL.FAMILIA","valor_contratado":23291.11,"valor_pago":23291.11},{"codigo_unidade_gestora":"201157","codigo_unidade_orcamentaria":"02020","numero_empenho":"0003822","classificacao":"172","data_empenho":"2022-07-12","codigo_credor":"70097811000138","nome_credor":"IPSER/FOLHA DE PAGAMENTO/SAL.FAMILIA","valor_contratado":1339.26,"valor_pago":1339.26},{"codigo_unidade_gestora":"201157","codigo_unidade_orcamentaria":"02020","numero_empenho":"0003823","classificacao":"172","data_empenho":"2022-07-12","codigo_credor":"70097811000138","nome_credor":"IPSER/FOLHA DE PAGAMENTO/SAL.FAMILIA","valor_contratado":414.11,"valor_pago":414.11},{"codigo_unidade_gestora":"201157","codigo_unidade_orcamentaria":"02020","numero_empenho":"0003824","classificacao":"172","data_empenho":"2022-07-12","codigo_credor":"70097811000138","nome_credor":"IPSER/FOLHA DE PAGAMENTO/SAL.FAMILIA","valor_contratado":98.37,"valor_pago":98.37},{"codigo_unidade_gestora":"201157","codigo_unidade_orcamentaria":"02020","numero_empenho":"0003825","classificacao":"172","data_empenho":"2022-07-12","codigo_credor":"70097811000138","nome_credor":"IPSER/FOLHA DE PAGAMENTO/SAL.FAMILIA","valor_contratado":2164.79,"valor_pago":2164.79},{"codigo_unidade_gestora":"201157","codigo_unidade_orcamentaria":"02020","numero_empenho":"0003826","classificacao":"172","data_empenho":"2022-07-12","codigo_credor":"70097811000138","nome_credor":"IPSER/FOLHA DE PAGAMENTO/SAL.FAMILIA","valor_contratado":1051.34,"valor_pago":1051.34},{"codigo_unidade_gestora":"201157","codigo_unidade_orcamentaria":"02020","numero_empenho":"0003827","classificacao":"172","data_empenho":"2022-07-12","codigo_credor":"70097811000138","nome_credor":"IPSER/FOLHA DE PAGAMENTO/SAL.FAMILIA","valor_contratado":1613.25,"valor_pago":1613.25},{"codigo_unidade_gestora":"201157","codigo_unidade_orcamentaria":"02140","numero_empenho":"0003828","classificacao":"135","data_empenho":"2022-07-12","codigo_credor":"00000000280704","nome_credor":"BANCO DO BRASIL S/A","valor_contratado":77.00,"valor_pago":77.00},{"codigo_unidade_gestora":"201157","codigo_unidade_orcamentaria":"02010","numero_empenho":"0003829","classificacao":"135","data_empenho":"2022-07-12","codigo_credor":"23700991000110","nome_credor":"JOSE PAULO DE OLIVEIRA 08965662427","valor_contratado":2000.00,"valor_pago":2000.00},{"codigo_unidade_gestora":"201157","codigo_unidade_orcamentaria":"02010","numero_empenho":"0003830","classificacao":"135","data_empenho":"2022-07-12","codigo_credor":"30970095000137","nome_credor":"JOZIVAL ALVES DA SILVA 45242135468","valor_contratado":1100.00,"valor_pago":1100.00},{"codigo_unidade_gestora":"201157","codigo_unidade_orcamentaria":"02090","numero_empenho":"0003831","classificacao":"135","data_empenho":"2022-07-12","codigo_credor":"46527530000193","nome_credor":"ROBERTO DA CUNHA FREIRE 08064498457","valor_contratado":2000.00,"valor_pago":2000.00},{"codigo_unidade_gestora":"201157","codigo_unidade_orcamentaria":"02010","numero_empenho":"0003832","classificacao":"135","data_empenho":"2022-07-12","codigo_credor":"20691271000148","nome_credor":"HIAGO MATEUS SANTOS 01670810470","valor_contratado":800.00,"valor_pago":800.00},{"codigo_unidade_gestora":"201157","codigo_unidade_orcamentaria":"02010","numero_empenho":"0003833","classificacao":"135","data_empenho":"2022-07-12","codigo_credor":"17645592000100","nome_credor":"NIVALDO BARROS FILHO - ME","valor_contratado":1300.00,"valor_pago":1300.00},{"codigo_unidade_gestora":"201157","codigo_unidade_orcamentaria":"02020","numero_empenho":"0003834","classificacao":"135","data_empenho":"2022-07-12","codigo_credor":"00000000280704","nome_credor":"BANCO DO BRASIL S/A","valor_contratado":165.00,"valor_pago":165.00},{"codigo_unidade_gestora":"201157","codigo_unidade_orcamentaria":"02090","numero_empenho":"0003835","classificacao":"135","data_empenho":"2022-07-12","codigo_credor":"46650687000101","nome_credor":"GEOVANE SOARES PEREIRA","valor_contratado":1200.00,"valor_pago":1200.00},{"codigo_unidade_gestora":"201157","codigo_unidade_orcamentaria":"02090","numero_empenho":"0003836","classificacao":"135","data_empenho":"2022-07-12","codigo_credor":"32462070000158","nome_credor":"WILHAMY GENESEIS DE LIMA MATIAS 09788043410","valor_contratado":1200.00,"valor_pago":1200.00},{"codigo_unidade_gestora":"201157","codigo_unidade_orcamentaria":"02140","numero_empenho":"0003837","classificacao":"135","data_empenho":"2022-07-12","codigo_credor":"45373292000146","nome_credor":"TATIANE BELIZIO DOS SANTOS 09832067405","valor_contratado":1100.00,"valor_pago":1100.00},{"codigo_unidade_gestora":"201157","codigo_unidade_orcamentaria":"02020","numero_empenho":"0003838","classificacao":"135","data_empenho":"2022-07-12","codigo_credor":"00360305000104","nome_credor":"CAIXA ECONOMICA FEDERAL","valor_contratado":7.48,"valor_pago":7.48},{"codigo_unidade_gestora":"201157","codigo_unidade_orcamentaria":"02010","numero_empenho":"0003839","classificacao":"135","data_empenho":"2022-07-12","codigo_credor":"34028316371942","nome_credor":"ETC-EMP.BRAS.DE CORREIOS E TELEGRAFOS","valor_contratado":29.87,"valor_pago":29.87},{"codigo_unidade_gestora":"201157","codigo_unidade_orcamentaria":"02020","numero_empenho":"0003840","classificacao":"135","data_empenho":"2022-07-12","codigo_credor":"00360305000104","nome_credor":"CAIXA ECONOMICA FEDERAL","valor_contratado":36.50,"valor_pago":36.50},{"codigo_unidade_gestora":"201157","codigo_unidade_orcamentaria":"02050","numero_empenho":"0003841","classificacao":"135","data_empenho":"2022-07-13","codigo_credor":"33609700000137","nome_credor":"WANDEYFLAVIO BERTULINO AGRA 04819156489","valor_contratado":20634.46,"valor_pago":20634.46},{"codigo_unidade_gestora":"201157","codigo_unidade_orcamentaria":"02110","numero_empenho":"0003842","classificacao":"135","data_empenho":"2022-07-13","codigo_credor":"01024347000137","nome_credor":"NEUROCENTRO","valor_contratado":2700.00,"valor_pago":2700.00},{"codigo_unidade_gestora":"201157","codigo_unidade_orcamentaria":"02040","numero_empenho":"0003843","classificacao":"135","data_empenho":"2022-07-13","codigo_credor":"21993674000104","nome_credor":"ANDRE RODRIGUES DE SALES 11344879403","valor_contratado":1200.00,"valor_pago":1200.00},{"codigo_unidade_gestora":"201157","codigo_unidade_orcamentaria":"02080","numero_empenho":"0003844","classificacao":"135","data_empenho":"2022-07-13","codigo_credor":"21993674000104","nome_credor":"ANDRE RODRIGUES DE SALES 11344879403","valor_contratado":1450.00,"valor_pago":1450.00},{"codigo_unidade_gestora":"201157","codigo_unidade_orcamentaria":"02040","numero_empenho":"0003845","classificacao":"126","data_empenho":"2022-07-13","codigo_credor":"40979684000130","nome_credor":"ANDRE FELIPE DE SOUZA SANTOS","valor_contratado":575.00,"valor_pago":575.00},{"codigo_unidade_gestora":"201157","codigo_unidade_orcamentaria":"02070","numero_empenho":"0003846","classificacao":"126","data_empenho":"2022-07-13","codigo_credor":"40979684000130","nome_credor":"ANDRE FELIPE DE SOUZA SANTOS","valor_contratado":230.00,"valor_pago":230.00},{"codigo_unidade_gestora":"201157","codigo_unidade_orcamentaria":"02050","numero_empenho":"0003847","classificacao":"126","data_empenho":"2022-07-13","codigo_credor":"40979684000130","nome_credor":"ANDRE FELIPE DE SOUZA SANTOS","valor_contratado":2645.00,"valor_pago":2645.00},{"codigo_unidade_gestora":"201157","codigo_unidade_orcamentaria":"02040","numero_empenho":"0003848","classificacao":"135","data_empenho":"2022-07-13","codigo_credor":"21993674000104","nome_credor":"ANDRE RODRIGUES DE SALES 11344879403","valor_contratado":1650.00,"valor_pago":1650.00},{"codigo_unidade_gestora":"201157","codigo_unidade_orcamentaria":"02040","numero_empenho":"0003849","classificacao":"135","data_empenho":"2022-07-13","codigo_credor":"21993674000104","nome_credor":"ANDRE RODRIGUES DE SALES 11344879403","valor_contratado":1700.00,"valor_pago":1700.00},{"codigo_unidade_gestora":"201157","codigo_unidade_orcamentaria":"02090","numero_empenho":"0003850","classificacao":"135","data_empenho":"2022-07-13","codigo_credor":"21993674000104","nome_credor":"ANDRE RODRIGUES DE SALES 11344879403","valor_contratado":1400.00,"valor_pago":1400.00},{"codigo_unidade_gestora":"201157","codigo_unidade_orcamentaria":"02040","numero_empenho":"0003851","classificacao":"135","data_empenho":"2022-07-13","codigo_credor":"15602075000110","nome_credor":"SEGINALDO DOS SANTOS - ME","valor_contratado":500.00,"valor_pago":500.00},{"codigo_unidade_gestora":"201157","codigo_unidade_orcamentaria":"02050","numero_empenho":"0003852","classificacao":"126","data_empenho":"2022-07-13","codigo_credor":"00009695243401","nome_credor":"JOSEMAR RIBEIRO DO NASCIMENTO","valor_contratado":2250.00,"valor_pago":2250.00},{"codigo_unidade_gestora":"201157","codigo_unidade_orcamentaria":"02050","numero_empenho":"0003853","classificacao":"126","data_empenho":"2022-07-13","codigo_credor":"00009695243401","nome_credor":"JOSEMAR RIBEIRO DO NASCIMENTO","valor_contratado":2250.00,"valor_pago":2250.00},{"codigo_unidade_gestora":"201157","codigo_unidade_orcamentaria":"02110","numero_empenho":"0003854","classificacao":"126","data_empenho":"2022-07-13","codigo_credor":"40787152000109","nome_credor":"CIRUFARMA COMERCIAL LTDA","valor_contratado":250.00,"valor_pago":250.00},{"codigo_unidade_gestora":"201157","codigo_unidade_orcamentaria":"02110","numero_empenho":"0003855","classificacao":"126","data_empenho":"2022-07-13","codigo_credor":"26156923000120","nome_credor":"EXPRESS DISTRIBUIDORA DE MEDICAMENTOS LTDA","valor_contratado":2480.00,"valor_pago":2480.00},{"codigo_unidade_gestora":"201157","codigo_unidade_orcamentaria":"02050","numero_empenho":"0003856","classificacao":"126","data_empenho":"2022-07-13","codigo_credor":"31131079000113","nome_credor":"MASCENA DISTRIBUIDORA LTDA","valor_contratado":3750.00,"valor_pago":3750.00},{"codigo_unidade_gestora":"201157","codigo_unidade_orcamentaria":"02040","numero_empenho":"0003857","classificacao":"135","data_empenho":"2022-07-13","codigo_credor":"22371960000109","nome_credor":"PEDRO TORQUATO DA SILVA-ME","valor_contratado":315.00,"valor_pago":315.00},{"codigo_unidade_gestora":"201157","codigo_unidade_orcamentaria":"02020","numero_empenho":"0003858","classificacao":"126","data_empenho":"2022-07-13","codigo_credor":"22526394000159","nome_credor":"MARCELA ELIZABETE DE MIRANDA BATISTA SANTOS SOUTO EIRELI - ME","valor_contratado":1097.28,"valor_pago":1097.28},{"codigo_unidade_gestora":"201157","codigo_unidade_orcamentaria":"02090","numero_empenho":"0003859","classificacao":"126","data_empenho":"2022-07-13","codigo_credor":"22526394000159","nome_credor":"MARCELA ELIZABETE DE MIRANDA BATISTA SANTOS SOUTO EIRELI - ME","valor_contratado":154.00,"valor_pago":154.00},{"codigo_unidade_gestora":"201157","codigo_unidade_orcamentaria":"02040","numero_empenho":"0003860","classificacao":"126","data_empenho":"2022-07-13","codigo_credor":"22526394000159","nome_credor":"MARCELA ELIZABETE DE MIRANDA BATISTA SANTOS SOUTO EIRELI - ME","valor_contratado":4718.27,"valor_pago":4718.27},{"codigo_unidade_gestora":"201157","codigo_unidade_orcamentaria":"02020","numero_empenho":"0003861","classificacao":"135","data_empenho":"2022-07-13","codigo_credor":"00000000280704","nome_credor":"BANCO DO BRASIL S/A","valor_contratado":231.00,"valor_pago":231.00},{"codigo_unidade_gestora":"201157","codigo_unidade_orcamentaria":"02110","numero_empenho":"0003862","classificacao":"126","data_empenho":"2022-07-13","codigo_credor":"05343029000190","nome_credor":"MEDLEVENSOHN COMERCIO E REPRESENTAÇÕES DE PRODUTOS HOSPITALARES LTDA","valor_contratado":18000.00,"valor_pago":18000.00},{"codigo_unidade_gestora":"201157","codigo_unidade_orcamentaria":"02110","numero_empenho":"0003863","classificacao":"126","data_empenho":"2022-07-14","codigo_credor":"08674752000140","nome_credor":"CIRURGICA MONTEBELLO LTDA","valor_contratado":2130.00,"valor_pago":2130.00},{"codigo_unidade_gestora":"201157","codigo_unidade_orcamentaria":"02050","numero_empenho":"0003864","classificacao":"126","data_empenho":"2022-07-14","codigo_credor":"01686814000194","nome_credor":"ALEXSANDRA DINIZ FERNANDES","valor_contratado":1057.44,"valor_pago":1057.44},{"codigo_unidade_gestora":"201157","codigo_unidade_orcamentaria":"02050","numero_empenho":"0003865","classificacao":"126","data_empenho":"2022-07-14","codigo_credor":"01686814000194","nome_credor":"ALEXSANDRA DINIZ FERNANDES","valor_contratado":508.65,"valor_pago":508.65},{"codigo_unidade_gestora":"201157","codigo_unidade_orcamentaria":"02050","numero_empenho":"0003866","classificacao":"126","data_empenho":"2022-07-14","codigo_credor":"01686814000194","nome_credor":"ALEXSANDRA DINIZ FERNANDES","valor_contratado":5304.56,"valor_pago":5304.56},{"codigo_unidade_gestora":"201157","codigo_unidade_orcamentaria":"02050","numero_empenho":"0003867","classificacao":"126","data_empenho":"2022-07-14","codigo_credor":"07526979000185","nome_credor":"RAIMUNDO ADELMAR F. PIRES","valor_contratado":20059.60,"valor_pago":20059.60},{"codigo_unidade_gestora":"201157","codigo_unidade_orcamentaria":"02050","numero_empenho":"0003868","classificacao":"126","data_empenho":"2022-07-14","codigo_credor":"01686814000194","nome_credor":"ALEXSANDRA DINIZ FERNANDES","valor_contratado":956.50,"valor_pago":956.50},{"codigo_unidade_gestora":"201157","codigo_unidade_orcamentaria":"02050","numero_empenho":"0003869","classificacao":"126","data_empenho":"2022-07-14","codigo_credor":"01686814000194","nome_credor":"ALEXSANDRA DINIZ FERNANDES","valor_contratado":10560.12,"valor_pago":10560.12},{"codigo_unidade_gestora":"201157","codigo_unidade_orcamentaria":"02090","numero_empenho":"0003870","classificacao":"135","data_empenho":"2022-07-14","codigo_credor":"22371960000109","nome_credor":"PEDRO TORQUATO DA SILVA-ME","valor_contratado":850.00,"valor_pago":850.00}]}}