{"size":50,"page":6,"total":795,"count":50,"_embedded":{"empenhos":[{"codigo_unidade_gestora":"201157","codigo_unidade_orcamentaria":"02120","numero_empenho":"0005337","classificacao":"135","data_empenho":"2022-09-09","codigo_credor":"08397547000184","nome_credor":"IOA SERVIÇOS E PRODUÇÃO MUSICAL EIRELI-ME","valor_contratado":138740.00,"valor_pago":138740.00},{"codigo_unidade_gestora":"201157","codigo_unidade_orcamentaria":"02050","numero_empenho":"0005338","classificacao":"135","data_empenho":"2022-09-09","codigo_credor":"20532210000138","nome_credor":"JOSE EDINALDO DE SOUZA","valor_contratado":1500.00,"valor_pago":1500.00},{"codigo_unidade_gestora":"201157","codigo_unidade_orcamentaria":"02110","numero_empenho":"0005339","classificacao":"150","data_empenho":"2022-09-09","codigo_credor":"31499939000176","nome_credor":"M.K.R. COMERCIO DE EQUIPAMENTOS EIRELI","valor_contratado":2080.00,"valor_pago":2080.00},{"codigo_unidade_gestora":"201157","codigo_unidade_orcamentaria":"02120","numero_empenho":"0005340","classificacao":"132","data_empenho":"2022-09-09","codigo_credor":"00070927869403","nome_credor":"ROZYELANY ALECANDRE DE ALBUQUEREUE","valor_contratado":1500.00,"valor_pago":1500.00},{"codigo_unidade_gestora":"201157","codigo_unidade_orcamentaria":"02110","numero_empenho":"0005341","classificacao":"135","data_empenho":"2022-09-09","codigo_credor":"27380620000150","nome_credor":"IVANCLECIO DE SOUZA RODRIGUES","valor_contratado":4400.00,"valor_pago":4400.00},{"codigo_unidade_gestora":"201157","codigo_unidade_orcamentaria":"02070","numero_empenho":"0005342","classificacao":"110","data_empenho":"2022-09-09","codigo_credor":"00005862616489","nome_credor":"JOSEFA ELZILENE FERNANDES DA SILVA FREITAS","valor_contratado":45.00,"valor_pago":45.00},{"codigo_unidade_gestora":"201157","codigo_unidade_orcamentaria":"02110","numero_empenho":"0005343","classificacao":"126","data_empenho":"2022-09-12","codigo_credor":"03817043000152","nome_credor":"PHARMAPLUS LTDA","valor_contratado":900.00,"valor_pago":900.00},{"codigo_unidade_gestora":"201157","codigo_unidade_orcamentaria":"02110","numero_empenho":"0005345","classificacao":"126","data_empenho":"2022-09-12","codigo_credor":"03817043000152","nome_credor":"PHARMAPLUS LTDA","valor_contratado":122.40,"valor_pago":122.40},{"codigo_unidade_gestora":"201157","codigo_unidade_orcamentaria":"02090","numero_empenho":"0005346","classificacao":"135","data_empenho":"2022-09-12","codigo_credor":"32462070000158","nome_credor":"WILHAMY GENESEIS DE LIMA MATIAS 09788043410","valor_contratado":1200.00,"valor_pago":1200.00},{"codigo_unidade_gestora":"201157","codigo_unidade_orcamentaria":"02090","numero_empenho":"0005347","classificacao":"135","data_empenho":"2022-09-12","codigo_credor":"46650687000101","nome_credor":"GEOVANE SOARES PEREIRA","valor_contratado":1300.00,"valor_pago":1300.00},{"codigo_unidade_gestora":"201157","codigo_unidade_orcamentaria":"02020","numero_empenho":"0005348","classificacao":"135","data_empenho":"2022-09-12","codigo_credor":"41860308000194","nome_credor":"JULIANO BASILIO DA SILVA","valor_contratado":1900.00,"valor_pago":1900.00},{"codigo_unidade_gestora":"201157","codigo_unidade_orcamentaria":"02110","numero_empenho":"0005349","classificacao":"135","data_empenho":"2022-09-12","codigo_credor":"41989653000122","nome_credor":"MARIA DAS VITORIAS DOS SANTOS 08868876744","valor_contratado":1000.00,"valor_pago":1000.00},{"codigo_unidade_gestora":"201157","codigo_unidade_orcamentaria":"02110","numero_empenho":"0005350","classificacao":"135","data_empenho":"2022-09-12","codigo_credor":"36416137000179","nome_credor":"MARINEZ FAUSTINO 04725426482","valor_contratado":610.00,"valor_pago":610.00},{"codigo_unidade_gestora":"201157","codigo_unidade_orcamentaria":"02040","numero_empenho":"0005351","classificacao":"135","data_empenho":"2022-09-12","codigo_credor":"41757219000117","nome_credor":"INACIO BALBINO DA SILVA 58634711404","valor_contratado":1230.00,"valor_pago":1230.00},{"codigo_unidade_gestora":"201157","codigo_unidade_orcamentaria":"02110","numero_empenho":"0005352","classificacao":"135","data_empenho":"2022-09-12","codigo_credor":"36277230000140","nome_credor":"JOSILEIDE SOUZA VIANA FERNANDES 06058281482","valor_contratado":1000.00,"valor_pago":1000.00},{"codigo_unidade_gestora":"201157","codigo_unidade_orcamentaria":"02110","numero_empenho":"0005353","classificacao":"135","data_empenho":"2022-09-12","codigo_credor":"42744709000141","nome_credor":"MARIA COSMA FREIRE DOS SANTOS 06262745408","valor_contratado":1000.00,"valor_pago":1000.00},{"codigo_unidade_gestora":"201157","codigo_unidade_orcamentaria":"02110","numero_empenho":"0005354","classificacao":"135","data_empenho":"2022-09-12","codigo_credor":"36415682000140","nome_credor":"CELIA REGINA IZIDIO DE ANDRADE 97980536487","valor_contratado":610.00,"valor_pago":610.00},{"codigo_unidade_gestora":"201157","codigo_unidade_orcamentaria":"02110","numero_empenho":"0005355","classificacao":"135","data_empenho":"2022-09-12","codigo_credor":"36766570000134","nome_credor":"SIMONE FAUSTINO DOS SANTOS 05961077497","valor_contratado":1600.00,"valor_pago":1600.00},{"codigo_unidade_gestora":"201157","codigo_unidade_orcamentaria":"02040","numero_empenho":"0005356","classificacao":"135","data_empenho":"2022-09-12","codigo_credor":"19778033000195","nome_credor":"CARLOS ANTONIO PEREIRA 48394882404","valor_contratado":1180.00,"valor_pago":1180.00},{"codigo_unidade_gestora":"201157","codigo_unidade_orcamentaria":"02110","numero_empenho":"0005357","classificacao":"135","data_empenho":"2022-09-12","codigo_credor":"36401036000124","nome_credor":"MARIA DO SOCORRO LAURENTINO DA SILVA 45241325468","valor_contratado":1000.00,"valor_pago":1000.00},{"codigo_unidade_gestora":"201157","codigo_unidade_orcamentaria":"02110","numero_empenho":"0005358","classificacao":"135","data_empenho":"2022-09-12","codigo_credor":"36319807000139","nome_credor":"ANA EMILIA DANIEL DA SILVA 09461623445","valor_contratado":1000.00,"valor_pago":1000.00},{"codigo_unidade_gestora":"201157","codigo_unidade_orcamentaria":"02040","numero_empenho":"0005359","classificacao":"135","data_empenho":"2022-09-12","codigo_credor":"38058364000103","nome_credor":"JOSE ALEXANDRE SANTOS CARDOSO 02726187480","valor_contratado":1810.00,"valor_pago":1810.00},{"codigo_unidade_gestora":"201157","codigo_unidade_orcamentaria":"02110","numero_empenho":"0005360","classificacao":"135","data_empenho":"2022-09-12","codigo_credor":"36328179000158","nome_credor":"ELIANE GONCALVES GOMES 25647928803","valor_contratado":1000.00,"valor_pago":1000.00},{"codigo_unidade_gestora":"201157","codigo_unidade_orcamentaria":"02110","numero_empenho":"0005361","classificacao":"135","data_empenho":"2022-09-12","codigo_credor":"36330418000104","nome_credor":"ANDREIA TRAJANO DOS SANTOS 06604177408","valor_contratado":1000.00,"valor_pago":1000.00},{"codigo_unidade_gestora":"201157","codigo_unidade_orcamentaria":"02040","numero_empenho":"0005362","classificacao":"135","data_empenho":"2022-09-12","codigo_credor":"36394457000175","nome_credor":"JOAO VICTOR DE OLIVEIRA GONCALVES 09843480422","valor_contratado":1180.00,"valor_pago":1180.00},{"codigo_unidade_gestora":"201157","codigo_unidade_orcamentaria":"02050","numero_empenho":"0005363","classificacao":"135","data_empenho":"2022-09-12","codigo_credor":"18075547000111","nome_credor":"EDMILSON ALVES MASCARENHAS 11236239881","valor_contratado":140.00,"valor_pago":140.00},{"codigo_unidade_gestora":"201157","codigo_unidade_orcamentaria":"02050","numero_empenho":"0005364","classificacao":"135","data_empenho":"2022-09-12","codigo_credor":"42350692000148","nome_credor":"FABRICIO ARTHUR RAMOS DE ALMEIDA","valor_contratado":1160.00,"valor_pago":1160.00},{"codigo_unidade_gestora":"201157","codigo_unidade_orcamentaria":"02010","numero_empenho":"0005365","classificacao":"135","data_empenho":"2022-09-12","codigo_credor":"23700991000110","nome_credor":"JOSE PAULO DE OLIVEIRA 08965662427","valor_contratado":1000.00,"valor_pago":1000.00},{"codigo_unidade_gestora":"201157","codigo_unidade_orcamentaria":"02010","numero_empenho":"0005366","classificacao":"135","data_empenho":"2022-09-12","codigo_credor":"30970095000137","nome_credor":"JOZIVAL ALVES DA SILVA 45242135468","valor_contratado":1100.00,"valor_pago":1100.00},{"codigo_unidade_gestora":"201157","codigo_unidade_orcamentaria":"02010","numero_empenho":"0005367","classificacao":"135","data_empenho":"2022-09-12","codigo_credor":"20691271000148","nome_credor":"HIAGO MATEUS SANTOS 01670810470","valor_contratado":800.00,"valor_pago":800.00},{"codigo_unidade_gestora":"201157","codigo_unidade_orcamentaria":"02010","numero_empenho":"0005368","classificacao":"135","data_empenho":"2022-09-12","codigo_credor":"17645592000100","nome_credor":"NIVALDO BARROS FILHO - ME","valor_contratado":1700.00,"valor_pago":1700.00},{"codigo_unidade_gestora":"201157","codigo_unidade_orcamentaria":"02130","numero_empenho":"0005369","classificacao":"135","data_empenho":"2022-09-12","codigo_credor":"42488051000154","nome_credor":"MICHEL ANTHONY ALVES DE SOUZA","valor_contratado":2000.00,"valor_pago":2000.00},{"codigo_unidade_gestora":"201157","codigo_unidade_orcamentaria":"02080","numero_empenho":"0005370","classificacao":"135","data_empenho":"2022-09-12","codigo_credor":"32621662000175","nome_credor":"BELARMINO ROQUE DA SILVA NETO 01683378431","valor_contratado":1300.00,"valor_pago":1300.00},{"codigo_unidade_gestora":"201157","codigo_unidade_orcamentaria":"02130","numero_empenho":"0005371","classificacao":"135","data_empenho":"2022-09-12","codigo_credor":"41769438000116","nome_credor":"JOAO VICTOR OLIVEIRA DOS SANTOS 71993888454","valor_contratado":2000.00,"valor_pago":2000.00},{"codigo_unidade_gestora":"201157","codigo_unidade_orcamentaria":"02110","numero_empenho":"0005372","classificacao":"126","data_empenho":"2022-09-12","codigo_credor":"05329135000119","nome_credor":"ALEXSANDRO SANTOS DA SILVA","valor_contratado":7383.00,"valor_pago":7383.00},{"codigo_unidade_gestora":"201157","codigo_unidade_orcamentaria":"02130","numero_empenho":"0005373","classificacao":"135","data_empenho":"2022-09-12","codigo_credor":"43330097000103","nome_credor":"JOSE ROMULO GALDINO DA SILVA","valor_contratado":2000.00,"valor_pago":2000.00},{"codigo_unidade_gestora":"201157","codigo_unidade_orcamentaria":"02140","numero_empenho":"0005374","classificacao":"135","data_empenho":"2022-09-12","codigo_credor":"45908534000159","nome_credor":"LUIZ FELIPE RODRIGUES PATRICIO","valor_contratado":600.00,"valor_pago":600.00},{"codigo_unidade_gestora":"201157","codigo_unidade_orcamentaria":"02140","numero_empenho":"0005375","classificacao":"135","data_empenho":"2022-09-12","codigo_credor":"30554144000150","nome_credor":"MARIA ROSICLER GONCALVES DE OLIVEIRA 51109280459","valor_contratado":1700.00,"valor_pago":1700.00},{"codigo_unidade_gestora":"201157","codigo_unidade_orcamentaria":"02140","numero_empenho":"0005376","classificacao":"135","data_empenho":"2022-09-12","codigo_credor":"39154988000189","nome_credor":"LUCIANO OLIVEIRA DA SILVA","valor_contratado":600.00,"valor_pago":600.00},{"codigo_unidade_gestora":"201157","codigo_unidade_orcamentaria":"02140","numero_empenho":"0005377","classificacao":"135","data_empenho":"2022-09-12","codigo_credor":"45308089000196","nome_credor":"WESLEY RODRIGUES DA COSTA 11740339401","valor_contratado":1800.00,"valor_pago":1800.00},{"codigo_unidade_gestora":"201157","codigo_unidade_orcamentaria":"02070","numero_empenho":"0005378","classificacao":"135","data_empenho":"2022-09-12","codigo_credor":"45373292000146","nome_credor":"TATIANE BELIZIO DOS SANTOS 09832067405","valor_contratado":1100.00,"valor_pago":1100.00},{"codigo_unidade_gestora":"201157","codigo_unidade_orcamentaria":"02140","numero_empenho":"0005379","classificacao":"135","data_empenho":"2022-09-12","codigo_credor":"31082268000143","nome_credor":"MARIA EUNICE FIDELIS DE LIMA 01844384462","valor_contratado":1200.00,"valor_pago":1200.00},{"codigo_unidade_gestora":"201157","codigo_unidade_orcamentaria":"02140","numero_empenho":"0005380","classificacao":"135","data_empenho":"2022-09-12","codigo_credor":"29616667000103","nome_credor":"CARLOS DANIEL CRUZ FERREIRA 47459129860","valor_contratado":600.00,"valor_pago":600.00},{"codigo_unidade_gestora":"201157","codigo_unidade_orcamentaria":"02110","numero_empenho":"0005381","classificacao":"126","data_empenho":"2022-09-12","codigo_credor":"09478023000180","nome_credor":"SANTOS & LUCENA LTDA","valor_contratado":1863.96,"valor_pago":1863.96},{"codigo_unidade_gestora":"201157","codigo_unidade_orcamentaria":"02110","numero_empenho":"0005382","classificacao":"126","data_empenho":"2022-09-12","codigo_credor":"04451626000175","nome_credor":"PHOSPODONT LTDA","valor_contratado":366.56,"valor_pago":366.56},{"codigo_unidade_gestora":"201157","codigo_unidade_orcamentaria":"02010","numero_empenho":"0005383","classificacao":"135","data_empenho":"2022-09-12","codigo_credor":"41207796000135","nome_credor":"ASSOC. ASSIST. E COMUNICAÇÃO DE ESPERANÇ","valor_contratado":500.00,"valor_pago":500.00},{"codigo_unidade_gestora":"201157","codigo_unidade_orcamentaria":"02050","numero_empenho":"0005384","classificacao":"135","data_empenho":"2022-09-12","codigo_credor":"20532210000138","nome_credor":"JOSE EDINALDO DE SOUZA","valor_contratado":600.00,"valor_pago":600.00},{"codigo_unidade_gestora":"201157","codigo_unidade_orcamentaria":"02140","numero_empenho":"0005385","classificacao":"135","data_empenho":"2022-09-12","codigo_credor":"00000000280704","nome_credor":"BANCO DO BRASIL S/A","valor_contratado":22.00,"valor_pago":22.00},{"codigo_unidade_gestora":"201157","codigo_unidade_orcamentaria":"02140","numero_empenho":"0005386","classificacao":"135","data_empenho":"2022-09-12","codigo_credor":"00000000280704","nome_credor":"BANCO DO BRASIL S/A","valor_contratado":11.00,"valor_pago":11.00},{"codigo_unidade_gestora":"201157","codigo_unidade_orcamentaria":"02140","numero_empenho":"0005387","classificacao":"135","data_empenho":"2022-09-12","codigo_credor":"00000000280704","nome_credor":"BANCO DO BRASIL S/A","valor_contratado":11.00,"valor_pago":11.00}]}}