{"size":50,"page":7,"total":441,"count":50,"_embedded":{"empenhos":[{"codigo_unidade_gestora":"201157","codigo_unidade_orcamentaria":"02140","numero_empenho":"0000608","classificacao":"135","data_empenho":"2022-02-21","codigo_credor":"29927874000170","nome_credor":"ANA MARIA PEREIRA DE LIMA 09170246483","valor_contratado":1100.00,"valor_pago":1100.00},{"codigo_unidade_gestora":"201157","codigo_unidade_orcamentaria":"02140","numero_empenho":"0000609","classificacao":"135","data_empenho":"2022-02-21","codigo_credor":"41260906000122","nome_credor":"DAIANA JUSTINO DOS SANTOS","valor_contratado":1100.00,"valor_pago":1100.00},{"codigo_unidade_gestora":"201157","codigo_unidade_orcamentaria":"02140","numero_empenho":"0000610","classificacao":"135","data_empenho":"2022-02-21","codigo_credor":"34225891000104","nome_credor":"MARIA RISONEIDE ALVES FREIRE 03439334465","valor_contratado":1100.00,"valor_pago":1100.00},{"codigo_unidade_gestora":"201157","codigo_unidade_orcamentaria":"02140","numero_empenho":"0000611","classificacao":"135","data_empenho":"2022-02-21","codigo_credor":"36365643000186","nome_credor":"GEANE FIDELIS DE LIMA 05568969477","valor_contratado":1100.00,"valor_pago":1100.00},{"codigo_unidade_gestora":"201157","codigo_unidade_orcamentaria":"02140","numero_empenho":"0000612","classificacao":"135","data_empenho":"2022-02-21","codigo_credor":"29787633000173","nome_credor":"TALINI ROQUE DA SILVA 06117107498","valor_contratado":1500.00,"valor_pago":1500.00},{"codigo_unidade_gestora":"201157","codigo_unidade_orcamentaria":"02140","numero_empenho":"0000613","classificacao":"135","data_empenho":"2022-02-21","codigo_credor":"45308089000196","nome_credor":"WESLEY RODRIGUES DA COSTA 11740339401","valor_contratado":1500.00,"valor_pago":1500.00},{"codigo_unidade_gestora":"201157","codigo_unidade_orcamentaria":"02060","numero_empenho":"0000614","classificacao":"135","data_empenho":"2022-02-21","codigo_credor":"09095183000140","nome_credor":"ENERGISA","valor_contratado":71.05,"valor_pago":71.05},{"codigo_unidade_gestora":"201157","codigo_unidade_orcamentaria":"02010","numero_empenho":"0000615","classificacao":"188","data_empenho":"2022-02-21","codigo_credor":"09095183000140","nome_credor":"ENERGISA","valor_contratado":60.60,"valor_pago":60.60},{"codigo_unidade_gestora":"201157","codigo_unidade_orcamentaria":"02040","numero_empenho":"0000616","classificacao":"135","data_empenho":"2022-02-21","codigo_credor":"38042181000191","nome_credor":"ADRIANO CARLOS DOS SANTOS SILVA 03929196484","valor_contratado":930.00,"valor_pago":930.00},{"codigo_unidade_gestora":"201157","codigo_unidade_orcamentaria":"02020","numero_empenho":"0000617","classificacao":"135","data_empenho":"2022-02-21","codigo_credor":"04685950000158","nome_credor":"AZUS COPY CENTER COM.E SERVICOS LTDA","valor_contratado":325.00,"valor_pago":325.00},{"codigo_unidade_gestora":"201157","codigo_unidade_orcamentaria":"02050","numero_empenho":"0000618","classificacao":"135","data_empenho":"2022-02-21","codigo_credor":"04685950000158","nome_credor":"AZUS COPY CENTER COM.E SERVICOS LTDA","valor_contratado":650.00,"valor_pago":650.00},{"codigo_unidade_gestora":"201157","codigo_unidade_orcamentaria":"02020","numero_empenho":"0000619","classificacao":"135","data_empenho":"2022-02-21","codigo_credor":"04685950000158","nome_credor":"AZUS COPY CENTER COM.E SERVICOS LTDA","valor_contratado":650.00,"valor_pago":650.00},{"codigo_unidade_gestora":"201157","codigo_unidade_orcamentaria":"02020","numero_empenho":"0000620","classificacao":"135","data_empenho":"2022-02-21","codigo_credor":"00000000280704","nome_credor":"BANCO DO BRASIL S/A","valor_contratado":31.35,"valor_pago":31.35},{"codigo_unidade_gestora":"201157","codigo_unidade_orcamentaria":"02110","numero_empenho":"0000621","classificacao":"135","data_empenho":"2022-02-22","codigo_credor":"23472167000150","nome_credor":"IVANILDO FRANCO DA SILVA EIRELI - ME","valor_contratado":1800.00,"valor_pago":1800.00},{"codigo_unidade_gestora":"201157","codigo_unidade_orcamentaria":"02080","numero_empenho":"0000622","classificacao":"135","data_empenho":"2022-02-22","codigo_credor":"32916696000197","nome_credor":"ROSIVAN BATISTA DA SILVA LTDA","valor_contratado":4500.00,"valor_pago":4500.00},{"codigo_unidade_gestora":"201157","codigo_unidade_orcamentaria":"02010","numero_empenho":"0000623","classificacao":"131","data_empenho":"2022-02-22","codigo_credor":"10954450000177","nome_credor":"IRAMILTON SATIRO DA NOBREGA","valor_contratado":2600.00,"valor_pago":2600.00},{"codigo_unidade_gestora":"201157","codigo_unidade_orcamentaria":"02020","numero_empenho":"0000624","classificacao":"136","data_empenho":"2022-02-22","codigo_credor":"03500830000176","nome_credor":"RICARDO GUERRA INFORMATICA-ME","valor_contratado":1000.00,"valor_pago":1000.00},{"codigo_unidade_gestora":"201157","codigo_unidade_orcamentaria":"02140","numero_empenho":"0000625","classificacao":"135","data_empenho":"2022-02-22","codigo_credor":"00000000280704","nome_credor":"BANCO DO BRASIL S/A","valor_contratado":10.45,"valor_pago":10.45},{"codigo_unidade_gestora":"201157","codigo_unidade_orcamentaria":"02020","numero_empenho":"0000626","classificacao":"135","data_empenho":"2022-02-22","codigo_credor":"00000000280704","nome_credor":"BANCO DO BRASIL S/A","valor_contratado":20.90,"valor_pago":20.90},{"codigo_unidade_gestora":"201157","codigo_unidade_orcamentaria":"02050","numero_empenho":"0000627","classificacao":"135","data_empenho":"2022-02-22","codigo_credor":"09095183000140","nome_credor":"ENERGISA","valor_contratado":51.05,"valor_pago":51.05},{"codigo_unidade_gestora":"201157","codigo_unidade_orcamentaria":"02140","numero_empenho":"0000628","classificacao":"135","data_empenho":"2022-02-22","codigo_credor":"00000000280704","nome_credor":"BANCO DO BRASIL S/A","valor_contratado":73.15,"valor_pago":73.15},{"codigo_unidade_gestora":"201157","codigo_unidade_orcamentaria":"02050","numero_empenho":"0000629","classificacao":"135","data_empenho":"2022-02-22","codigo_credor":"09095183000140","nome_credor":"ENERGISA","valor_contratado":31.65,"valor_pago":31.65},{"codigo_unidade_gestora":"201157","codigo_unidade_orcamentaria":"02050","numero_empenho":"0000630","classificacao":"114","data_empenho":"2022-02-22","codigo_credor":"61600839000155","nome_credor":"CIEE-CENTRO DE INTEGRAÇÃO EMPRESA ESCOLA","valor_contratado":595.00,"valor_pago":595.00},{"codigo_unidade_gestora":"201157","codigo_unidade_orcamentaria":"02050","numero_empenho":"0000631","classificacao":"135","data_empenho":"2022-02-22","codigo_credor":"00947659000150","nome_credor":"UNDIME-UNIÃO NACIONAL DOS DIR.MUNICIPAIS DE EDUCAÇAO","valor_contratado":1596.00,"valor_pago":1596.00},{"codigo_unidade_gestora":"201157","codigo_unidade_orcamentaria":"02080","numero_empenho":"0000632","classificacao":"126","data_empenho":"2022-02-23","codigo_credor":"21127969000106","nome_credor":"WELLINGTON CARDOSO DE LUCENA MAGALHAES","valor_contratado":7200.00,"valor_pago":7200.00},{"codigo_unidade_gestora":"201157","codigo_unidade_orcamentaria":"02070","numero_empenho":"0000633","classificacao":"135","data_empenho":"2022-02-23","codigo_credor":"18483443000146","nome_credor":"MARCOS DE ALBUQUERQUE 41249216400","valor_contratado":1000.00,"valor_pago":1000.00},{"codigo_unidade_gestora":"201157","codigo_unidade_orcamentaria":"02070","numero_empenho":"0000634","classificacao":"135","data_empenho":"2022-02-23","codigo_credor":"18075547000111","nome_credor":"EDMILSON ALVES MASCARENHAS 11236239881","valor_contratado":1070.00,"valor_pago":1070.00},{"codigo_unidade_gestora":"201157","codigo_unidade_orcamentaria":"02110","numero_empenho":"0000635","classificacao":"135","data_empenho":"2022-02-23","codigo_credor":"01024347000137","nome_credor":"NEUROCENTRO","valor_contratado":2700.00,"valor_pago":2700.00},{"codigo_unidade_gestora":"201157","codigo_unidade_orcamentaria":"02010","numero_empenho":"0000636","classificacao":"105","data_empenho":"2022-02-23","codigo_credor":"09048976000109","nome_credor":"Prefeitura Municipal de Remígio","valor_contratado":19500.00,"valor_pago":19500.00},{"codigo_unidade_gestora":"201157","codigo_unidade_orcamentaria":"02010","numero_empenho":"0000637","classificacao":"105","data_empenho":"2022-02-23","codigo_credor":"09048976000109","nome_credor":"Prefeitura Municipal de Remígio","valor_contratado":13630.38,"valor_pago":13630.38},{"codigo_unidade_gestora":"201157","codigo_unidade_orcamentaria":"02010","numero_empenho":"0000638","classificacao":"105","data_empenho":"2022-02-23","codigo_credor":"09048976000109","nome_credor":"Prefeitura Municipal de Remígio","valor_contratado":13845.71,"valor_pago":13845.71},{"codigo_unidade_gestora":"201157","codigo_unidade_orcamentaria":"02010","numero_empenho":"0000639","classificacao":"105","data_empenho":"2022-02-23","codigo_credor":"09048976000109","nome_credor":"Prefeitura Municipal de Remígio","valor_contratado":3000.00,"valor_pago":3000.00},{"codigo_unidade_gestora":"201157","codigo_unidade_orcamentaria":"02020","numero_empenho":"0000640","classificacao":"105","data_empenho":"2022-02-23","codigo_credor":"09048976000109","nome_credor":"Prefeitura Municipal de Remígio","valor_contratado":15049.47,"valor_pago":15049.47},{"codigo_unidade_gestora":"201157","codigo_unidade_orcamentaria":"02020","numero_empenho":"0000641","classificacao":"97","data_empenho":"2022-02-23","codigo_credor":"09048976000109","nome_credor":"Prefeitura Municipal de Remígio","valor_contratado":7272.00,"valor_pago":7272.00},{"codigo_unidade_gestora":"201157","codigo_unidade_orcamentaria":"02050","numero_empenho":"0000642","classificacao":"105","data_empenho":"2022-02-23","codigo_credor":"09048976000109","nome_credor":"Prefeitura Municipal de Remígio","valor_contratado":137303.50,"valor_pago":137303.50},{"codigo_unidade_gestora":"201157","codigo_unidade_orcamentaria":"02050","numero_empenho":"0000643","classificacao":"105","data_empenho":"2022-02-23","codigo_credor":"09048976000109","nome_credor":"Prefeitura Municipal de Remígio","valor_contratado":15248.95,"valor_pago":15248.95},{"codigo_unidade_gestora":"201157","codigo_unidade_orcamentaria":"02050","numero_empenho":"0000644","classificacao":"105","data_empenho":"2022-02-23","codigo_credor":"09048976000109","nome_credor":"Prefeitura Municipal de Remígio","valor_contratado":382865.60,"valor_pago":382865.60},{"codigo_unidade_gestora":"201157","codigo_unidade_orcamentaria":"02050","numero_empenho":"0000645","classificacao":"105","data_empenho":"2022-02-23","codigo_credor":"09048976000109","nome_credor":"Prefeitura Municipal de Remígio","valor_contratado":271808.68,"valor_pago":271808.68},{"codigo_unidade_gestora":"201157","codigo_unidade_orcamentaria":"02050","numero_empenho":"0000646","classificacao":"105","data_empenho":"2022-02-23","codigo_credor":"09048976000109","nome_credor":"Prefeitura Municipal de Remígio","valor_contratado":229959.46,"valor_pago":229959.46},{"codigo_unidade_gestora":"201157","codigo_unidade_orcamentaria":"02050","numero_empenho":"0000647","classificacao":"105","data_empenho":"2022-02-23","codigo_credor":"09048976000109","nome_credor":"Prefeitura Municipal de Remígio","valor_contratado":29810.14,"valor_pago":29810.14},{"codigo_unidade_gestora":"201157","codigo_unidade_orcamentaria":"02040","numero_empenho":"0000648","classificacao":"126","data_empenho":"2022-02-23","codigo_credor":"01687725000243","nome_credor":"CENTRO ESPECIALIZADO EM NUTRICAO ENTERAL E PARENTERAL - CENEP LTDA","valor_contratado":0.00,"valor_pago":0.00},{"codigo_unidade_gestora":"201157","codigo_unidade_orcamentaria":"02050","numero_empenho":"0000649","classificacao":"105","data_empenho":"2022-02-23","codigo_credor":"09048976000109","nome_credor":"Prefeitura Municipal de Remígio","valor_contratado":13084.36,"valor_pago":13084.36},{"codigo_unidade_gestora":"201157","codigo_unidade_orcamentaria":"02050","numero_empenho":"0000650","classificacao":"105","data_empenho":"2022-02-23","codigo_credor":"09048976000109","nome_credor":"Prefeitura Municipal de Remígio","valor_contratado":18890.98,"valor_pago":18890.98},{"codigo_unidade_gestora":"201157","codigo_unidade_orcamentaria":"02050","numero_empenho":"0000651","classificacao":"105","data_empenho":"2022-02-23","codigo_credor":"09048976000109","nome_credor":"Prefeitura Municipal de Remígio","valor_contratado":21686.26,"valor_pago":21686.26},{"codigo_unidade_gestora":"201157","codigo_unidade_orcamentaria":"02050","numero_empenho":"0000652","classificacao":"105","data_empenho":"2022-02-23","codigo_credor":"09048976000109","nome_credor":"Prefeitura Municipal de Remígio","valor_contratado":143588.36,"valor_pago":143588.36},{"codigo_unidade_gestora":"201157","codigo_unidade_orcamentaria":"02050","numero_empenho":"0000653","classificacao":"105","data_empenho":"2022-02-23","codigo_credor":"09048976000109","nome_credor":"Prefeitura Municipal de Remígio","valor_contratado":11563.96,"valor_pago":11563.96},{"codigo_unidade_gestora":"201157","codigo_unidade_orcamentaria":"02050","numero_empenho":"0000654","classificacao":"105","data_empenho":"2022-02-23","codigo_credor":"09048976000109","nome_credor":"Prefeitura Municipal de Remígio","valor_contratado":24655.49,"valor_pago":24655.49},{"codigo_unidade_gestora":"201157","codigo_unidade_orcamentaria":"02040","numero_empenho":"0000655","classificacao":"105","data_empenho":"2022-02-23","codigo_credor":"09048976000109","nome_credor":"Prefeitura Municipal de Remígio","valor_contratado":109466.05,"valor_pago":109466.05},{"codigo_unidade_gestora":"201157","codigo_unidade_orcamentaria":"02110","numero_empenho":"0000656","classificacao":"105","data_empenho":"2022-02-23","codigo_credor":"09048976000109","nome_credor":"Prefeitura Municipal de Remígio","valor_contratado":300.00,"valor_pago":300.00},{"codigo_unidade_gestora":"201157","codigo_unidade_orcamentaria":"02110","numero_empenho":"0000657","classificacao":"105","data_empenho":"2022-02-23","codigo_credor":"09048976000109","nome_credor":"Prefeitura Municipal de Remígio","valor_contratado":41841.30,"valor_pago":41841.30}]}}