{"size":50,"page":14,"total":846,"count":50,"_embedded":{"empenhos":[{"codigo_unidade_gestora":"201157","codigo_unidade_orcamentaria":"02040","numero_empenho":"0004891","classificacao":"105","data_empenho":"2022-08-26","codigo_credor":"09048976000109","nome_credor":"Prefeitura Municipal de Remígio","valor_contratado":35920.00,"valor_pago":35920.00},{"codigo_unidade_gestora":"201157","codigo_unidade_orcamentaria":"02070","numero_empenho":"0004892","classificacao":"105","data_empenho":"2022-08-26","codigo_credor":"09048976000109","nome_credor":"Prefeitura Municipal de Remígio","valor_contratado":18674.00,"valor_pago":18674.00},{"codigo_unidade_gestora":"201157","codigo_unidade_orcamentaria":"02070","numero_empenho":"0004893","classificacao":"105","data_empenho":"2022-08-26","codigo_credor":"09048976000109","nome_credor":"Prefeitura Municipal de Remígio","valor_contratado":29556.00,"valor_pago":29556.00},{"codigo_unidade_gestora":"201157","codigo_unidade_orcamentaria":"02090","numero_empenho":"0004894","classificacao":"105","data_empenho":"2022-08-26","codigo_credor":"09048976000109","nome_credor":"Prefeitura Municipal de Remígio","valor_contratado":14260.00,"valor_pago":14260.00},{"codigo_unidade_gestora":"201157","codigo_unidade_orcamentaria":"02060","numero_empenho":"0004895","classificacao":"105","data_empenho":"2022-08-26","codigo_credor":"09048976000109","nome_credor":"Prefeitura Municipal de Remígio","valor_contratado":1500.00,"valor_pago":1500.00},{"codigo_unidade_gestora":"201157","codigo_unidade_orcamentaria":"02130","numero_empenho":"0004896","classificacao":"105","data_empenho":"2022-08-26","codigo_credor":"09048976000109","nome_credor":"Prefeitura Municipal de Remígio","valor_contratado":5000.00,"valor_pago":5000.00},{"codigo_unidade_gestora":"201157","codigo_unidade_orcamentaria":"02120","numero_empenho":"0004897","classificacao":"105","data_empenho":"2022-08-26","codigo_credor":"09048976000109","nome_credor":"Prefeitura Municipal de Remígio","valor_contratado":4500.00,"valor_pago":4500.00},{"codigo_unidade_gestora":"201157","codigo_unidade_orcamentaria":"02010","numero_empenho":"0004898","classificacao":"98","data_empenho":"2022-08-26","codigo_credor":"09048976000109","nome_credor":"Prefeitura Municipal de Remígio","valor_contratado":2000.00,"valor_pago":2000.00},{"codigo_unidade_gestora":"201157","codigo_unidade_orcamentaria":"02050","numero_empenho":"0004899","classificacao":"126","data_empenho":"2022-08-26","codigo_credor":"00007110275442","nome_credor":"REJANE DE LIMA NUNES","valor_contratado":1887.50,"valor_pago":1887.50},{"codigo_unidade_gestora":"201157","codigo_unidade_orcamentaria":"02050","numero_empenho":"0004900","classificacao":"126","data_empenho":"2022-08-26","codigo_credor":"00005126763482","nome_credor":"ELIZABETY ANANIAS BARBOSA","valor_contratado":1997.50,"valor_pago":1997.50},{"codigo_unidade_gestora":"201157","codigo_unidade_orcamentaria":"02050","numero_empenho":"0004901","classificacao":"98","data_empenho":"2022-08-26","codigo_credor":"09048976000109","nome_credor":"Prefeitura Municipal de Remígio","valor_contratado":122230.80,"valor_pago":122230.80},{"codigo_unidade_gestora":"201157","codigo_unidade_orcamentaria":"02050","numero_empenho":"0004902","classificacao":"126","data_empenho":"2022-08-26","codigo_credor":"00005126763482","nome_credor":"ELIZABETY ANANIAS BARBOSA","valor_contratado":1713.00,"valor_pago":1713.00},{"codigo_unidade_gestora":"201157","codigo_unidade_orcamentaria":"02050","numero_empenho":"0004903","classificacao":"126","data_empenho":"2022-08-26","codigo_credor":"00007110275442","nome_credor":"REJANE DE LIMA NUNES","valor_contratado":1120.00,"valor_pago":1120.00},{"codigo_unidade_gestora":"201157","codigo_unidade_orcamentaria":"02050","numero_empenho":"0004904","classificacao":"126","data_empenho":"2022-08-26","codigo_credor":"00006891009499","nome_credor":"MARIA APARECIDA CAMILO BEZERRA","valor_contratado":567.50,"valor_pago":567.50},{"codigo_unidade_gestora":"201157","codigo_unidade_orcamentaria":"02050","numero_empenho":"0004905","classificacao":"126","data_empenho":"2022-08-26","codigo_credor":"00004662809479","nome_credor":"ANA MARIA DOS SANTOS","valor_contratado":1360.00,"valor_pago":1360.00},{"codigo_unidade_gestora":"201157","codigo_unidade_orcamentaria":"02020","numero_empenho":"0004906","classificacao":"135","data_empenho":"2022-08-26","codigo_credor":"17572003000100","nome_credor":"PHELIPE E VASCONCELOS INFORMATICA LTDA-ME","valor_contratado":647.00,"valor_pago":647.00},{"codigo_unidade_gestora":"201157","codigo_unidade_orcamentaria":"02040","numero_empenho":"0004907","classificacao":"135","data_empenho":"2022-08-26","codigo_credor":"17572003000100","nome_credor":"PHELIPE E VASCONCELOS INFORMATICA LTDA-ME","valor_contratado":350.00,"valor_pago":350.00},{"codigo_unidade_gestora":"201157","codigo_unidade_orcamentaria":"02040","numero_empenho":"0004908","classificacao":"135","data_empenho":"2022-08-26","codigo_credor":"17572003000100","nome_credor":"PHELIPE E VASCONCELOS INFORMATICA LTDA-ME","valor_contratado":350.00,"valor_pago":350.00},{"codigo_unidade_gestora":"201157","codigo_unidade_orcamentaria":"02050","numero_empenho":"0004909","classificacao":"98","data_empenho":"2022-08-26","codigo_credor":"09048976000109","nome_credor":"Prefeitura Municipal de Remígio","valor_contratado":60011.29,"valor_pago":60011.29},{"codigo_unidade_gestora":"201157","codigo_unidade_orcamentaria":"02020","numero_empenho":"0004910","classificacao":"135","data_empenho":"2022-08-26","codigo_credor":"17572003000100","nome_credor":"PHELIPE E VASCONCELOS INFORMATICA LTDA-ME","valor_contratado":678.33,"valor_pago":678.33},{"codigo_unidade_gestora":"201157","codigo_unidade_orcamentaria":"02050","numero_empenho":"0004911","classificacao":"98","data_empenho":"2022-08-26","codigo_credor":"09048976000109","nome_credor":"Prefeitura Municipal de Remígio","valor_contratado":38014.44,"valor_pago":38014.44},{"codigo_unidade_gestora":"201157","codigo_unidade_orcamentaria":"02040","numero_empenho":"0004912","classificacao":"135","data_empenho":"2022-08-26","codigo_credor":"17572003000100","nome_credor":"PHELIPE E VASCONCELOS INFORMATICA LTDA-ME","valor_contratado":478.33,"valor_pago":478.33},{"codigo_unidade_gestora":"201157","codigo_unidade_orcamentaria":"02020","numero_empenho":"0004913","classificacao":"135","data_empenho":"2022-08-26","codigo_credor":"17572003000100","nome_credor":"PHELIPE E VASCONCELOS INFORMATICA LTDA-ME","valor_contratado":350.00,"valor_pago":350.00},{"codigo_unidade_gestora":"201157","codigo_unidade_orcamentaria":"02070","numero_empenho":"0004914","classificacao":"135","data_empenho":"2022-08-26","codigo_credor":"17572003000100","nome_credor":"PHELIPE E VASCONCELOS INFORMATICA LTDA-ME","valor_contratado":728.33,"valor_pago":728.33},{"codigo_unidade_gestora":"201157","codigo_unidade_orcamentaria":"02050","numero_empenho":"0004915","classificacao":"135","data_empenho":"2022-08-26","codigo_credor":"17572003000100","nome_credor":"PHELIPE E VASCONCELOS INFORMATICA LTDA-ME","valor_contratado":450.00,"valor_pago":450.00},{"codigo_unidade_gestora":"201157","codigo_unidade_orcamentaria":"02050","numero_empenho":"0004916","classificacao":"135","data_empenho":"2022-08-26","codigo_credor":"17572003000100","nome_credor":"PHELIPE E VASCONCELOS INFORMATICA LTDA-ME","valor_contratado":350.00,"valor_pago":350.00},{"codigo_unidade_gestora":"201157","codigo_unidade_orcamentaria":"02050","numero_empenho":"0004917","classificacao":"98","data_empenho":"2022-08-26","codigo_credor":"09048976000109","nome_credor":"Prefeitura Municipal de Remígio","valor_contratado":33680.40,"valor_pago":33680.40},{"codigo_unidade_gestora":"201157","codigo_unidade_orcamentaria":"02070","numero_empenho":"0004918","classificacao":"135","data_empenho":"2022-08-26","codigo_credor":"17572003000100","nome_credor":"PHELIPE E VASCONCELOS INFORMATICA LTDA-ME","valor_contratado":627.00,"valor_pago":627.00},{"codigo_unidade_gestora":"201157","codigo_unidade_orcamentaria":"02050","numero_empenho":"0004919","classificacao":"126","data_empenho":"2022-08-26","codigo_credor":"42878093000100","nome_credor":"JCASIF COMERCIO VAREJISTA DE CEREAIS LTDA","valor_contratado":3390.00,"valor_pago":3390.00},{"codigo_unidade_gestora":"201157","codigo_unidade_orcamentaria":"02040","numero_empenho":"0004920","classificacao":"98","data_empenho":"2022-08-26","codigo_credor":"09048976000109","nome_credor":"Prefeitura Municipal de Remígio","valor_contratado":23405.00,"valor_pago":23405.00},{"codigo_unidade_gestora":"201157","codigo_unidade_orcamentaria":"02040","numero_empenho":"0004921","classificacao":"126","data_empenho":"2022-08-26","codigo_credor":"17227485000153","nome_credor":"LG PRODUTOS HOSPITALARES LTDA","valor_contratado":20457.45,"valor_pago":20457.45},{"codigo_unidade_gestora":"201157","codigo_unidade_orcamentaria":"02050","numero_empenho":"0004922","classificacao":"126","data_empenho":"2022-08-26","codigo_credor":"31131079000113","nome_credor":"MASCENA DISTRIBUIDORA LTDA","valor_contratado":9000.00,"valor_pago":9000.00},{"codigo_unidade_gestora":"201157","codigo_unidade_orcamentaria":"02110","numero_empenho":"0004923","classificacao":"126","data_empenho":"2022-08-26","codigo_credor":"17227485000153","nome_credor":"LG PRODUTOS HOSPITALARES LTDA","valor_contratado":19710.35,"valor_pago":19710.35},{"codigo_unidade_gestora":"201157","codigo_unidade_orcamentaria":"02110","numero_empenho":"0004924","classificacao":"126","data_empenho":"2022-08-26","codigo_credor":"11054242000184","nome_credor":"DENTAL COSTA PRODUTOS ODONTOLOGICOS LTDA","valor_contratado":14938.10,"valor_pago":14938.10},{"codigo_unidade_gestora":"201157","codigo_unidade_orcamentaria":"02040","numero_empenho":"0004925","classificacao":"126","data_empenho":"2022-08-26","codigo_credor":"17227485000153","nome_credor":"LG PRODUTOS HOSPITALARES LTDA","valor_contratado":6525.80,"valor_pago":6525.80},{"codigo_unidade_gestora":"201157","codigo_unidade_orcamentaria":"02110","numero_empenho":"0004926","classificacao":"98","data_empenho":"2022-08-26","codigo_credor":"09048976000109","nome_credor":"Prefeitura Municipal de Remígio","valor_contratado":9823.50,"valor_pago":9823.50},{"codigo_unidade_gestora":"201157","codigo_unidade_orcamentaria":"02020","numero_empenho":"0004927","classificacao":"136","data_empenho":"2022-08-26","codigo_credor":"03500830000176","nome_credor":"RICARDO GUERRA INFORMATICA-ME","valor_contratado":1000.00,"valor_pago":1000.00},{"codigo_unidade_gestora":"201157","codigo_unidade_orcamentaria":"02110","numero_empenho":"0004928","classificacao":"98","data_empenho":"2022-08-26","codigo_credor":"09048976000109","nome_credor":"Prefeitura Municipal de Remígio","valor_contratado":73333.33,"valor_pago":73333.33},{"codigo_unidade_gestora":"201157","codigo_unidade_orcamentaria":"02110","numero_empenho":"0004929","classificacao":"126","data_empenho":"2022-08-26","codigo_credor":"11054242000184","nome_credor":"DENTAL COSTA PRODUTOS ODONTOLOGICOS LTDA","valor_contratado":13254.04,"valor_pago":13254.04},{"codigo_unidade_gestora":"201157","codigo_unidade_orcamentaria":"02120","numero_empenho":"0004930","classificacao":"132","data_empenho":"2022-08-26","codigo_credor":"00082680221400","nome_credor":"JEAN FABIO DA SILVA","valor_contratado":1200.00,"valor_pago":1200.00},{"codigo_unidade_gestora":"201157","codigo_unidade_orcamentaria":"02110","numero_empenho":"0004931","classificacao":"98","data_empenho":"2022-08-26","codigo_credor":"09048976000109","nome_credor":"Prefeitura Municipal de Remígio","valor_contratado":71332.00,"valor_pago":71332.00},{"codigo_unidade_gestora":"201157","codigo_unidade_orcamentaria":"02110","numero_empenho":"0004932","classificacao":"126","data_empenho":"2022-08-26","codigo_credor":"11054242000184","nome_credor":"DENTAL COSTA PRODUTOS ODONTOLOGICOS LTDA","valor_contratado":13202.90,"valor_pago":13202.90},{"codigo_unidade_gestora":"201157","codigo_unidade_orcamentaria":"02110","numero_empenho":"0004933","classificacao":"98","data_empenho":"2022-08-26","codigo_credor":"09048976000109","nome_credor":"Prefeitura Municipal de Remígio","valor_contratado":8200.00,"valor_pago":8200.00},{"codigo_unidade_gestora":"201157","codigo_unidade_orcamentaria":"02110","numero_empenho":"0004934","classificacao":"126","data_empenho":"2022-08-26","codigo_credor":"17227485000153","nome_credor":"LG PRODUTOS HOSPITALARES LTDA","valor_contratado":0.00,"valor_pago":0.00},{"codigo_unidade_gestora":"201157","codigo_unidade_orcamentaria":"02130","numero_empenho":"0004935","classificacao":"126","data_empenho":"2022-08-26","codigo_credor":"42867490000178","nome_credor":"SPORTS TEXTIL COMERCIO DE ARTIGOS ESPORTIVOS E EVENTOS LTDA","valor_contratado":1379.40,"valor_pago":1379.40},{"codigo_unidade_gestora":"201157","codigo_unidade_orcamentaria":"02110","numero_empenho":"0004936","classificacao":"98","data_empenho":"2022-08-26","codigo_credor":"09048976000109","nome_credor":"Prefeitura Municipal de Remígio","valor_contratado":35884.00,"valor_pago":35884.00},{"codigo_unidade_gestora":"201157","codigo_unidade_orcamentaria":"02110","numero_empenho":"0004937","classificacao":"98","data_empenho":"2022-08-26","codigo_credor":"09048976000109","nome_credor":"Prefeitura Municipal de Remígio","valor_contratado":6500.00,"valor_pago":6500.00},{"codigo_unidade_gestora":"201157","codigo_unidade_orcamentaria":"02110","numero_empenho":"0004938","classificacao":"98","data_empenho":"2022-08-26","codigo_credor":"09048976000109","nome_credor":"Prefeitura Municipal de Remígio","valor_contratado":13376.00,"valor_pago":13376.00},{"codigo_unidade_gestora":"201157","codigo_unidade_orcamentaria":"02020","numero_empenho":"0004939","classificacao":"135","data_empenho":"2022-08-26","codigo_credor":"00000000280704","nome_credor":"BANCO DO BRASIL S/A","valor_contratado":33.00,"valor_pago":33.00},{"codigo_unidade_gestora":"201157","codigo_unidade_orcamentaria":"02020","numero_empenho":"0004940","classificacao":"135","data_empenho":"2022-08-26","codigo_credor":"00000000280704","nome_credor":"BANCO DO BRASIL S/A","valor_contratado":11.00,"valor_pago":11.00}]}}