{"size":50,"page":3,"total":846,"count":50,"_embedded":{"empenhos":[{"codigo_unidade_gestora":"201157","codigo_unidade_orcamentaria":"02080","numero_empenho":"0004338","classificacao":"135","data_empenho":"2022-08-03","codigo_credor":"41201592000197","nome_credor":"ARNOBIO TEIXEIRA DE BRITO LYRA JUNIOR 04183890470","valor_contratado":2848.00,"valor_pago":2848.00},{"codigo_unidade_gestora":"201157","codigo_unidade_orcamentaria":"02080","numero_empenho":"0004339","classificacao":"135","data_empenho":"2022-08-03","codigo_credor":"41201592000197","nome_credor":"ARNOBIO TEIXEIRA DE BRITO LYRA JUNIOR 04183890470","valor_contratado":2512.00,"valor_pago":2512.00},{"codigo_unidade_gestora":"201157","codigo_unidade_orcamentaria":"02130","numero_empenho":"0004340","classificacao":"126","data_empenho":"2022-08-03","codigo_credor":"42867490000178","nome_credor":"SPORTS TEXTIL COMERCIO DE ARTIGOS ESPORTIVOS E EVENTOS LTDA","valor_contratado":9004.70,"valor_pago":9004.70},{"codigo_unidade_gestora":"201157","codigo_unidade_orcamentaria":"02080","numero_empenho":"0004341","classificacao":"135","data_empenho":"2022-08-03","codigo_credor":"19144465000144","nome_credor":"ANTONIO MARIO DOS SANTOS JUNIOR 05954876452","valor_contratado":1680.00,"valor_pago":1680.00},{"codigo_unidade_gestora":"201157","codigo_unidade_orcamentaria":"02020","numero_empenho":"0004342","classificacao":"135","data_empenho":"2022-08-03","codigo_credor":"00000000280704","nome_credor":"BANCO DO BRASIL S/A","valor_contratado":11.00,"valor_pago":11.00},{"codigo_unidade_gestora":"201157","codigo_unidade_orcamentaria":"02070","numero_empenho":"0004343","classificacao":"135","data_empenho":"2022-08-03","codigo_credor":"09095183000140","nome_credor":"ENERGISA","valor_contratado":30.05,"valor_pago":30.05},{"codigo_unidade_gestora":"201157","codigo_unidade_orcamentaria":"02040","numero_empenho":"0004344","classificacao":"135","data_empenho":"2022-08-03","codigo_credor":"14949698000109","nome_credor":"G O L NETO EIRELI","valor_contratado":4200.00,"valor_pago":4200.00},{"codigo_unidade_gestora":"201157","codigo_unidade_orcamentaria":"02010","numero_empenho":"0004345","classificacao":"135","data_empenho":"2022-08-03","codigo_credor":"14949698000109","nome_credor":"G O L NETO EIRELI","valor_contratado":2466.86,"valor_pago":2466.86},{"codigo_unidade_gestora":"201157","codigo_unidade_orcamentaria":"02120","numero_empenho":"0004346","classificacao":"135","data_empenho":"2022-08-03","codigo_credor":"19961528000155","nome_credor":"ASS.DAS ARTESÃS DE REMIGIO MULHERES QUE","valor_contratado":800.00,"valor_pago":800.00},{"codigo_unidade_gestora":"201157","codigo_unidade_orcamentaria":"02050","numero_empenho":"0004347","classificacao":"126","data_empenho":"2022-08-04","codigo_credor":"40979684000130","nome_credor":"ANDRE FELIPE DE SOUZA SANTOS","valor_contratado":1380.00,"valor_pago":1380.00},{"codigo_unidade_gestora":"201157","codigo_unidade_orcamentaria":"02110","numero_empenho":"0004348","classificacao":"135","data_empenho":"2022-08-03","codigo_credor":"27380620000150","nome_credor":"IVANCLECIO DE SOUZA RODRIGUES","valor_contratado":4400.00,"valor_pago":4400.00},{"codigo_unidade_gestora":"201157","codigo_unidade_orcamentaria":"02070","numero_empenho":"0004349","classificacao":"126","data_empenho":"2022-08-04","codigo_credor":"40979684000130","nome_credor":"ANDRE FELIPE DE SOUZA SANTOS","valor_contratado":230.00,"valor_pago":230.00},{"codigo_unidade_gestora":"201157","codigo_unidade_orcamentaria":"02040","numero_empenho":"0004350","classificacao":"126","data_empenho":"2022-08-04","codigo_credor":"40979684000130","nome_credor":"ANDRE FELIPE DE SOUZA SANTOS","valor_contratado":460.00,"valor_pago":460.00},{"codigo_unidade_gestora":"201157","codigo_unidade_orcamentaria":"02070","numero_empenho":"0004351","classificacao":"126","data_empenho":"2022-08-04","codigo_credor":"09261355000109","nome_credor":"HILTON PINHEIRO DANTAS","valor_contratado":1456.00,"valor_pago":1456.00},{"codigo_unidade_gestora":"201157","codigo_unidade_orcamentaria":"02080","numero_empenho":"0004352","classificacao":"126","data_empenho":"2022-08-04","codigo_credor":"09261355000109","nome_credor":"HILTON PINHEIRO DANTAS","valor_contratado":1972.91,"valor_pago":1972.91},{"codigo_unidade_gestora":"201157","codigo_unidade_orcamentaria":"02080","numero_empenho":"0004353","classificacao":"126","data_empenho":"2022-08-04","codigo_credor":"09261355000109","nome_credor":"HILTON PINHEIRO DANTAS","valor_contratado":92.34,"valor_pago":92.34},{"codigo_unidade_gestora":"201157","codigo_unidade_orcamentaria":"02130","numero_empenho":"0004354","classificacao":"126","data_empenho":"2022-08-04","codigo_credor":"09261355000109","nome_credor":"HILTON PINHEIRO DANTAS","valor_contratado":3011.35,"valor_pago":3011.35},{"codigo_unidade_gestora":"201157","codigo_unidade_orcamentaria":"02070","numero_empenho":"0004355","classificacao":"126","data_empenho":"2022-08-04","codigo_credor":"09261355000109","nome_credor":"HILTON PINHEIRO DANTAS","valor_contratado":977.20,"valor_pago":977.20},{"codigo_unidade_gestora":"201157","codigo_unidade_orcamentaria":"02080","numero_empenho":"0004356","classificacao":"126","data_empenho":"2022-08-04","codigo_credor":"09261355000109","nome_credor":"HILTON PINHEIRO DANTAS","valor_contratado":919.30,"valor_pago":919.30},{"codigo_unidade_gestora":"201157","codigo_unidade_orcamentaria":"02080","numero_empenho":"0004357","classificacao":"126","data_empenho":"2022-08-04","codigo_credor":"09261355000109","nome_credor":"HILTON PINHEIRO DANTAS","valor_contratado":105.85,"valor_pago":105.85},{"codigo_unidade_gestora":"201157","codigo_unidade_orcamentaria":"02010","numero_empenho":"0004358","classificacao":"126","data_empenho":"2022-08-04","codigo_credor":"09261355000109","nome_credor":"HILTON PINHEIRO DANTAS","valor_contratado":842.95,"valor_pago":842.95},{"codigo_unidade_gestora":"201157","codigo_unidade_orcamentaria":"02090","numero_empenho":"0004359","classificacao":"126","data_empenho":"2022-08-04","codigo_credor":"09261355000109","nome_credor":"HILTON PINHEIRO DANTAS","valor_contratado":5206.63,"valor_pago":5206.63},{"codigo_unidade_gestora":"201157","codigo_unidade_orcamentaria":"02050","numero_empenho":"0004360","classificacao":"126","data_empenho":"2022-08-04","codigo_credor":"09261355000109","nome_credor":"HILTON PINHEIRO DANTAS","valor_contratado":1549.77,"valor_pago":1549.77},{"codigo_unidade_gestora":"201157","codigo_unidade_orcamentaria":"02080","numero_empenho":"0004361","classificacao":"126","data_empenho":"2022-08-04","codigo_credor":"09261355000109","nome_credor":"HILTON PINHEIRO DANTAS","valor_contratado":862.72,"valor_pago":862.72},{"codigo_unidade_gestora":"201157","codigo_unidade_orcamentaria":"02090","numero_empenho":"0004362","classificacao":"126","data_empenho":"2022-08-04","codigo_credor":"09261355000109","nome_credor":"HILTON PINHEIRO DANTAS","valor_contratado":6764.20,"valor_pago":6764.20},{"codigo_unidade_gestora":"201157","codigo_unidade_orcamentaria":"02090","numero_empenho":"0004363","classificacao":"126","data_empenho":"2022-08-04","codigo_credor":"09261355000109","nome_credor":"HILTON PINHEIRO DANTAS","valor_contratado":188.41,"valor_pago":188.41},{"codigo_unidade_gestora":"201157","codigo_unidade_orcamentaria":"02090","numero_empenho":"0004364","classificacao":"126","data_empenho":"2022-08-04","codigo_credor":"09261355000109","nome_credor":"HILTON PINHEIRO DANTAS","valor_contratado":6992.84,"valor_pago":6992.84},{"codigo_unidade_gestora":"201157","codigo_unidade_orcamentaria":"02140","numero_empenho":"0004365","classificacao":"126","data_empenho":"2022-08-04","codigo_credor":"09261355000109","nome_credor":"HILTON PINHEIRO DANTAS","valor_contratado":857.25,"valor_pago":857.25},{"codigo_unidade_gestora":"201157","codigo_unidade_orcamentaria":"02090","numero_empenho":"0004366","classificacao":"126","data_empenho":"2022-08-04","codigo_credor":"09261355000109","nome_credor":"HILTON PINHEIRO DANTAS","valor_contratado":1575.54,"valor_pago":1575.54},{"codigo_unidade_gestora":"201157","codigo_unidade_orcamentaria":"02140","numero_empenho":"0004367","classificacao":"126","data_empenho":"2022-08-04","codigo_credor":"09261355000109","nome_credor":"HILTON PINHEIRO DANTAS","valor_contratado":2954.69,"valor_pago":2954.69},{"codigo_unidade_gestora":"201157","codigo_unidade_orcamentaria":"02090","numero_empenho":"0004368","classificacao":"126","data_empenho":"2022-08-04","codigo_credor":"09261355000109","nome_credor":"HILTON PINHEIRO DANTAS","valor_contratado":4753.72,"valor_pago":4753.72},{"codigo_unidade_gestora":"201157","codigo_unidade_orcamentaria":"02080","numero_empenho":"0004369","classificacao":"135","data_empenho":"2022-08-04","codigo_credor":"32621662000175","nome_credor":"BELARMINO ROQUE DA SILVA NETO 01683378431","valor_contratado":1300.00,"valor_pago":1300.00},{"codigo_unidade_gestora":"201157","codigo_unidade_orcamentaria":"02090","numero_empenho":"0004370","classificacao":"126","data_empenho":"2022-08-04","codigo_credor":"09261355000109","nome_credor":"HILTON PINHEIRO DANTAS","valor_contratado":3132.44,"valor_pago":3132.44},{"codigo_unidade_gestora":"201157","codigo_unidade_orcamentaria":"02040","numero_empenho":"0004371","classificacao":"135","data_empenho":"2022-08-04","codigo_credor":"19144465000144","nome_credor":"ANTONIO MARIO DOS SANTOS JUNIOR 05954876452","valor_contratado":1260.00,"valor_pago":1260.00},{"codigo_unidade_gestora":"201157","codigo_unidade_orcamentaria":"02080","numero_empenho":"0004372","classificacao":"126","data_empenho":"2022-08-04","codigo_credor":"09261355000109","nome_credor":"HILTON PINHEIRO DANTAS","valor_contratado":11323.07,"valor_pago":11323.07},{"codigo_unidade_gestora":"201157","codigo_unidade_orcamentaria":"02080","numero_empenho":"0004373","classificacao":"126","data_empenho":"2022-08-04","codigo_credor":"09261355000109","nome_credor":"HILTON PINHEIRO DANTAS","valor_contratado":2656.40,"valor_pago":2656.40},{"codigo_unidade_gestora":"201157","codigo_unidade_orcamentaria":"02050","numero_empenho":"0004374","classificacao":"135","data_empenho":"2022-08-04","codigo_credor":"19144465000144","nome_credor":"ANTONIO MARIO DOS SANTOS JUNIOR 05954876452","valor_contratado":1260.00,"valor_pago":1260.00},{"codigo_unidade_gestora":"201157","codigo_unidade_orcamentaria":"02080","numero_empenho":"0004375","classificacao":"126","data_empenho":"2022-08-04","codigo_credor":"09261355000109","nome_credor":"HILTON PINHEIRO DANTAS","valor_contratado":10819.40,"valor_pago":10819.40},{"codigo_unidade_gestora":"201157","codigo_unidade_orcamentaria":"02080","numero_empenho":"0004376","classificacao":"135","data_empenho":"2022-08-04","codigo_credor":"23960587000186","nome_credor":"ARLINDO SOARES DA SILVA 03406315461","valor_contratado":2640.00,"valor_pago":2640.00},{"codigo_unidade_gestora":"201157","codigo_unidade_orcamentaria":"02080","numero_empenho":"0004377","classificacao":"126","data_empenho":"2022-08-04","codigo_credor":"09261355000109","nome_credor":"HILTON PINHEIRO DANTAS","valor_contratado":7975.83,"valor_pago":7975.83},{"codigo_unidade_gestora":"201157","codigo_unidade_orcamentaria":"02050","numero_empenho":"0004378","classificacao":"135","data_empenho":"2022-08-04","codigo_credor":"23960587000186","nome_credor":"ARLINDO SOARES DA SILVA 03406315461","valor_contratado":1320.00,"valor_pago":1320.00},{"codigo_unidade_gestora":"201157","codigo_unidade_orcamentaria":"02040","numero_empenho":"0004379","classificacao":"135","data_empenho":"2022-08-04","codigo_credor":"23960587000186","nome_credor":"ARLINDO SOARES DA SILVA 03406315461","valor_contratado":2640.00,"valor_pago":2640.00},{"codigo_unidade_gestora":"201157","codigo_unidade_orcamentaria":"02080","numero_empenho":"0004380","classificacao":"126","data_empenho":"2022-08-04","codigo_credor":"09261355000109","nome_credor":"HILTON PINHEIRO DANTAS","valor_contratado":1380.87,"valor_pago":1380.87},{"codigo_unidade_gestora":"201157","codigo_unidade_orcamentaria":"02080","numero_empenho":"0004381","classificacao":"135","data_empenho":"2022-08-04","codigo_credor":"31390801000134","nome_credor":"JOSEMI ROBERTO DE FREITAS 08726908492","valor_contratado":3680.00,"valor_pago":3680.00},{"codigo_unidade_gestora":"201157","codigo_unidade_orcamentaria":"02080","numero_empenho":"0004382","classificacao":"126","data_empenho":"2022-08-04","codigo_credor":"09261355000109","nome_credor":"HILTON PINHEIRO DANTAS","valor_contratado":1935.73,"valor_pago":1935.73},{"codigo_unidade_gestora":"201157","codigo_unidade_orcamentaria":"02080","numero_empenho":"0004383","classificacao":"135","data_empenho":"2022-08-04","codigo_credor":"24853787000100","nome_credor":"MARCOS ANTONIO DO NASCIMENTO 09535475827","valor_contratado":1020.00,"valor_pago":1020.00},{"codigo_unidade_gestora":"201157","codigo_unidade_orcamentaria":"02010","numero_empenho":"0004384","classificacao":"131","data_empenho":"2022-08-04","codigo_credor":"23397663000197","nome_credor":"MARINHO E SILVA ADVOCACIA","valor_contratado":3000.00,"valor_pago":3000.00},{"codigo_unidade_gestora":"201157","codigo_unidade_orcamentaria":"02050","numero_empenho":"0004385","classificacao":"135","data_empenho":"2022-08-04","codigo_credor":"24853787000100","nome_credor":"MARCOS ANTONIO DO NASCIMENTO 09535475827","valor_contratado":1020.00,"valor_pago":1020.00},{"codigo_unidade_gestora":"201157","codigo_unidade_orcamentaria":"02050","numero_empenho":"0004386","classificacao":"135","data_empenho":"2022-08-04","codigo_credor":"14666954000142","nome_credor":"PONTUAL TRANSPORTE DE PASSAGEIROS LTDA","valor_contratado":1973.49,"valor_pago":1973.49},{"codigo_unidade_gestora":"201157","codigo_unidade_orcamentaria":"02040","numero_empenho":"0004387","classificacao":"135","data_empenho":"2022-08-04","codigo_credor":"24853787000100","nome_credor":"MARCOS ANTONIO DO NASCIMENTO 09535475827","valor_contratado":2040.00,"valor_pago":2040.00}]}}