{"size":50,"page":5,"total":766,"count":50,"_embedded":{"empenhos":[{"codigo_unidade_gestora":"201157","codigo_unidade_orcamentaria":"02110","numero_empenho":"0006084","classificacao":"135","data_empenho":"2022-10-06","codigo_credor":"36416137000179","nome_credor":"MARINEZ FAUSTINO 04725426482","valor_contratado":610.00,"valor_pago":610.00},{"codigo_unidade_gestora":"201157","codigo_unidade_orcamentaria":"02110","numero_empenho":"0006085","classificacao":"135","data_empenho":"2022-10-06","codigo_credor":"41989653000122","nome_credor":"MARIA DAS VITORIAS DOS SANTOS 08868876744","valor_contratado":1000.00,"valor_pago":1000.00},{"codigo_unidade_gestora":"201157","codigo_unidade_orcamentaria":"02110","numero_empenho":"0006086","classificacao":"135","data_empenho":"2022-10-06","codigo_credor":"36401036000124","nome_credor":"MARIA DO SOCORRO LAURENTINO DA SILVA 45241325468","valor_contratado":1000.00,"valor_pago":1000.00},{"codigo_unidade_gestora":"201157","codigo_unidade_orcamentaria":"02080","numero_empenho":"0006087","classificacao":"135","data_empenho":"2022-10-07","codigo_credor":"21993674000104","nome_credor":"ANDRE RODRIGUES DE SALES 11344879403","valor_contratado":1650.00,"valor_pago":1650.00},{"codigo_unidade_gestora":"201157","codigo_unidade_orcamentaria":"02040","numero_empenho":"0006088","classificacao":"135","data_empenho":"2022-10-07","codigo_credor":"21993674000104","nome_credor":"ANDRE RODRIGUES DE SALES 11344879403","valor_contratado":900.00,"valor_pago":900.00},{"codigo_unidade_gestora":"201157","codigo_unidade_orcamentaria":"02040","numero_empenho":"0006089","classificacao":"135","data_empenho":"2022-10-07","codigo_credor":"21993674000104","nome_credor":"ANDRE RODRIGUES DE SALES 11344879403","valor_contratado":1350.00,"valor_pago":1350.00},{"codigo_unidade_gestora":"201157","codigo_unidade_orcamentaria":"02110","numero_empenho":"0006090","classificacao":"135","data_empenho":"2022-10-07","codigo_credor":"34783914000198","nome_credor":"JOSE WAGNER DE LIMA","valor_contratado":11100.00,"valor_pago":11100.00},{"codigo_unidade_gestora":"201157","codigo_unidade_orcamentaria":"02140","numero_empenho":"0006091","classificacao":"128","data_empenho":"2022-10-07","codigo_credor":"07526979000185","nome_credor":"RAIMUNDO ADELMAR F. PIRES","valor_contratado":10149.00,"valor_pago":10149.00},{"codigo_unidade_gestora":"201157","codigo_unidade_orcamentaria":"02110","numero_empenho":"0006092","classificacao":"135","data_empenho":"2022-10-07","codigo_credor":"26572822000130","nome_credor":"ALINE AGUIAR ROCHA - ME","valor_contratado":6639.50,"valor_pago":6639.50},{"codigo_unidade_gestora":"201157","codigo_unidade_orcamentaria":"02050","numero_empenho":"0006093","classificacao":"126","data_empenho":"2022-10-07","codigo_credor":"07526979000185","nome_credor":"RAIMUNDO ADELMAR F. PIRES","valor_contratado":30370.40,"valor_pago":30370.40},{"codigo_unidade_gestora":"201157","codigo_unidade_orcamentaria":"02040","numero_empenho":"0006094","classificacao":"135","data_empenho":"2022-10-07","codigo_credor":"15602075000110","nome_credor":"SEGINALDO DOS SANTOS - ME","valor_contratado":550.00,"valor_pago":550.00},{"codigo_unidade_gestora":"201157","codigo_unidade_orcamentaria":"02050","numero_empenho":"0006095","classificacao":"135","data_empenho":"2022-10-07","codigo_credor":"22371960000109","nome_credor":"PEDRO TORQUATO DA SILVA-ME","valor_contratado":350.00,"valor_pago":350.00},{"codigo_unidade_gestora":"201157","codigo_unidade_orcamentaria":"02090","numero_empenho":"0006096","classificacao":"135","data_empenho":"2022-10-07","codigo_credor":"22371960000109","nome_credor":"PEDRO TORQUATO DA SILVA-ME","valor_contratado":450.00,"valor_pago":450.00},{"codigo_unidade_gestora":"201157","codigo_unidade_orcamentaria":"02080","numero_empenho":"0006097","classificacao":"135","data_empenho":"2022-10-07","codigo_credor":"45450035000160","nome_credor":"ADRIANO MARCOS SANTANA ALVES 09665655418","valor_contratado":1250.00,"valor_pago":1250.00},{"codigo_unidade_gestora":"201157","codigo_unidade_orcamentaria":"02010","numero_empenho":"0006098","classificacao":"132","data_empenho":"2022-10-07","codigo_credor":"00076735370872","nome_credor":"LUIZ FELIPE DA SILVA","valor_contratado":3900.00,"valor_pago":3900.00},{"codigo_unidade_gestora":"201157","codigo_unidade_orcamentaria":"02110","numero_empenho":"0006099","classificacao":"126","data_empenho":"2022-10-07","codigo_credor":"08778201000126","nome_credor":"DROGAFONTE LTDA.","valor_contratado":2600.00,"valor_pago":2600.00},{"codigo_unidade_gestora":"201157","codigo_unidade_orcamentaria":"02040","numero_empenho":"0006100","classificacao":"126","data_empenho":"2022-10-07","codigo_credor":"28695805000116","nome_credor":"GB COMERCIO E SERVICOS LTDA - EPP","valor_contratado":3978.44,"valor_pago":3978.44},{"codigo_unidade_gestora":"201157","codigo_unidade_orcamentaria":"02110","numero_empenho":"0006101","classificacao":"126","data_empenho":"2022-10-07","codigo_credor":"08778201000126","nome_credor":"DROGAFONTE LTDA.","valor_contratado":1300.00,"valor_pago":1300.00},{"codigo_unidade_gestora":"201157","codigo_unidade_orcamentaria":"02040","numero_empenho":"0006102","classificacao":"126","data_empenho":"2022-10-07","codigo_credor":"28695805000116","nome_credor":"GB COMERCIO E SERVICOS LTDA - EPP","valor_contratado":4252.96,"valor_pago":4252.96},{"codigo_unidade_gestora":"201157","codigo_unidade_orcamentaria":"02110","numero_empenho":"0006103","classificacao":"126","data_empenho":"2022-10-07","codigo_credor":"08778201000126","nome_credor":"DROGAFONTE LTDA.","valor_contratado":1300.00,"valor_pago":1300.00},{"codigo_unidade_gestora":"201157","codigo_unidade_orcamentaria":"02110","numero_empenho":"0006104","classificacao":"126","data_empenho":"2022-10-07","codigo_credor":"28695805000116","nome_credor":"GB COMERCIO E SERVICOS LTDA - EPP","valor_contratado":976.35,"valor_pago":976.35},{"codigo_unidade_gestora":"201157","codigo_unidade_orcamentaria":"02040","numero_empenho":"0006105","classificacao":"126","data_empenho":"2022-10-07","codigo_credor":"28695805000116","nome_credor":"GB COMERCIO E SERVICOS LTDA - EPP","valor_contratado":3765.54,"valor_pago":3765.54},{"codigo_unidade_gestora":"201157","codigo_unidade_orcamentaria":"02050","numero_empenho":"0006106","classificacao":"126","data_empenho":"2022-10-07","codigo_credor":"28695805000116","nome_credor":"GB COMERCIO E SERVICOS LTDA - EPP","valor_contratado":4074.80,"valor_pago":4074.80},{"codigo_unidade_gestora":"201157","codigo_unidade_orcamentaria":"02050","numero_empenho":"0006107","classificacao":"126","data_empenho":"2022-10-07","codigo_credor":"28695805000116","nome_credor":"GB COMERCIO E SERVICOS LTDA - EPP","valor_contratado":6479.53,"valor_pago":6479.53},{"codigo_unidade_gestora":"201157","codigo_unidade_orcamentaria":"02040","numero_empenho":"0006108","classificacao":"126","data_empenho":"2022-10-07","codigo_credor":"28695805000116","nome_credor":"GB COMERCIO E SERVICOS LTDA - EPP","valor_contratado":697.15,"valor_pago":697.15},{"codigo_unidade_gestora":"201157","codigo_unidade_orcamentaria":"02090","numero_empenho":"0006109","classificacao":"126","data_empenho":"2022-10-07","codigo_credor":"28695805000116","nome_credor":"GB COMERCIO E SERVICOS LTDA - EPP","valor_contratado":3706.19,"valor_pago":3706.19},{"codigo_unidade_gestora":"201157","codigo_unidade_orcamentaria":"02050","numero_empenho":"0006110","classificacao":"126","data_empenho":"2022-10-07","codigo_credor":"28695805000116","nome_credor":"GB COMERCIO E SERVICOS LTDA - EPP","valor_contratado":2169.75,"valor_pago":2169.75},{"codigo_unidade_gestora":"201157","codigo_unidade_orcamentaria":"02090","numero_empenho":"0006111","classificacao":"126","data_empenho":"2022-10-07","codigo_credor":"28695805000116","nome_credor":"GB COMERCIO E SERVICOS LTDA - EPP","valor_contratado":1730.29,"valor_pago":1730.29},{"codigo_unidade_gestora":"201157","codigo_unidade_orcamentaria":"02050","numero_empenho":"0006112","classificacao":"126","data_empenho":"2022-10-07","codigo_credor":"28695805000116","nome_credor":"GB COMERCIO E SERVICOS LTDA - EPP","valor_contratado":4057.00,"valor_pago":4057.00},{"codigo_unidade_gestora":"201157","codigo_unidade_orcamentaria":"02050","numero_empenho":"0006113","classificacao":"126","data_empenho":"2022-10-07","codigo_credor":"28695805000116","nome_credor":"GB COMERCIO E SERVICOS LTDA - EPP","valor_contratado":3738.57,"valor_pago":3738.57},{"codigo_unidade_gestora":"201157","codigo_unidade_orcamentaria":"02050","numero_empenho":"0006114","classificacao":"126","data_empenho":"2022-10-07","codigo_credor":"28695805000116","nome_credor":"GB COMERCIO E SERVICOS LTDA - EPP","valor_contratado":1927.19,"valor_pago":1927.19},{"codigo_unidade_gestora":"201157","codigo_unidade_orcamentaria":"02010","numero_empenho":"0006115","classificacao":"135","data_empenho":"2022-10-07","codigo_credor":"29776170000144","nome_credor":"WALMIR BEZERRA DA SILVA 09668419480","valor_contratado":1000.00,"valor_pago":1000.00},{"codigo_unidade_gestora":"201157","codigo_unidade_orcamentaria":"02090","numero_empenho":"0006116","classificacao":"126","data_empenho":"2022-10-07","codigo_credor":"28695805000116","nome_credor":"GB COMERCIO E SERVICOS LTDA - EPP","valor_contratado":1200.11,"valor_pago":1200.11},{"codigo_unidade_gestora":"201157","codigo_unidade_orcamentaria":"02050","numero_empenho":"0006117","classificacao":"126","data_empenho":"2022-10-07","codigo_credor":"28695805000116","nome_credor":"GB COMERCIO E SERVICOS LTDA - EPP","valor_contratado":4199.94,"valor_pago":4199.94},{"codigo_unidade_gestora":"201157","codigo_unidade_orcamentaria":"02050","numero_empenho":"0006118","classificacao":"135","data_empenho":"2022-10-07","codigo_credor":"29776170000144","nome_credor":"WALMIR BEZERRA DA SILVA 09668419480","valor_contratado":500.00,"valor_pago":500.00},{"codigo_unidade_gestora":"201157","codigo_unidade_orcamentaria":"02140","numero_empenho":"0006119","classificacao":"135","data_empenho":"2022-10-07","codigo_credor":"29776170000144","nome_credor":"WALMIR BEZERRA DA SILVA 09668419480","valor_contratado":500.00,"valor_pago":500.00},{"codigo_unidade_gestora":"201157","codigo_unidade_orcamentaria":"02130","numero_empenho":"0006120","classificacao":"135","data_empenho":"2022-10-07","codigo_credor":"29776170000144","nome_credor":"WALMIR BEZERRA DA SILVA 09668419480","valor_contratado":400.00,"valor_pago":400.00},{"codigo_unidade_gestora":"201157","codigo_unidade_orcamentaria":"02080","numero_empenho":"0006121","classificacao":"135","data_empenho":"2022-10-07","codigo_credor":"29776170000144","nome_credor":"WALMIR BEZERRA DA SILVA 09668419480","valor_contratado":600.00,"valor_pago":600.00},{"codigo_unidade_gestora":"201157","codigo_unidade_orcamentaria":"02090","numero_empenho":"0006122","classificacao":"135","data_empenho":"2022-10-07","codigo_credor":"29776170000144","nome_credor":"WALMIR BEZERRA DA SILVA 09668419480","valor_contratado":300.00,"valor_pago":300.00},{"codigo_unidade_gestora":"201157","codigo_unidade_orcamentaria":"02070","numero_empenho":"0006123","classificacao":"135","data_empenho":"2022-10-07","codigo_credor":"29776170000144","nome_credor":"WALMIR BEZERRA DA SILVA 09668419480","valor_contratado":900.00,"valor_pago":900.00},{"codigo_unidade_gestora":"201157","codigo_unidade_orcamentaria":"02010","numero_empenho":"0006124","classificacao":"135","data_empenho":"2022-10-07","codigo_credor":"42350692000148","nome_credor":"FABRICIO ARTHUR RAMOS DE ALMEIDA","valor_contratado":1540.00,"valor_pago":1540.00},{"codigo_unidade_gestora":"201157","codigo_unidade_orcamentaria":"02020","numero_empenho":"0006125","classificacao":"172","data_empenho":"2022-10-07","codigo_credor":"70097811000138","nome_credor":"IPSER/FOLHA DE PAGAMENTO/SAL.FAMILIA","valor_contratado":99.90,"valor_pago":99.90},{"codigo_unidade_gestora":"201157","codigo_unidade_orcamentaria":"02020","numero_empenho":"0006126","classificacao":"172","data_empenho":"2022-10-07","codigo_credor":"70097811000138","nome_credor":"IPSER/FOLHA DE PAGAMENTO/SAL.FAMILIA","valor_contratado":1326.14,"valor_pago":1326.14},{"codigo_unidade_gestora":"201157","codigo_unidade_orcamentaria":"02020","numero_empenho":"0006127","classificacao":"172","data_empenho":"2022-10-07","codigo_credor":"70097811000138","nome_credor":"IPSER/FOLHA DE PAGAMENTO/SAL.FAMILIA","valor_contratado":410.05,"valor_pago":410.05},{"codigo_unidade_gestora":"201157","codigo_unidade_orcamentaria":"02020","numero_empenho":"0006128","classificacao":"172","data_empenho":"2022-10-07","codigo_credor":"70097811000138","nome_credor":"IPSER/FOLHA DE PAGAMENTO/SAL.FAMILIA","valor_contratado":23426.14,"valor_pago":23426.14},{"codigo_unidade_gestora":"201157","codigo_unidade_orcamentaria":"02020","numero_empenho":"0006129","classificacao":"172","data_empenho":"2022-10-07","codigo_credor":"70097811000138","nome_credor":"IPSER/FOLHA DE PAGAMENTO/SAL.FAMILIA","valor_contratado":14915.24,"valor_pago":14915.24},{"codigo_unidade_gestora":"201157","codigo_unidade_orcamentaria":"02020","numero_empenho":"0006130","classificacao":"172","data_empenho":"2022-10-07","codigo_credor":"70097811000138","nome_credor":"IPSER/FOLHA DE PAGAMENTO/SAL.FAMILIA","valor_contratado":1068.40,"valor_pago":1068.40},{"codigo_unidade_gestora":"201157","codigo_unidade_orcamentaria":"02020","numero_empenho":"0006131","classificacao":"172","data_empenho":"2022-10-07","codigo_credor":"70097811000138","nome_credor":"IPSER/FOLHA DE PAGAMENTO/SAL.FAMILIA","valor_contratado":2198.21,"valor_pago":2198.21},{"codigo_unidade_gestora":"201157","codigo_unidade_orcamentaria":"02020","numero_empenho":"0006132","classificacao":"172","data_empenho":"2022-10-07","codigo_credor":"70097811000138","nome_credor":"IPSER/FOLHA DE PAGAMENTO/SAL.FAMILIA","valor_contratado":1639.43,"valor_pago":1639.43},{"codigo_unidade_gestora":"201157","codigo_unidade_orcamentaria":"02020","numero_empenho":"0006133","classificacao":"172","data_empenho":"2022-10-07","codigo_credor":"70097811000138","nome_credor":"IPSER/FOLHA DE PAGAMENTO/SAL.FAMILIA","valor_contratado":8008.70,"valor_pago":8008.70}]}}