{"size":50,"page":6,"total":766,"count":50,"_embedded":{"empenhos":[{"codigo_unidade_gestora":"201157","codigo_unidade_orcamentaria":"02070","numero_empenho":"0006134","classificacao":"126","data_empenho":"2022-10-07","codigo_credor":"31424800000163","nome_credor":"ADRIANO GONCALVES RODRIGUES DO NASCIMENTO","valor_contratado":246.00,"valor_pago":246.00},{"codigo_unidade_gestora":"201157","codigo_unidade_orcamentaria":"02070","numero_empenho":"0006135","classificacao":"126","data_empenho":"2022-10-07","codigo_credor":"31424800000163","nome_credor":"ADRIANO GONCALVES RODRIGUES DO NASCIMENTO","valor_contratado":56.00,"valor_pago":56.00},{"codigo_unidade_gestora":"201157","codigo_unidade_orcamentaria":"02010","numero_empenho":"0006136","classificacao":"126","data_empenho":"2022-10-07","codigo_credor":"31424800000163","nome_credor":"ADRIANO GONCALVES RODRIGUES DO NASCIMENTO","valor_contratado":282.00,"valor_pago":282.00},{"codigo_unidade_gestora":"201157","codigo_unidade_orcamentaria":"02040","numero_empenho":"0006137","classificacao":"126","data_empenho":"2022-10-07","codigo_credor":"31424800000163","nome_credor":"ADRIANO GONCALVES RODRIGUES DO NASCIMENTO","valor_contratado":966.00,"valor_pago":966.00},{"codigo_unidade_gestora":"201157","codigo_unidade_orcamentaria":"02050","numero_empenho":"0006138","classificacao":"126","data_empenho":"2022-10-07","codigo_credor":"31424800000163","nome_credor":"ADRIANO GONCALVES RODRIGUES DO NASCIMENTO","valor_contratado":3410.00,"valor_pago":3410.00},{"codigo_unidade_gestora":"201157","codigo_unidade_orcamentaria":"02070","numero_empenho":"0006139","classificacao":"132","data_empenho":"2022-10-10","codigo_credor":"00041943023468","nome_credor":"CELIA MARIA PEREIRA PASSOS","valor_contratado":2000.00,"valor_pago":2000.00},{"codigo_unidade_gestora":"201157","codigo_unidade_orcamentaria":"02070","numero_empenho":"0006140","classificacao":"132","data_empenho":"2022-10-10","codigo_credor":"00083910409415","nome_credor":"LUCIO BARROS DOS SANTOS","valor_contratado":800.00,"valor_pago":800.00},{"codigo_unidade_gestora":"201157","codigo_unidade_orcamentaria":"02110","numero_empenho":"0006141","classificacao":"132","data_empenho":"2022-10-10","codigo_credor":"00013199132880","nome_credor":"MARIA DA PENHA DIAS MONTEIRO","valor_contratado":1300.00,"valor_pago":1300.00},{"codigo_unidade_gestora":"201157","codigo_unidade_orcamentaria":"02040","numero_empenho":"0006142","classificacao":"132","data_empenho":"2022-10-10","codigo_credor":"00016024036434","nome_credor":"JOSE PEREIRA GONÇALVES","valor_contratado":724.00,"valor_pago":724.00},{"codigo_unidade_gestora":"201157","codigo_unidade_orcamentaria":"02110","numero_empenho":"0006143","classificacao":"132","data_empenho":"2022-10-10","codigo_credor":"00006333892424","nome_credor":"JOSE IORDAN DA COSTA GONÇALVES","valor_contratado":500.00,"valor_pago":500.00},{"codigo_unidade_gestora":"201157","codigo_unidade_orcamentaria":"02040","numero_empenho":"0006144","classificacao":"132","data_empenho":"2022-10-10","codigo_credor":"00085339946487","nome_credor":"JOSE ANTONIO PAULINO DA SILVA","valor_contratado":1000.00,"valor_pago":1000.00},{"codigo_unidade_gestora":"201157","codigo_unidade_orcamentaria":"02080","numero_empenho":"0006145","classificacao":"132","data_empenho":"2022-10-10","codigo_credor":"00006457865437","nome_credor":"ANTONIO GUSTAVO DE LUNA SOUTO","valor_contratado":700.00,"valor_pago":700.00},{"codigo_unidade_gestora":"201157","codigo_unidade_orcamentaria":"02070","numero_empenho":"0006146","classificacao":"132","data_empenho":"2022-10-10","codigo_credor":"00005829267420","nome_credor":"CICERO BATISTA RIBEIRO","valor_contratado":700.00,"valor_pago":700.00},{"codigo_unidade_gestora":"201157","codigo_unidade_orcamentaria":"02060","numero_empenho":"0006147","classificacao":"132","data_empenho":"2022-10-10","codigo_credor":"00016024036434","nome_credor":"JOSE PEREIRA GONÇALVES","valor_contratado":1000.00,"valor_pago":1000.00},{"codigo_unidade_gestora":"201157","codigo_unidade_orcamentaria":"02110","numero_empenho":"0006148","classificacao":"132","data_empenho":"2022-10-10","codigo_credor":"00016644118879","nome_credor":"JOSÉ TORRES BRASIL","valor_contratado":1500.00,"valor_pago":1500.00},{"codigo_unidade_gestora":"201157","codigo_unidade_orcamentaria":"02050","numero_empenho":"0006149","classificacao":"132","data_empenho":"2022-10-10","codigo_credor":"00049910990482","nome_credor":"MARIA DO SOCORRO DINIZ FIDELIS","valor_contratado":700.00,"valor_pago":700.00},{"codigo_unidade_gestora":"201157","codigo_unidade_orcamentaria":"02010","numero_empenho":"0006150","classificacao":"132","data_empenho":"2022-10-10","codigo_credor":"00048424803191","nome_credor":"MARIA JACINTA PONTES","valor_contratado":2200.00,"valor_pago":2200.00},{"codigo_unidade_gestora":"201157","codigo_unidade_orcamentaria":"02010","numero_empenho":"0006151","classificacao":"132","data_empenho":"2022-10-10","codigo_credor":"00011642062812","nome_credor":"MARINES MARQUES DA SILVA","valor_contratado":1000.00,"valor_pago":1000.00},{"codigo_unidade_gestora":"201157","codigo_unidade_orcamentaria":"02080","numero_empenho":"0006152","classificacao":"135","data_empenho":"2022-10-10","codigo_credor":"08298416002517","nome_credor":"PAROQUIA NOSSA SENHORA DO PATROCINIO","valor_contratado":1200.00,"valor_pago":1200.00},{"codigo_unidade_gestora":"201157","codigo_unidade_orcamentaria":"02090","numero_empenho":"0006153","classificacao":"135","data_empenho":"2022-10-10","codigo_credor":"08298416002517","nome_credor":"PAROQUIA NOSSA SENHORA DO PATROCINIO","valor_contratado":500.00,"valor_pago":500.00},{"codigo_unidade_gestora":"201157","codigo_unidade_orcamentaria":"02070","numero_empenho":"0006154","classificacao":"132","data_empenho":"2022-10-10","codigo_credor":"00025879499120","nome_credor":"PAULO CESAR DE SOUZA","valor_contratado":1500.00,"valor_pago":1500.00},{"codigo_unidade_gestora":"201157","codigo_unidade_orcamentaria":"02080","numero_empenho":"0006155","classificacao":"135","data_empenho":"2022-10-10","codigo_credor":"31390801000134","nome_credor":"JOSEMI ROBERTO DE FREITAS 08726908492","valor_contratado":3680.00,"valor_pago":3680.00},{"codigo_unidade_gestora":"201157","codigo_unidade_orcamentaria":"02080","numero_empenho":"0006156","classificacao":"135","data_empenho":"2022-10-10","codigo_credor":"42073356000103","nome_credor":"DIEGO NUNES BENEVENUTO 44622283832","valor_contratado":1200.00,"valor_pago":1200.00},{"codigo_unidade_gestora":"201157","codigo_unidade_orcamentaria":"02080","numero_empenho":"0006157","classificacao":"135","data_empenho":"2022-10-10","codigo_credor":"36244814000119","nome_credor":"ROBSON SOUZA DOS SANTOS","valor_contratado":1500.00,"valor_pago":1500.00},{"codigo_unidade_gestora":"201157","codigo_unidade_orcamentaria":"02080","numero_empenho":"0006158","classificacao":"135","data_empenho":"2022-10-10","codigo_credor":"36271343000138","nome_credor":"JONAS GONÇALVES RODRIGUES DE LIMA 57992940172","valor_contratado":1200.00,"valor_pago":1200.00},{"codigo_unidade_gestora":"201157","codigo_unidade_orcamentaria":"02080","numero_empenho":"0006159","classificacao":"135","data_empenho":"2022-10-10","codigo_credor":"41400882000160","nome_credor":"VENICIUS FIDELIS DOS SANTOS 12007290480","valor_contratado":1500.00,"valor_pago":1500.00},{"codigo_unidade_gestora":"201157","codigo_unidade_orcamentaria":"02080","numero_empenho":"0006160","classificacao":"135","data_empenho":"2022-10-10","codigo_credor":"32666493000190","nome_credor":"VITOR FERREIRA DOS SANTOS 09470814452","valor_contratado":1600.00,"valor_pago":1600.00},{"codigo_unidade_gestora":"201157","codigo_unidade_orcamentaria":"02080","numero_empenho":"0006161","classificacao":"135","data_empenho":"2022-10-10","codigo_credor":"32666493000190","nome_credor":"VITOR FERREIRA DOS SANTOS 09470814452","valor_contratado":2400.00,"valor_pago":2400.00},{"codigo_unidade_gestora":"201157","codigo_unidade_orcamentaria":"02080","numero_empenho":"0006162","classificacao":"135","data_empenho":"2022-10-10","codigo_credor":"32666493000190","nome_credor":"VITOR FERREIRA DOS SANTOS 09470814452","valor_contratado":1600.00,"valor_pago":1600.00},{"codigo_unidade_gestora":"201157","codigo_unidade_orcamentaria":"02010","numero_empenho":"0006163","classificacao":"97","data_empenho":"2022-10-10","codigo_credor":"00703157000183","nome_credor":"CNM-CONFEDERAÇÃO NACIONAL DOS MUNICIPIOS","valor_contratado":1133.00,"valor_pago":1133.00},{"codigo_unidade_gestora":"201157","codigo_unidade_orcamentaria":"02050","numero_empenho":"0006164","classificacao":"135","data_empenho":"2022-10-10","codigo_credor":"24853787000100","nome_credor":"MARCOS ANTONIO DO NASCIMENTO 09535475827","valor_contratado":850.00,"valor_pago":850.00},{"codigo_unidade_gestora":"201157","codigo_unidade_orcamentaria":"02050","numero_empenho":"0006165","classificacao":"135","data_empenho":"2022-10-10","codigo_credor":"23960587000186","nome_credor":"ARLINDO SOARES DA SILVA 03406315461","valor_contratado":2640.00,"valor_pago":2640.00},{"codigo_unidade_gestora":"201157","codigo_unidade_orcamentaria":"02080","numero_empenho":"0006166","classificacao":"135","data_empenho":"2022-10-10","codigo_credor":"24853787000100","nome_credor":"MARCOS ANTONIO DO NASCIMENTO 09535475827","valor_contratado":1020.00,"valor_pago":1020.00},{"codigo_unidade_gestora":"201157","codigo_unidade_orcamentaria":"02050","numero_empenho":"0006167","classificacao":"135","data_empenho":"2022-10-10","codigo_credor":"23960587000186","nome_credor":"ARLINDO SOARES DA SILVA 03406315461","valor_contratado":880.00,"valor_pago":880.00},{"codigo_unidade_gestora":"201157","codigo_unidade_orcamentaria":"02040","numero_empenho":"0006168","classificacao":"135","data_empenho":"2022-10-10","codigo_credor":"23960587000186","nome_credor":"ARLINDO SOARES DA SILVA 03406315461","valor_contratado":1760.00,"valor_pago":1760.00},{"codigo_unidade_gestora":"201157","codigo_unidade_orcamentaria":"02090","numero_empenho":"0006169","classificacao":"135","data_empenho":"2022-10-10","codigo_credor":"21993674000104","nome_credor":"ANDRE RODRIGUES DE SALES 11344879403","valor_contratado":1850.00,"valor_pago":1850.00},{"codigo_unidade_gestora":"201157","codigo_unidade_orcamentaria":"02040","numero_empenho":"0006170","classificacao":"135","data_empenho":"2022-10-10","codigo_credor":"24853787000100","nome_credor":"MARCOS ANTONIO DO NASCIMENTO 09535475827","valor_contratado":1360.00,"valor_pago":1360.00},{"codigo_unidade_gestora":"201157","codigo_unidade_orcamentaria":"02050","numero_empenho":"0006171","classificacao":"135","data_empenho":"2022-10-10","codigo_credor":"24853787000100","nome_credor":"MARCOS ANTONIO DO NASCIMENTO 09535475827","valor_contratado":1275.00,"valor_pago":1275.00},{"codigo_unidade_gestora":"201157","codigo_unidade_orcamentaria":"02080","numero_empenho":"0006172","classificacao":"135","data_empenho":"2022-10-10","codigo_credor":"24518477000121","nome_credor":"ERMINIO PEREIRA DE OLIVEIRA 03814233441","valor_contratado":1400.00,"valor_pago":1400.00},{"codigo_unidade_gestora":"201157","codigo_unidade_orcamentaria":"02110","numero_empenho":"0006173","classificacao":"135","data_empenho":"2022-10-10","codigo_credor":"76535764001972","nome_credor":"OI S.A.","valor_contratado":134.28,"valor_pago":134.28},{"codigo_unidade_gestora":"201157","codigo_unidade_orcamentaria":"02080","numero_empenho":"0006174","classificacao":"135","data_empenho":"2022-10-10","codigo_credor":"24518477000121","nome_credor":"ERMINIO PEREIRA DE OLIVEIRA 03814233441","valor_contratado":1800.00,"valor_pago":1800.00},{"codigo_unidade_gestora":"201157","codigo_unidade_orcamentaria":"02080","numero_empenho":"0006175","classificacao":"135","data_empenho":"2022-10-10","codigo_credor":"29416266000100","nome_credor":"CICERO RENATO SOUZA SILVA 05855997421","valor_contratado":1582.00,"valor_pago":1582.00},{"codigo_unidade_gestora":"201157","codigo_unidade_orcamentaria":"02040","numero_empenho":"0006176","classificacao":"135","data_empenho":"2022-10-10","codigo_credor":"76535764000143","nome_credor":"OI S.A","valor_contratado":158.28,"valor_pago":158.28},{"codigo_unidade_gestora":"201157","codigo_unidade_orcamentaria":"02080","numero_empenho":"0006177","classificacao":"135","data_empenho":"2022-10-10","codigo_credor":"29416266000100","nome_credor":"CICERO RENATO SOUZA SILVA 05855997421","valor_contratado":1582.00,"valor_pago":1582.00},{"codigo_unidade_gestora":"201157","codigo_unidade_orcamentaria":"02080","numero_empenho":"0006178","classificacao":"135","data_empenho":"2022-10-10","codigo_credor":"29416266000100","nome_credor":"CICERO RENATO SOUZA SILVA 05855997421","valor_contratado":1808.00,"valor_pago":1808.00},{"codigo_unidade_gestora":"201157","codigo_unidade_orcamentaria":"02110","numero_empenho":"0006179","classificacao":"126","data_empenho":"2022-10-10","codigo_credor":"08778201000126","nome_credor":"DROGAFONTE LTDA.","valor_contratado":4290.00,"valor_pago":4290.00},{"codigo_unidade_gestora":"201157","codigo_unidade_orcamentaria":"02110","numero_empenho":"0006180","classificacao":"135","data_empenho":"2022-10-10","codigo_credor":"01024347000137","nome_credor":"NEUROCENTRO","valor_contratado":2700.00,"valor_pago":2700.00},{"codigo_unidade_gestora":"201157","codigo_unidade_orcamentaria":"02010","numero_empenho":"0006181","classificacao":"126","data_empenho":"2022-10-10","codigo_credor":"20245870000138","nome_credor":"VERIDIANA DA CUNHA QUERINO 01971365408","valor_contratado":2871.50,"valor_pago":2871.50},{"codigo_unidade_gestora":"201157","codigo_unidade_orcamentaria":"02110","numero_empenho":"0006182","classificacao":"126","data_empenho":"2022-10-10","codigo_credor":"20245870000138","nome_credor":"VERIDIANA DA CUNHA QUERINO 01971365408","valor_contratado":225.00,"valor_pago":225.00},{"codigo_unidade_gestora":"201157","codigo_unidade_orcamentaria":"02090","numero_empenho":"0006183","classificacao":"126","data_empenho":"2022-10-10","codigo_credor":"20245870000138","nome_credor":"VERIDIANA DA CUNHA QUERINO 01971365408","valor_contratado":365.70,"valor_pago":365.70}]}}