{"size":50,"page":9,"total":441,"count":41,"_embedded":{"empenhos":[{"codigo_unidade_gestora":"201157","codigo_unidade_orcamentaria":"02090","numero_empenho":"0000708","classificacao":"98","data_empenho":"2022-02-24","codigo_credor":"09048976000109","nome_credor":"Prefeitura Municipal de Remígio","valor_contratado":1212.00,"valor_pago":1212.00},{"codigo_unidade_gestora":"201157","codigo_unidade_orcamentaria":"02050","numero_empenho":"0000709","classificacao":"135","data_empenho":"2022-02-24","codigo_credor":"19466870000189","nome_credor":"MARIVALDO RODRIGUES DA SILVA-ME","valor_contratado":378.00,"valor_pago":378.00},{"codigo_unidade_gestora":"201157","codigo_unidade_orcamentaria":"02020","numero_empenho":"0000710","classificacao":"135","data_empenho":"2022-02-24","codigo_credor":"19466870000189","nome_credor":"MARIVALDO RODRIGUES DA SILVA-ME","valor_contratado":1260.00,"valor_pago":1260.00},{"codigo_unidade_gestora":"201157","codigo_unidade_orcamentaria":"02040","numero_empenho":"0000711","classificacao":"135","data_empenho":"2022-02-24","codigo_credor":"19466870000189","nome_credor":"MARIVALDO RODRIGUES DA SILVA-ME","valor_contratado":378.00,"valor_pago":378.00},{"codigo_unidade_gestora":"201157","codigo_unidade_orcamentaria":"02020","numero_empenho":"0000712","classificacao":"188","data_empenho":"2022-02-24","codigo_credor":"00662270000320","nome_credor":"INSTITUTO NACIONAL DE METROLOGIA, QUALIDADE E TECNOLOGIA -INMETRO","valor_contratado":1450.71,"valor_pago":1450.71},{"codigo_unidade_gestora":"201157","codigo_unidade_orcamentaria":"02110","numero_empenho":"0000713","classificacao":"126","data_empenho":"2022-02-24","codigo_credor":"70103916000152","nome_credor":"LUIZ VIRGINO E CIA LTDA","valor_contratado":469.00,"valor_pago":469.00},{"codigo_unidade_gestora":"201157","codigo_unidade_orcamentaria":"02140","numero_empenho":"0000714","classificacao":"135","data_empenho":"2022-02-24","codigo_credor":"00000000280704","nome_credor":"BANCO DO BRASIL S/A","valor_contratado":20.90,"valor_pago":20.90},{"codigo_unidade_gestora":"201157","codigo_unidade_orcamentaria":"02020","numero_empenho":"0000715","classificacao":"135","data_empenho":"2022-02-24","codigo_credor":"00000000280704","nome_credor":"BANCO DO BRASIL S/A","valor_contratado":83.60,"valor_pago":83.60},{"codigo_unidade_gestora":"201157","codigo_unidade_orcamentaria":"02020","numero_empenho":"0000716","classificacao":"135","data_empenho":"2022-02-24","codigo_credor":"00000000280704","nome_credor":"BANCO DO BRASIL S/A","valor_contratado":10.45,"valor_pago":10.45},{"codigo_unidade_gestora":"201157","codigo_unidade_orcamentaria":"02040","numero_empenho":"0000717","classificacao":"135","data_empenho":"2022-02-24","codigo_credor":"00000000280704","nome_credor":"BANCO DO BRASIL S/A","valor_contratado":31.35,"valor_pago":31.35},{"codigo_unidade_gestora":"201157","codigo_unidade_orcamentaria":"02040","numero_empenho":"0000718","classificacao":"126","data_empenho":"2022-02-24","codigo_credor":"06948769000201","nome_credor":"TECNOCENTER M. MEDICOS HOSPITALARES LTDA","valor_contratado":328.20,"valor_pago":328.20},{"codigo_unidade_gestora":"201157","codigo_unidade_orcamentaria":"02010","numero_empenho":"0000719","classificacao":"135","data_empenho":"2022-02-25","codigo_credor":"09366790000106","nome_credor":"EMPRESA PARAIBANA DE COMUNICAÇÃO S.A -EPC","valor_contratado":815.00,"valor_pago":815.00},{"codigo_unidade_gestora":"201157","codigo_unidade_orcamentaria":"02010","numero_empenho":"0000720","classificacao":"135","data_empenho":"2022-02-25","codigo_credor":"09366790000106","nome_credor":"EMPRESA PARAIBANA DE COMUNICAÇÃO S.A -EPC","valor_contratado":505.00,"valor_pago":505.00},{"codigo_unidade_gestora":"201157","codigo_unidade_orcamentaria":"02010","numero_empenho":"0000721","classificacao":"135","data_empenho":"2022-02-25","codigo_credor":"09366790000106","nome_credor":"EMPRESA PARAIBANA DE COMUNICAÇÃO S.A -EPC","valor_contratado":255.00,"valor_pago":255.00},{"codigo_unidade_gestora":"201157","codigo_unidade_orcamentaria":"02020","numero_empenho":"0000722","classificacao":"135","data_empenho":"2022-02-25","codigo_credor":"00000000280704","nome_credor":"BANCO DO BRASIL S/A","valor_contratado":31.35,"valor_pago":31.35},{"codigo_unidade_gestora":"201157","codigo_unidade_orcamentaria":"02020","numero_empenho":"0000723","classificacao":"135","data_empenho":"2022-02-25","codigo_credor":"00360305000104","nome_credor":"CAIXA ECONOMICA FEDERAL","valor_contratado":49.00,"valor_pago":49.00},{"codigo_unidade_gestora":"201157","codigo_unidade_orcamentaria":"02140","numero_empenho":"0000724","classificacao":"131","data_empenho":"2022-02-25","codigo_credor":"26777560000140","nome_credor":"VIVIANN FRANCISCA SALES F","valor_contratado":1400.00,"valor_pago":1400.00},{"codigo_unidade_gestora":"201157","codigo_unidade_orcamentaria":"02020","numero_empenho":"0000725","classificacao":"135","data_empenho":"2022-02-25","codigo_credor":"00360305000104","nome_credor":"CAIXA ECONOMICA FEDERAL","valor_contratado":49.00,"valor_pago":49.00},{"codigo_unidade_gestora":"201157","codigo_unidade_orcamentaria":"02010","numero_empenho":"0000726","classificacao":"135","data_empenho":"2022-02-25","codigo_credor":"29776170000144","nome_credor":"WALMIR BEZERRA DA SILVA 09668419480","valor_contratado":1500.00,"valor_pago":1500.00},{"codigo_unidade_gestora":"201157","codigo_unidade_orcamentaria":"02020","numero_empenho":"0000727","classificacao":"135","data_empenho":"2022-02-25","codigo_credor":"00360305000104","nome_credor":"CAIXA ECONOMICA FEDERAL","valor_contratado":36.50,"valor_pago":36.50},{"codigo_unidade_gestora":"201157","codigo_unidade_orcamentaria":"02110","numero_empenho":"0000728","classificacao":"135","data_empenho":"2022-02-25","codigo_credor":"19500415000152","nome_credor":"EDER BATISTA DE SOUSA","valor_contratado":13050.00,"valor_pago":13050.00},{"codigo_unidade_gestora":"201157","codigo_unidade_orcamentaria":"02130","numero_empenho":"0000729","classificacao":"135","data_empenho":"2022-02-25","codigo_credor":"35357696000192","nome_credor":"AMANDA AMANAI MOUZINHO DA SILVA 13227479460","valor_contratado":560.00,"valor_pago":560.00},{"codigo_unidade_gestora":"201157","codigo_unidade_orcamentaria":"02080","numero_empenho":"0000730","classificacao":"135","data_empenho":"2022-02-25","codigo_credor":"41201592000197","nome_credor":"ARNOBIO TEIXEIRA DE BRITO LYRA JUNIOR 04183890470","valor_contratado":1365.83,"valor_pago":1365.83},{"codigo_unidade_gestora":"201157","codigo_unidade_orcamentaria":"02020","numero_empenho":"0000731","classificacao":"135","data_empenho":"2022-02-25","codigo_credor":"00360305000104","nome_credor":"CAIXA ECONOMICA FEDERAL","valor_contratado":49.00,"valor_pago":49.00},{"codigo_unidade_gestora":"201157","codigo_unidade_orcamentaria":"02080","numero_empenho":"0000732","classificacao":"135","data_empenho":"2022-02-25","codigo_credor":"41201592000197","nome_credor":"ARNOBIO TEIXEIRA DE BRITO LYRA JUNIOR 04183890470","valor_contratado":1375.00,"valor_pago":1375.00},{"codigo_unidade_gestora":"201157","codigo_unidade_orcamentaria":"02080","numero_empenho":"0000733","classificacao":"135","data_empenho":"2022-02-25","codigo_credor":"41201592000197","nome_credor":"ARNOBIO TEIXEIRA DE BRITO LYRA JUNIOR 04183890470","valor_contratado":1389.67,"valor_pago":1389.67},{"codigo_unidade_gestora":"201157","codigo_unidade_orcamentaria":"02040","numero_empenho":"0000734","classificacao":"135","data_empenho":"2022-02-25","codigo_credor":"29776170000144","nome_credor":"WALMIR BEZERRA DA SILVA 09668419480","valor_contratado":300.00,"valor_pago":300.00},{"codigo_unidade_gestora":"201157","codigo_unidade_orcamentaria":"02040","numero_empenho":"0000735","classificacao":"135","data_empenho":"2022-02-25","codigo_credor":"29776170000144","nome_credor":"WALMIR BEZERRA DA SILVA 09668419480","valor_contratado":900.00,"valor_pago":900.00},{"codigo_unidade_gestora":"201157","codigo_unidade_orcamentaria":"02070","numero_empenho":"0000736","classificacao":"135","data_empenho":"2022-02-25","codigo_credor":"29776170000144","nome_credor":"WALMIR BEZERRA DA SILVA 09668419480","valor_contratado":600.00,"valor_pago":600.00},{"codigo_unidade_gestora":"201157","codigo_unidade_orcamentaria":"02090","numero_empenho":"0000737","classificacao":"135","data_empenho":"2022-02-25","codigo_credor":"29776170000144","nome_credor":"WALMIR BEZERRA DA SILVA 09668419480","valor_contratado":300.00,"valor_pago":300.00},{"codigo_unidade_gestora":"201157","codigo_unidade_orcamentaria":"02050","numero_empenho":"0000738","classificacao":"135","data_empenho":"2022-02-25","codigo_credor":"29776170000144","nome_credor":"WALMIR BEZERRA DA SILVA 09668419480","valor_contratado":600.00,"valor_pago":600.00},{"codigo_unidade_gestora":"201157","codigo_unidade_orcamentaria":"02080","numero_empenho":"0000739","classificacao":"135","data_empenho":"2022-02-25","codigo_credor":"29776170000144","nome_credor":"WALMIR BEZERRA DA SILVA 09668419480","valor_contratado":300.00,"valor_pago":300.00},{"codigo_unidade_gestora":"201157","codigo_unidade_orcamentaria":"02020","numero_empenho":"0000740","classificacao":"108","data_empenho":"2022-02-25","codigo_credor":"70097811000138","nome_credor":"IPSER/FOLHA DE PAGAMENTO/SAL.FAMILIA","valor_contratado":22285.09,"valor_pago":22285.09},{"codigo_unidade_gestora":"201157","codigo_unidade_orcamentaria":"02110","numero_empenho":"0000741","classificacao":"108","data_empenho":"2022-02-25","codigo_credor":"70097811000138","nome_credor":"IPSER/FOLHA DE PAGAMENTO/SAL.FAMILIA","valor_contratado":2717.02,"valor_pago":2717.02},{"codigo_unidade_gestora":"201157","codigo_unidade_orcamentaria":"02040","numero_empenho":"0000742","classificacao":"108","data_empenho":"2022-02-25","codigo_credor":"70097811000138","nome_credor":"IPSER/FOLHA DE PAGAMENTO/SAL.FAMILIA","valor_contratado":26604.19,"valor_pago":26604.19},{"codigo_unidade_gestora":"201157","codigo_unidade_orcamentaria":"02050","numero_empenho":"0000743","classificacao":"108","data_empenho":"2022-02-25","codigo_credor":"70097811000138","nome_credor":"IPSER/FOLHA DE PAGAMENTO/SAL.FAMILIA","valor_contratado":217937.56,"valor_pago":217937.56},{"codigo_unidade_gestora":"201157","codigo_unidade_orcamentaria":"02070","numero_empenho":"0000744","classificacao":"108","data_empenho":"2022-02-25","codigo_credor":"70097811000138","nome_credor":"IPSER/FOLHA DE PAGAMENTO/SAL.FAMILIA","valor_contratado":2271.95,"valor_pago":2271.95},{"codigo_unidade_gestora":"201157","codigo_unidade_orcamentaria":"02050","numero_empenho":"0000745","classificacao":"108","data_empenho":"2022-02-25","codigo_credor":"70097811000138","nome_credor":"IPSER/FOLHA DE PAGAMENTO/SAL.FAMILIA","valor_contratado":11371.14,"valor_pago":11371.14},{"codigo_unidade_gestora":"201157","codigo_unidade_orcamentaria":"02110","numero_empenho":"0000746","classificacao":"108","data_empenho":"2022-02-25","codigo_credor":"70097811000138","nome_credor":"IPSER/FOLHA DE PAGAMENTO/SAL.FAMILIA","valor_contratado":15022.95,"valor_pago":15022.95},{"codigo_unidade_gestora":"201157","codigo_unidade_orcamentaria":"02050","numero_empenho":"0000747","classificacao":"108","data_empenho":"2022-02-25","codigo_credor":"70097811000138","nome_credor":"IPSER/FOLHA DE PAGAMENTO/SAL.FAMILIA","valor_contratado":68.25,"valor_pago":68.25},{"codigo_unidade_gestora":"201157","codigo_unidade_orcamentaria":"02030","numero_empenho":"0000748","classificacao":"187","data_empenho":"2022-02-25","codigo_credor":"09283185000163","nome_credor":"JOAO PESSOA TRIBUNAL DE JUSTIÇA DO ESTADO DA PARAIBA","valor_contratado":363.60,"valor_pago":363.60}]}}