{"size":50,"page":4,"total":301,"count":50,"_embedded":{"empenhos":[{"codigo_unidade_gestora":"201157","codigo_unidade_orcamentaria":"02040","numero_empenho":"0000157","classificacao":"135","data_empenho":"2022-01-24","codigo_credor":"00000000280704","nome_credor":"BANCO DO BRASIL S/A","valor_contratado":20.90,"valor_pago":20.90},{"codigo_unidade_gestora":"201157","codigo_unidade_orcamentaria":"02130","numero_empenho":"0000158","classificacao":"126","data_empenho":"2022-01-24","codigo_credor":"11691129000100","nome_credor":"PAULO RICARDO LINS MACEDO","valor_contratado":1132.50,"valor_pago":1132.50},{"codigo_unidade_gestora":"201157","codigo_unidade_orcamentaria":"02050","numero_empenho":"0000159","classificacao":"188","data_empenho":"2022-01-25","codigo_credor":"09095183000140","nome_credor":"ENERGISA","valor_contratado":10961.94,"valor_pago":10961.94},{"codigo_unidade_gestora":"201157","codigo_unidade_orcamentaria":"02050","numero_empenho":"0000160","classificacao":"188","data_empenho":"2022-01-25","codigo_credor":"09095183000140","nome_credor":"ENERGISA","valor_contratado":41.76,"valor_pago":41.76},{"codigo_unidade_gestora":"201157","codigo_unidade_orcamentaria":"02140","numero_empenho":"0000161","classificacao":"128","data_empenho":"2022-01-25","codigo_credor":"00002402380446","nome_credor":"JOSINALDO FREIRE DA SILVA","valor_contratado":1500.00,"valor_pago":1500.00},{"codigo_unidade_gestora":"201157","codigo_unidade_orcamentaria":"02140","numero_empenho":"0000162","classificacao":"128","data_empenho":"2022-01-25","codigo_credor":"00004767234425","nome_credor":"JOSIVAN BATISTA DOS PRAZERES MELO","valor_contratado":1500.00,"valor_pago":1500.00},{"codigo_unidade_gestora":"201157","codigo_unidade_orcamentaria":"02140","numero_empenho":"0000163","classificacao":"128","data_empenho":"2022-01-25","codigo_credor":"00002402380446","nome_credor":"JOSINALDO FREIRE DA SILVA","valor_contratado":1500.00,"valor_pago":1500.00},{"codigo_unidade_gestora":"201157","codigo_unidade_orcamentaria":"02140","numero_empenho":"0000164","classificacao":"128","data_empenho":"2022-01-25","codigo_credor":"00007877259433","nome_credor":"MANOEL LUCIANO DOS SANTOS","valor_contratado":1500.00,"valor_pago":1500.00},{"codigo_unidade_gestora":"201157","codigo_unidade_orcamentaria":"02140","numero_empenho":"0000165","classificacao":"128","data_empenho":"2022-01-25","codigo_credor":"00010874001803","nome_credor":"MARGARETE CLARA DA SILVA","valor_contratado":1500.00,"valor_pago":1500.00},{"codigo_unidade_gestora":"201157","codigo_unidade_orcamentaria":"02140","numero_empenho":"0000166","classificacao":"128","data_empenho":"2022-01-25","codigo_credor":"00050917846400","nome_credor":"MARIA DE FATIMA DOS SANTOS COSTA","valor_contratado":1500.00,"valor_pago":1500.00},{"codigo_unidade_gestora":"201157","codigo_unidade_orcamentaria":"02140","numero_empenho":"0000167","classificacao":"128","data_empenho":"2022-01-25","codigo_credor":"00027464644468","nome_credor":"PAULO FERNANDES DA SILVA","valor_contratado":1500.00,"valor_pago":1500.00},{"codigo_unidade_gestora":"201157","codigo_unidade_orcamentaria":"02140","numero_empenho":"0000168","classificacao":"128","data_empenho":"2022-01-25","codigo_credor":"00024542465896","nome_credor":"ELIAS MARTINS PEREIRA","valor_contratado":1500.00,"valor_pago":1500.00},{"codigo_unidade_gestora":"201157","codigo_unidade_orcamentaria":"02140","numero_empenho":"0000169","classificacao":"128","data_empenho":"2022-01-25","codigo_credor":"00083927360449","nome_credor":"IRENE SIMPLICIO DOS SANTOS","valor_contratado":1500.00,"valor_pago":1500.00},{"codigo_unidade_gestora":"201157","codigo_unidade_orcamentaria":"02140","numero_empenho":"0000170","classificacao":"128","data_empenho":"2022-01-25","codigo_credor":"00065311868449","nome_credor":"MARIA DE LOURDES DA CUNHA","valor_contratado":1500.00,"valor_pago":1500.00},{"codigo_unidade_gestora":"201157","codigo_unidade_orcamentaria":"02140","numero_empenho":"0000171","classificacao":"128","data_empenho":"2022-01-25","codigo_credor":"00069623163800","nome_credor":"EVERALDO PEREIRA CUNHA","valor_contratado":1500.00,"valor_pago":1500.00},{"codigo_unidade_gestora":"201157","codigo_unidade_orcamentaria":"02140","numero_empenho":"0000172","classificacao":"128","data_empenho":"2022-01-25","codigo_credor":"00003356562851","nome_credor":"GENIVAL GONÇALVES DOS SANTOS","valor_contratado":1500.00,"valor_pago":1500.00},{"codigo_unidade_gestora":"201157","codigo_unidade_orcamentaria":"02140","numero_empenho":"0000173","classificacao":"128","data_empenho":"2022-01-25","codigo_credor":"00002122426446","nome_credor":"JOSINALDO CLEMENTINO DE ARAUJO","valor_contratado":1500.00,"valor_pago":1500.00},{"codigo_unidade_gestora":"201157","codigo_unidade_orcamentaria":"02140","numero_empenho":"0000174","classificacao":"128","data_empenho":"2022-01-25","codigo_credor":"00012135025860","nome_credor":"CICERO BALBINO DA SILVA","valor_contratado":1500.00,"valor_pago":1500.00},{"codigo_unidade_gestora":"201157","codigo_unidade_orcamentaria":"02140","numero_empenho":"0000175","classificacao":"128","data_empenho":"2022-01-25","codigo_credor":"00003356562851","nome_credor":"GENIVAL GONÇALVES DOS SANTOS","valor_contratado":1500.00,"valor_pago":1500.00},{"codigo_unidade_gestora":"201157","codigo_unidade_orcamentaria":"02140","numero_empenho":"0000176","classificacao":"128","data_empenho":"2022-01-25","codigo_credor":"00027748074844","nome_credor":"JOSINEIDE PEREIRA SALES","valor_contratado":1500.00,"valor_pago":1500.00},{"codigo_unidade_gestora":"201157","codigo_unidade_orcamentaria":"02140","numero_empenho":"0000177","classificacao":"128","data_empenho":"2022-01-25","codigo_credor":"00027516416878","nome_credor":"IZABEL CRISTINA DA SILVA","valor_contratado":1500.00,"valor_pago":1500.00},{"codigo_unidade_gestora":"201157","codigo_unidade_orcamentaria":"02140","numero_empenho":"0000178","classificacao":"128","data_empenho":"2022-01-25","codigo_credor":"00002402380446","nome_credor":"JOSINALDO FREIRE DA SILVA","valor_contratado":1500.00,"valor_pago":1500.00},{"codigo_unidade_gestora":"201157","codigo_unidade_orcamentaria":"02140","numero_empenho":"0000179","classificacao":"128","data_empenho":"2022-01-25","codigo_credor":"00000972720430","nome_credor":"EUCLIDES LOURENÇO QUERINO","valor_contratado":1500.00,"valor_pago":1500.00},{"codigo_unidade_gestora":"201157","codigo_unidade_orcamentaria":"02110","numero_empenho":"0000180","classificacao":"126","data_empenho":"2022-01-25","codigo_credor":"03343150000196","nome_credor":"JOSIVALDO GALDINO DOS SANTOS","valor_contratado":217.50,"valor_pago":217.50},{"codigo_unidade_gestora":"201157","codigo_unidade_orcamentaria":"02020","numero_empenho":"0000181","classificacao":"135","data_empenho":"2022-01-25","codigo_credor":"00360305000104","nome_credor":"CAIXA ECONOMICA FEDERAL","valor_contratado":49.00,"valor_pago":49.00},{"codigo_unidade_gestora":"201157","codigo_unidade_orcamentaria":"02020","numero_empenho":"0000182","classificacao":"135","data_empenho":"2022-01-25","codigo_credor":"00360305000104","nome_credor":"CAIXA ECONOMICA FEDERAL","valor_contratado":49.00,"valor_pago":49.00},{"codigo_unidade_gestora":"201157","codigo_unidade_orcamentaria":"02020","numero_empenho":"0000183","classificacao":"135","data_empenho":"2022-01-25","codigo_credor":"00360305000104","nome_credor":"CAIXA ECONOMICA FEDERAL","valor_contratado":49.00,"valor_pago":49.00},{"codigo_unidade_gestora":"201157","codigo_unidade_orcamentaria":"02010","numero_empenho":"0000184","classificacao":"131","data_empenho":"2022-01-25","codigo_credor":"10954450000177","nome_credor":"IRAMILTON SATIRO DA NOBREGA","valor_contratado":2600.00,"valor_pago":2600.00},{"codigo_unidade_gestora":"201157","codigo_unidade_orcamentaria":"02050","numero_empenho":"0000185","classificacao":"135","data_empenho":"2022-01-26","codigo_credor":"09095183000140","nome_credor":"ENERGISA","valor_contratado":53.02,"valor_pago":53.02},{"codigo_unidade_gestora":"201157","codigo_unidade_orcamentaria":"02080","numero_empenho":"0000186","classificacao":"126","data_empenho":"2022-01-26","codigo_credor":"15609075000141","nome_credor":"CICERO GEOVANIO PRAZERES MELO - ME","valor_contratado":2308.83,"valor_pago":2308.83},{"codigo_unidade_gestora":"201157","codigo_unidade_orcamentaria":"02080","numero_empenho":"0000187","classificacao":"126","data_empenho":"2022-01-26","codigo_credor":"15609075000141","nome_credor":"CICERO GEOVANIO PRAZERES MELO - ME","valor_contratado":11272.00,"valor_pago":11272.00},{"codigo_unidade_gestora":"201157","codigo_unidade_orcamentaria":"02080","numero_empenho":"0000188","classificacao":"126","data_empenho":"2022-01-26","codigo_credor":"15609075000141","nome_credor":"CICERO GEOVANIO PRAZERES MELO - ME","valor_contratado":2734.70,"valor_pago":2734.70},{"codigo_unidade_gestora":"201157","codigo_unidade_orcamentaria":"02110","numero_empenho":"0000189","classificacao":"126","data_empenho":"2022-01-26","codigo_credor":"15609075000141","nome_credor":"CICERO GEOVANIO PRAZERES MELO - ME","valor_contratado":675.54,"valor_pago":675.54},{"codigo_unidade_gestora":"201157","codigo_unidade_orcamentaria":"02070","numero_empenho":"0000190","classificacao":"126","data_empenho":"2022-01-26","codigo_credor":"07456969000110","nome_credor":"MICROTECNOLOGIA INFORMATICA LTDA","valor_contratado":680.00,"valor_pago":680.00},{"codigo_unidade_gestora":"201157","codigo_unidade_orcamentaria":"02110","numero_empenho":"0000191","classificacao":"126","data_empenho":"2022-01-26","codigo_credor":"05457026000187","nome_credor":"MARIA CRISTIANE LEMOS DE ARAUJO","valor_contratado":89.85,"valor_pago":89.85},{"codigo_unidade_gestora":"201157","codigo_unidade_orcamentaria":"02020","numero_empenho":"0000192","classificacao":"135","data_empenho":"2022-01-26","codigo_credor":"00000000280704","nome_credor":"BANCO DO BRASIL S/A","valor_contratado":62.70,"valor_pago":62.70},{"codigo_unidade_gestora":"201157","codigo_unidade_orcamentaria":"02040","numero_empenho":"0000193","classificacao":"135","data_empenho":"2022-01-26","codigo_credor":"00000000280704","nome_credor":"BANCO DO BRASIL S/A","valor_contratado":10.45,"valor_pago":10.45},{"codigo_unidade_gestora":"201157","codigo_unidade_orcamentaria":"02020","numero_empenho":"0000194","classificacao":"136","data_empenho":"2022-01-26","codigo_credor":"03500830000176","nome_credor":"RICARDO GUERRA INFORMATICA-ME","valor_contratado":1000.00,"valor_pago":1000.00},{"codigo_unidade_gestora":"201157","codigo_unidade_orcamentaria":"02120","numero_empenho":"0000195","classificacao":"135","data_empenho":"2022-01-27","codigo_credor":"30105898000123","nome_credor":"JOSE MOISES DIAS DOS SANTOS 10248839497","valor_contratado":500.00,"valor_pago":500.00},{"codigo_unidade_gestora":"201157","codigo_unidade_orcamentaria":"02040","numero_empenho":"0000196","classificacao":"135","data_empenho":"2022-01-27","codigo_credor":"18075547000111","nome_credor":"EDMILSON ALVES MASCARENHAS 11236239881","valor_contratado":650.00,"valor_pago":650.00},{"codigo_unidade_gestora":"201157","codigo_unidade_orcamentaria":"02040","numero_empenho":"0000197","classificacao":"135","data_empenho":"2022-01-27","codigo_credor":"05329135000119","nome_credor":"ALEXSANDRO SANTOS DA SILVA","valor_contratado":4900.00,"valor_pago":4900.00},{"codigo_unidade_gestora":"201157","codigo_unidade_orcamentaria":"02080","numero_empenho":"0000198","classificacao":"135","data_empenho":"2022-01-27","codigo_credor":"09095183000140","nome_credor":"ENERGISA","valor_contratado":299.85,"valor_pago":299.85},{"codigo_unidade_gestora":"201157","codigo_unidade_orcamentaria":"02020","numero_empenho":"0000199","classificacao":"135","data_empenho":"2022-01-27","codigo_credor":"00000000280704","nome_credor":"BANCO DO BRASIL S/A","valor_contratado":20.90,"valor_pago":20.90},{"codigo_unidade_gestora":"201157","codigo_unidade_orcamentaria":"02040","numero_empenho":"0000200","classificacao":"135","data_empenho":"2022-01-27","codigo_credor":"00000000280704","nome_credor":"BANCO DO BRASIL S/A","valor_contratado":10.45,"valor_pago":10.45},{"codigo_unidade_gestora":"201157","codigo_unidade_orcamentaria":"02010","numero_empenho":"0000201","classificacao":"105","data_empenho":"2022-01-27","codigo_credor":"09048976000109","nome_credor":"Prefeitura Municipal de Remígio","valor_contratado":19500.00,"valor_pago":19500.00},{"codigo_unidade_gestora":"201157","codigo_unidade_orcamentaria":"02010","numero_empenho":"0000202","classificacao":"105","data_empenho":"2022-01-27","codigo_credor":"09048976000109","nome_credor":"Prefeitura Municipal de Remígio","valor_contratado":17373.83,"valor_pago":17373.83},{"codigo_unidade_gestora":"201157","codigo_unidade_orcamentaria":"02010","numero_empenho":"0000203","classificacao":"105","data_empenho":"2022-01-27","codigo_credor":"09048976000109","nome_credor":"Prefeitura Municipal de Remígio","valor_contratado":18577.94,"valor_pago":18577.94},{"codigo_unidade_gestora":"201157","codigo_unidade_orcamentaria":"02010","numero_empenho":"0000204","classificacao":"105","data_empenho":"2022-01-27","codigo_credor":"09048976000109","nome_credor":"Prefeitura Municipal de Remígio","valor_contratado":4000.00,"valor_pago":4000.00},{"codigo_unidade_gestora":"201157","codigo_unidade_orcamentaria":"02020","numero_empenho":"0000205","classificacao":"105","data_empenho":"2022-01-27","codigo_credor":"09048976000109","nome_credor":"Prefeitura Municipal de Remígio","valor_contratado":18845.82,"valor_pago":18845.82},{"codigo_unidade_gestora":"201157","codigo_unidade_orcamentaria":"02020","numero_empenho":"0000206","classificacao":"97","data_empenho":"2022-01-28","codigo_credor":"09048976000109","nome_credor":"Prefeitura Municipal de Remígio","valor_contratado":9696.00,"valor_pago":9696.00}]}}