{"size":50,"page":11,"total":1183,"count":50,"_embedded":{"empenhos":[{"codigo_unidade_gestora":"201157","codigo_unidade_orcamentaria":"02080","numero_empenho":"0007957","classificacao":"105","data_empenho":"2022-12-14","codigo_credor":"09048976000109","nome_credor":"Prefeitura Municipal de Remígio","valor_contratado":19885.65,"valor_pago":19885.65},{"codigo_unidade_gestora":"201157","codigo_unidade_orcamentaria":"02090","numero_empenho":"0007958","classificacao":"105","data_empenho":"2022-12-14","codigo_credor":"09048976000109","nome_credor":"Prefeitura Municipal de Remígio","valor_contratado":14365.66,"valor_pago":14365.66},{"codigo_unidade_gestora":"201157","codigo_unidade_orcamentaria":"02040","numero_empenho":"0007959","classificacao":"189","data_empenho":"2022-12-14","codigo_credor":"00005297786452","nome_credor":"RAVEL DUARTE BELARMINO","valor_contratado":1100.00,"valor_pago":1100.00},{"codigo_unidade_gestora":"201157","codigo_unidade_orcamentaria":"02060","numero_empenho":"0007960","classificacao":"105","data_empenho":"2022-12-14","codigo_credor":"09048976000109","nome_credor":"Prefeitura Municipal de Remígio","valor_contratado":5327.00,"valor_pago":5327.00},{"codigo_unidade_gestora":"201157","codigo_unidade_orcamentaria":"02130","numero_empenho":"0007961","classificacao":"105","data_empenho":"2022-12-14","codigo_credor":"09048976000109","nome_credor":"Prefeitura Municipal de Remígio","valor_contratado":4499.99,"valor_pago":4499.99},{"codigo_unidade_gestora":"201157","codigo_unidade_orcamentaria":"02120","numero_empenho":"0007962","classificacao":"105","data_empenho":"2022-12-14","codigo_credor":"09048976000109","nome_credor":"Prefeitura Municipal de Remígio","valor_contratado":3916.66,"valor_pago":3916.66},{"codigo_unidade_gestora":"201157","codigo_unidade_orcamentaria":"02040","numero_empenho":"0007963","classificacao":"126","data_empenho":"2022-12-14","codigo_credor":"28695805000116","nome_credor":"GB COMERCIO E SERVICOS LTDA - EPP","valor_contratado":199.30,"valor_pago":0.00},{"codigo_unidade_gestora":"201157","codigo_unidade_orcamentaria":"02040","numero_empenho":"0007964","classificacao":"126","data_empenho":"2022-12-14","codigo_credor":"28695805000116","nome_credor":"GB COMERCIO E SERVICOS LTDA - EPP","valor_contratado":372.52,"valor_pago":0.00},{"codigo_unidade_gestora":"201157","codigo_unidade_orcamentaria":"02050","numero_empenho":"0007965","classificacao":"126","data_empenho":"2022-12-14","codigo_credor":"08158664000195","nome_credor":"INDUSTRIA E COMERCIO DE PRODUTOS DE LIMPEZA CAMPINENSE LTDA","valor_contratado":2729.00,"valor_pago":2729.00},{"codigo_unidade_gestora":"201157","codigo_unidade_orcamentaria":"02020","numero_empenho":"0007966","classificacao":"135","data_empenho":"2022-12-14","codigo_credor":"00000000280704","nome_credor":"BANCO DO BRASIL S/A","valor_contratado":165.00,"valor_pago":165.00},{"codigo_unidade_gestora":"201157","codigo_unidade_orcamentaria":"02040","numero_empenho":"0007967","classificacao":"135","data_empenho":"2022-12-14","codigo_credor":"00000000280704","nome_credor":"BANCO DO BRASIL S/A","valor_contratado":66.00,"valor_pago":66.00},{"codigo_unidade_gestora":"201157","codigo_unidade_orcamentaria":"02110","numero_empenho":"0007968","classificacao":"135","data_empenho":"2022-12-15","codigo_credor":"30431360000109","nome_credor":"CITO MAMA SERVI?OS DE DIAGNOSTICOS POR IMAGEM LTDA","valor_contratado":6909.00,"valor_pago":6909.00},{"codigo_unidade_gestora":"201157","codigo_unidade_orcamentaria":"02050","numero_empenho":"0007969","classificacao":"126","data_empenho":"2022-12-15","codigo_credor":"02737810000150","nome_credor":"JOSE ARLINDO OLIVEIRA  SILVA","valor_contratado":1011.60,"valor_pago":1011.60},{"codigo_unidade_gestora":"201157","codigo_unidade_orcamentaria":"02010","numero_empenho":"0007970","classificacao":"126","data_empenho":"2022-12-15","codigo_credor":"05457026000187","nome_credor":"MARIA CRISTIANE LEMOS DE ARAUJO","valor_contratado":3898.65,"valor_pago":0.00},{"codigo_unidade_gestora":"201157","codigo_unidade_orcamentaria":"02050","numero_empenho":"0007971","classificacao":"126","data_empenho":"2022-12-15","codigo_credor":"05457026000187","nome_credor":"MARIA CRISTIANE LEMOS DE ARAUJO","valor_contratado":897.96,"valor_pago":897.96},{"codigo_unidade_gestora":"201157","codigo_unidade_orcamentaria":"02070","numero_empenho":"0007972","classificacao":"126","data_empenho":"2022-12-15","codigo_credor":"05457026000187","nome_credor":"MARIA CRISTIANE LEMOS DE ARAUJO","valor_contratado":897.96,"valor_pago":0.00},{"codigo_unidade_gestora":"201157","codigo_unidade_orcamentaria":"02020","numero_empenho":"0007973","classificacao":"126","data_empenho":"2022-12-15","codigo_credor":"05457026000187","nome_credor":"MARIA CRISTIANE LEMOS DE ARAUJO","valor_contratado":1571.43,"valor_pago":0.00},{"codigo_unidade_gestora":"201157","codigo_unidade_orcamentaria":"02040","numero_empenho":"0007974","classificacao":"126","data_empenho":"2022-12-15","codigo_credor":"05457026000187","nome_credor":"MARIA CRISTIANE LEMOS DE ARAUJO","valor_contratado":3367.35,"valor_pago":0.00},{"codigo_unidade_gestora":"201157","codigo_unidade_orcamentaria":"02070","numero_empenho":"0007975","classificacao":"126","data_empenho":"2022-12-15","codigo_credor":"05457026000187","nome_credor":"MARIA CRISTIANE LEMOS DE ARAUJO","valor_contratado":1499.37,"valor_pago":0.00},{"codigo_unidade_gestora":"201157","codigo_unidade_orcamentaria":"02050","numero_empenho":"0007976","classificacao":"126","data_empenho":"2022-12-15","codigo_credor":"05457026000187","nome_credor":"MARIA CRISTIANE LEMOS DE ARAUJO","valor_contratado":1497.69,"valor_pago":1497.69},{"codigo_unidade_gestora":"201157","codigo_unidade_orcamentaria":"02110","numero_empenho":"0007977","classificacao":"126","data_empenho":"2022-12-15","codigo_credor":"05457026000187","nome_credor":"MARIA CRISTIANE LEMOS DE ARAUJO","valor_contratado":2373.67,"valor_pago":0.00},{"codigo_unidade_gestora":"201157","codigo_unidade_orcamentaria":"02110","numero_empenho":"0007978","classificacao":"126","data_empenho":"2022-12-15","codigo_credor":"05457026000187","nome_credor":"MARIA CRISTIANE LEMOS DE ARAUJO","valor_contratado":2851.44,"valor_pago":0.00},{"codigo_unidade_gestora":"201157","codigo_unidade_orcamentaria":"02070","numero_empenho":"0007979","classificacao":"126","data_empenho":"2022-12-15","codigo_credor":"05457026000187","nome_credor":"MARIA CRISTIANE LEMOS DE ARAUJO","valor_contratado":1787.28,"valor_pago":0.00},{"codigo_unidade_gestora":"201157","codigo_unidade_orcamentaria":"02040","numero_empenho":"0007980","classificacao":"126","data_empenho":"2022-12-15","codigo_credor":"05457026000187","nome_credor":"MARIA CRISTIANE LEMOS DE ARAUJO","valor_contratado":2862.36,"valor_pago":0.00},{"codigo_unidade_gestora":"201157","codigo_unidade_orcamentaria":"02010","numero_empenho":"0007981","classificacao":"126","data_empenho":"2022-12-15","codigo_credor":"05457026000187","nome_credor":"MARIA CRISTIANE LEMOS DE ARAUJO","valor_contratado":4001.36,"valor_pago":0.00},{"codigo_unidade_gestora":"201157","codigo_unidade_orcamentaria":"02110","numero_empenho":"0007982","classificacao":"126","data_empenho":"2022-12-15","codigo_credor":"05457026000187","nome_credor":"MARIA CRISTIANE LEMOS DE ARAUJO","valor_contratado":8643.81,"valor_pago":0.00},{"codigo_unidade_gestora":"201157","codigo_unidade_orcamentaria":"02110","numero_empenho":"0007983","classificacao":"126","data_empenho":"2022-12-15","codigo_credor":"15348142000111","nome_credor":"UZE BRINDES E UNIFORMES LTDA","valor_contratado":1457.50,"valor_pago":0.00},{"codigo_unidade_gestora":"201157","codigo_unidade_orcamentaria":"02110","numero_empenho":"0007984","classificacao":"126","data_empenho":"2022-12-15","codigo_credor":"15348142000111","nome_credor":"UZE BRINDES E UNIFORMES LTDA","valor_contratado":270.00,"valor_pago":0.00},{"codigo_unidade_gestora":"201157","codigo_unidade_orcamentaria":"02110","numero_empenho":"0007985","classificacao":"126","data_empenho":"2022-12-15","codigo_credor":"15348142000111","nome_credor":"UZE BRINDES E UNIFORMES LTDA","valor_contratado":5456.00,"valor_pago":0.00},{"codigo_unidade_gestora":"201157","codigo_unidade_orcamentaria":"02110","numero_empenho":"0007986","classificacao":"126","data_empenho":"2022-12-15","codigo_credor":"15348142000111","nome_credor":"UZE BRINDES E UNIFORMES LTDA","valor_contratado":392.00,"valor_pago":392.00},{"codigo_unidade_gestora":"201157","codigo_unidade_orcamentaria":"02090","numero_empenho":"0007987","classificacao":"132","data_empenho":"2022-12-15","codigo_credor":"00007906835476","nome_credor":"JOSEMAR DOS SANTOS BERLAMINO","valor_contratado":2000.00,"valor_pago":2000.00},{"codigo_unidade_gestora":"201157","codigo_unidade_orcamentaria":"02090","numero_empenho":"0007988","classificacao":"132","data_empenho":"2022-12-15","codigo_credor":"00007909991452","nome_credor":"LUIZ ANTONIO PEREIRA DOS SANTOS","valor_contratado":2000.00,"valor_pago":2000.00},{"codigo_unidade_gestora":"201157","codigo_unidade_orcamentaria":"02070","numero_empenho":"0007989","classificacao":"135","data_empenho":"2022-12-15","codigo_credor":"48590171000144","nome_credor":"AUGUSTO ANTONIO BEZERRA","valor_contratado":1800.00,"valor_pago":1800.00},{"codigo_unidade_gestora":"201157","codigo_unidade_orcamentaria":"02140","numero_empenho":"0007990","classificacao":"132","data_empenho":"2022-12-15","codigo_credor":"00011524884499","nome_credor":"GREYSIELLE COSTA DOS SANTOS","valor_contratado":1650.00,"valor_pago":1650.00},{"codigo_unidade_gestora":"201157","codigo_unidade_orcamentaria":"02140","numero_empenho":"0007991","classificacao":"132","data_empenho":"2022-12-15","codigo_credor":"00010079177417","nome_credor":"RAYANNE LIMA BARROS","valor_contratado":1100.00,"valor_pago":1100.00},{"codigo_unidade_gestora":"201157","codigo_unidade_orcamentaria":"02140","numero_empenho":"0007992","classificacao":"132","data_empenho":"2022-12-15","codigo_credor":"00000168756307","nome_credor":"JANNE CRISTINA DE SOUZA","valor_contratado":600.00,"valor_pago":600.00},{"codigo_unidade_gestora":"201157","codigo_unidade_orcamentaria":"02140","numero_empenho":"0007993","classificacao":"135","data_empenho":"2022-12-15","codigo_credor":"32062550000121","nome_credor":"LEIDY LAIANDA DE LIMA","valor_contratado":1200.00,"valor_pago":1200.00},{"codigo_unidade_gestora":"201157","codigo_unidade_orcamentaria":"02110","numero_empenho":"0007994","classificacao":"98","data_empenho":"2022-12-15","codigo_credor":"09048976000109","nome_credor":"Prefeitura Municipal de Remígio","valor_contratado":1500.00,"valor_pago":1500.00},{"codigo_unidade_gestora":"201157","codigo_unidade_orcamentaria":"02040","numero_empenho":"0007995","classificacao":"105","data_empenho":"2022-12-15","codigo_credor":"09048976000109","nome_credor":"Prefeitura Municipal de Remígio","valor_contratado":200.45,"valor_pago":200.45},{"codigo_unidade_gestora":"201157","codigo_unidade_orcamentaria":"02040","numero_empenho":"0007996","classificacao":"98","data_empenho":"2022-12-15","codigo_credor":"09048976000109","nome_credor":"Prefeitura Municipal de Remígio","valor_contratado":1912.00,"valor_pago":1912.00},{"codigo_unidade_gestora":"201157","codigo_unidade_orcamentaria":"02050","numero_empenho":"0007997","classificacao":"98","data_empenho":"2022-12-15","codigo_credor":"09048976000109","nome_credor":"Prefeitura Municipal de Remígio","valor_contratado":312.00,"valor_pago":312.00},{"codigo_unidade_gestora":"201157","codigo_unidade_orcamentaria":"02120","numero_empenho":"0007998","classificacao":"135","data_empenho":"2022-12-15","codigo_credor":"08397547000184","nome_credor":"IOA SERVIÇOS E PRODUÇÃO MUSICAL EIRELI-ME","valor_contratado":13950.00,"valor_pago":13950.00},{"codigo_unidade_gestora":"201157","codigo_unidade_orcamentaria":"02020","numero_empenho":"0007999","classificacao":"135","data_empenho":"2022-12-15","codigo_credor":"00000000280704","nome_credor":"BANCO DO BRASIL S/A","valor_contratado":44.00,"valor_pago":44.00},{"codigo_unidade_gestora":"201157","codigo_unidade_orcamentaria":"02020","numero_empenho":"0008000","classificacao":"108","data_empenho":"2022-12-15","codigo_credor":"70097811000138","nome_credor":"IPSER/FOLHA DE PAGAMENTO/SAL.FAMILIA","valor_contratado":25107.29,"valor_pago":25107.29},{"codigo_unidade_gestora":"201157","codigo_unidade_orcamentaria":"02110","numero_empenho":"0008001","classificacao":"108","data_empenho":"2022-12-15","codigo_credor":"70097811000138","nome_credor":"IPSER/FOLHA DE PAGAMENTO/SAL.FAMILIA","valor_contratado":5292.61,"valor_pago":5292.61},{"codigo_unidade_gestora":"201157","codigo_unidade_orcamentaria":"02040","numero_empenho":"0008002","classificacao":"135","data_empenho":"2022-12-15","codigo_credor":"00000000280704","nome_credor":"BANCO DO BRASIL S/A","valor_contratado":22.00,"valor_pago":22.00},{"codigo_unidade_gestora":"201157","codigo_unidade_orcamentaria":"02040","numero_empenho":"0008003","classificacao":"108","data_empenho":"2022-12-15","codigo_credor":"70097811000138","nome_credor":"IPSER/FOLHA DE PAGAMENTO/SAL.FAMILIA","valor_contratado":33791.40,"valor_pago":33791.40},{"codigo_unidade_gestora":"201157","codigo_unidade_orcamentaria":"02050","numero_empenho":"0008004","classificacao":"108","data_empenho":"2022-12-15","codigo_credor":"70097811000138","nome_credor":"IPSER/FOLHA DE PAGAMENTO/SAL.FAMILIA","valor_contratado":199361.45,"valor_pago":199361.45},{"codigo_unidade_gestora":"201157","codigo_unidade_orcamentaria":"02110","numero_empenho":"0008005","classificacao":"108","data_empenho":"2022-12-15","codigo_credor":"70097811000138","nome_credor":"IPSER/FOLHA DE PAGAMENTO/SAL.FAMILIA","valor_contratado":26966.31,"valor_pago":26966.31},{"codigo_unidade_gestora":"201157","codigo_unidade_orcamentaria":"02050","numero_empenho":"0008006","classificacao":"108","data_empenho":"2022-12-15","codigo_credor":"70097811000138","nome_credor":"IPSER/FOLHA DE PAGAMENTO/SAL.FAMILIA","valor_contratado":6209.80,"valor_pago":6209.80}]}}