{"size":50,"page":3,"total":301,"count":50,"_embedded":{"empenhos":[{"codigo_unidade_gestora":"201157","codigo_unidade_orcamentaria":"02040","numero_empenho":"0000107","classificacao":"188","data_empenho":"2022-01-17","codigo_credor":"02108023000301","nome_credor":"CESED-CENTRO DE ENSINO SUPERIOR E DESENVOLVIMENTO LTDA","valor_contratado":2340.00,"valor_pago":2340.00},{"codigo_unidade_gestora":"201157","codigo_unidade_orcamentaria":"02040","numero_empenho":"0000108","classificacao":"188","data_empenho":"2022-01-17","codigo_credor":"02108023000301","nome_credor":"CESED-CENTRO DE ENSINO SUPERIOR E DESENVOLVIMENTO LTDA","valor_contratado":6000.00,"valor_pago":6000.00},{"codigo_unidade_gestora":"201157","codigo_unidade_orcamentaria":"02090","numero_empenho":"0000109","classificacao":"135","data_empenho":"2022-01-17","codigo_credor":"17923503000131","nome_credor":"ERALDO MARINHO DA SILVA  13540129847","valor_contratado":1404.00,"valor_pago":1404.00},{"codigo_unidade_gestora":"201157","codigo_unidade_orcamentaria":"02020","numero_empenho":"0000110","classificacao":"135","data_empenho":"2022-01-17","codigo_credor":"00000000280704","nome_credor":"BANCO DO BRASIL S/A","valor_contratado":83.60,"valor_pago":83.60},{"codigo_unidade_gestora":"201157","codigo_unidade_orcamentaria":"02140","numero_empenho":"0000111","classificacao":"128","data_empenho":"2022-01-17","codigo_credor":"00002985786460","nome_credor":"JOANITA ARAUJO CARNEIRO","valor_contratado":50.00,"valor_pago":50.00},{"codigo_unidade_gestora":"201157","codigo_unidade_orcamentaria":"02010","numero_empenho":"0000112","classificacao":"135","data_empenho":"2022-01-17","codigo_credor":"34028316371942","nome_credor":"ETC-EMP.BRAS.DE CORREIOS E TELEGRAFOS","valor_contratado":1.30,"valor_pago":1.30},{"codigo_unidade_gestora":"201157","codigo_unidade_orcamentaria":"02020","numero_empenho":"0000113","classificacao":"172","data_empenho":"2022-01-17","codigo_credor":"70097811000138","nome_credor":"IPSER/FOLHA DE PAGAMENTO/SAL.FAMILIA","valor_contratado":13627.54,"valor_pago":13627.54},{"codigo_unidade_gestora":"201157","codigo_unidade_orcamentaria":"02020","numero_empenho":"0000114","classificacao":"172","data_empenho":"2022-01-17","codigo_credor":"70097811000138","nome_credor":"IPSER/FOLHA DE PAGAMENTO/SAL.FAMILIA","valor_contratado":347.69,"valor_pago":347.69},{"codigo_unidade_gestora":"201157","codigo_unidade_orcamentaria":"02020","numero_empenho":"0000115","classificacao":"172","data_empenho":"2022-01-17","codigo_credor":"70097811000138","nome_credor":"IPSER/FOLHA DE PAGAMENTO/SAL.FAMILIA","valor_contratado":2580.56,"valor_pago":2580.56},{"codigo_unidade_gestora":"201157","codigo_unidade_orcamentaria":"02020","numero_empenho":"0000116","classificacao":"172","data_empenho":"2022-01-17","codigo_credor":"70097811000138","nome_credor":"IPSER/FOLHA DE PAGAMENTO/SAL.FAMILIA","valor_contratado":117.27,"valor_pago":117.27},{"codigo_unidade_gestora":"201157","codigo_unidade_orcamentaria":"02020","numero_empenho":"0000117","classificacao":"172","data_empenho":"2022-01-17","codigo_credor":"70097811000138","nome_credor":"IPSER/FOLHA DE PAGAMENTO/SAL.FAMILIA","valor_contratado":1124.41,"valor_pago":1124.41},{"codigo_unidade_gestora":"201157","codigo_unidade_orcamentaria":"02020","numero_empenho":"0000118","classificacao":"172","data_empenho":"2022-01-17","codigo_credor":"70097811000138","nome_credor":"IPSER/FOLHA DE PAGAMENTO/SAL.FAMILIA","valor_contratado":21403.64,"valor_pago":21403.64},{"codigo_unidade_gestora":"201157","codigo_unidade_orcamentaria":"02110","numero_empenho":"0000119","classificacao":"126","data_empenho":"2022-01-18","codigo_credor":"05457026000187","nome_credor":"MARIA CRISTIANE LEMOS DE ARAUJO","valor_contratado":0.00,"valor_pago":0.00},{"codigo_unidade_gestora":"201157","codigo_unidade_orcamentaria":"02020","numero_empenho":"0000120","classificacao":"126","data_empenho":"2022-01-18","codigo_credor":"05457026000187","nome_credor":"MARIA CRISTIANE LEMOS DE ARAUJO","valor_contratado":500.00,"valor_pago":500.00},{"codigo_unidade_gestora":"201157","codigo_unidade_orcamentaria":"02010","numero_empenho":"0000121","classificacao":"97","data_empenho":"2022-01-18","codigo_credor":"00636397000102","nome_credor":"FAMUP","valor_contratado":1300.00,"valor_pago":1300.00},{"codigo_unidade_gestora":"201157","codigo_unidade_orcamentaria":"02020","numero_empenho":"0000122","classificacao":"135","data_empenho":"2022-01-18","codigo_credor":"00360305000104","nome_credor":"CAIXA ECONOMICA FEDERAL","valor_contratado":286.11,"valor_pago":286.11},{"codigo_unidade_gestora":"201157","codigo_unidade_orcamentaria":"02020","numero_empenho":"0000123","classificacao":"135","data_empenho":"2022-01-18","codigo_credor":"00360305000104","nome_credor":"CAIXA ECONOMICA FEDERAL","valor_contratado":134.64,"valor_pago":134.64},{"codigo_unidade_gestora":"201157","codigo_unidade_orcamentaria":"02040","numero_empenho":"0000124","classificacao":"135","data_empenho":"2022-01-18","codigo_credor":"09095183000140","nome_credor":"ENERGISA","valor_contratado":60.89,"valor_pago":60.89},{"codigo_unidade_gestora":"201157","codigo_unidade_orcamentaria":"02010","numero_empenho":"0000125","classificacao":"135","data_empenho":"2022-01-18","codigo_credor":"09095183000140","nome_credor":"ENERGISA","valor_contratado":35.79,"valor_pago":35.79},{"codigo_unidade_gestora":"201157","codigo_unidade_orcamentaria":"02080","numero_empenho":"0000126","classificacao":"188","data_empenho":"2022-01-18","codigo_credor":"09095183000140","nome_credor":"ENERGISA","valor_contratado":11902.55,"valor_pago":11902.55},{"codigo_unidade_gestora":"201157","codigo_unidade_orcamentaria":"02040","numero_empenho":"0000127","classificacao":"188","data_empenho":"2022-01-18","codigo_credor":"09095183000140","nome_credor":"ENERGISA","valor_contratado":13254.12,"valor_pago":13254.12},{"codigo_unidade_gestora":"201157","codigo_unidade_orcamentaria":"02080","numero_empenho":"0000128","classificacao":"135","data_empenho":"2022-01-18","codigo_credor":"09095183000140","nome_credor":"ENERGISA","valor_contratado":57508.16,"valor_pago":57508.16},{"codigo_unidade_gestora":"201157","codigo_unidade_orcamentaria":"02010","numero_empenho":"0000129","classificacao":"135","data_empenho":"2022-01-20","codigo_credor":"09366790000106","nome_credor":"EMPRESA PARAIBANA DE COMUNICAÇÃO S.A -EPC","valor_contratado":279.00,"valor_pago":279.00},{"codigo_unidade_gestora":"201157","codigo_unidade_orcamentaria":"02010","numero_empenho":"0000130","classificacao":"135","data_empenho":"2022-01-20","codigo_credor":"09366790000106","nome_credor":"EMPRESA PARAIBANA DE COMUNICAÇÃO S.A -EPC","valor_contratado":1519.00,"valor_pago":1519.00},{"codigo_unidade_gestora":"201157","codigo_unidade_orcamentaria":"02010","numero_empenho":"0000131","classificacao":"135","data_empenho":"2022-01-20","codigo_credor":"09366790000106","nome_credor":"EMPRESA PARAIBANA DE COMUNICAÇÃO S.A -EPC","valor_contratado":795.00,"valor_pago":795.00},{"codigo_unidade_gestora":"201157","codigo_unidade_orcamentaria":"02070","numero_empenho":"0000132","classificacao":"135","data_empenho":"2022-01-20","codigo_credor":"09095183000140","nome_credor":"ENERGISA","valor_contratado":105.80,"valor_pago":105.80},{"codigo_unidade_gestora":"201157","codigo_unidade_orcamentaria":"02040","numero_empenho":"0000133","classificacao":"135","data_empenho":"2022-01-20","codigo_credor":"43713550000160","nome_credor":"ANGELA MARIA DE OLIVEIRA 07541526428","valor_contratado":1000.00,"valor_pago":1000.00},{"codigo_unidade_gestora":"201157","codigo_unidade_orcamentaria":"02010","numero_empenho":"0000134","classificacao":"110","data_empenho":"2022-01-20","codigo_credor":"00018195237487","nome_credor":"FRANCISCO ANDRE ALVES","valor_contratado":250.00,"valor_pago":250.00},{"codigo_unidade_gestora":"201157","codigo_unidade_orcamentaria":"02020","numero_empenho":"0000135","classificacao":"136","data_empenho":"2022-01-20","codigo_credor":"24627421000105","nome_credor":"MAXÍMA SERVIÇOS EM TECNOLOGIA DA IRNFORMAÇÃO LTDA","valor_contratado":689.00,"valor_pago":689.00},{"codigo_unidade_gestora":"201157","codigo_unidade_orcamentaria":"02090","numero_empenho":"0000136","classificacao":"135","data_empenho":"2022-01-21","codigo_credor":"44481595000110","nome_credor":"ARISTONES PAULINO DA SILVA","valor_contratado":1700.00,"valor_pago":1700.00},{"codigo_unidade_gestora":"201157","codigo_unidade_orcamentaria":"02080","numero_empenho":"0000137","classificacao":"135","data_empenho":"2022-01-21","codigo_credor":"41186292000186","nome_credor":"MANOEL MESSIAS BENTO ALVES 08977864402","valor_contratado":1900.00,"valor_pago":1900.00},{"codigo_unidade_gestora":"201157","codigo_unidade_orcamentaria":"02090","numero_empenho":"0000138","classificacao":"135","data_empenho":"2022-01-21","codigo_credor":"41448092000154","nome_credor":"JOSE MATIAS FILHO 01044299843","valor_contratado":1700.00,"valor_pago":1700.00},{"codigo_unidade_gestora":"201157","codigo_unidade_orcamentaria":"02110","numero_empenho":"0000139","classificacao":"135","data_empenho":"2022-01-21","codigo_credor":"21424424000153","nome_credor":"EVERTON RIBEIRO GALDINO 11632185458","valor_contratado":190.00,"valor_pago":190.00},{"codigo_unidade_gestora":"201157","codigo_unidade_orcamentaria":"02110","numero_empenho":"0000140","classificacao":"135","data_empenho":"2022-01-21","codigo_credor":"21424424000153","nome_credor":"EVERTON RIBEIRO GALDINO 11632185458","valor_contratado":570.00,"valor_pago":570.00},{"codigo_unidade_gestora":"201157","codigo_unidade_orcamentaria":"02040","numero_empenho":"0000141","classificacao":"135","data_empenho":"2022-01-21","codigo_credor":"21424424000153","nome_credor":"EVERTON RIBEIRO GALDINO 11632185458","valor_contratado":190.00,"valor_pago":190.00},{"codigo_unidade_gestora":"201157","codigo_unidade_orcamentaria":"02110","numero_empenho":"0000142","classificacao":"135","data_empenho":"2022-01-21","codigo_credor":"21424424000153","nome_credor":"EVERTON RIBEIRO GALDINO 11632185458","valor_contratado":3800.00,"valor_pago":3800.00},{"codigo_unidade_gestora":"201157","codigo_unidade_orcamentaria":"02110","numero_empenho":"0000143","classificacao":"135","data_empenho":"2022-01-21","codigo_credor":"21424424000153","nome_credor":"EVERTON RIBEIRO GALDINO 11632185458","valor_contratado":1330.00,"valor_pago":1330.00},{"codigo_unidade_gestora":"201157","codigo_unidade_orcamentaria":"02050","numero_empenho":"0000144","classificacao":"135","data_empenho":"2022-01-21","codigo_credor":"31424800000163","nome_credor":"ADRIANO GONCALVES RODRIGUES DO NASCIMENTO","valor_contratado":1330.00,"valor_pago":1330.00},{"codigo_unidade_gestora":"201157","codigo_unidade_orcamentaria":"02090","numero_empenho":"0000145","classificacao":"135","data_empenho":"2022-01-21","codigo_credor":"31424800000163","nome_credor":"ADRIANO GONCALVES RODRIGUES DO NASCIMENTO","valor_contratado":18240.00,"valor_pago":18240.00},{"codigo_unidade_gestora":"201157","codigo_unidade_orcamentaria":"02050","numero_empenho":"0000146","classificacao":"135","data_empenho":"2022-01-21","codigo_credor":"04685950000158","nome_credor":"AZUS COPY CENTER COM.E SERVICOS LTDA","valor_contratado":650.00,"valor_pago":650.00},{"codigo_unidade_gestora":"201157","codigo_unidade_orcamentaria":"02020","numero_empenho":"0000147","classificacao":"135","data_empenho":"2022-01-21","codigo_credor":"04685950000158","nome_credor":"AZUS COPY CENTER COM.E SERVICOS LTDA","valor_contratado":650.00,"valor_pago":650.00},{"codigo_unidade_gestora":"201157","codigo_unidade_orcamentaria":"02020","numero_empenho":"0000148","classificacao":"135","data_empenho":"2022-01-21","codigo_credor":"04685950000158","nome_credor":"AZUS COPY CENTER COM.E SERVICOS LTDA","valor_contratado":325.00,"valor_pago":325.00},{"codigo_unidade_gestora":"201157","codigo_unidade_orcamentaria":"02090","numero_empenho":"0000149","classificacao":"135","data_empenho":"2022-01-21","codigo_credor":"24316195000141","nome_credor":"JONHN RAILSON MORAIS BATISTA","valor_contratado":24400.00,"valor_pago":24400.00},{"codigo_unidade_gestora":"201157","codigo_unidade_orcamentaria":"02090","numero_empenho":"0000150","classificacao":"135","data_empenho":"2022-01-21","codigo_credor":"30246544000107","nome_credor":"MAYARA PEREIRA FERNANDES 09495281458","valor_contratado":20710.00,"valor_pago":20710.00},{"codigo_unidade_gestora":"201157","codigo_unidade_orcamentaria":"02090","numero_empenho":"0000151","classificacao":"135","data_empenho":"2022-01-21","codigo_credor":"29561256000150","nome_credor":"DIMAS DA COSTA ALVES 10985830433","valor_contratado":16800.00,"valor_pago":16800.00},{"codigo_unidade_gestora":"201157","codigo_unidade_orcamentaria":"02090","numero_empenho":"0000152","classificacao":"135","data_empenho":"2022-01-21","codigo_credor":"38439696000120","nome_credor":"RUBENS BEZERRA DE LIMA 08309528450","valor_contratado":18050.00,"valor_pago":18050.00},{"codigo_unidade_gestora":"201157","codigo_unidade_orcamentaria":"02090","numero_empenho":"0000153","classificacao":"135","data_empenho":"2022-01-21","codigo_credor":"40095475000123","nome_credor":"FRANCISCO FERNANDES DIAS 13433688800","valor_contratado":20600.00,"valor_pago":20600.00},{"codigo_unidade_gestora":"201157","codigo_unidade_orcamentaria":"02020","numero_empenho":"0000154","classificacao":"171","data_empenho":"2022-01-21","codigo_credor":"29979036000140","nome_credor":"INSS-INSTITUTO NACIONAL DO SEGURO SOCIAL","valor_contratado":520.48,"valor_pago":520.48},{"codigo_unidade_gestora":"201157","codigo_unidade_orcamentaria":"02020","numero_empenho":"0000155","classificacao":"135","data_empenho":"2022-01-24","codigo_credor":"00000000280704","nome_credor":"BANCO DO BRASIL S/A","valor_contratado":41.80,"valor_pago":41.80},{"codigo_unidade_gestora":"201157","codigo_unidade_orcamentaria":"02040","numero_empenho":"0000156","classificacao":"135","data_empenho":"2022-01-24","codigo_credor":"09095183000140","nome_credor":"ENERGISA","valor_contratado":78.14,"valor_pago":78.14}]}}