{"size":50,"page":7,"total":703,"count":50,"_embedded":{"empenhos":[{"codigo_unidade_gestora":"201157","codigo_unidade_orcamentaria":"02110","numero_empenho":"0001575","classificacao":"135","data_empenho":"2022-04-12","codigo_credor":"08716557000135","nome_credor":"CLINICA RADIOLOGICA DR.WANDERLEY LTDA","valor_contratado":250.00,"valor_pago":250.00},{"codigo_unidade_gestora":"201157","codigo_unidade_orcamentaria":"02110","numero_empenho":"0001576","classificacao":"135","data_empenho":"2022-04-12","codigo_credor":"08716557000135","nome_credor":"CLINICA RADIOLOGICA DR.WANDERLEY LTDA","valor_contratado":150.00,"valor_pago":150.00},{"codigo_unidade_gestora":"201157","codigo_unidade_orcamentaria":"02110","numero_empenho":"0001577","classificacao":"135","data_empenho":"2022-04-12","codigo_credor":"08716557000135","nome_credor":"CLINICA RADIOLOGICA DR.WANDERLEY LTDA","valor_contratado":330.00,"valor_pago":330.00},{"codigo_unidade_gestora":"201157","codigo_unidade_orcamentaria":"02080","numero_empenho":"0001578","classificacao":"126","data_empenho":"2022-04-12","codigo_credor":"02737810000150","nome_credor":"JOSE ARLINDO OLIVEIRA  SILVA","valor_contratado":485.40,"valor_pago":485.40},{"codigo_unidade_gestora":"201157","codigo_unidade_orcamentaria":"02080","numero_empenho":"0001579","classificacao":"126","data_empenho":"2022-04-12","codigo_credor":"02737810000150","nome_credor":"JOSE ARLINDO OLIVEIRA  SILVA","valor_contratado":242.70,"valor_pago":242.70},{"codigo_unidade_gestora":"201157","codigo_unidade_orcamentaria":"02080","numero_empenho":"0001580","classificacao":"126","data_empenho":"2022-04-12","codigo_credor":"02737810000150","nome_credor":"JOSE ARLINDO OLIVEIRA  SILVA","valor_contratado":4949.36,"valor_pago":4949.36},{"codigo_unidade_gestora":"201157","codigo_unidade_orcamentaria":"02140","numero_empenho":"0001581","classificacao":"128","data_empenho":"2022-04-12","codigo_credor":"00068869355420","nome_credor":"JOSE LUCIANO DE OLIVEIRA SEGUNDO","valor_contratado":750.00,"valor_pago":750.00},{"codigo_unidade_gestora":"201157","codigo_unidade_orcamentaria":"02080","numero_empenho":"0001582","classificacao":"126","data_empenho":"2022-04-12","codigo_credor":"02737810000150","nome_credor":"JOSE ARLINDO OLIVEIRA  SILVA","valor_contratado":485.40,"valor_pago":485.40},{"codigo_unidade_gestora":"201157","codigo_unidade_orcamentaria":"02080","numero_empenho":"0001583","classificacao":"126","data_empenho":"2022-04-12","codigo_credor":"02737810000150","nome_credor":"JOSE ARLINDO OLIVEIRA  SILVA","valor_contratado":1294.40,"valor_pago":1294.40},{"codigo_unidade_gestora":"201157","codigo_unidade_orcamentaria":"02080","numero_empenho":"0001584","classificacao":"126","data_empenho":"2022-04-12","codigo_credor":"02737810000150","nome_credor":"JOSE ARLINDO OLIVEIRA  SILVA","valor_contratado":525.85,"valor_pago":525.85},{"codigo_unidade_gestora":"201157","codigo_unidade_orcamentaria":"02120","numero_empenho":"0001585","classificacao":"135","data_empenho":"2022-04-12","codigo_credor":"11918452000173","nome_credor":"MULTSERV REPRESENTAÇÕES LOCAÇÕES E SERVIÇOS LTDA.","valor_contratado":3000.00,"valor_pago":3000.00},{"codigo_unidade_gestora":"201157","codigo_unidade_orcamentaria":"02140","numero_empenho":"0001586","classificacao":"144","data_empenho":"2022-04-12","codigo_credor":"00013286378402","nome_credor":"RAIANA DA SILVA DE MEDEIROS","valor_contratado":250.00,"valor_pago":250.00},{"codigo_unidade_gestora":"201157","codigo_unidade_orcamentaria":"02080","numero_empenho":"0001587","classificacao":"135","data_empenho":"2022-04-12","codigo_credor":"22759235000102","nome_credor":"SENA CONSTRUÇÕES EIRELI-ME","valor_contratado":3500.00,"valor_pago":3500.00},{"codigo_unidade_gestora":"201157","codigo_unidade_orcamentaria":"02140","numero_empenho":"0001588","classificacao":"144","data_empenho":"2022-04-12","codigo_credor":"00008908924400","nome_credor":"JOSE ROBERTO SILVA ALVES","valor_contratado":250.00,"valor_pago":250.00},{"codigo_unidade_gestora":"201157","codigo_unidade_orcamentaria":"02130","numero_empenho":"0001589","classificacao":"135","data_empenho":"2022-04-12","codigo_credor":"29776170000144","nome_credor":"WALMIR BEZERRA DA SILVA 09668419480","valor_contratado":1500.00,"valor_pago":1500.00},{"codigo_unidade_gestora":"201157","codigo_unidade_orcamentaria":"02080","numero_empenho":"0001590","classificacao":"135","data_empenho":"2022-04-12","codigo_credor":"22759235000102","nome_credor":"SENA CONSTRUÇÕES EIRELI-ME","valor_contratado":1595.00,"valor_pago":1595.00},{"codigo_unidade_gestora":"201157","codigo_unidade_orcamentaria":"02080","numero_empenho":"0001591","classificacao":"135","data_empenho":"2022-04-12","codigo_credor":"22759235000102","nome_credor":"SENA CONSTRUÇÕES EIRELI-ME","valor_contratado":3000.00,"valor_pago":3000.00},{"codigo_unidade_gestora":"201157","codigo_unidade_orcamentaria":"02080","numero_empenho":"0001592","classificacao":"126","data_empenho":"2022-04-12","codigo_credor":"02737810000150","nome_credor":"JOSE ARLINDO OLIVEIRA  SILVA","valor_contratado":809.00,"valor_pago":809.00},{"codigo_unidade_gestora":"201157","codigo_unidade_orcamentaria":"02090","numero_empenho":"0001593","classificacao":"135","data_empenho":"2022-04-12","codigo_credor":"31424800000163","nome_credor":"ADRIANO GONCALVES RODRIGUES DO NASCIMENTO","valor_contratado":16340.00,"valor_pago":16340.00},{"codigo_unidade_gestora":"201157","codigo_unidade_orcamentaria":"02130","numero_empenho":"0001594","classificacao":"135","data_empenho":"2022-04-12","codigo_credor":"11918452000173","nome_credor":"MULTSERV REPRESENTAÇÕES LOCAÇÕES E SERVIÇOS LTDA.","valor_contratado":1600.00,"valor_pago":0.00},{"codigo_unidade_gestora":"201157","codigo_unidade_orcamentaria":"02020","numero_empenho":"0001595","classificacao":"135","data_empenho":"2022-04-12","codigo_credor":"00360305000104","nome_credor":"CAIXA ECONOMICA FEDERAL","valor_contratado":14.96,"valor_pago":14.96},{"codigo_unidade_gestora":"201157","codigo_unidade_orcamentaria":"02020","numero_empenho":"0001596","classificacao":"135","data_empenho":"2022-04-12","codigo_credor":"00000000280704","nome_credor":"BANCO DO BRASIL S/A","valor_contratado":418.00,"valor_pago":418.00},{"codigo_unidade_gestora":"201157","codigo_unidade_orcamentaria":"02020","numero_empenho":"0001597","classificacao":"135","data_empenho":"2022-04-12","codigo_credor":"00360305000104","nome_credor":"CAIXA ECONOMICA FEDERAL","valor_contratado":13.09,"valor_pago":13.09},{"codigo_unidade_gestora":"201157","codigo_unidade_orcamentaria":"02090","numero_empenho":"0001598","classificacao":"135","data_empenho":"2022-04-12","codigo_credor":"40095475000123","nome_credor":"FRANCISCO FERNANDES DIAS 13433688800","valor_contratado":9800.00,"valor_pago":9800.00},{"codigo_unidade_gestora":"201157","codigo_unidade_orcamentaria":"02090","numero_empenho":"0001599","classificacao":"135","data_empenho":"2022-04-13","codigo_credor":"29561256000150","nome_credor":"DIMAS DA COSTA ALVES 10985830433","valor_contratado":10800.00,"valor_pago":10800.00},{"codigo_unidade_gestora":"201157","codigo_unidade_orcamentaria":"02140","numero_empenho":"0001600","classificacao":"126","data_empenho":"2022-04-13","codigo_credor":"20245870000138","nome_credor":"VERIDIANA DA CUNHA QUERINO 01971365408","valor_contratado":1704.00,"valor_pago":1704.00},{"codigo_unidade_gestora":"201157","codigo_unidade_orcamentaria":"02090","numero_empenho":"0001601","classificacao":"126","data_empenho":"2022-04-13","codigo_credor":"20245870000138","nome_credor":"VERIDIANA DA CUNHA QUERINO 01971365408","valor_contratado":990.00,"valor_pago":990.00},{"codigo_unidade_gestora":"201157","codigo_unidade_orcamentaria":"02120","numero_empenho":"0001602","classificacao":"126","data_empenho":"2022-04-13","codigo_credor":"20245870000138","nome_credor":"VERIDIANA DA CUNHA QUERINO 01971365408","valor_contratado":4298.00,"valor_pago":4298.00},{"codigo_unidade_gestora":"201157","codigo_unidade_orcamentaria":"02040","numero_empenho":"0001603","classificacao":"126","data_empenho":"2022-04-13","codigo_credor":"20245870000138","nome_credor":"VERIDIANA DA CUNHA QUERINO 01971365408","valor_contratado":934.75,"valor_pago":934.75},{"codigo_unidade_gestora":"201157","codigo_unidade_orcamentaria":"02090","numero_empenho":"0001604","classificacao":"135","data_empenho":"2022-04-13","codigo_credor":"38439696000120","nome_credor":"RUBENS BEZERRA DE LIMA 08309528450","valor_contratado":8170.00,"valor_pago":8170.00},{"codigo_unidade_gestora":"201157","codigo_unidade_orcamentaria":"02140","numero_empenho":"0001605","classificacao":"126","data_empenho":"2022-04-13","codigo_credor":"20245870000138","nome_credor":"VERIDIANA DA CUNHA QUERINO 01971365408","valor_contratado":390.00,"valor_pago":390.00},{"codigo_unidade_gestora":"201157","codigo_unidade_orcamentaria":"02050","numero_empenho":"0001606","classificacao":"135","data_empenho":"2022-04-13","codigo_credor":"31424800000163","nome_credor":"ADRIANO GONCALVES RODRIGUES DO NASCIMENTO","valor_contratado":4560.00,"valor_pago":4560.00},{"codigo_unidade_gestora":"201157","codigo_unidade_orcamentaria":"02110","numero_empenho":"0001607","classificacao":"126","data_empenho":"2022-04-13","codigo_credor":"20245870000138","nome_credor":"VERIDIANA DA CUNHA QUERINO 01971365408","valor_contratado":615.00,"valor_pago":615.00},{"codigo_unidade_gestora":"201157","codigo_unidade_orcamentaria":"02110","numero_empenho":"0001608","classificacao":"135","data_empenho":"2022-04-13","codigo_credor":"21424424000153","nome_credor":"EVERTON RIBEIRO GALDINO 11632185458","valor_contratado":5130.00,"valor_pago":5130.00},{"codigo_unidade_gestora":"201157","codigo_unidade_orcamentaria":"02040","numero_empenho":"0001609","classificacao":"126","data_empenho":"2022-04-13","codigo_credor":"10852945000195","nome_credor":"SCD COMERCIO DE APARELHOS ORTOPEDICOS LTDA","valor_contratado":1980.00,"valor_pago":1980.00},{"codigo_unidade_gestora":"201157","codigo_unidade_orcamentaria":"02110","numero_empenho":"0001610","classificacao":"135","data_empenho":"2022-04-13","codigo_credor":"21424424000153","nome_credor":"EVERTON RIBEIRO GALDINO 11632185458","valor_contratado":190.00,"valor_pago":190.00},{"codigo_unidade_gestora":"201157","codigo_unidade_orcamentaria":"02040","numero_empenho":"0001611","classificacao":"135","data_empenho":"2022-04-13","codigo_credor":"21424424000153","nome_credor":"EVERTON RIBEIRO GALDINO 11632185458","valor_contratado":190.00,"valor_pago":190.00},{"codigo_unidade_gestora":"201157","codigo_unidade_orcamentaria":"02110","numero_empenho":"0001612","classificacao":"135","data_empenho":"2022-04-13","codigo_credor":"21424424000153","nome_credor":"EVERTON RIBEIRO GALDINO 11632185458","valor_contratado":190.00,"valor_pago":190.00},{"codigo_unidade_gestora":"201157","codigo_unidade_orcamentaria":"02110","numero_empenho":"0001613","classificacao":"135","data_empenho":"2022-04-13","codigo_credor":"21424424000153","nome_credor":"EVERTON RIBEIRO GALDINO 11632185458","valor_contratado":1520.00,"valor_pago":1520.00},{"codigo_unidade_gestora":"201157","codigo_unidade_orcamentaria":"02120","numero_empenho":"0001614","classificacao":"135","data_empenho":"2022-04-13","codigo_credor":"28253940000101","nome_credor":"DAVILLA IZIDIO DE ANDRADE","valor_contratado":1400.00,"valor_pago":1400.00},{"codigo_unidade_gestora":"201157","codigo_unidade_orcamentaria":"02120","numero_empenho":"0001615","classificacao":"135","data_empenho":"2022-04-13","codigo_credor":"22909263000150","nome_credor":"JOSE DE ARIMATEIA R.GONÇALVES 01608645428","valor_contratado":1400.00,"valor_pago":1400.00},{"codigo_unidade_gestora":"201157","codigo_unidade_orcamentaria":"02090","numero_empenho":"0001616","classificacao":"135","data_empenho":"2022-04-13","codigo_credor":"41186292000186","nome_credor":"MANOEL MESSIAS BENTO ALVES 08977864402","valor_contratado":1900.00,"valor_pago":1900.00},{"codigo_unidade_gestora":"201157","codigo_unidade_orcamentaria":"02020","numero_empenho":"0001617","classificacao":"135","data_empenho":"2022-04-13","codigo_credor":"41860308000194","nome_credor":"JULIANO BASILIO DA SILVA","valor_contratado":1200.00,"valor_pago":1200.00},{"codigo_unidade_gestora":"201157","codigo_unidade_orcamentaria":"02090","numero_empenho":"0001618","classificacao":"135","data_empenho":"2022-04-13","codigo_credor":"41448092000154","nome_credor":"JOSE MATIAS FILHO 01044299843","valor_contratado":1700.00,"valor_pago":1700.00},{"codigo_unidade_gestora":"201157","codigo_unidade_orcamentaria":"02020","numero_empenho":"0001619","classificacao":"135","data_empenho":"2022-04-13","codigo_credor":"00000000280704","nome_credor":"BANCO DO BRASIL S/A","valor_contratado":77.00,"valor_pago":77.00},{"codigo_unidade_gestora":"201157","codigo_unidade_orcamentaria":"02080","numero_empenho":"0001620","classificacao":"126","data_empenho":"2022-04-13","codigo_credor":"31128170000180","nome_credor":"MULTILUZ COMERCIAL EIRELI","valor_contratado":15500.00,"valor_pago":15500.00},{"codigo_unidade_gestora":"201157","codigo_unidade_orcamentaria":"02110","numero_empenho":"0001621","classificacao":"126","data_empenho":"2022-04-14","codigo_credor":"18588224000121","nome_credor":"NACIONAL COMERCIO E REPRESENTACAO EIRELI","valor_contratado":200.00,"valor_pago":200.00},{"codigo_unidade_gestora":"201157","codigo_unidade_orcamentaria":"02140","numero_empenho":"0001622","classificacao":"128","data_empenho":"2022-04-14","codigo_credor":"42878093000100","nome_credor":"JCASIF COMERCIO VAREJISTA DE CEREAIS LTDA","valor_contratado":90120.00,"valor_pago":90120.00},{"codigo_unidade_gestora":"201157","codigo_unidade_orcamentaria":"02110","numero_empenho":"0001623","classificacao":"126","data_empenho":"2022-04-18","codigo_credor":"38827087000148","nome_credor":"MODERNA HOSPITALAR COMERCIO DE MATERIAIS MEDICOS E ORTOPEDICOS LTDA","valor_contratado":151.80,"valor_pago":151.80},{"codigo_unidade_gestora":"201157","codigo_unidade_orcamentaria":"02040","numero_empenho":"0001624","classificacao":"126","data_empenho":"2022-04-18","codigo_credor":"17572003000100","nome_credor":"PHELIPE E VASCONCELOS INFORMATICA LTDA-ME","valor_contratado":260.00,"valor_pago":260.00}]}}