{"size":50,"page":24,"total":1183,"count":33,"_embedded":{"empenhos":[{"codigo_unidade_gestora":"201157","codigo_unidade_orcamentaria":"02050","numero_empenho":"0008607","classificacao":"98","data_empenho":"2022-12-29","codigo_credor":"09048976000109","nome_credor":"Prefeitura Municipal de Remígio","valor_contratado":8777.77,"valor_pago":0.00},{"codigo_unidade_gestora":"201157","codigo_unidade_orcamentaria":"02050","numero_empenho":"0008608","classificacao":"98","data_empenho":"2022-12-29","codigo_credor":"09048976000109","nome_credor":"Prefeitura Municipal de Remígio","valor_contratado":47482.78,"valor_pago":0.00},{"codigo_unidade_gestora":"201157","codigo_unidade_orcamentaria":"02050","numero_empenho":"0008609","classificacao":"98","data_empenho":"2022-12-29","codigo_credor":"09048976000109","nome_credor":"Prefeitura Municipal de Remígio","valor_contratado":43087.97,"valor_pago":0.00},{"codigo_unidade_gestora":"201157","codigo_unidade_orcamentaria":"02050","numero_empenho":"0008610","classificacao":"108","data_empenho":"2022-12-29","codigo_credor":"70097811000138","nome_credor":"IPSER/FOLHA DE PAGAMENTO/SAL.FAMILIA","valor_contratado":145107.59,"valor_pago":145107.59},{"codigo_unidade_gestora":"201157","codigo_unidade_orcamentaria":"02050","numero_empenho":"0008611","classificacao":"108","data_empenho":"2022-12-29","codigo_credor":"70097811000138","nome_credor":"IPSER/FOLHA DE PAGAMENTO/SAL.FAMILIA","valor_contratado":55741.42,"valor_pago":55741.42},{"codigo_unidade_gestora":"201157","codigo_unidade_orcamentaria":"02020","numero_empenho":"0008612","classificacao":"135","data_empenho":"2022-12-29","codigo_credor":"00000000280704","nome_credor":"BANCO DO BRASIL S/A","valor_contratado":44.00,"valor_pago":44.00},{"codigo_unidade_gestora":"201157","codigo_unidade_orcamentaria":"02040","numero_empenho":"0008613","classificacao":"135","data_empenho":"2022-12-29","codigo_credor":"29379974000100","nome_credor":"JRDSA GRAFICA EDITORA E FABRICAÇAO DE PAPEIS EIRELI","valor_contratado":21255.75,"valor_pago":0.00},{"codigo_unidade_gestora":"201157","codigo_unidade_orcamentaria":"02110","numero_empenho":"0008614","classificacao":"135","data_empenho":"2022-12-29","codigo_credor":"29379974000100","nome_credor":"JRDSA GRAFICA EDITORA E FABRICAÇAO DE PAPEIS EIRELI","valor_contratado":736.76,"valor_pago":0.00},{"codigo_unidade_gestora":"201157","codigo_unidade_orcamentaria":"02110","numero_empenho":"0008615","classificacao":"135","data_empenho":"2022-12-29","codigo_credor":"29379974000100","nome_credor":"JRDSA GRAFICA EDITORA E FABRICAÇAO DE PAPEIS EIRELI","valor_contratado":3509.92,"valor_pago":0.00},{"codigo_unidade_gestora":"201157","codigo_unidade_orcamentaria":"02010","numero_empenho":"0008616","classificacao":"135","data_empenho":"2022-12-29","codigo_credor":"09366790000106","nome_credor":"EMPRESA PARAIBANA DE COMUNICAÇÃO S.A -EPC","valor_contratado":412.00,"valor_pago":412.00},{"codigo_unidade_gestora":"201157","codigo_unidade_orcamentaria":"02080","numero_empenho":"0008617","classificacao":"135","data_empenho":"2022-12-29","codigo_credor":"29379974000100","nome_credor":"JRDSA GRAFICA EDITORA E FABRICAÇAO DE PAPEIS EIRELI","valor_contratado":6996.14,"valor_pago":0.00},{"codigo_unidade_gestora":"201157","codigo_unidade_orcamentaria":"02010","numero_empenho":"0008618","classificacao":"135","data_empenho":"2022-12-29","codigo_credor":"09366790000106","nome_credor":"EMPRESA PARAIBANA DE COMUNICAÇÃO S.A -EPC","valor_contratado":2728.00,"valor_pago":2728.00},{"codigo_unidade_gestora":"201157","codigo_unidade_orcamentaria":"02010","numero_empenho":"0008619","classificacao":"135","data_empenho":"2022-12-29","codigo_credor":"29379974000100","nome_credor":"JRDSA GRAFICA EDITORA E FABRICAÇAO DE PAPEIS EIRELI","valor_contratado":4669.59,"valor_pago":0.00},{"codigo_unidade_gestora":"201157","codigo_unidade_orcamentaria":"02010","numero_empenho":"0008620","classificacao":"110","data_empenho":"2022-12-29","codigo_credor":"00018195237487","nome_credor":"FRANCISCO ANDRE ALVES","valor_contratado":250.00,"valor_pago":250.00},{"codigo_unidade_gestora":"201157","codigo_unidade_orcamentaria":"02010","numero_empenho":"0008621","classificacao":"135","data_empenho":"2022-12-29","codigo_credor":"09366790000106","nome_credor":"EMPRESA PARAIBANA DE COMUNICAÇÃO S.A -EPC","valor_contratado":200.00,"valor_pago":200.00},{"codigo_unidade_gestora":"201157","codigo_unidade_orcamentaria":"02020","numero_empenho":"0008622","classificacao":"135","data_empenho":"2022-12-29","codigo_credor":"00360305000104","nome_credor":"CAIXA ECONOMICA FEDERAL","valor_contratado":36.50,"valor_pago":36.50},{"codigo_unidade_gestora":"201157","codigo_unidade_orcamentaria":"02040","numero_empenho":"0008623","classificacao":"126","data_empenho":"2022-12-30","codigo_credor":"31424800000163","nome_credor":"ADRIANO GONCALVES RODRIGUES DO NASCIMENTO","valor_contratado":942.00,"valor_pago":942.00},{"codigo_unidade_gestora":"201157","codigo_unidade_orcamentaria":"02120","numero_empenho":"0008624","classificacao":"132","data_empenho":"2022-12-30","codigo_credor":"00001979528446","nome_credor":"EUSA CANDIDO DOS SANTOS","valor_contratado":2000.00,"valor_pago":2000.00},{"codigo_unidade_gestora":"201157","codigo_unidade_orcamentaria":"02030","numero_empenho":"0008625","classificacao":"185","data_empenho":"2022-12-30","codigo_credor":"09283185000163","nome_credor":"JOAO PESSOA TRIBUNAL DE JUSTIÇA DO ESTADO DA PARAIBA","valor_contratado":41.69,"valor_pago":41.69},{"codigo_unidade_gestora":"201157","codigo_unidade_orcamentaria":"02020","numero_empenho":"0008626","classificacao":"135","data_empenho":"2022-12-30","codigo_credor":"00000000280704","nome_credor":"BANCO DO BRASIL S/A","valor_contratado":11.00,"valor_pago":11.00},{"codigo_unidade_gestora":"201157","codigo_unidade_orcamentaria":"02080","numero_empenho":"0008627","classificacao":"135","data_empenho":"2022-12-30","codigo_credor":"09095183000140","nome_credor":"ENERGISA","valor_contratado":36556.42,"valor_pago":36556.42},{"codigo_unidade_gestora":"201157","codigo_unidade_orcamentaria":"02080","numero_empenho":"0008628","classificacao":"135","data_empenho":"2022-12-30","codigo_credor":"09095183000140","nome_credor":"ENERGISA","valor_contratado":37355.83,"valor_pago":37355.83},{"codigo_unidade_gestora":"201157","codigo_unidade_orcamentaria":"02020","numero_empenho":"0008629","classificacao":"135","data_empenho":"2022-12-30","codigo_credor":"00360305000104","nome_credor":"CAIXA ECONOMICA FEDERAL","valor_contratado":0.01,"valor_pago":0.01},{"codigo_unidade_gestora":"201157","codigo_unidade_orcamentaria":"02050","numero_empenho":"0008630","classificacao":"126","data_empenho":"2022-12-30","codigo_credor":"00009695243401","nome_credor":"JOSEMAR RIBEIRO DO NASCIMENTO","valor_contratado":2505.00,"valor_pago":0.00},{"codigo_unidade_gestora":"201157","codigo_unidade_orcamentaria":"02050","numero_empenho":"0008631","classificacao":"126","data_empenho":"2022-12-30","codigo_credor":"00009695243401","nome_credor":"JOSEMAR RIBEIRO DO NASCIMENTO","valor_contratado":1500.00,"valor_pago":0.00},{"codigo_unidade_gestora":"201157","codigo_unidade_orcamentaria":"02050","numero_empenho":"0008632","classificacao":"126","data_empenho":"2022-12-30","codigo_credor":"00009695243401","nome_credor":"JOSEMAR RIBEIRO DO NASCIMENTO","valor_contratado":2490.00,"valor_pago":0.00},{"codigo_unidade_gestora":"201157","codigo_unidade_orcamentaria":"02050","numero_empenho":"0008633","classificacao":"126","data_empenho":"2022-12-30","codigo_credor":"00009695243401","nome_credor":"JOSEMAR RIBEIRO DO NASCIMENTO","valor_contratado":2505.00,"valor_pago":0.00},{"codigo_unidade_gestora":"201157","codigo_unidade_orcamentaria":"02050","numero_empenho":"0008634","classificacao":"126","data_empenho":"2022-12-30","codigo_credor":"00004286077489","nome_credor":"JOSINALDO DOS SANTOS NASCIMENTO","valor_contratado":2505.00,"valor_pago":0.00},{"codigo_unidade_gestora":"201157","codigo_unidade_orcamentaria":"02050","numero_empenho":"0008635","classificacao":"126","data_empenho":"2022-12-30","codigo_credor":"00004286077489","nome_credor":"JOSINALDO DOS SANTOS NASCIMENTO","valor_contratado":2490.00,"valor_pago":0.00},{"codigo_unidade_gestora":"201157","codigo_unidade_orcamentaria":"02050","numero_empenho":"0008636","classificacao":"126","data_empenho":"2022-12-30","codigo_credor":"00004286077489","nome_credor":"JOSINALDO DOS SANTOS NASCIMENTO","valor_contratado":2505.00,"valor_pago":0.00},{"codigo_unidade_gestora":"201157","codigo_unidade_orcamentaria":"02070","numero_empenho":"0008637","classificacao":"126","data_empenho":"2022-12-30","codigo_credor":"20245870000138","nome_credor":"VERIDIANA DA CUNHA QUERINO 01971365408","valor_contratado":1937.50,"valor_pago":0.00},{"codigo_unidade_gestora":"201157","codigo_unidade_orcamentaria":"02070","numero_empenho":"0008638","classificacao":"126","data_empenho":"2022-12-30","codigo_credor":"20245870000138","nome_credor":"VERIDIANA DA CUNHA QUERINO 01971365408","valor_contratado":1615.50,"valor_pago":0.00},{"codigo_unidade_gestora":"201157","codigo_unidade_orcamentaria":"02070","numero_empenho":"0008639","classificacao":"126","data_empenho":"2022-12-30","codigo_credor":"20245870000138","nome_credor":"VERIDIANA DA CUNHA QUERINO 01971365408","valor_contratado":1147.80,"valor_pago":0.00}]}}