{"size":50,"page":7,"total":766,"count":50,"_embedded":{"empenhos":[{"codigo_unidade_gestora":"201157","codigo_unidade_orcamentaria":"02050","numero_empenho":"0006184","classificacao":"126","data_empenho":"2022-10-10","codigo_credor":"01686814000194","nome_credor":"ALEXSANDRA DINIZ FERNANDES","valor_contratado":21970.00,"valor_pago":21970.00},{"codigo_unidade_gestora":"201157","codigo_unidade_orcamentaria":"02050","numero_empenho":"0006185","classificacao":"126","data_empenho":"2022-10-10","codigo_credor":"01686814000194","nome_credor":"ALEXSANDRA DINIZ FERNANDES","valor_contratado":9417.34,"valor_pago":9417.34},{"codigo_unidade_gestora":"201157","codigo_unidade_orcamentaria":"02050","numero_empenho":"0006186","classificacao":"126","data_empenho":"2022-10-10","codigo_credor":"01686814000194","nome_credor":"ALEXSANDRA DINIZ FERNANDES","valor_contratado":5391.25,"valor_pago":5391.25},{"codigo_unidade_gestora":"201157","codigo_unidade_orcamentaria":"02110","numero_empenho":"0006187","classificacao":"150","data_empenho":"2022-10-10","codigo_credor":"40295063000137","nome_credor":"ALEXANDRE R BARBOSA DA SILVA","valor_contratado":10956.00,"valor_pago":10956.00},{"codigo_unidade_gestora":"201157","codigo_unidade_orcamentaria":"02050","numero_empenho":"0006188","classificacao":"126","data_empenho":"2022-10-10","codigo_credor":"01686814000194","nome_credor":"ALEXSANDRA DINIZ FERNANDES","valor_contratado":9417.34,"valor_pago":9417.34},{"codigo_unidade_gestora":"201157","codigo_unidade_orcamentaria":"02140","numero_empenho":"0006189","classificacao":"135","data_empenho":"2022-10-10","codigo_credor":"00000000280704","nome_credor":"BANCO DO BRASIL S/A","valor_contratado":11.00,"valor_pago":11.00},{"codigo_unidade_gestora":"201157","codigo_unidade_orcamentaria":"02010","numero_empenho":"0006190","classificacao":"135","data_empenho":"2022-10-10","codigo_credor":"04196645000100","nome_credor":"PR/CC/IMPRENSA NACIONAL","valor_contratado":3541.72,"valor_pago":3541.72},{"codigo_unidade_gestora":"201157","codigo_unidade_orcamentaria":"02010","numero_empenho":"0006191","classificacao":"126","data_empenho":"2022-10-10","codigo_credor":"17599154000144","nome_credor":"JOSE DA S FERREIRA","valor_contratado":309.00,"valor_pago":309.00},{"codigo_unidade_gestora":"201157","codigo_unidade_orcamentaria":"02010","numero_empenho":"0006192","classificacao":"126","data_empenho":"2022-10-10","codigo_credor":"17599154000144","nome_credor":"JOSE DA S FERREIRA","valor_contratado":826.50,"valor_pago":826.50},{"codigo_unidade_gestora":"201157","codigo_unidade_orcamentaria":"02010","numero_empenho":"0006193","classificacao":"126","data_empenho":"2022-10-10","codigo_credor":"17599154000144","nome_credor":"JOSE DA S FERREIRA","valor_contratado":95.00,"valor_pago":95.00},{"codigo_unidade_gestora":"201157","codigo_unidade_orcamentaria":"02040","numero_empenho":"0006194","classificacao":"135","data_empenho":"2022-10-10","codigo_credor":"00000000280704","nome_credor":"BANCO DO BRASIL S/A","valor_contratado":187.00,"valor_pago":187.00},{"codigo_unidade_gestora":"201157","codigo_unidade_orcamentaria":"02070","numero_empenho":"0006195","classificacao":"126","data_empenho":"2022-10-10","codigo_credor":"17599154000144","nome_credor":"JOSE DA S FERREIRA","valor_contratado":1465.60,"valor_pago":1465.60},{"codigo_unidade_gestora":"201157","codigo_unidade_orcamentaria":"02070","numero_empenho":"0006196","classificacao":"126","data_empenho":"2022-10-10","codigo_credor":"17599154000144","nome_credor":"JOSE DA S FERREIRA","valor_contratado":2169.25,"valor_pago":2169.25},{"codigo_unidade_gestora":"201157","codigo_unidade_orcamentaria":"02140","numero_empenho":"0006197","classificacao":"135","data_empenho":"2022-10-10","codigo_credor":"00000000280704","nome_credor":"BANCO DO BRASIL S/A","valor_contratado":99.00,"valor_pago":99.00},{"codigo_unidade_gestora":"201157","codigo_unidade_orcamentaria":"02020","numero_empenho":"0006198","classificacao":"135","data_empenho":"2022-10-10","codigo_credor":"00000000280704","nome_credor":"BANCO DO BRASIL S/A","valor_contratado":11.00,"valor_pago":11.00},{"codigo_unidade_gestora":"201157","codigo_unidade_orcamentaria":"02140","numero_empenho":"0006199","classificacao":"144","data_empenho":"2022-10-10","codigo_credor":"00013547621429","nome_credor":"THAIS DA CRUZ","valor_contratado":150.00,"valor_pago":150.00},{"codigo_unidade_gestora":"201157","codigo_unidade_orcamentaria":"02020","numero_empenho":"0006200","classificacao":"135","data_empenho":"2022-10-10","codigo_credor":"00000000280704","nome_credor":"BANCO DO BRASIL S/A","valor_contratado":396.00,"valor_pago":396.00},{"codigo_unidade_gestora":"201157","codigo_unidade_orcamentaria":"02140","numero_empenho":"0006201","classificacao":"144","data_empenho":"2022-10-10","codigo_credor":"00016577842400","nome_credor":"LINDIMARIO KAUÃ ANDRADE SILVA","valor_contratado":590.00,"valor_pago":590.00},{"codigo_unidade_gestora":"201157","codigo_unidade_orcamentaria":"02140","numero_empenho":"0006202","classificacao":"144","data_empenho":"2022-10-10","codigo_credor":"00012619223440","nome_credor":"MARIA DAS VITORIAS DA SILVA","valor_contratado":300.00,"valor_pago":300.00},{"codigo_unidade_gestora":"201157","codigo_unidade_orcamentaria":"02020","numero_empenho":"0006203","classificacao":"135","data_empenho":"2022-10-10","codigo_credor":"00000000280704","nome_credor":"BANCO DO BRASIL S/A","valor_contratado":44.00,"valor_pago":44.00},{"codigo_unidade_gestora":"201157","codigo_unidade_orcamentaria":"02140","numero_empenho":"0006204","classificacao":"144","data_empenho":"2022-10-10","codigo_credor":"00067635741420","nome_credor":"MARIA JOSE DE ARAUJO","valor_contratado":600.00,"valor_pago":600.00},{"codigo_unidade_gestora":"201157","codigo_unidade_orcamentaria":"02140","numero_empenho":"0006205","classificacao":"144","data_empenho":"2022-10-10","codigo_credor":"00016726440464","nome_credor":"BEATRIZ ARAUJO TARGINO","valor_contratado":600.00,"valor_pago":600.00},{"codigo_unidade_gestora":"201157","codigo_unidade_orcamentaria":"02140","numero_empenho":"0006206","classificacao":"144","data_empenho":"2022-10-10","codigo_credor":"00012944128418","nome_credor":"ALANY DOS SANTOS MARQUES","valor_contratado":300.00,"valor_pago":300.00},{"codigo_unidade_gestora":"201157","codigo_unidade_orcamentaria":"02140","numero_empenho":"0006207","classificacao":"144","data_empenho":"2022-10-10","codigo_credor":"00080626564468","nome_credor":"MARIA HOZANA BARROS RUFINO","valor_contratado":250.00,"valor_pago":250.00},{"codigo_unidade_gestora":"201157","codigo_unidade_orcamentaria":"02140","numero_empenho":"0006208","classificacao":"144","data_empenho":"2022-10-10","codigo_credor":"00006891009499","nome_credor":"MARIA APARECIDA CAMILO BEZERRA","valor_contratado":300.00,"valor_pago":300.00},{"codigo_unidade_gestora":"201157","codigo_unidade_orcamentaria":"02080","numero_empenho":"0006209","classificacao":"126","data_empenho":"2022-10-11","codigo_credor":"02737810000150","nome_credor":"JOSE ARLINDO OLIVEIRA  SILVA","valor_contratado":20079.75,"valor_pago":20079.75},{"codigo_unidade_gestora":"201157","codigo_unidade_orcamentaria":"02080","numero_empenho":"0006210","classificacao":"126","data_empenho":"2022-10-11","codigo_credor":"02737810000150","nome_credor":"JOSE ARLINDO OLIVEIRA  SILVA","valor_contratado":119.94,"valor_pago":119.94},{"codigo_unidade_gestora":"201157","codigo_unidade_orcamentaria":"02080","numero_empenho":"0006211","classificacao":"126","data_empenho":"2022-10-11","codigo_credor":"15609075000141","nome_credor":"CICERO GEOVANIO PRAZERES MELO - ME","valor_contratado":1173.50,"valor_pago":1173.50},{"codigo_unidade_gestora":"201157","codigo_unidade_orcamentaria":"02080","numero_empenho":"0006212","classificacao":"126","data_empenho":"2022-10-11","codigo_credor":"02737810000150","nome_credor":"JOSE ARLINDO OLIVEIRA  SILVA","valor_contratado":1141.84,"valor_pago":1141.84},{"codigo_unidade_gestora":"201157","codigo_unidade_orcamentaria":"02080","numero_empenho":"0006213","classificacao":"126","data_empenho":"2022-10-11","codigo_credor":"02737810000150","nome_credor":"JOSE ARLINDO OLIVEIRA  SILVA","valor_contratado":3494.33,"valor_pago":3494.33},{"codigo_unidade_gestora":"201157","codigo_unidade_orcamentaria":"02080","numero_empenho":"0006214","classificacao":"126","data_empenho":"2022-10-11","codigo_credor":"02737810000150","nome_credor":"JOSE ARLINDO OLIVEIRA  SILVA","valor_contratado":3619.17,"valor_pago":3619.17},{"codigo_unidade_gestora":"201157","codigo_unidade_orcamentaria":"02080","numero_empenho":"0006215","classificacao":"126","data_empenho":"2022-10-11","codigo_credor":"15609075000141","nome_credor":"CICERO GEOVANIO PRAZERES MELO - ME","valor_contratado":3734.00,"valor_pago":3734.00},{"codigo_unidade_gestora":"201157","codigo_unidade_orcamentaria":"02080","numero_empenho":"0006216","classificacao":"126","data_empenho":"2022-10-11","codigo_credor":"02737810000150","nome_credor":"JOSE ARLINDO OLIVEIRA  SILVA","valor_contratado":947.10,"valor_pago":947.10},{"codigo_unidade_gestora":"201157","codigo_unidade_orcamentaria":"02080","numero_empenho":"0006217","classificacao":"126","data_empenho":"2022-10-11","codigo_credor":"02737810000150","nome_credor":"JOSE ARLINDO OLIVEIRA  SILVA","valor_contratado":757.68,"valor_pago":757.68},{"codigo_unidade_gestora":"201157","codigo_unidade_orcamentaria":"02080","numero_empenho":"0006218","classificacao":"126","data_empenho":"2022-10-11","codigo_credor":"02737810000150","nome_credor":"JOSE ARLINDO OLIVEIRA  SILVA","valor_contratado":242.70,"valor_pago":242.70},{"codigo_unidade_gestora":"201157","codigo_unidade_orcamentaria":"02110","numero_empenho":"0006219","classificacao":"126","data_empenho":"2022-10-11","codigo_credor":"20335256000167","nome_credor":"CARNEIRO DO NASCIMENTO COMERCIO DE PECAS PARA VEICULOS AUTOMOTORES LTDA","valor_contratado":1700.00,"valor_pago":1700.00},{"codigo_unidade_gestora":"201157","codigo_unidade_orcamentaria":"02050","numero_empenho":"0006220","classificacao":"126","data_empenho":"2022-10-11","codigo_credor":"02737810000150","nome_credor":"JOSE ARLINDO OLIVEIRA  SILVA","valor_contratado":1782.76,"valor_pago":1782.76},{"codigo_unidade_gestora":"201157","codigo_unidade_orcamentaria":"02050","numero_empenho":"0006221","classificacao":"126","data_empenho":"2022-10-11","codigo_credor":"02737810000150","nome_credor":"JOSE ARLINDO OLIVEIRA  SILVA","valor_contratado":847.23,"valor_pago":847.23},{"codigo_unidade_gestora":"201157","codigo_unidade_orcamentaria":"02050","numero_empenho":"0006222","classificacao":"135","data_empenho":"2022-10-11","codigo_credor":"18369916000189","nome_credor":"CARLOS PASSOS DA COSTA JUNIOR","valor_contratado":10500.00,"valor_pago":10500.00},{"codigo_unidade_gestora":"201157","codigo_unidade_orcamentaria":"02080","numero_empenho":"0006223","classificacao":"126","data_empenho":"2022-10-11","codigo_credor":"02737810000150","nome_credor":"JOSE ARLINDO OLIVEIRA  SILVA","valor_contratado":947.10,"valor_pago":947.10},{"codigo_unidade_gestora":"201157","codigo_unidade_orcamentaria":"02080","numero_empenho":"0006224","classificacao":"126","data_empenho":"2022-10-11","codigo_credor":"02737810000150","nome_credor":"JOSE ARLINDO OLIVEIRA  SILVA","valor_contratado":970.80,"valor_pago":970.80},{"codigo_unidade_gestora":"201157","codigo_unidade_orcamentaria":"02080","numero_empenho":"0006225","classificacao":"126","data_empenho":"2022-10-11","codigo_credor":"02737810000150","nome_credor":"JOSE ARLINDO OLIVEIRA  SILVA","valor_contratado":202.25,"valor_pago":202.25},{"codigo_unidade_gestora":"201157","codigo_unidade_orcamentaria":"02080","numero_empenho":"0006226","classificacao":"126","data_empenho":"2022-10-11","codigo_credor":"15609075000141","nome_credor":"CICERO GEOVANIO PRAZERES MELO - ME","valor_contratado":4008.00,"valor_pago":4008.00},{"codigo_unidade_gestora":"201157","codigo_unidade_orcamentaria":"02040","numero_empenho":"0006227","classificacao":"126","data_empenho":"2022-10-11","codigo_credor":"15609075000141","nome_credor":"CICERO GEOVANIO PRAZERES MELO - ME","valor_contratado":2112.00,"valor_pago":2112.00},{"codigo_unidade_gestora":"201157","codigo_unidade_orcamentaria":"02080","numero_empenho":"0006228","classificacao":"126","data_empenho":"2022-10-11","codigo_credor":"15609075000141","nome_credor":"CICERO GEOVANIO PRAZERES MELO - ME","valor_contratado":1776.00,"valor_pago":1776.00},{"codigo_unidade_gestora":"201157","codigo_unidade_orcamentaria":"02020","numero_empenho":"0006229","classificacao":"135","data_empenho":"2022-10-11","codigo_credor":"00000000280704","nome_credor":"BANCO DO BRASIL S/A","valor_contratado":264.00,"valor_pago":264.00},{"codigo_unidade_gestora":"201157","codigo_unidade_orcamentaria":"02040","numero_empenho":"0006230","classificacao":"135","data_empenho":"2022-10-11","codigo_credor":"00000000280704","nome_credor":"BANCO DO BRASIL S/A","valor_contratado":11.00,"valor_pago":11.00},{"codigo_unidade_gestora":"201157","codigo_unidade_orcamentaria":"02080","numero_empenho":"0006231","classificacao":"149","data_empenho":"2022-10-11","codigo_credor":"22759235000102","nome_credor":"SENA CONSTRUÇÕES EIRELI-ME","valor_contratado":20698.50,"valor_pago":20698.50},{"codigo_unidade_gestora":"201157","codigo_unidade_orcamentaria":"02110","numero_empenho":"0006232","classificacao":"126","data_empenho":"2022-10-13","codigo_credor":"07788510000114","nome_credor":"IN-DENTAL PRODUTOS ODONTOLOGICOS, MEDICOS E HOSPITALARES LTDA","valor_contratado":3141.80,"valor_pago":3141.80},{"codigo_unidade_gestora":"201157","codigo_unidade_orcamentaria":"02110","numero_empenho":"0006233","classificacao":"135","data_empenho":"2022-10-13","codigo_credor":"09136540000171","nome_credor":"CLINICA RADIOLOGICA AZUIR LESSA LTDA.","valor_contratado":400.00,"valor_pago":400.00}]}}