{"size":50,"page":12,"total":763,"count":50,"_embedded":{"empenhos":[{"codigo_unidade_gestora":"201157","codigo_unidade_orcamentaria":"02050","numero_empenho":"0003257","classificacao":"135","data_empenho":"2022-06-20","codigo_credor":"19144465000144","nome_credor":"ANTONIO MARIO DOS SANTOS JUNIOR 05954876452","valor_contratado":3275.80,"valor_pago":3275.80},{"codigo_unidade_gestora":"201157","codigo_unidade_orcamentaria":"02050","numero_empenho":"0003258","classificacao":"135","data_empenho":"2022-06-20","codigo_credor":"19144465000144","nome_credor":"ANTONIO MARIO DOS SANTOS JUNIOR 05954876452","valor_contratado":3623.40,"valor_pago":3623.40},{"codigo_unidade_gestora":"201157","codigo_unidade_orcamentaria":"02050","numero_empenho":"0003259","classificacao":"135","data_empenho":"2022-06-20","codigo_credor":"32593366000108","nome_credor":"DJAILSON DE FARIAS FERREIRA 09774773470","valor_contratado":2089.78,"valor_pago":2089.78},{"codigo_unidade_gestora":"201157","codigo_unidade_orcamentaria":"02070","numero_empenho":"0003260","classificacao":"135","data_empenho":"2022-06-20","codigo_credor":"09095183000140","nome_credor":"ENERGISA","valor_contratado":36.88,"valor_pago":36.88},{"codigo_unidade_gestora":"201157","codigo_unidade_orcamentaria":"02050","numero_empenho":"0003261","classificacao":"135","data_empenho":"2022-06-20","codigo_credor":"19539239000162","nome_credor":"FABIANO L.DO NASCIMENTO-07178938471","valor_contratado":2409.00,"valor_pago":2409.00},{"codigo_unidade_gestora":"201157","codigo_unidade_orcamentaria":"02050","numero_empenho":"0003262","classificacao":"135","data_empenho":"2022-06-20","codigo_credor":"19573568000120","nome_credor":"FRANCISCO DE A.MONTEIRO-98177699415","valor_contratado":2530.00,"valor_pago":2530.00},{"codigo_unidade_gestora":"201157","codigo_unidade_orcamentaria":"02050","numero_empenho":"0003263","classificacao":"135","data_empenho":"2022-06-20","codigo_credor":"36326180000143","nome_credor":"GEFERSON MORAIS BATISTA 06896637498","valor_contratado":2530.00,"valor_pago":2530.00},{"codigo_unidade_gestora":"201157","codigo_unidade_orcamentaria":"02050","numero_empenho":"0003264","classificacao":"135","data_empenho":"2022-06-20","codigo_credor":"19692464000134","nome_credor":"JOÃO FERREIRA DO NASCIMENTO-219110614-53","valor_contratado":2420.00,"valor_pago":2420.00},{"codigo_unidade_gestora":"201157","codigo_unidade_orcamentaria":"02050","numero_empenho":"0003265","classificacao":"135","data_empenho":"2022-06-20","codigo_credor":"19692464000134","nome_credor":"JOÃO FERREIRA DO NASCIMENTO-219110614-53","valor_contratado":3586.00,"valor_pago":3586.00},{"codigo_unidade_gestora":"201157","codigo_unidade_orcamentaria":"02050","numero_empenho":"0003266","classificacao":"135","data_empenho":"2022-06-20","codigo_credor":"19332221000195","nome_credor":"JOÃO RODRIGUES DA COSTA 58636820430","valor_contratado":2497.00,"valor_pago":2497.00},{"codigo_unidade_gestora":"201157","codigo_unidade_orcamentaria":"02050","numero_empenho":"0003267","classificacao":"135","data_empenho":"2022-06-20","codigo_credor":"19539921000155","nome_credor":"JOSE ROBERTO DA SILVA -033.365.154-59","valor_contratado":2200.00,"valor_pago":2200.00},{"codigo_unidade_gestora":"201157","codigo_unidade_orcamentaria":"02050","numero_empenho":"0003268","classificacao":"135","data_empenho":"2022-06-20","codigo_credor":"40634472000110","nome_credor":"JOSE DOS SANTOS OLIVEIRA","valor_contratado":2310.00,"valor_pago":2310.00},{"codigo_unidade_gestora":"201157","codigo_unidade_orcamentaria":"02050","numero_empenho":"0003269","classificacao":"135","data_empenho":"2022-06-20","codigo_credor":"40634472000110","nome_credor":"JOSE DOS SANTOS OLIVEIRA","valor_contratado":2838.00,"valor_pago":2838.00},{"codigo_unidade_gestora":"201157","codigo_unidade_orcamentaria":"02050","numero_empenho":"0003270","classificacao":"135","data_empenho":"2022-06-20","codigo_credor":"19263965000103","nome_credor":"JOSE SEVERINO LIMA - 08363009806","valor_contratado":2369.40,"valor_pago":2369.40},{"codigo_unidade_gestora":"201157","codigo_unidade_orcamentaria":"02050","numero_empenho":"0003271","classificacao":"135","data_empenho":"2022-06-20","codigo_credor":"19573653000198","nome_credor":"JOSE PEDRO DA SILVA - 026.799.054-58","valor_contratado":2420.00,"valor_pago":2420.00},{"codigo_unidade_gestora":"201157","codigo_unidade_orcamentaria":"02050","numero_empenho":"0003272","classificacao":"135","data_empenho":"2022-06-20","codigo_credor":"40634472000110","nome_credor":"JOSE DOS SANTOS OLIVEIRA","valor_contratado":3080.00,"valor_pago":3080.00},{"codigo_unidade_gestora":"201157","codigo_unidade_orcamentaria":"02050","numero_empenho":"0003273","classificacao":"135","data_empenho":"2022-06-20","codigo_credor":"36326180000143","nome_credor":"GEFERSON MORAIS BATISTA 06896637498","valor_contratado":2530.00,"valor_pago":2530.00},{"codigo_unidade_gestora":"201157","codigo_unidade_orcamentaria":"02050","numero_empenho":"0003274","classificacao":"126","data_empenho":"2022-06-21","codigo_credor":"42878093000100","nome_credor":"JCASIF COMERCIO VAREJISTA DE CEREAIS LTDA","valor_contratado":9883.50,"valor_pago":9883.50},{"codigo_unidade_gestora":"201157","codigo_unidade_orcamentaria":"02020","numero_empenho":"0003275","classificacao":"171","data_empenho":"2022-06-21","codigo_credor":"29979036000140","nome_credor":"INSS-INSTITUTO NACIONAL DO SEGURO SOCIAL","valor_contratado":541.88,"valor_pago":541.88},{"codigo_unidade_gestora":"201157","codigo_unidade_orcamentaria":"02110","numero_empenho":"0003276","classificacao":"135","data_empenho":"2022-06-21","codigo_credor":"23472167000150","nome_credor":"IVANILDO FRANCO DA SILVA EIRELI - ME","valor_contratado":1800.00,"valor_pago":1800.00},{"codigo_unidade_gestora":"201157","codigo_unidade_orcamentaria":"02110","numero_empenho":"0003277","classificacao":"126","data_empenho":"2022-06-21","codigo_credor":"02977362000162","nome_credor":"A.COSTA COM.ATAC. DE PROD.FARM. LTDA","valor_contratado":4131.70,"valor_pago":4131.70},{"codigo_unidade_gestora":"201157","codigo_unidade_orcamentaria":"02110","numero_empenho":"0003278","classificacao":"126","data_empenho":"2022-06-21","codigo_credor":"11054242000184","nome_credor":"DENTAL COSTA PRODUTOS ODONTOLOGICOS LTDA","valor_contratado":23914.02,"valor_pago":23914.02},{"codigo_unidade_gestora":"201157","codigo_unidade_orcamentaria":"02040","numero_empenho":"0003279","classificacao":"135","data_empenho":"2022-06-21","codigo_credor":"09095183000140","nome_credor":"ENERGISA","valor_contratado":9505.27,"valor_pago":9505.27},{"codigo_unidade_gestora":"201157","codigo_unidade_orcamentaria":"02080","numero_empenho":"0003280","classificacao":"135","data_empenho":"2022-06-21","codigo_credor":"09095183000140","nome_credor":"ENERGISA","valor_contratado":7974.38,"valor_pago":7974.38},{"codigo_unidade_gestora":"201157","codigo_unidade_orcamentaria":"02050","numero_empenho":"0003281","classificacao":"135","data_empenho":"2022-06-21","codigo_credor":"09095183000140","nome_credor":"ENERGISA","valor_contratado":10378.95,"valor_pago":10378.95},{"codigo_unidade_gestora":"201157","codigo_unidade_orcamentaria":"02080","numero_empenho":"0003282","classificacao":"135","data_empenho":"2022-06-21","codigo_credor":"09095183000140","nome_credor":"ENERGISA","valor_contratado":40216.20,"valor_pago":40216.20},{"codigo_unidade_gestora":"201157","codigo_unidade_orcamentaria":"02110","numero_empenho":"0003283","classificacao":"135","data_empenho":"2022-06-21","codigo_credor":"05329135000119","nome_credor":"ALEXSANDRO SANTOS DA SILVA","valor_contratado":28577.00,"valor_pago":28577.00},{"codigo_unidade_gestora":"201157","codigo_unidade_orcamentaria":"02120","numero_empenho":"0003284","classificacao":"135","data_empenho":"2022-06-21","codigo_credor":"29379974000100","nome_credor":"JRDSA GRAFICA EDITORA E FABRICAÇAO DE PAPEIS EIRELI","valor_contratado":3071.18,"valor_pago":3071.18},{"codigo_unidade_gestora":"201157","codigo_unidade_orcamentaria":"02020","numero_empenho":"0003285","classificacao":"135","data_empenho":"2022-06-21","codigo_credor":"00360305000104","nome_credor":"CAIXA ECONOMICA FEDERAL","valor_contratado":455.84,"valor_pago":455.84},{"codigo_unidade_gestora":"201157","codigo_unidade_orcamentaria":"02130","numero_empenho":"0003286","classificacao":"135","data_empenho":"2022-06-21","codigo_credor":"29379974000100","nome_credor":"JRDSA GRAFICA EDITORA E FABRICAÇAO DE PAPEIS EIRELI","valor_contratado":10612.83,"valor_pago":10612.83},{"codigo_unidade_gestora":"201157","codigo_unidade_orcamentaria":"02070","numero_empenho":"0003287","classificacao":"135","data_empenho":"2022-06-21","codigo_credor":"29379974000100","nome_credor":"JRDSA GRAFICA EDITORA E FABRICAÇAO DE PAPEIS EIRELI","valor_contratado":5848.10,"valor_pago":5848.10},{"codigo_unidade_gestora":"201157","codigo_unidade_orcamentaria":"02050","numero_empenho":"0003288","classificacao":"135","data_empenho":"2022-06-21","codigo_credor":"29379974000100","nome_credor":"JRDSA GRAFICA EDITORA E FABRICAÇAO DE PAPEIS EIRELI","valor_contratado":196.35,"valor_pago":196.35},{"codigo_unidade_gestora":"201157","codigo_unidade_orcamentaria":"02060","numero_empenho":"0003289","classificacao":"135","data_empenho":"2022-06-21","codigo_credor":"29379974000100","nome_credor":"JRDSA GRAFICA EDITORA E FABRICAÇAO DE PAPEIS EIRELI","valor_contratado":490.00,"valor_pago":490.00},{"codigo_unidade_gestora":"201157","codigo_unidade_orcamentaria":"02040","numero_empenho":"0003290","classificacao":"135","data_empenho":"2022-06-21","codigo_credor":"29379974000100","nome_credor":"JRDSA GRAFICA EDITORA E FABRICAÇAO DE PAPEIS EIRELI","valor_contratado":6718.46,"valor_pago":6718.46},{"codigo_unidade_gestora":"201157","codigo_unidade_orcamentaria":"02080","numero_empenho":"0003291","classificacao":"135","data_empenho":"2022-06-21","codigo_credor":"29379974000100","nome_credor":"JRDSA GRAFICA EDITORA E FABRICAÇAO DE PAPEIS EIRELI","valor_contratado":93.15,"valor_pago":93.15},{"codigo_unidade_gestora":"201157","codigo_unidade_orcamentaria":"02050","numero_empenho":"0003292","classificacao":"135","data_empenho":"2022-06-21","codigo_credor":"19573653000198","nome_credor":"JOSE PEDRO DA SILVA - 026.799.054-58","valor_contratado":2420.00,"valor_pago":2420.00},{"codigo_unidade_gestora":"201157","codigo_unidade_orcamentaria":"02110","numero_empenho":"0003293","classificacao":"135","data_empenho":"2022-06-22","codigo_credor":"19858858000110","nome_credor":"CENTRO DE ESPECIALIDADES MEDICAS ABIMAR BURITI LTDA","valor_contratado":10490.00,"valor_pago":10490.00},{"codigo_unidade_gestora":"201157","codigo_unidade_orcamentaria":"02030","numero_empenho":"0003294","classificacao":"131","data_empenho":"2022-06-22","codigo_credor":"20503858000186","nome_credor":"SILANS & SILVA ADVOGADOS","valor_contratado":3500.00,"valor_pago":3500.00},{"codigo_unidade_gestora":"201157","codigo_unidade_orcamentaria":"02040","numero_empenho":"0003295","classificacao":"135","data_empenho":"2022-06-22","codigo_credor":"09095183000140","nome_credor":"ENERGISA","valor_contratado":52.03,"valor_pago":52.03},{"codigo_unidade_gestora":"201157","codigo_unidade_orcamentaria":"02050","numero_empenho":"0003296","classificacao":"126","data_empenho":"2022-06-22","codigo_credor":"00003995962408","nome_credor":"CICERA SILVA CASADO","valor_contratado":1550.00,"valor_pago":1550.00},{"codigo_unidade_gestora":"201157","codigo_unidade_orcamentaria":"02050","numero_empenho":"0003297","classificacao":"126","data_empenho":"2022-06-22","codigo_credor":"00007468730423","nome_credor":"ADIVANA DE AGUIAR ALMEIDA","valor_contratado":1165.00,"valor_pago":1165.00},{"codigo_unidade_gestora":"201157","codigo_unidade_orcamentaria":"02050","numero_empenho":"0003298","classificacao":"126","data_empenho":"2022-06-22","codigo_credor":"00070254272410","nome_credor":"ARIANY PEREIRA FERNANDES","valor_contratado":1860.00,"valor_pago":1860.00},{"codigo_unidade_gestora":"201157","codigo_unidade_orcamentaria":"02050","numero_empenho":"0003299","classificacao":"126","data_empenho":"2022-06-22","codigo_credor":"00000015338436","nome_credor":"MARIA LUZINETE CLEMENTINO DA COSTA","valor_contratado":1550.00,"valor_pago":1550.00},{"codigo_unidade_gestora":"201157","codigo_unidade_orcamentaria":"02050","numero_empenho":"0003300","classificacao":"135","data_empenho":"2022-06-22","codigo_credor":"09095183000140","nome_credor":"ENERGISA","valor_contratado":49.55,"valor_pago":49.55},{"codigo_unidade_gestora":"201157","codigo_unidade_orcamentaria":"02080","numero_empenho":"0003301","classificacao":"126","data_empenho":"2022-06-22","codigo_credor":"19772324000176","nome_credor":"VALDECIR MELO SANTOS","valor_contratado":850.00,"valor_pago":850.00},{"codigo_unidade_gestora":"201157","codigo_unidade_orcamentaria":"02130","numero_empenho":"0003302","classificacao":"135","data_empenho":"2022-06-22","codigo_credor":"29458217000121","nome_credor":"MARCOS ANTONIO BATISTA REIS 85353213491","valor_contratado":2100.00,"valor_pago":2100.00},{"codigo_unidade_gestora":"201157","codigo_unidade_orcamentaria":"02110","numero_empenho":"0003303","classificacao":"135","data_empenho":"2022-06-22","codigo_credor":"40432544000147","nome_credor":"CLARO S/A","valor_contratado":17.66,"valor_pago":17.66},{"codigo_unidade_gestora":"201157","codigo_unidade_orcamentaria":"02090","numero_empenho":"0003304","classificacao":"135","data_empenho":"2022-06-22","codigo_credor":"17923503000131","nome_credor":"ERALDO MARINHO DA SILVA  13540129847","valor_contratado":112.00,"valor_pago":112.00},{"codigo_unidade_gestora":"201157","codigo_unidade_orcamentaria":"02040","numero_empenho":"0003305","classificacao":"135","data_empenho":"2022-06-22","codigo_credor":"05329135000119","nome_credor":"ALEXSANDRO SANTOS DA SILVA","valor_contratado":850.00,"valor_pago":850.00},{"codigo_unidade_gestora":"201157","codigo_unidade_orcamentaria":"02070","numero_empenho":"0003306","classificacao":"135","data_empenho":"2022-06-22","codigo_credor":"17923503000131","nome_credor":"ERALDO MARINHO DA SILVA  13540129847","valor_contratado":64.00,"valor_pago":64.00}]}}