{"size":50,"page":10,"total":802,"count":50,"_embedded":{"empenhos":[{"codigo_unidade_gestora":"201157","codigo_unidade_orcamentaria":"02010","numero_empenho":"0007101","classificacao":"97","data_empenho":"2022-11-16","codigo_credor":"00636397000102","nome_credor":"FAMUP","valor_contratado":1300.00,"valor_pago":1300.00},{"codigo_unidade_gestora":"201157","codigo_unidade_orcamentaria":"02010","numero_empenho":"0007102","classificacao":"135","data_empenho":"2022-11-16","codigo_credor":"33853534000110","nome_credor":"BIOPRAG AMBIENTAL SERVICOS EIRELI","valor_contratado":1430.00,"valor_pago":1430.00},{"codigo_unidade_gestora":"201157","codigo_unidade_orcamentaria":"02050","numero_empenho":"0007103","classificacao":"126","data_empenho":"2022-11-16","codigo_credor":"28695805000116","nome_credor":"GB COMERCIO E SERVICOS LTDA - EPP","valor_contratado":1472.08,"valor_pago":1472.08},{"codigo_unidade_gestora":"201157","codigo_unidade_orcamentaria":"02050","numero_empenho":"0007104","classificacao":"126","data_empenho":"2022-11-16","codigo_credor":"28695805000116","nome_credor":"GB COMERCIO E SERVICOS LTDA - EPP","valor_contratado":469.09,"valor_pago":469.09},{"codigo_unidade_gestora":"201157","codigo_unidade_orcamentaria":"02050","numero_empenho":"0007105","classificacao":"126","data_empenho":"2022-11-16","codigo_credor":"28695805000116","nome_credor":"GB COMERCIO E SERVICOS LTDA - EPP","valor_contratado":1854.84,"valor_pago":1854.84},{"codigo_unidade_gestora":"201157","codigo_unidade_orcamentaria":"02070","numero_empenho":"0007106","classificacao":"110","data_empenho":"2022-11-16","codigo_credor":"00005862616489","nome_credor":"JOSEFA ELZILENE FERNANDES DA SILVA FREITAS","valor_contratado":45.00,"valor_pago":45.00},{"codigo_unidade_gestora":"201157","codigo_unidade_orcamentaria":"02140","numero_empenho":"0007107","classificacao":"144","data_empenho":"2022-11-16","codigo_credor":"00005160202420","nome_credor":"MARIANALVA TOMAZ DA SILVA","valor_contratado":500.00,"valor_pago":500.00},{"codigo_unidade_gestora":"201157","codigo_unidade_orcamentaria":"02040","numero_empenho":"0007108","classificacao":"135","data_empenho":"2022-11-16","codigo_credor":"09095183000140","nome_credor":"ENERGISA","valor_contratado":8144.17,"valor_pago":8144.17},{"codigo_unidade_gestora":"201157","codigo_unidade_orcamentaria":"02080","numero_empenho":"0007109","classificacao":"126","data_empenho":"2022-11-16","codigo_credor":"28695805000116","nome_credor":"GB COMERCIO E SERVICOS LTDA - EPP","valor_contratado":1790.14,"valor_pago":1790.14},{"codigo_unidade_gestora":"201157","codigo_unidade_orcamentaria":"02080","numero_empenho":"0007110","classificacao":"135","data_empenho":"2022-11-16","codigo_credor":"09095183000140","nome_credor":"ENERGISA","valor_contratado":7298.10,"valor_pago":7298.10},{"codigo_unidade_gestora":"201157","codigo_unidade_orcamentaria":"02050","numero_empenho":"0007111","classificacao":"135","data_empenho":"2022-11-16","codigo_credor":"09095183000140","nome_credor":"ENERGISA","valor_contratado":8813.52,"valor_pago":8813.52},{"codigo_unidade_gestora":"201157","codigo_unidade_orcamentaria":"02050","numero_empenho":"0007112","classificacao":"126","data_empenho":"2022-11-16","codigo_credor":"00001968415424","nome_credor":"ADILMA PEREIRA FERNANDES","valor_contratado":1840.00,"valor_pago":1840.00},{"codigo_unidade_gestora":"201157","codigo_unidade_orcamentaria":"02050","numero_empenho":"0007113","classificacao":"135","data_empenho":"2022-11-16","codigo_credor":"33609700000137","nome_credor":"WANDEYFLAVIO BERTULINO AGRA 04819156489","valor_contratado":7980.00,"valor_pago":7980.00},{"codigo_unidade_gestora":"201157","codigo_unidade_orcamentaria":"02050","numero_empenho":"0007114","classificacao":"126","data_empenho":"2022-11-16","codigo_credor":"00001968415424","nome_credor":"ADILMA PEREIRA FERNANDES","valor_contratado":1350.00,"valor_pago":1350.00},{"codigo_unidade_gestora":"201157","codigo_unidade_orcamentaria":"02050","numero_empenho":"0007115","classificacao":"126","data_empenho":"2022-11-16","codigo_credor":"00004961052485","nome_credor":"MARIA DE LOURDES DOS SANTOS SILVA","valor_contratado":1840.00,"valor_pago":1840.00},{"codigo_unidade_gestora":"201157","codigo_unidade_orcamentaria":"02050","numero_empenho":"0007116","classificacao":"126","data_empenho":"2022-11-16","codigo_credor":"00001968415424","nome_credor":"ADILMA PEREIRA FERNANDES","valor_contratado":1350.00,"valor_pago":1350.00},{"codigo_unidade_gestora":"201157","codigo_unidade_orcamentaria":"02050","numero_empenho":"0007117","classificacao":"126","data_empenho":"2022-11-16","codigo_credor":"00027592373890","nome_credor":"ADEILZA BATISTA DE SOUZA","valor_contratado":1973.50,"valor_pago":1973.50},{"codigo_unidade_gestora":"201157","codigo_unidade_orcamentaria":"02050","numero_empenho":"0007118","classificacao":"126","data_empenho":"2022-11-16","codigo_credor":"00001968415424","nome_credor":"ADILMA PEREIRA FERNANDES","valor_contratado":1840.00,"valor_pago":1840.00},{"codigo_unidade_gestora":"201157","codigo_unidade_orcamentaria":"02050","numero_empenho":"0007119","classificacao":"126","data_empenho":"2022-11-16","codigo_credor":"00006233284457","nome_credor":"MARIA DE FATIMA ANDRE VIEIRA DE SOUZA","valor_contratado":1115.00,"valor_pago":1115.00},{"codigo_unidade_gestora":"201157","codigo_unidade_orcamentaria":"02050","numero_empenho":"0007120","classificacao":"126","data_empenho":"2022-11-16","codigo_credor":"00004961052485","nome_credor":"MARIA DE LOURDES DOS SANTOS SILVA","valor_contratado":1500.00,"valor_pago":1500.00},{"codigo_unidade_gestora":"201157","codigo_unidade_orcamentaria":"02050","numero_empenho":"0007121","classificacao":"126","data_empenho":"2022-11-16","codigo_credor":"00010603925421","nome_credor":"IGOR DELFINO GOMES DA SILVA","valor_contratado":520.00,"valor_pago":520.00},{"codigo_unidade_gestora":"201157","codigo_unidade_orcamentaria":"02050","numero_empenho":"0007122","classificacao":"126","data_empenho":"2022-11-16","codigo_credor":"00004961052485","nome_credor":"MARIA DE LOURDES DOS SANTOS SILVA","valor_contratado":1500.00,"valor_pago":1500.00},{"codigo_unidade_gestora":"201157","codigo_unidade_orcamentaria":"02050","numero_empenho":"0007123","classificacao":"126","data_empenho":"2022-11-16","codigo_credor":"00059796219700","nome_credor":"SEVERINO GOMES MONTEIRO","valor_contratado":1428.00,"valor_pago":1428.00},{"codigo_unidade_gestora":"201157","codigo_unidade_orcamentaria":"02050","numero_empenho":"0007124","classificacao":"126","data_empenho":"2022-11-16","codigo_credor":"00004961052485","nome_credor":"MARIA DE LOURDES DOS SANTOS SILVA","valor_contratado":1840.00,"valor_pago":1840.00},{"codigo_unidade_gestora":"201157","codigo_unidade_orcamentaria":"02050","numero_empenho":"0007125","classificacao":"126","data_empenho":"2022-11-16","codigo_credor":"00010222285443","nome_credor":"NOEL DA SILVA OLIVEIRA","valor_contratado":1632.50,"valor_pago":1632.50},{"codigo_unidade_gestora":"201157","codigo_unidade_orcamentaria":"02050","numero_empenho":"0007126","classificacao":"126","data_empenho":"2022-11-16","codigo_credor":"00059796219700","nome_credor":"SEVERINO GOMES MONTEIRO","valor_contratado":976.00,"valor_pago":976.00},{"codigo_unidade_gestora":"201157","codigo_unidade_orcamentaria":"02050","numero_empenho":"0007127","classificacao":"126","data_empenho":"2022-11-16","codigo_credor":"00006330220476","nome_credor":"FRANCISCO DAMIÃO HENRIQUE","valor_contratado":2134.00,"valor_pago":2134.00},{"codigo_unidade_gestora":"201157","codigo_unidade_orcamentaria":"02050","numero_empenho":"0007128","classificacao":"126","data_empenho":"2022-11-16","codigo_credor":"00004565699443","nome_credor":"DAMIÃO FERNANDO DE MEDEIROS","valor_contratado":1485.00,"valor_pago":1485.00},{"codigo_unidade_gestora":"201157","codigo_unidade_orcamentaria":"02050","numero_empenho":"0007129","classificacao":"126","data_empenho":"2022-11-16","codigo_credor":"00004565699443","nome_credor":"DAMIÃO FERNANDO DE MEDEIROS","valor_contratado":1116.50,"valor_pago":1116.50},{"codigo_unidade_gestora":"201157","codigo_unidade_orcamentaria":"02050","numero_empenho":"0007130","classificacao":"126","data_empenho":"2022-11-16","codigo_credor":"00003995962408","nome_credor":"CICERA SILVA CASADO","valor_contratado":2151.50,"valor_pago":2151.50},{"codigo_unidade_gestora":"201157","codigo_unidade_orcamentaria":"02050","numero_empenho":"0007131","classificacao":"126","data_empenho":"2022-11-16","codigo_credor":"00006891009499","nome_credor":"MARIA APARECIDA CAMILO BEZERRA","valor_contratado":918.00,"valor_pago":918.00},{"codigo_unidade_gestora":"201157","codigo_unidade_orcamentaria":"02050","numero_empenho":"0007132","classificacao":"126","data_empenho":"2022-11-16","codigo_credor":"00004662809479","nome_credor":"ANA MARIA DOS SANTOS","valor_contratado":1120.00,"valor_pago":1120.00},{"codigo_unidade_gestora":"201157","codigo_unidade_orcamentaria":"02020","numero_empenho":"0007133","classificacao":"135","data_empenho":"2022-11-16","codigo_credor":"00000000280704","nome_credor":"BANCO DO BRASIL S/A","valor_contratado":11.00,"valor_pago":11.00},{"codigo_unidade_gestora":"201157","codigo_unidade_orcamentaria":"02020","numero_empenho":"0007134","classificacao":"135","data_empenho":"2022-11-16","codigo_credor":"00360305000104","nome_credor":"CAIXA ECONOMICA FEDERAL","valor_contratado":297.33,"valor_pago":297.33},{"codigo_unidade_gestora":"201157","codigo_unidade_orcamentaria":"02070","numero_empenho":"0007135","classificacao":"126","data_empenho":"2022-11-17","codigo_credor":"05457026000187","nome_credor":"MARIA CRISTIANE LEMOS DE ARAUJO","valor_contratado":459.96,"valor_pago":459.96},{"codigo_unidade_gestora":"201157","codigo_unidade_orcamentaria":"02050","numero_empenho":"0007136","classificacao":"114","data_empenho":"2022-11-17","codigo_credor":"61600839000155","nome_credor":"CIEE-CENTRO DE INTEGRAÇÃO EMPRESA ESCOLA","valor_contratado":5010.00,"valor_pago":5010.00},{"codigo_unidade_gestora":"201157","codigo_unidade_orcamentaria":"02110","numero_empenho":"0007137","classificacao":"126","data_empenho":"2022-11-17","codigo_credor":"08778201000126","nome_credor":"DROGAFONTE LTDA.","valor_contratado":180.00,"valor_pago":180.00},{"codigo_unidade_gestora":"201157","codigo_unidade_orcamentaria":"02110","numero_empenho":"0007138","classificacao":"135","data_empenho":"2022-11-17","codigo_credor":"03601910000118","nome_credor":"NUCLEO DE OFTALMOLOGIA FRANCISCO PINTO LTDA","valor_contratado":5282.00,"valor_pago":5282.00},{"codigo_unidade_gestora":"201157","codigo_unidade_orcamentaria":"02090","numero_empenho":"0007139","classificacao":"135","data_empenho":"2022-11-17","codigo_credor":"28942299000112","nome_credor":"ANA CARLA DINIZ BARBOSA ME","valor_contratado":10500.00,"valor_pago":0.00},{"codigo_unidade_gestora":"201157","codigo_unidade_orcamentaria":"02050","numero_empenho":"0007140","classificacao":"135","data_empenho":"2022-11-17","codigo_credor":"32621662000175","nome_credor":"BELARMINO ROQUE DA SILVA NETO 01683378431","valor_contratado":2600.00,"valor_pago":2600.00},{"codigo_unidade_gestora":"201157","codigo_unidade_orcamentaria":"02050","numero_empenho":"0007141","classificacao":"135","data_empenho":"2022-11-17","codigo_credor":"19563523000174","nome_credor":"ANTONIO PEREIRA MIRANDA - 0522749844-40","valor_contratado":2296.00,"valor_pago":2296.00},{"codigo_unidade_gestora":"201157","codigo_unidade_orcamentaria":"02050","numero_empenho":"0007142","classificacao":"135","data_empenho":"2022-11-17","codigo_credor":"19539921000155","nome_credor":"JOSE ROBERTO DA SILVA -033.365.154-59","valor_contratado":2000.00,"valor_pago":2000.00},{"codigo_unidade_gestora":"201157","codigo_unidade_orcamentaria":"02050","numero_empenho":"0007143","classificacao":"135","data_empenho":"2022-11-17","codigo_credor":"27123627000196","nome_credor":"MARILIA DA SILVA CAVALCANTE - 08142292475","valor_contratado":3375.20,"valor_pago":3375.20},{"codigo_unidade_gestora":"201157","codigo_unidade_orcamentaria":"02050","numero_empenho":"0007144","classificacao":"135","data_empenho":"2022-11-17","codigo_credor":"19563523000174","nome_credor":"ANTONIO PEREIRA MIRANDA - 0522749844-40","valor_contratado":2600.00,"valor_pago":2600.00},{"codigo_unidade_gestora":"201157","codigo_unidade_orcamentaria":"02050","numero_empenho":"0007145","classificacao":"135","data_empenho":"2022-11-17","codigo_credor":"32593366000108","nome_credor":"DJAILSON DE FARIAS FERREIRA 09774773470","valor_contratado":2100.00,"valor_pago":2100.00},{"codigo_unidade_gestora":"201157","codigo_unidade_orcamentaria":"02050","numero_empenho":"0007146","classificacao":"135","data_empenho":"2022-11-17","codigo_credor":"19573653000198","nome_credor":"JOSE PEDRO DA SILVA - 026.799.054-58","valor_contratado":2200.00,"valor_pago":2200.00},{"codigo_unidade_gestora":"201157","codigo_unidade_orcamentaria":"02050","numero_empenho":"0007147","classificacao":"135","data_empenho":"2022-11-17","codigo_credor":"19144465000144","nome_credor":"ANTONIO MARIO DOS SANTOS JUNIOR 05954876452","valor_contratado":3529.00,"valor_pago":3529.00},{"codigo_unidade_gestora":"201157","codigo_unidade_orcamentaria":"02050","numero_empenho":"0007148","classificacao":"135","data_empenho":"2022-11-17","codigo_credor":"32593366000108","nome_credor":"DJAILSON DE FARIAS FERREIRA 09774773470","valor_contratado":1899.80,"valor_pago":1899.80},{"codigo_unidade_gestora":"201157","codigo_unidade_orcamentaria":"02050","numero_empenho":"0007149","classificacao":"135","data_empenho":"2022-11-17","codigo_credor":"19144465000144","nome_credor":"ANTONIO MARIO DOS SANTOS JUNIOR 05954876452","valor_contratado":3139.80,"valor_pago":3139.80},{"codigo_unidade_gestora":"201157","codigo_unidade_orcamentaria":"02050","numero_empenho":"0007150","classificacao":"135","data_empenho":"2022-11-17","codigo_credor":"19539239000162","nome_credor":"FABIANO L.DO NASCIMENTO-07178938471","valor_contratado":2190.00,"valor_pago":2190.00}]}}