{"size":50,"page":11,"total":766,"count":50,"_embedded":{"empenhos":[{"codigo_unidade_gestora":"201157","codigo_unidade_orcamentaria":"02110","numero_empenho":"0006384","classificacao":"135","data_empenho":"2022-10-19","codigo_credor":"08716557000135","nome_credor":"CLINICA RADIOLOGICA DR.WANDERLEY LTDA","valor_contratado":400.00,"valor_pago":400.00},{"codigo_unidade_gestora":"201157","codigo_unidade_orcamentaria":"02080","numero_empenho":"0006385","classificacao":"135","data_empenho":"2022-10-19","codigo_credor":"35371879001053","nome_credor":"JOAO PESSOA SERVIÇO DE VISTORIA VEICULAR LTDA","valor_contratado":92.50,"valor_pago":92.50},{"codigo_unidade_gestora":"201157","codigo_unidade_orcamentaria":"02020","numero_empenho":"0006386","classificacao":"135","data_empenho":"2022-10-19","codigo_credor":"00000000280704","nome_credor":"BANCO DO BRASIL S/A","valor_contratado":154.00,"valor_pago":154.00},{"codigo_unidade_gestora":"201157","codigo_unidade_orcamentaria":"02020","numero_empenho":"0006387","classificacao":"135","data_empenho":"2022-10-19","codigo_credor":"00000000280704","nome_credor":"BANCO DO BRASIL S/A","valor_contratado":11.00,"valor_pago":11.00},{"codigo_unidade_gestora":"201157","codigo_unidade_orcamentaria":"02040","numero_empenho":"0006388","classificacao":"135","data_empenho":"2022-10-19","codigo_credor":"00000000280704","nome_credor":"BANCO DO BRASIL S/A","valor_contratado":11.00,"valor_pago":11.00},{"codigo_unidade_gestora":"201157","codigo_unidade_orcamentaria":"02050","numero_empenho":"0006389","classificacao":"135","data_empenho":"2022-10-19","codigo_credor":"00000000280704","nome_credor":"BANCO DO BRASIL S/A","valor_contratado":110.00,"valor_pago":110.00},{"codigo_unidade_gestora":"201157","codigo_unidade_orcamentaria":"02040","numero_empenho":"0006390","classificacao":"126","data_empenho":"2022-10-19","codigo_credor":"31424800000163","nome_credor":"ADRIANO GONCALVES RODRIGUES DO NASCIMENTO","valor_contratado":420.00,"valor_pago":420.00},{"codigo_unidade_gestora":"201157","codigo_unidade_orcamentaria":"02070","numero_empenho":"0006391","classificacao":"126","data_empenho":"2022-10-19","codigo_credor":"31424800000163","nome_credor":"ADRIANO GONCALVES RODRIGUES DO NASCIMENTO","valor_contratado":420.00,"valor_pago":420.00},{"codigo_unidade_gestora":"201157","codigo_unidade_orcamentaria":"02010","numero_empenho":"0006392","classificacao":"126","data_empenho":"2022-10-19","codigo_credor":"31424800000163","nome_credor":"ADRIANO GONCALVES RODRIGUES DO NASCIMENTO","valor_contratado":105.00,"valor_pago":105.00},{"codigo_unidade_gestora":"201157","codigo_unidade_orcamentaria":"02050","numero_empenho":"0006393","classificacao":"126","data_empenho":"2022-10-19","codigo_credor":"31424800000163","nome_credor":"ADRIANO GONCALVES RODRIGUES DO NASCIMENTO","valor_contratado":3570.00,"valor_pago":3570.00},{"codigo_unidade_gestora":"201157","codigo_unidade_orcamentaria":"02010","numero_empenho":"0006394","classificacao":"135","data_empenho":"2022-10-19","codigo_credor":"34028316371942","nome_credor":"ETC-EMP.BRAS.DE CORREIOS E TELEGRAFOS","valor_contratado":29.22,"valor_pago":0.00},{"codigo_unidade_gestora":"201157","codigo_unidade_orcamentaria":"02110","numero_empenho":"0006395","classificacao":"107","data_empenho":"2022-10-20","codigo_credor":"29979036000140","nome_credor":"INSS-INSTITUTO NACIONAL DO SEGURO SOCIAL","valor_contratado":509.04,"valor_pago":509.04},{"codigo_unidade_gestora":"201157","codigo_unidade_orcamentaria":"02050","numero_empenho":"0006396","classificacao":"107","data_empenho":"2022-10-20","codigo_credor":"29979036000140","nome_credor":"INSS-INSTITUTO NACIONAL DO SEGURO SOCIAL","valor_contratado":42804.61,"valor_pago":42804.61},{"codigo_unidade_gestora":"201157","codigo_unidade_orcamentaria":"02110","numero_empenho":"0006397","classificacao":"107","data_empenho":"2022-10-20","codigo_credor":"29979036000140","nome_credor":"INSS-INSTITUTO NACIONAL DO SEGURO SOCIAL","valor_contratado":1934.35,"valor_pago":1934.35},{"codigo_unidade_gestora":"201157","codigo_unidade_orcamentaria":"02110","numero_empenho":"0006398","classificacao":"107","data_empenho":"2022-10-20","codigo_credor":"29979036000140","nome_credor":"INSS-INSTITUTO NACIONAL DO SEGURO SOCIAL","valor_contratado":1365.00,"valor_pago":1365.00},{"codigo_unidade_gestora":"201157","codigo_unidade_orcamentaria":"02070","numero_empenho":"0006399","classificacao":"107","data_empenho":"2022-10-20","codigo_credor":"29979036000140","nome_credor":"INSS-INSTITUTO NACIONAL DO SEGURO SOCIAL","valor_contratado":4551.54,"valor_pago":4551.54},{"codigo_unidade_gestora":"201157","codigo_unidade_orcamentaria":"02010","numero_empenho":"0006400","classificacao":"135","data_empenho":"2022-10-20","codigo_credor":"46613820000150","nome_credor":"GABRIEL DE SOUZA GUEDES QUERINO 11541651405","valor_contratado":700.00,"valor_pago":700.00},{"codigo_unidade_gestora":"201157","codigo_unidade_orcamentaria":"02110","numero_empenho":"0006401","classificacao":"107","data_empenho":"2022-10-20","codigo_credor":"29979036000140","nome_credor":"INSS-INSTITUTO NACIONAL DO SEGURO SOCIAL","valor_contratado":21102.21,"valor_pago":21102.21},{"codigo_unidade_gestora":"201157","codigo_unidade_orcamentaria":"02110","numero_empenho":"0006402","classificacao":"107","data_empenho":"2022-10-20","codigo_credor":"29979036000140","nome_credor":"INSS-INSTITUTO NACIONAL DO SEGURO SOCIAL","valor_contratado":2120.69,"valor_pago":2120.69},{"codigo_unidade_gestora":"201157","codigo_unidade_orcamentaria":"02010","numero_empenho":"0006403","classificacao":"126","data_empenho":"2022-10-20","codigo_credor":"09261355000109","nome_credor":"HILTON PINHEIRO DANTAS","valor_contratado":533.60,"valor_pago":533.60},{"codigo_unidade_gestora":"201157","codigo_unidade_orcamentaria":"02010","numero_empenho":"0006404","classificacao":"126","data_empenho":"2022-10-20","codigo_credor":"09261355000109","nome_credor":"HILTON PINHEIRO DANTAS","valor_contratado":533.60,"valor_pago":533.60},{"codigo_unidade_gestora":"201157","codigo_unidade_orcamentaria":"02010","numero_empenho":"0006405","classificacao":"126","data_empenho":"2022-10-20","codigo_credor":"09261355000109","nome_credor":"HILTON PINHEIRO DANTAS","valor_contratado":533.60,"valor_pago":533.60},{"codigo_unidade_gestora":"201157","codigo_unidade_orcamentaria":"02040","numero_empenho":"0006406","classificacao":"107","data_empenho":"2022-10-20","codigo_credor":"29979036000140","nome_credor":"INSS-INSTITUTO NACIONAL DO SEGURO SOCIAL","valor_contratado":26514.60,"valor_pago":26514.60},{"codigo_unidade_gestora":"201157","codigo_unidade_orcamentaria":"02010","numero_empenho":"0006407","classificacao":"126","data_empenho":"2022-10-20","codigo_credor":"09261355000109","nome_credor":"HILTON PINHEIRO DANTAS","valor_contratado":533.60,"valor_pago":533.60},{"codigo_unidade_gestora":"201157","codigo_unidade_orcamentaria":"02010","numero_empenho":"0006408","classificacao":"126","data_empenho":"2022-10-20","codigo_credor":"09261355000109","nome_credor":"HILTON PINHEIRO DANTAS","valor_contratado":533.60,"valor_pago":533.60},{"codigo_unidade_gestora":"201157","codigo_unidade_orcamentaria":"02010","numero_empenho":"0006409","classificacao":"126","data_empenho":"2022-10-20","codigo_credor":"09261355000109","nome_credor":"HILTON PINHEIRO DANTAS","valor_contratado":416.00,"valor_pago":416.00},{"codigo_unidade_gestora":"201157","codigo_unidade_orcamentaria":"02010","numero_empenho":"0006410","classificacao":"126","data_empenho":"2022-10-20","codigo_credor":"09261355000109","nome_credor":"HILTON PINHEIRO DANTAS","valor_contratado":416.00,"valor_pago":416.00},{"codigo_unidade_gestora":"201157","codigo_unidade_orcamentaria":"02020","numero_empenho":"0006411","classificacao":"107","data_empenho":"2022-10-20","codigo_credor":"29979036000140","nome_credor":"INSS-INSTITUTO NACIONAL DO SEGURO SOCIAL","valor_contratado":41039.83,"valor_pago":41039.83},{"codigo_unidade_gestora":"201157","codigo_unidade_orcamentaria":"02010","numero_empenho":"0006412","classificacao":"126","data_empenho":"2022-10-20","codigo_credor":"09261355000109","nome_credor":"HILTON PINHEIRO DANTAS","valor_contratado":533.60,"valor_pago":533.60},{"codigo_unidade_gestora":"201157","codigo_unidade_orcamentaria":"02010","numero_empenho":"0006413","classificacao":"126","data_empenho":"2022-10-20","codigo_credor":"09261355000109","nome_credor":"HILTON PINHEIRO DANTAS","valor_contratado":533.60,"valor_pago":533.60},{"codigo_unidade_gestora":"201157","codigo_unidade_orcamentaria":"02010","numero_empenho":"0006414","classificacao":"126","data_empenho":"2022-10-20","codigo_credor":"09261355000109","nome_credor":"HILTON PINHEIRO DANTAS","valor_contratado":533.60,"valor_pago":533.60},{"codigo_unidade_gestora":"201157","codigo_unidade_orcamentaria":"02010","numero_empenho":"0006415","classificacao":"126","data_empenho":"2022-10-20","codigo_credor":"09261355000109","nome_credor":"HILTON PINHEIRO DANTAS","valor_contratado":533.60,"valor_pago":533.60},{"codigo_unidade_gestora":"201157","codigo_unidade_orcamentaria":"02040","numero_empenho":"0006416","classificacao":"126","data_empenho":"2022-10-20","codigo_credor":"32481097000198","nome_credor":"NIVAN BEZERRA DA COSTA NETO","valor_contratado":9834.00,"valor_pago":9834.00},{"codigo_unidade_gestora":"201157","codigo_unidade_orcamentaria":"02010","numero_empenho":"0006417","classificacao":"126","data_empenho":"2022-10-20","codigo_credor":"09261355000109","nome_credor":"HILTON PINHEIRO DANTAS","valor_contratado":533.60,"valor_pago":533.60},{"codigo_unidade_gestora":"201157","codigo_unidade_orcamentaria":"02010","numero_empenho":"0006418","classificacao":"126","data_empenho":"2022-10-20","codigo_credor":"09261355000109","nome_credor":"HILTON PINHEIRO DANTAS","valor_contratado":533.60,"valor_pago":533.60},{"codigo_unidade_gestora":"201157","codigo_unidade_orcamentaria":"02010","numero_empenho":"0006419","classificacao":"126","data_empenho":"2022-10-20","codigo_credor":"09261355000109","nome_credor":"HILTON PINHEIRO DANTAS","valor_contratado":533.60,"valor_pago":533.60},{"codigo_unidade_gestora":"201157","codigo_unidade_orcamentaria":"02010","numero_empenho":"0006420","classificacao":"126","data_empenho":"2022-10-20","codigo_credor":"09261355000109","nome_credor":"HILTON PINHEIRO DANTAS","valor_contratado":533.60,"valor_pago":533.60},{"codigo_unidade_gestora":"201157","codigo_unidade_orcamentaria":"02010","numero_empenho":"0006421","classificacao":"126","data_empenho":"2022-10-20","codigo_credor":"09261355000109","nome_credor":"HILTON PINHEIRO DANTAS","valor_contratado":533.60,"valor_pago":533.60},{"codigo_unidade_gestora":"201157","codigo_unidade_orcamentaria":"02010","numero_empenho":"0006422","classificacao":"126","data_empenho":"2022-10-20","codigo_credor":"09261355000109","nome_credor":"HILTON PINHEIRO DANTAS","valor_contratado":546.40,"valor_pago":546.40},{"codigo_unidade_gestora":"201157","codigo_unidade_orcamentaria":"02010","numero_empenho":"0006423","classificacao":"126","data_empenho":"2022-10-20","codigo_credor":"09261355000109","nome_credor":"HILTON PINHEIRO DANTAS","valor_contratado":533.60,"valor_pago":533.60},{"codigo_unidade_gestora":"201157","codigo_unidade_orcamentaria":"02010","numero_empenho":"0006424","classificacao":"126","data_empenho":"2022-10-20","codigo_credor":"09261355000109","nome_credor":"HILTON PINHEIRO DANTAS","valor_contratado":533.60,"valor_pago":533.60},{"codigo_unidade_gestora":"201157","codigo_unidade_orcamentaria":"02010","numero_empenho":"0006425","classificacao":"126","data_empenho":"2022-10-20","codigo_credor":"09261355000109","nome_credor":"HILTON PINHEIRO DANTAS","valor_contratado":533.60,"valor_pago":533.60},{"codigo_unidade_gestora":"201157","codigo_unidade_orcamentaria":"02010","numero_empenho":"0006426","classificacao":"126","data_empenho":"2022-10-20","codigo_credor":"09261355000109","nome_credor":"HILTON PINHEIRO DANTAS","valor_contratado":533.60,"valor_pago":533.60},{"codigo_unidade_gestora":"201157","codigo_unidade_orcamentaria":"02010","numero_empenho":"0006427","classificacao":"126","data_empenho":"2022-10-20","codigo_credor":"09261355000109","nome_credor":"HILTON PINHEIRO DANTAS","valor_contratado":533.60,"valor_pago":533.60},{"codigo_unidade_gestora":"201157","codigo_unidade_orcamentaria":"02010","numero_empenho":"0006428","classificacao":"126","data_empenho":"2022-10-20","codigo_credor":"09261355000109","nome_credor":"HILTON PINHEIRO DANTAS","valor_contratado":533.60,"valor_pago":533.60},{"codigo_unidade_gestora":"201157","codigo_unidade_orcamentaria":"02010","numero_empenho":"0006429","classificacao":"126","data_empenho":"2022-10-20","codigo_credor":"09261355000109","nome_credor":"HILTON PINHEIRO DANTAS","valor_contratado":533.60,"valor_pago":533.60},{"codigo_unidade_gestora":"201157","codigo_unidade_orcamentaria":"02010","numero_empenho":"0006430","classificacao":"126","data_empenho":"2022-10-20","codigo_credor":"09261355000109","nome_credor":"HILTON PINHEIRO DANTAS","valor_contratado":533.60,"valor_pago":533.60},{"codigo_unidade_gestora":"201157","codigo_unidade_orcamentaria":"02070","numero_empenho":"0006431","classificacao":"135","data_empenho":"2022-10-20","codigo_credor":"09095183000140","nome_credor":"ENERGISA","valor_contratado":101.92,"valor_pago":101.92},{"codigo_unidade_gestora":"201157","codigo_unidade_orcamentaria":"02010","numero_empenho":"0006432","classificacao":"126","data_empenho":"2022-10-20","codigo_credor":"09261355000109","nome_credor":"HILTON PINHEIRO DANTAS","valor_contratado":533.60,"valor_pago":533.60},{"codigo_unidade_gestora":"201157","codigo_unidade_orcamentaria":"02020","numero_empenho":"0006433","classificacao":"136","data_empenho":"2022-10-20","codigo_credor":"24627421000105","nome_credor":"MAXÍMA SERVIÇOS EM TECNOLOGIA DA IRNFORMAÇÃO LTDA","valor_contratado":723.45,"valor_pago":723.45}]}}