{"size":50,"page":9,"total":703,"count":50,"_embedded":{"empenhos":[{"codigo_unidade_gestora":"201157","codigo_unidade_orcamentaria":"02050","numero_empenho":"0001675","classificacao":"135","data_empenho":"2022-04-19","codigo_credor":"19699196000182","nome_credor":"THIAGO FELIX SOUTO - 110.345.324-64","valor_contratado":2340.00,"valor_pago":2340.00},{"codigo_unidade_gestora":"201157","codigo_unidade_orcamentaria":"02050","numero_empenho":"0001676","classificacao":"135","data_empenho":"2022-04-19","codigo_credor":"19573568000120","nome_credor":"FRANCISCO DE A.MONTEIRO-98177699415","valor_contratado":2300.00,"valor_pago":2300.00},{"codigo_unidade_gestora":"201157","codigo_unidade_orcamentaria":"02050","numero_empenho":"0001677","classificacao":"135","data_empenho":"2022-04-19","codigo_credor":"33332588000130","nome_credor":"VINICIUS DOS SANTOS PESSOA 13222955492","valor_contratado":3100.00,"valor_pago":3100.00},{"codigo_unidade_gestora":"201157","codigo_unidade_orcamentaria":"02050","numero_empenho":"0001678","classificacao":"135","data_empenho":"2022-04-19","codigo_credor":"19692464000134","nome_credor":"JOÃO FERREIRA DO NASCIMENTO-219110614-53","valor_contratado":3260.00,"valor_pago":3260.00},{"codigo_unidade_gestora":"201157","codigo_unidade_orcamentaria":"02050","numero_empenho":"0001679","classificacao":"135","data_empenho":"2022-04-19","codigo_credor":"33332588000130","nome_credor":"VINICIUS DOS SANTOS PESSOA 13222955492","valor_contratado":1999.80,"valor_pago":1999.80},{"codigo_unidade_gestora":"201157","codigo_unidade_orcamentaria":"02050","numero_empenho":"0001680","classificacao":"135","data_empenho":"2022-04-19","codigo_credor":"24316195000141","nome_credor":"JONHN RAILSON MORAIS BATISTA","valor_contratado":2200.00,"valor_pago":2200.00},{"codigo_unidade_gestora":"201157","codigo_unidade_orcamentaria":"02050","numero_empenho":"0001681","classificacao":"135","data_empenho":"2022-04-19","codigo_credor":"19692464000134","nome_credor":"JOÃO FERREIRA DO NASCIMENTO-219110614-53","valor_contratado":2200.00,"valor_pago":2200.00},{"codigo_unidade_gestora":"201157","codigo_unidade_orcamentaria":"02050","numero_empenho":"0001682","classificacao":"135","data_empenho":"2022-04-19","codigo_credor":"24316195000141","nome_credor":"JONHN RAILSON MORAIS BATISTA","valor_contratado":2200.00,"valor_pago":2200.00},{"codigo_unidade_gestora":"201157","codigo_unidade_orcamentaria":"02050","numero_empenho":"0001683","classificacao":"135","data_empenho":"2022-04-19","codigo_credor":"19332221000195","nome_credor":"JOÃO RODRIGUES DA COSTA 58636820430","valor_contratado":2270.00,"valor_pago":2270.00},{"codigo_unidade_gestora":"201157","codigo_unidade_orcamentaria":"02010","numero_empenho":"0001684","classificacao":"135","data_empenho":"2022-04-19","codigo_credor":"20691271000148","nome_credor":"HIAGO MATEUS SANTOS 01670810470","valor_contratado":800.00,"valor_pago":800.00},{"codigo_unidade_gestora":"201157","codigo_unidade_orcamentaria":"02050","numero_empenho":"0001685","classificacao":"135","data_empenho":"2022-04-19","codigo_credor":"36326180000143","nome_credor":"GEFERSON MORAIS BATISTA 06896637498","valor_contratado":2300.00,"valor_pago":2300.00},{"codigo_unidade_gestora":"201157","codigo_unidade_orcamentaria":"02050","numero_empenho":"0001686","classificacao":"126","data_empenho":"2022-04-19","codigo_credor":"40979684000130","nome_credor":"ANDRE FELIPE DE SOUZA SANTOS","valor_contratado":2300.00,"valor_pago":2300.00},{"codigo_unidade_gestora":"201157","codigo_unidade_orcamentaria":"02050","numero_empenho":"0001687","classificacao":"135","data_empenho":"2022-04-19","codigo_credor":"36326180000143","nome_credor":"GEFERSON MORAIS BATISTA 06896637498","valor_contratado":2300.00,"valor_pago":2300.00},{"codigo_unidade_gestora":"201157","codigo_unidade_orcamentaria":"02050","numero_empenho":"0001688","classificacao":"135","data_empenho":"2022-04-19","codigo_credor":"19332221000195","nome_credor":"JOÃO RODRIGUES DA COSTA 58636820430","valor_contratado":2680.00,"valor_pago":2680.00},{"codigo_unidade_gestora":"201157","codigo_unidade_orcamentaria":"02010","numero_empenho":"0001689","classificacao":"126","data_empenho":"2022-04-19","codigo_credor":"40979684000130","nome_credor":"ANDRE FELIPE DE SOUZA SANTOS","valor_contratado":500.00,"valor_pago":500.00},{"codigo_unidade_gestora":"201157","codigo_unidade_orcamentaria":"02050","numero_empenho":"0001690","classificacao":"135","data_empenho":"2022-04-19","codigo_credor":"40634472000110","nome_credor":"JOSE DOS SANTOS OLIVEIRA","valor_contratado":2580.00,"valor_pago":2580.00},{"codigo_unidade_gestora":"201157","codigo_unidade_orcamentaria":"02040","numero_empenho":"0001691","classificacao":"126","data_empenho":"2022-04-19","codigo_credor":"40979684000130","nome_credor":"ANDRE FELIPE DE SOUZA SANTOS","valor_contratado":575.00,"valor_pago":575.00},{"codigo_unidade_gestora":"201157","codigo_unidade_orcamentaria":"02040","numero_empenho":"0001692","classificacao":"126","data_empenho":"2022-04-19","codigo_credor":"40979684000130","nome_credor":"ANDRE FELIPE DE SOUZA SANTOS","valor_contratado":400.00,"valor_pago":400.00},{"codigo_unidade_gestora":"201157","codigo_unidade_orcamentaria":"02050","numero_empenho":"0001693","classificacao":"135","data_empenho":"2022-04-19","codigo_credor":"41366784000153","nome_credor":"MARIVALDO LOPES DA SILVA 01249202418","valor_contratado":1880.00,"valor_pago":1880.00},{"codigo_unidade_gestora":"201157","codigo_unidade_orcamentaria":"02050","numero_empenho":"0001694","classificacao":"135","data_empenho":"2022-04-19","codigo_credor":"09095183000140","nome_credor":"ENERGISA","valor_contratado":12171.29,"valor_pago":12171.29},{"codigo_unidade_gestora":"201157","codigo_unidade_orcamentaria":"02080","numero_empenho":"0001695","classificacao":"135","data_empenho":"2022-04-19","codigo_credor":"09095183000140","nome_credor":"ENERGISA","valor_contratado":12683.75,"valor_pago":12683.75},{"codigo_unidade_gestora":"201157","codigo_unidade_orcamentaria":"02040","numero_empenho":"0001696","classificacao":"135","data_empenho":"2022-04-19","codigo_credor":"09095183000140","nome_credor":"ENERGISA","valor_contratado":13469.16,"valor_pago":13469.16},{"codigo_unidade_gestora":"201157","codigo_unidade_orcamentaria":"02040","numero_empenho":"0001697","classificacao":"126","data_empenho":"2022-04-19","codigo_credor":"08096623000111","nome_credor":"MATHEUS ALMEIDA ROCHA","valor_contratado":2380.00,"valor_pago":2380.00},{"codigo_unidade_gestora":"201157","codigo_unidade_orcamentaria":"02020","numero_empenho":"0001698","classificacao":"135","data_empenho":"2022-04-19","codigo_credor":"00000000280704","nome_credor":"BANCO DO BRASIL S/A","valor_contratado":11.00,"valor_pago":11.00},{"codigo_unidade_gestora":"201157","codigo_unidade_orcamentaria":"02010","numero_empenho":"0001699","classificacao":"97","data_empenho":"2022-04-19","codigo_credor":"00636397000102","nome_credor":"FAMUP","valor_contratado":1300.00,"valor_pago":1300.00},{"codigo_unidade_gestora":"201157","codigo_unidade_orcamentaria":"02080","numero_empenho":"0001700","classificacao":"126","data_empenho":"2022-04-20","codigo_credor":"40351078000175","nome_credor":"LUMIART COMERCIO E SERVICOS LTDA","valor_contratado":0.00,"valor_pago":0.00},{"codigo_unidade_gestora":"201157","codigo_unidade_orcamentaria":"02090","numero_empenho":"0001701","classificacao":"135","data_empenho":"2022-04-20","codigo_credor":"09095183000140","nome_credor":"ENERGISA","valor_contratado":37.34,"valor_pago":37.34},{"codigo_unidade_gestora":"201157","codigo_unidade_orcamentaria":"02040","numero_empenho":"0001702","classificacao":"135","data_empenho":"2022-04-20","codigo_credor":"09095183000140","nome_credor":"ENERGISA","valor_contratado":59.73,"valor_pago":59.73},{"codigo_unidade_gestora":"201157","codigo_unidade_orcamentaria":"02080","numero_empenho":"0001703","classificacao":"126","data_empenho":"2022-04-20","codigo_credor":"02737810000150","nome_credor":"JOSE ARLINDO OLIVEIRA  SILVA","valor_contratado":1312.88,"valor_pago":1312.88},{"codigo_unidade_gestora":"201157","codigo_unidade_orcamentaria":"02070","numero_empenho":"0001704","classificacao":"135","data_empenho":"2022-04-20","codigo_credor":"09095183000140","nome_credor":"ENERGISA","valor_contratado":120.94,"valor_pago":120.94},{"codigo_unidade_gestora":"201157","codigo_unidade_orcamentaria":"02130","numero_empenho":"0001705","classificacao":"127","data_empenho":"2022-04-20","codigo_credor":"00009833760422","nome_credor":"DANIELLE DA SILVA FREIRE","valor_contratado":300.00,"valor_pago":300.00},{"codigo_unidade_gestora":"201157","codigo_unidade_orcamentaria":"02080","numero_empenho":"0001706","classificacao":"135","data_empenho":"2022-04-20","codigo_credor":"09095183000140","nome_credor":"ENERGISA","valor_contratado":57117.30,"valor_pago":57117.30},{"codigo_unidade_gestora":"201157","codigo_unidade_orcamentaria":"02070","numero_empenho":"0001707","classificacao":"135","data_empenho":"2022-04-20","codigo_credor":"45373292000146","nome_credor":"TATIANE BELIZIO DOS SANTOS 09832067405","valor_contratado":1100.00,"valor_pago":1100.00},{"codigo_unidade_gestora":"201157","codigo_unidade_orcamentaria":"02130","numero_empenho":"0001708","classificacao":"135","data_empenho":"2022-04-20","codigo_credor":"41769438000116","nome_credor":"JOAO VICTOR OLIVEIRA DOS SANTOS 71993888454","valor_contratado":1200.00,"valor_pago":1200.00},{"codigo_unidade_gestora":"201157","codigo_unidade_orcamentaria":"02130","numero_empenho":"0001709","classificacao":"135","data_empenho":"2022-04-20","codigo_credor":"43330097000103","nome_credor":"JOSE ROMULO GALDINO DA SILVA","valor_contratado":1200.00,"valor_pago":1200.00},{"codigo_unidade_gestora":"201157","codigo_unidade_orcamentaria":"02130","numero_empenho":"0001710","classificacao":"135","data_empenho":"2022-04-20","codigo_credor":"42488051000154","nome_credor":"MICHEL ANTHONY ALVES DE SOUZA","valor_contratado":600.00,"valor_pago":600.00},{"codigo_unidade_gestora":"201157","codigo_unidade_orcamentaria":"02050","numero_empenho":"0001711","classificacao":"149","data_empenho":"2022-04-20","codigo_credor":"26542655000185","nome_credor":"ITALO MELO CLEMENTINO EIRELI","valor_contratado":35548.67,"valor_pago":35548.67},{"codigo_unidade_gestora":"201157","codigo_unidade_orcamentaria":"02050","numero_empenho":"0001712","classificacao":"135","data_empenho":"2022-04-20","codigo_credor":"60746948000112","nome_credor":"BANCO BRADESCO S/A","valor_contratado":209.70,"valor_pago":209.70},{"codigo_unidade_gestora":"201157","codigo_unidade_orcamentaria":"02020","numero_empenho":"0001713","classificacao":"136","data_empenho":"2022-04-20","codigo_credor":"24627421000105","nome_credor":"MAXÍMA SERVIÇOS EM TECNOLOGIA DA IRNFORMAÇÃO LTDA","valor_contratado":723.45,"valor_pago":723.45},{"codigo_unidade_gestora":"201157","codigo_unidade_orcamentaria":"02020","numero_empenho":"0001714","classificacao":"135","data_empenho":"2022-04-20","codigo_credor":"00000000280704","nome_credor":"BANCO DO BRASIL S/A","valor_contratado":33.00,"valor_pago":33.00},{"codigo_unidade_gestora":"201157","codigo_unidade_orcamentaria":"02050","numero_empenho":"0001715","classificacao":"135","data_empenho":"2022-04-22","codigo_credor":"17558716000101","nome_credor":"CAMPINA-COMERCIO VAREJISTA DE PEÇAS E TACOGRAFOS LTDA","valor_contratado":420.00,"valor_pago":420.00},{"codigo_unidade_gestora":"201157","codigo_unidade_orcamentaria":"02010","numero_empenho":"0001716","classificacao":"135","data_empenho":"2022-04-22","codigo_credor":"09095183000140","nome_credor":"ENERGISA","valor_contratado":30.10,"valor_pago":30.10},{"codigo_unidade_gestora":"201157","codigo_unidade_orcamentaria":"02050","numero_empenho":"0001717","classificacao":"135","data_empenho":"2022-04-22","codigo_credor":"27123627000196","nome_credor":"MARILIA DA SILVA CAVALCANTE - 08142292475","valor_contratado":3200.00,"valor_pago":3200.00},{"codigo_unidade_gestora":"201157","codigo_unidade_orcamentaria":"02110","numero_empenho":"0001718","classificacao":"135","data_empenho":"2022-04-22","codigo_credor":"40432544000147","nome_credor":"CLARO S/A","valor_contratado":13.29,"valor_pago":13.29},{"codigo_unidade_gestora":"201157","codigo_unidade_orcamentaria":"02050","numero_empenho":"0001719","classificacao":"126","data_empenho":"2022-04-22","codigo_credor":"29857100000110","nome_credor":"FAGNER HENRIQUE DA SILVA","valor_contratado":318.40,"valor_pago":318.40},{"codigo_unidade_gestora":"201157","codigo_unidade_orcamentaria":"02040","numero_empenho":"0001720","classificacao":"126","data_empenho":"2022-04-22","codigo_credor":"29857100000110","nome_credor":"FAGNER HENRIQUE DA SILVA","valor_contratado":80.97,"valor_pago":80.97},{"codigo_unidade_gestora":"201157","codigo_unidade_orcamentaria":"02140","numero_empenho":"0001721","classificacao":"126","data_empenho":"2022-04-22","codigo_credor":"29857100000110","nome_credor":"FAGNER HENRIQUE DA SILVA","valor_contratado":32.85,"valor_pago":32.85},{"codigo_unidade_gestora":"201157","codigo_unidade_orcamentaria":"02130","numero_empenho":"0001722","classificacao":"126","data_empenho":"2022-04-22","codigo_credor":"29857100000110","nome_credor":"FAGNER HENRIQUE DA SILVA","valor_contratado":66.16,"valor_pago":66.16},{"codigo_unidade_gestora":"201157","codigo_unidade_orcamentaria":"02040","numero_empenho":"0001723","classificacao":"126","data_empenho":"2022-04-22","codigo_credor":"29857100000110","nome_credor":"FAGNER HENRIQUE DA SILVA","valor_contratado":40.67,"valor_pago":40.67},{"codigo_unidade_gestora":"201157","codigo_unidade_orcamentaria":"02040","numero_empenho":"0001724","classificacao":"126","data_empenho":"2022-04-22","codigo_credor":"29857100000110","nome_credor":"FAGNER HENRIQUE DA SILVA","valor_contratado":237.84,"valor_pago":237.84}]}}