{"size":50,"page":14,"total":1183,"count":50,"_embedded":{"empenhos":[{"codigo_unidade_gestora":"201157","codigo_unidade_orcamentaria":"02110","numero_empenho":"0008107","classificacao":"126","data_empenho":"2022-12-19","codigo_credor":"20245870000138","nome_credor":"VERIDIANA DA CUNHA QUERINO 01971365408","valor_contratado":888.50,"valor_pago":0.00},{"codigo_unidade_gestora":"201157","codigo_unidade_orcamentaria":"02040","numero_empenho":"0008108","classificacao":"126","data_empenho":"2022-12-19","codigo_credor":"20245870000138","nome_credor":"VERIDIANA DA CUNHA QUERINO 01971365408","valor_contratado":2175.00,"valor_pago":0.00},{"codigo_unidade_gestora":"201157","codigo_unidade_orcamentaria":"02070","numero_empenho":"0008109","classificacao":"132","data_empenho":"2022-12-19","codigo_credor":"00005829267420","nome_credor":"CICERO BATISTA RIBEIRO","valor_contratado":700.00,"valor_pago":0.00},{"codigo_unidade_gestora":"201157","codigo_unidade_orcamentaria":"02110","numero_empenho":"0008110","classificacao":"126","data_empenho":"2022-12-19","codigo_credor":"42878093000100","nome_credor":"JCASIF COMERCIO VAREJISTA DE CEREAIS LTDA","valor_contratado":22056.73,"valor_pago":0.00},{"codigo_unidade_gestora":"201157","codigo_unidade_orcamentaria":"02110","numero_empenho":"0008111","classificacao":"132","data_empenho":"2022-12-19","codigo_credor":"00016644118879","nome_credor":"JOSÉ TORRES BRASIL","valor_contratado":1500.00,"valor_pago":1500.00},{"codigo_unidade_gestora":"201157","codigo_unidade_orcamentaria":"02060","numero_empenho":"0008112","classificacao":"132","data_empenho":"2022-12-19","codigo_credor":"00016024036434","nome_credor":"JOSE PEREIRA GONÇALVES","valor_contratado":1000.00,"valor_pago":1000.00},{"codigo_unidade_gestora":"201157","codigo_unidade_orcamentaria":"02070","numero_empenho":"0008113","classificacao":"126","data_empenho":"2022-12-19","codigo_credor":"20245870000138","nome_credor":"VERIDIANA DA CUNHA QUERINO 01971365408","valor_contratado":800.00,"valor_pago":800.00},{"codigo_unidade_gestora":"201157","codigo_unidade_orcamentaria":"02040","numero_empenho":"0008114","classificacao":"126","data_empenho":"2022-12-19","codigo_credor":"32481097000198","nome_credor":"NIVAN BEZERRA DA COSTA NETO","valor_contratado":8842.00,"valor_pago":0.00},{"codigo_unidade_gestora":"201157","codigo_unidade_orcamentaria":"02040","numero_empenho":"0008115","classificacao":"135","data_empenho":"2022-12-19","codigo_credor":"17572003000100","nome_credor":"PHELIPE E VASCONCELOS INFORMATICA LTDA-ME","valor_contratado":758.33,"valor_pago":758.33},{"codigo_unidade_gestora":"201157","codigo_unidade_orcamentaria":"02040","numero_empenho":"0008116","classificacao":"126","data_empenho":"2022-12-19","codigo_credor":"22526394000159","nome_credor":"MARCELA ELIZABETE DE MIRANDA BATISTA SANTOS SOUTO EIRELI - ME","valor_contratado":2299.92,"valor_pago":0.00},{"codigo_unidade_gestora":"201157","codigo_unidade_orcamentaria":"02040","numero_empenho":"0008117","classificacao":"135","data_empenho":"2022-12-19","codigo_credor":"17572003000100","nome_credor":"PHELIPE E VASCONCELOS INFORMATICA LTDA-ME","valor_contratado":520.00,"valor_pago":520.00},{"codigo_unidade_gestora":"201157","codigo_unidade_orcamentaria":"02040","numero_empenho":"0008118","classificacao":"126","data_empenho":"2022-12-19","codigo_credor":"22526394000159","nome_credor":"MARCELA ELIZABETE DE MIRANDA BATISTA SANTOS SOUTO EIRELI - ME","valor_contratado":3484.70,"valor_pago":0.00},{"codigo_unidade_gestora":"201157","codigo_unidade_orcamentaria":"02140","numero_empenho":"0008119","classificacao":"131","data_empenho":"2022-12-19","codigo_credor":"45419753000174","nome_credor":"VIVIANN FRANCISCA SALES FERNANDES 01175933465","valor_contratado":1400.00,"valor_pago":1400.00},{"codigo_unidade_gestora":"201157","codigo_unidade_orcamentaria":"02010","numero_empenho":"0008120","classificacao":"135","data_empenho":"2022-12-19","codigo_credor":"41207796000135","nome_credor":"ASSOC. ASSIST. E COMUNICAÇÃO DE ESPERANÇ","valor_contratado":500.00,"valor_pago":500.00},{"codigo_unidade_gestora":"201157","codigo_unidade_orcamentaria":"02010","numero_empenho":"0008121","classificacao":"135","data_empenho":"2022-12-19","codigo_credor":"30970095000137","nome_credor":"JOZIVAL ALVES DA SILVA 45242135468","valor_contratado":1100.00,"valor_pago":1100.00},{"codigo_unidade_gestora":"201157","codigo_unidade_orcamentaria":"02010","numero_empenho":"0008122","classificacao":"135","data_empenho":"2022-12-19","codigo_credor":"20691271000148","nome_credor":"HIAGO MATEUS SANTOS 01670810470","valor_contratado":800.00,"valor_pago":800.00},{"codigo_unidade_gestora":"201157","codigo_unidade_orcamentaria":"02010","numero_empenho":"0008123","classificacao":"135","data_empenho":"2022-12-19","codigo_credor":"19466870000189","nome_credor":"MARIVALDO RODRIGUES DA SILVA-ME","valor_contratado":3450.00,"valor_pago":3450.00},{"codigo_unidade_gestora":"201157","codigo_unidade_orcamentaria":"02010","numero_empenho":"0008124","classificacao":"135","data_empenho":"2022-12-19","codigo_credor":"23700991000110","nome_credor":"JOSE PAULO DE OLIVEIRA 08965662427","valor_contratado":1000.00,"valor_pago":1000.00},{"codigo_unidade_gestora":"201157","codigo_unidade_orcamentaria":"02050","numero_empenho":"0008125","classificacao":"135","data_empenho":"2022-12-19","codigo_credor":"19432537000159","nome_credor":"PAULO PONCIANO DE SOUZA - 978359944-53","valor_contratado":2583.05,"valor_pago":2583.05},{"codigo_unidade_gestora":"201157","codigo_unidade_orcamentaria":"02070","numero_empenho":"0008126","classificacao":"126","data_empenho":"2022-12-19","codigo_credor":"31424800000163","nome_credor":"ADRIANO GONCALVES RODRIGUES DO NASCIMENTO","valor_contratado":315.00,"valor_pago":315.00},{"codigo_unidade_gestora":"201157","codigo_unidade_orcamentaria":"02040","numero_empenho":"0008127","classificacao":"126","data_empenho":"2022-12-19","codigo_credor":"31424800000163","nome_credor":"ADRIANO GONCALVES RODRIGUES DO NASCIMENTO","valor_contratado":630.00,"valor_pago":630.00},{"codigo_unidade_gestora":"201157","codigo_unidade_orcamentaria":"02050","numero_empenho":"0008128","classificacao":"126","data_empenho":"2022-12-19","codigo_credor":"17599154000144","nome_credor":"JOSE DA S FERREIRA","valor_contratado":1080.84,"valor_pago":0.00},{"codigo_unidade_gestora":"201157","codigo_unidade_orcamentaria":"02050","numero_empenho":"0008129","classificacao":"126","data_empenho":"2022-12-19","codigo_credor":"31424800000163","nome_credor":"ADRIANO GONCALVES RODRIGUES DO NASCIMENTO","valor_contratado":2310.00,"valor_pago":2310.00},{"codigo_unidade_gestora":"201157","codigo_unidade_orcamentaria":"02020","numero_empenho":"0008130","classificacao":"126","data_empenho":"2022-12-20","codigo_credor":"01686814000194","nome_credor":"ALEXSANDRA DINIZ FERNANDES","valor_contratado":0.00,"valor_pago":0.00},{"codigo_unidade_gestora":"201157","codigo_unidade_orcamentaria":"02110","numero_empenho":"0008131","classificacao":"135","data_empenho":"2022-12-20","codigo_credor":"26572822000130","nome_credor":"ALINE AGUIAR ROCHA - ME","valor_contratado":8943.00,"valor_pago":8943.00},{"codigo_unidade_gestora":"201157","codigo_unidade_orcamentaria":"02110","numero_empenho":"0008132","classificacao":"135","data_empenho":"2022-12-20","codigo_credor":"02108023000301","nome_credor":"CESED-CENTRO DE ENSINO SUPERIOR E DESENVOLVIMENTO LTDA","valor_contratado":4279.00,"valor_pago":4279.00},{"codigo_unidade_gestora":"201157","codigo_unidade_orcamentaria":"02110","numero_empenho":"0008133","classificacao":"135","data_empenho":"2022-12-20","codigo_credor":"02108023000301","nome_credor":"CESED-CENTRO DE ENSINO SUPERIOR E DESENVOLVIMENTO LTDA","valor_contratado":3228.00,"valor_pago":3228.00},{"codigo_unidade_gestora":"201157","codigo_unidade_orcamentaria":"02110","numero_empenho":"0008134","classificacao":"135","data_empenho":"2022-12-20","codigo_credor":"02108023000301","nome_credor":"CESED-CENTRO DE ENSINO SUPERIOR E DESENVOLVIMENTO LTDA","valor_contratado":3835.00,"valor_pago":3835.00},{"codigo_unidade_gestora":"201157","codigo_unidade_orcamentaria":"02110","numero_empenho":"0008135","classificacao":"135","data_empenho":"2022-12-20","codigo_credor":"26572822000130","nome_credor":"ALINE AGUIAR ROCHA - ME","valor_contratado":9349.50,"valor_pago":0.00},{"codigo_unidade_gestora":"201157","codigo_unidade_orcamentaria":"02140","numero_empenho":"0008136","classificacao":"126","data_empenho":"2022-12-20","codigo_credor":"01686814000194","nome_credor":"ALEXSANDRA DINIZ FERNANDES","valor_contratado":6050.60,"valor_pago":0.00},{"codigo_unidade_gestora":"201157","codigo_unidade_orcamentaria":"02110","numero_empenho":"0008137","classificacao":"126","data_empenho":"2022-12-20","codigo_credor":"17227485000153","nome_credor":"LG PRODUTOS HOSPITALARES LTDA","valor_contratado":16790.30,"valor_pago":16790.30},{"codigo_unidade_gestora":"201157","codigo_unidade_orcamentaria":"02020","numero_empenho":"0008138","classificacao":"136","data_empenho":"2022-12-20","codigo_credor":"07553129000176","nome_credor":"PUBLIC SOFTWARE INFORMATICA LTDA-ME","valor_contratado":5790.50,"valor_pago":5790.50},{"codigo_unidade_gestora":"201157","codigo_unidade_orcamentaria":"02010","numero_empenho":"0008139","classificacao":"132","data_empenho":"2022-12-20","codigo_credor":"00096412763449","nome_credor":"VENANCIO TOMAZ DO NASCIMENTO","valor_contratado":500.00,"valor_pago":500.00},{"codigo_unidade_gestora":"201157","codigo_unidade_orcamentaria":"02010","numero_empenho":"0008140","classificacao":"132","data_empenho":"2022-12-20","codigo_credor":"00096412763449","nome_credor":"VENANCIO TOMAZ DO NASCIMENTO","valor_contratado":500.00,"valor_pago":500.00},{"codigo_unidade_gestora":"201157","codigo_unidade_orcamentaria":"02050","numero_empenho":"0008141","classificacao":"135","data_empenho":"2022-12-20","codigo_credor":"33609700000137","nome_credor":"WANDEYFLAVIO BERTULINO AGRA 04819156489","valor_contratado":8360.00,"valor_pago":8360.00},{"codigo_unidade_gestora":"201157","codigo_unidade_orcamentaria":"02130","numero_empenho":"0008142","classificacao":"135","data_empenho":"2022-12-20","codigo_credor":"42488051000154","nome_credor":"MICHEL ANTHONY ALVES DE SOUZA","valor_contratado":1200.00,"valor_pago":1200.00},{"codigo_unidade_gestora":"201157","codigo_unidade_orcamentaria":"02130","numero_empenho":"0008143","classificacao":"135","data_empenho":"2022-12-20","codigo_credor":"46491621000116","nome_credor":"ERISMALDO FERREIRA DA SILVA 33807487816","valor_contratado":700.00,"valor_pago":700.00},{"codigo_unidade_gestora":"201157","codigo_unidade_orcamentaria":"02050","numero_empenho":"0008144","classificacao":"135","data_empenho":"2022-12-20","codigo_credor":"33609700000137","nome_credor":"WANDEYFLAVIO BERTULINO AGRA 04819156489","valor_contratado":20634.46,"valor_pago":20634.46},{"codigo_unidade_gestora":"201157","codigo_unidade_orcamentaria":"02130","numero_empenho":"0008145","classificacao":"135","data_empenho":"2022-12-20","codigo_credor":"43330097000103","nome_credor":"JOSE ROMULO GALDINO DA SILVA","valor_contratado":1300.00,"valor_pago":1300.00},{"codigo_unidade_gestora":"201157","codigo_unidade_orcamentaria":"02110","numero_empenho":"0008146","classificacao":"126","data_empenho":"2022-12-20","codigo_credor":"11054242000184","nome_credor":"DENTAL COSTA PRODUTOS ODONTOLOGICOS LTDA","valor_contratado":9852.55,"valor_pago":9852.55},{"codigo_unidade_gestora":"201157","codigo_unidade_orcamentaria":"02130","numero_empenho":"0008147","classificacao":"135","data_empenho":"2022-12-20","codigo_credor":"41769438000116","nome_credor":"JOAO VICTOR OLIVEIRA DOS SANTOS 71993888454","valor_contratado":1300.00,"valor_pago":1300.00},{"codigo_unidade_gestora":"201157","codigo_unidade_orcamentaria":"02110","numero_empenho":"0008148","classificacao":"126","data_empenho":"2022-12-20","codigo_credor":"17227485000153","nome_credor":"LG PRODUTOS HOSPITALARES LTDA","valor_contratado":10008.06,"valor_pago":0.00},{"codigo_unidade_gestora":"201157","codigo_unidade_orcamentaria":"02110","numero_empenho":"0008149","classificacao":"135","data_empenho":"2022-12-20","codigo_credor":"36415682000140","nome_credor":"CELIA REGINA IZIDIO DE ANDRADE 97980536487","valor_contratado":1100.00,"valor_pago":1100.00},{"codigo_unidade_gestora":"201157","codigo_unidade_orcamentaria":"02110","numero_empenho":"0008150","classificacao":"126","data_empenho":"2022-12-20","codigo_credor":"17227485000153","nome_credor":"LG PRODUTOS HOSPITALARES LTDA","valor_contratado":29961.48,"valor_pago":0.00},{"codigo_unidade_gestora":"201157","codigo_unidade_orcamentaria":"02010","numero_empenho":"0008151","classificacao":"126","data_empenho":"2022-12-20","codigo_credor":"22526394000159","nome_credor":"MARCELA ELIZABETE DE MIRANDA BATISTA SANTOS SOUTO EIRELI - ME","valor_contratado":1434.40,"valor_pago":0.00},{"codigo_unidade_gestora":"201157","codigo_unidade_orcamentaria":"02070","numero_empenho":"0008152","classificacao":"126","data_empenho":"2022-12-20","codigo_credor":"22526394000159","nome_credor":"MARCELA ELIZABETE DE MIRANDA BATISTA SANTOS SOUTO EIRELI - ME","valor_contratado":464.90,"valor_pago":0.00},{"codigo_unidade_gestora":"201157","codigo_unidade_orcamentaria":"02050","numero_empenho":"0008153","classificacao":"126","data_empenho":"2022-12-20","codigo_credor":"01686814000194","nome_credor":"ALEXSANDRA DINIZ FERNANDES","valor_contratado":8783.65,"valor_pago":0.00},{"codigo_unidade_gestora":"201157","codigo_unidade_orcamentaria":"02050","numero_empenho":"0008154","classificacao":"126","data_empenho":"2022-12-20","codigo_credor":"01686814000194","nome_credor":"ALEXSANDRA DINIZ FERNANDES","valor_contratado":20554.15,"valor_pago":0.00},{"codigo_unidade_gestora":"201157","codigo_unidade_orcamentaria":"02020","numero_empenho":"0008155","classificacao":"143","data_empenho":"2022-12-20","codigo_credor":"00000000280704","nome_credor":"BANCO DO BRASIL S/A","valor_contratado":7922.24,"valor_pago":7922.24},{"codigo_unidade_gestora":"201157","codigo_unidade_orcamentaria":"02090","numero_empenho":"0008156","classificacao":"126","data_empenho":"2022-12-20","codigo_credor":"28695805000116","nome_credor":"GB COMERCIO E SERVICOS LTDA - EPP","valor_contratado":17199.96,"valor_pago":0.00}]}}