{"size":50,"page":2,"total":703,"count":50,"_embedded":{"empenhos":[{"codigo_unidade_gestora":"201157","codigo_unidade_orcamentaria":"02140","numero_empenho":"0001324","classificacao":"144","data_empenho":"2022-04-05","codigo_credor":"00016242127865","nome_credor":"CICERO DOS SANTOS","valor_contratado":3500.00,"valor_pago":3500.00},{"codigo_unidade_gestora":"201157","codigo_unidade_orcamentaria":"02020","numero_empenho":"0001325","classificacao":"172","data_empenho":"2022-04-05","codigo_credor":"70097811000138","nome_credor":"IPSER/FOLHA DE PAGAMENTO/SAL.FAMILIA","valor_contratado":2624.07,"valor_pago":2624.07},{"codigo_unidade_gestora":"201157","codigo_unidade_orcamentaria":"02020","numero_empenho":"0001326","classificacao":"172","data_empenho":"2022-04-05","codigo_credor":"70097811000138","nome_credor":"IPSER/FOLHA DE PAGAMENTO/SAL.FAMILIA","valor_contratado":883.40,"valor_pago":883.40},{"codigo_unidade_gestora":"201157","codigo_unidade_orcamentaria":"02020","numero_empenho":"0001327","classificacao":"172","data_empenho":"2022-04-05","codigo_credor":"70097811000138","nome_credor":"IPSER/FOLHA DE PAGAMENTO/SAL.FAMILIA","valor_contratado":22089.63,"valor_pago":22089.63},{"codigo_unidade_gestora":"201157","codigo_unidade_orcamentaria":"02020","numero_empenho":"0001328","classificacao":"172","data_empenho":"2022-04-05","codigo_credor":"70097811000138","nome_credor":"IPSER/FOLHA DE PAGAMENTO/SAL.FAMILIA","valor_contratado":119.24,"valor_pago":119.24},{"codigo_unidade_gestora":"201157","codigo_unidade_orcamentaria":"02020","numero_empenho":"0001329","classificacao":"172","data_empenho":"2022-04-05","codigo_credor":"70097811000138","nome_credor":"IPSER/FOLHA DE PAGAMENTO/SAL.FAMILIA","valor_contratado":1221.25,"valor_pago":1221.25},{"codigo_unidade_gestora":"201157","codigo_unidade_orcamentaria":"02020","numero_empenho":"0001330","classificacao":"172","data_empenho":"2022-04-05","codigo_credor":"70097811000138","nome_credor":"IPSER/FOLHA DE PAGAMENTO/SAL.FAMILIA","valor_contratado":14064.29,"valor_pago":14064.29},{"codigo_unidade_gestora":"201157","codigo_unidade_orcamentaria":"02020","numero_empenho":"0001331","classificacao":"172","data_empenho":"2022-04-05","codigo_credor":"70097811000138","nome_credor":"IPSER/FOLHA DE PAGAMENTO/SAL.FAMILIA","valor_contratado":7579.27,"valor_pago":7579.27},{"codigo_unidade_gestora":"201157","codigo_unidade_orcamentaria":"02130","numero_empenho":"0001332","classificacao":"126","data_empenho":"2022-04-05","codigo_credor":"36195152000134","nome_credor":"ELISANGELA DE OLIVEIRA 03286172456","valor_contratado":4077.80,"valor_pago":0.00},{"codigo_unidade_gestora":"201157","codigo_unidade_orcamentaria":"02130","numero_empenho":"0001333","classificacao":"135","data_empenho":"2022-04-05","codigo_credor":"36195152000134","nome_credor":"ELISANGELA DE OLIVEIRA 03286172456","valor_contratado":13150.00,"valor_pago":0.00},{"codigo_unidade_gestora":"201157","codigo_unidade_orcamentaria":"02020","numero_empenho":"0001334","classificacao":"135","data_empenho":"2022-04-05","codigo_credor":"00000000280704","nome_credor":"BANCO DO BRASIL S/A","valor_contratado":165.00,"valor_pago":165.00},{"codigo_unidade_gestora":"201157","codigo_unidade_orcamentaria":"02040","numero_empenho":"0001335","classificacao":"135","data_empenho":"2022-04-05","codigo_credor":"00000000280704","nome_credor":"BANCO DO BRASIL S/A","valor_contratado":11.00,"valor_pago":11.00},{"codigo_unidade_gestora":"201157","codigo_unidade_orcamentaria":"02020","numero_empenho":"0001336","classificacao":"135","data_empenho":"2022-04-05","codigo_credor":"00360305000104","nome_credor":"CAIXA ECONOMICA FEDERAL","valor_contratado":1.87,"valor_pago":1.87},{"codigo_unidade_gestora":"201157","codigo_unidade_orcamentaria":"02030","numero_empenho":"0001337","classificacao":"185","data_empenho":"2022-04-05","codigo_credor":"09283185000163","nome_credor":"JOAO PESSOA TRIBUNAL DE JUSTIÇA DO ESTADO DA PARAIBA","valor_contratado":1250.20,"valor_pago":1250.20},{"codigo_unidade_gestora":"201157","codigo_unidade_orcamentaria":"02030","numero_empenho":"0001338","classificacao":"185","data_empenho":"2022-04-05","codigo_credor":"09283185000163","nome_credor":"JOAO PESSOA TRIBUNAL DE JUSTIÇA DO ESTADO DA PARAIBA","valor_contratado":3205.99,"valor_pago":3205.99},{"codigo_unidade_gestora":"201157","codigo_unidade_orcamentaria":"02030","numero_empenho":"0001339","classificacao":"185","data_empenho":"2022-04-05","codigo_credor":"09283185000163","nome_credor":"JOAO PESSOA TRIBUNAL DE JUSTIÇA DO ESTADO DA PARAIBA","valor_contratado":1457.98,"valor_pago":1457.98},{"codigo_unidade_gestora":"201157","codigo_unidade_orcamentaria":"02030","numero_empenho":"0001340","classificacao":"185","data_empenho":"2022-04-05","codigo_credor":"09283185000163","nome_credor":"JOAO PESSOA TRIBUNAL DE JUSTIÇA DO ESTADO DA PARAIBA","valor_contratado":5060.54,"valor_pago":5060.54},{"codigo_unidade_gestora":"201157","codigo_unidade_orcamentaria":"02030","numero_empenho":"0001341","classificacao":"185","data_empenho":"2022-04-05","codigo_credor":"09283185000163","nome_credor":"JOAO PESSOA TRIBUNAL DE JUSTIÇA DO ESTADO DA PARAIBA","valor_contratado":1644.92,"valor_pago":1644.92},{"codigo_unidade_gestora":"201157","codigo_unidade_orcamentaria":"02030","numero_empenho":"0001342","classificacao":"185","data_empenho":"2022-04-05","codigo_credor":"09283185000163","nome_credor":"JOAO PESSOA TRIBUNAL DE JUSTIÇA DO ESTADO DA PARAIBA","valor_contratado":1674.13,"valor_pago":1674.13},{"codigo_unidade_gestora":"201157","codigo_unidade_orcamentaria":"02030","numero_empenho":"0001343","classificacao":"185","data_empenho":"2022-04-05","codigo_credor":"09283185000163","nome_credor":"JOAO PESSOA TRIBUNAL DE JUSTIÇA DO ESTADO DA PARAIBA","valor_contratado":578.90,"valor_pago":578.90},{"codigo_unidade_gestora":"201157","codigo_unidade_orcamentaria":"02030","numero_empenho":"0001344","classificacao":"185","data_empenho":"2022-04-05","codigo_credor":"09283185000163","nome_credor":"JOAO PESSOA TRIBUNAL DE JUSTIÇA DO ESTADO DA PARAIBA","valor_contratado":1056.89,"valor_pago":1056.89},{"codigo_unidade_gestora":"201157","codigo_unidade_orcamentaria":"02030","numero_empenho":"0001345","classificacao":"185","data_empenho":"2022-04-05","codigo_credor":"09283185000163","nome_credor":"JOAO PESSOA TRIBUNAL DE JUSTIÇA DO ESTADO DA PARAIBA","valor_contratado":4202.86,"valor_pago":4202.86},{"codigo_unidade_gestora":"201157","codigo_unidade_orcamentaria":"02030","numero_empenho":"0001346","classificacao":"185","data_empenho":"2022-04-05","codigo_credor":"09283185000163","nome_credor":"JOAO PESSOA TRIBUNAL DE JUSTIÇA DO ESTADO DA PARAIBA","valor_contratado":639.78,"valor_pago":639.78},{"codigo_unidade_gestora":"201157","codigo_unidade_orcamentaria":"02070","numero_empenho":"0001347","classificacao":"135","data_empenho":"2022-04-06","codigo_credor":"41201592000197","nome_credor":"ARNOBIO TEIXEIRA DE BRITO LYRA JUNIOR 04183890470","valor_contratado":8492.68,"valor_pago":8492.68},{"codigo_unidade_gestora":"201157","codigo_unidade_orcamentaria":"02110","numero_empenho":"0001348","classificacao":"135","data_empenho":"2022-04-06","codigo_credor":"41201592000197","nome_credor":"ARNOBIO TEIXEIRA DE BRITO LYRA JUNIOR 04183890470","valor_contratado":2166.39,"valor_pago":2166.39},{"codigo_unidade_gestora":"201157","codigo_unidade_orcamentaria":"02010","numero_empenho":"0001349","classificacao":"135","data_empenho":"2022-04-06","codigo_credor":"04196645000100","nome_credor":"PR/CC/IMPRENSA NACIONAL","valor_contratado":4658.64,"valor_pago":4658.64},{"codigo_unidade_gestora":"201157","codigo_unidade_orcamentaria":"02040","numero_empenho":"0001350","classificacao":"135","data_empenho":"2022-04-06","codigo_credor":"41201592000197","nome_credor":"ARNOBIO TEIXEIRA DE BRITO LYRA JUNIOR 04183890470","valor_contratado":21906.93,"valor_pago":21906.93},{"codigo_unidade_gestora":"201157","codigo_unidade_orcamentaria":"02080","numero_empenho":"0001351","classificacao":"135","data_empenho":"2022-04-06","codigo_credor":"32621662000175","nome_credor":"BELARMINO ROQUE DA SILVA NETO 01683378431","valor_contratado":1280.00,"valor_pago":1280.00},{"codigo_unidade_gestora":"201157","codigo_unidade_orcamentaria":"02010","numero_empenho":"0001352","classificacao":"135","data_empenho":"2022-04-06","codigo_credor":"18198678000196","nome_credor":"ERINALDO PEREIRA DE MELO - ME","valor_contratado":500.00,"valor_pago":500.00},{"codigo_unidade_gestora":"201157","codigo_unidade_orcamentaria":"02090","numero_empenho":"0001353","classificacao":"132","data_empenho":"2022-04-06","codigo_credor":"00008356249430","nome_credor":"JAIR ALVES F.RODRIGUES","valor_contratado":1200.00,"valor_pago":1200.00},{"codigo_unidade_gestora":"201157","codigo_unidade_orcamentaria":"02040","numero_empenho":"0001354","classificacao":"135","data_empenho":"2022-04-06","codigo_credor":"36394457000175","nome_credor":"JOAO VICTOR DE OLIVEIRA GONCALVES 09843480422","valor_contratado":1180.00,"valor_pago":1180.00},{"codigo_unidade_gestora":"201157","codigo_unidade_orcamentaria":"02110","numero_empenho":"0001355","classificacao":"135","data_empenho":"2022-04-06","codigo_credor":"42744709000141","nome_credor":"MARIA COSMA FREIRE DOS SANTOS 06262745408","valor_contratado":660.00,"valor_pago":660.00},{"codigo_unidade_gestora":"201157","codigo_unidade_orcamentaria":"02040","numero_empenho":"0001356","classificacao":"135","data_empenho":"2022-04-06","codigo_credor":"19778033000195","nome_credor":"CARLOS ANTONIO PEREIRA 48394882404","valor_contratado":1180.00,"valor_pago":1180.00},{"codigo_unidade_gestora":"201157","codigo_unidade_orcamentaria":"02110","numero_empenho":"0001357","classificacao":"135","data_empenho":"2022-04-06","codigo_credor":"36328179000158","nome_credor":"ELIANE GONCALVES GOMES 25647928803","valor_contratado":660.00,"valor_pago":660.00},{"codigo_unidade_gestora":"201157","codigo_unidade_orcamentaria":"02110","numero_empenho":"0001358","classificacao":"135","data_empenho":"2022-04-06","codigo_credor":"36330418000104","nome_credor":"ANDREIA TRAJANO DOS SANTOS 06604177408","valor_contratado":1000.00,"valor_pago":1000.00},{"codigo_unidade_gestora":"201157","codigo_unidade_orcamentaria":"02110","numero_empenho":"0001359","classificacao":"135","data_empenho":"2022-04-06","codigo_credor":"36415682000140","nome_credor":"CELIA REGINA IZIDIO DE ANDRADE 97980536487","valor_contratado":610.00,"valor_pago":610.00},{"codigo_unidade_gestora":"201157","codigo_unidade_orcamentaria":"02040","numero_empenho":"0001360","classificacao":"135","data_empenho":"2022-04-06","codigo_credor":"38058364000103","nome_credor":"JOSE ALEXANDRE SANTOS CARDOSO 02726187480","valor_contratado":1780.00,"valor_pago":1780.00},{"codigo_unidade_gestora":"201157","codigo_unidade_orcamentaria":"02040","numero_empenho":"0001361","classificacao":"135","data_empenho":"2022-04-06","codigo_credor":"41757219000117","nome_credor":"INACIO BALBINO DA SILVA 58634711404","valor_contratado":1180.00,"valor_pago":1180.00},{"codigo_unidade_gestora":"201157","codigo_unidade_orcamentaria":"02110","numero_empenho":"0001362","classificacao":"135","data_empenho":"2022-04-06","codigo_credor":"36416137000179","nome_credor":"MARINEZ FAUSTINO 04725426482","valor_contratado":610.00,"valor_pago":610.00},{"codigo_unidade_gestora":"201157","codigo_unidade_orcamentaria":"02110","numero_empenho":"0001363","classificacao":"135","data_empenho":"2022-04-06","codigo_credor":"41989653000122","nome_credor":"MARIA DAS VITORIAS DOS SANTOS 08868876744","valor_contratado":1000.00,"valor_pago":1000.00},{"codigo_unidade_gestora":"201157","codigo_unidade_orcamentaria":"02110","numero_empenho":"0001364","classificacao":"135","data_empenho":"2022-04-06","codigo_credor":"36277230000140","nome_credor":"JOSILEIDE SOUZA VIANA FERNANDES 06058281482","valor_contratado":1000.00,"valor_pago":1000.00},{"codigo_unidade_gestora":"201157","codigo_unidade_orcamentaria":"02110","numero_empenho":"0001365","classificacao":"135","data_empenho":"2022-04-06","codigo_credor":"36766570000134","nome_credor":"SIMONE FAUSTINO DOS SANTOS 05961077497","valor_contratado":1500.00,"valor_pago":1500.00},{"codigo_unidade_gestora":"201157","codigo_unidade_orcamentaria":"02110","numero_empenho":"0001366","classificacao":"135","data_empenho":"2022-04-06","codigo_credor":"36319807000139","nome_credor":"ANA EMILIA DANIEL DA SILVA 09461623445","valor_contratado":1000.00,"valor_pago":1000.00},{"codigo_unidade_gestora":"201157","codigo_unidade_orcamentaria":"02110","numero_empenho":"0001367","classificacao":"135","data_empenho":"2022-04-06","codigo_credor":"36401036000124","nome_credor":"MARIA DO SOCORRO LAURENTINO DA SILVA 45241325468","valor_contratado":1000.00,"valor_pago":1000.00},{"codigo_unidade_gestora":"201157","codigo_unidade_orcamentaria":"02070","numero_empenho":"0001368","classificacao":"135","data_empenho":"2022-04-06","codigo_credor":"32337210000166","nome_credor":"ADRIANO PEREIRA DO NASCIMENTO 03829603436","valor_contratado":0.00,"valor_pago":0.00},{"codigo_unidade_gestora":"201157","codigo_unidade_orcamentaria":"02010","numero_empenho":"0001369","classificacao":"135","data_empenho":"2022-04-06","codigo_credor":"08361818000141","nome_credor":"CARTORIO DO UNICO OFICIO","valor_contratado":450.00,"valor_pago":450.00},{"codigo_unidade_gestora":"201157","codigo_unidade_orcamentaria":"02110","numero_empenho":"0001370","classificacao":"126","data_empenho":"2022-04-07","codigo_credor":"02977362000162","nome_credor":"A.COSTA COM.ATAC. DE PROD.FARM. LTDA","valor_contratado":1223.40,"valor_pago":1223.40},{"codigo_unidade_gestora":"201157","codigo_unidade_orcamentaria":"02130","numero_empenho":"0001371","classificacao":"132","data_empenho":"2022-04-07","codigo_credor":"00039723130807","nome_credor":"ALTOBELI SANTOS DA SILVA","valor_contratado":3800.00,"valor_pago":3800.00},{"codigo_unidade_gestora":"201157","codigo_unidade_orcamentaria":"02080","numero_empenho":"0001372","classificacao":"135","data_empenho":"2022-04-07","codigo_credor":"41201592000197","nome_credor":"ARNOBIO TEIXEIRA DE BRITO LYRA JUNIOR 04183890470","valor_contratado":1962.00,"valor_pago":1962.00},{"codigo_unidade_gestora":"201157","codigo_unidade_orcamentaria":"02080","numero_empenho":"0001373","classificacao":"135","data_empenho":"2022-04-07","codigo_credor":"41201592000197","nome_credor":"ARNOBIO TEIXEIRA DE BRITO LYRA JUNIOR 04183890470","valor_contratado":2000.00,"valor_pago":2000.00}]}}