{"size":50,"page":2,"total":802,"count":50,"_embedded":{"empenhos":[{"codigo_unidade_gestora":"201157","codigo_unidade_orcamentaria":"02010","numero_empenho":"0006700","classificacao":"126","data_empenho":"2022-11-03","codigo_credor":"09261355000109","nome_credor":"HILTON PINHEIRO DANTAS","valor_contratado":533.60,"valor_pago":533.60},{"codigo_unidade_gestora":"201157","codigo_unidade_orcamentaria":"02010","numero_empenho":"0006701","classificacao":"126","data_empenho":"2022-11-03","codigo_credor":"09261355000109","nome_credor":"HILTON PINHEIRO DANTAS","valor_contratado":397.60,"valor_pago":397.60},{"codigo_unidade_gestora":"201157","codigo_unidade_orcamentaria":"02110","numero_empenho":"0006702","classificacao":"150","data_empenho":"2022-11-03","codigo_credor":"30195733000190","nome_credor":"GRIEBLER E GRIEBLER LTDA","valor_contratado":60750.00,"valor_pago":60750.00},{"codigo_unidade_gestora":"201157","codigo_unidade_orcamentaria":"02080","numero_empenho":"0006703","classificacao":"135","data_empenho":"2022-11-03","codigo_credor":"36291941000179","nome_credor":"ANDRE RICARDO BARRETO PERAZZO COSTA","valor_contratado":7849.10,"valor_pago":7849.10},{"codigo_unidade_gestora":"201157","codigo_unidade_orcamentaria":"02080","numero_empenho":"0006704","classificacao":"135","data_empenho":"2022-11-03","codigo_credor":"36291941000179","nome_credor":"ANDRE RICARDO BARRETO PERAZZO COSTA","valor_contratado":7849.10,"valor_pago":7849.10},{"codigo_unidade_gestora":"201157","codigo_unidade_orcamentaria":"02110","numero_empenho":"0006705","classificacao":"126","data_empenho":"2022-11-03","codigo_credor":"17227485000153","nome_credor":"LG PRODUTOS HOSPITALARES LTDA","valor_contratado":21950.43,"valor_pago":21950.43},{"codigo_unidade_gestora":"201157","codigo_unidade_orcamentaria":"02080","numero_empenho":"0006706","classificacao":"135","data_empenho":"2022-11-03","codigo_credor":"36291941000179","nome_credor":"ANDRE RICARDO BARRETO PERAZZO COSTA","valor_contratado":7849.10,"valor_pago":7849.10},{"codigo_unidade_gestora":"201157","codigo_unidade_orcamentaria":"02110","numero_empenho":"0006707","classificacao":"126","data_empenho":"2022-11-03","codigo_credor":"17227485000153","nome_credor":"LG PRODUTOS HOSPITALARES LTDA","valor_contratado":12821.98,"valor_pago":12821.98},{"codigo_unidade_gestora":"201157","codigo_unidade_orcamentaria":"02140","numero_empenho":"0006708","classificacao":"126","data_empenho":"2022-11-03","codigo_credor":"20245870000138","nome_credor":"VERIDIANA DA CUNHA QUERINO 01971365408","valor_contratado":800.00,"valor_pago":800.00},{"codigo_unidade_gestora":"201157","codigo_unidade_orcamentaria":"02010","numero_empenho":"0006709","classificacao":"126","data_empenho":"2022-11-03","codigo_credor":"20245870000138","nome_credor":"VERIDIANA DA CUNHA QUERINO 01971365408","valor_contratado":3185.00,"valor_pago":3185.00},{"codigo_unidade_gestora":"201157","codigo_unidade_orcamentaria":"02040","numero_empenho":"0006710","classificacao":"126","data_empenho":"2022-11-03","codigo_credor":"20245870000138","nome_credor":"VERIDIANA DA CUNHA QUERINO 01971365408","valor_contratado":1280.00,"valor_pago":1280.00},{"codigo_unidade_gestora":"201157","codigo_unidade_orcamentaria":"02020","numero_empenho":"0006711","classificacao":"172","data_empenho":"2022-11-03","codigo_credor":"70097811000138","nome_credor":"IPSER/FOLHA DE PAGAMENTO/SAL.FAMILIA","valor_contratado":938.57,"valor_pago":938.57},{"codigo_unidade_gestora":"201157","codigo_unidade_orcamentaria":"02040","numero_empenho":"0006712","classificacao":"135","data_empenho":"2022-11-03","codigo_credor":"14666954000142","nome_credor":"PONTUAL TRANSPORTE DE PASSAGEIROS LTDA","valor_contratado":1973.49,"valor_pago":1973.49},{"codigo_unidade_gestora":"201157","codigo_unidade_orcamentaria":"02010","numero_empenho":"0006713","classificacao":"126","data_empenho":"2022-11-03","codigo_credor":"20245870000138","nome_credor":"VERIDIANA DA CUNHA QUERINO 01971365408","valor_contratado":264.00,"valor_pago":264.00},{"codigo_unidade_gestora":"201157","codigo_unidade_orcamentaria":"02020","numero_empenho":"0006714","classificacao":"172","data_empenho":"2022-11-03","codigo_credor":"70097811000138","nome_credor":"IPSER/FOLHA DE PAGAMENTO/SAL.FAMILIA","valor_contratado":725.01,"valor_pago":725.01},{"codigo_unidade_gestora":"201157","codigo_unidade_orcamentaria":"02010","numero_empenho":"0006715","classificacao":"126","data_empenho":"2022-11-03","codigo_credor":"20245870000138","nome_credor":"VERIDIANA DA CUNHA QUERINO 01971365408","valor_contratado":1590.00,"valor_pago":1590.00},{"codigo_unidade_gestora":"201157","codigo_unidade_orcamentaria":"02020","numero_empenho":"0006716","classificacao":"172","data_empenho":"2022-11-03","codigo_credor":"70097811000138","nome_credor":"IPSER/FOLHA DE PAGAMENTO/SAL.FAMILIA","valor_contratado":100.09,"valor_pago":100.09},{"codigo_unidade_gestora":"201157","codigo_unidade_orcamentaria":"02050","numero_empenho":"0006717","classificacao":"135","data_empenho":"2022-11-03","codigo_credor":"14666954000142","nome_credor":"PONTUAL TRANSPORTE DE PASSAGEIROS LTDA","valor_contratado":1973.49,"valor_pago":1973.49},{"codigo_unidade_gestora":"201157","codigo_unidade_orcamentaria":"02020","numero_empenho":"0006718","classificacao":"172","data_empenho":"2022-11-03","codigo_credor":"70097811000138","nome_credor":"IPSER/FOLHA DE PAGAMENTO/SAL.FAMILIA","valor_contratado":1070.51,"valor_pago":1070.51},{"codigo_unidade_gestora":"201157","codigo_unidade_orcamentaria":"02050","numero_empenho":"0006719","classificacao":"126","data_empenho":"2022-11-03","codigo_credor":"20245870000138","nome_credor":"VERIDIANA DA CUNHA QUERINO 01971365408","valor_contratado":1001.70,"valor_pago":1001.70},{"codigo_unidade_gestora":"201157","codigo_unidade_orcamentaria":"02080","numero_empenho":"0006720","classificacao":"135","data_empenho":"2022-11-03","codigo_credor":"14666954000142","nome_credor":"PONTUAL TRANSPORTE DE PASSAGEIROS LTDA","valor_contratado":2444.43,"valor_pago":2444.43},{"codigo_unidade_gestora":"201157","codigo_unidade_orcamentaria":"02020","numero_empenho":"0006721","classificacao":"172","data_empenho":"2022-11-03","codigo_credor":"70097811000138","nome_credor":"IPSER/FOLHA DE PAGAMENTO/SAL.FAMILIA","valor_contratado":2202.55,"valor_pago":2202.55},{"codigo_unidade_gestora":"201157","codigo_unidade_orcamentaria":"02080","numero_empenho":"0006722","classificacao":"135","data_empenho":"2022-11-03","codigo_credor":"22759235000102","nome_credor":"SENA CONSTRUÇÕES EIRELI-ME","valor_contratado":3363.90,"valor_pago":3363.90},{"codigo_unidade_gestora":"201157","codigo_unidade_orcamentaria":"02080","numero_empenho":"0006723","classificacao":"135","data_empenho":"2022-11-03","codigo_credor":"22759235000102","nome_credor":"SENA CONSTRUÇÕES EIRELI-ME","valor_contratado":3924.55,"valor_pago":3924.55},{"codigo_unidade_gestora":"201157","codigo_unidade_orcamentaria":"02020","numero_empenho":"0006724","classificacao":"172","data_empenho":"2022-11-03","codigo_credor":"70097811000138","nome_credor":"IPSER/FOLHA DE PAGAMENTO/SAL.FAMILIA","valor_contratado":7968.45,"valor_pago":7968.45},{"codigo_unidade_gestora":"201157","codigo_unidade_orcamentaria":"02110","numero_empenho":"0006725","classificacao":"131","data_empenho":"2022-11-03","codigo_credor":"26804557000179","nome_credor":"JULIANNY DA CUNHA GOUVEIA","valor_contratado":2500.00,"valor_pago":2500.00},{"codigo_unidade_gestora":"201157","codigo_unidade_orcamentaria":"02110","numero_empenho":"0006726","classificacao":"135","data_empenho":"2022-11-03","codigo_credor":"09095183000140","nome_credor":"ENERGISA","valor_contratado":229.29,"valor_pago":229.29},{"codigo_unidade_gestora":"201157","codigo_unidade_orcamentaria":"02020","numero_empenho":"0006727","classificacao":"172","data_empenho":"2022-11-03","codigo_credor":"70097811000138","nome_credor":"IPSER/FOLHA DE PAGAMENTO/SAL.FAMILIA","valor_contratado":1642.67,"valor_pago":1642.67},{"codigo_unidade_gestora":"201157","codigo_unidade_orcamentaria":"02020","numero_empenho":"0006728","classificacao":"172","data_empenho":"2022-11-03","codigo_credor":"70097811000138","nome_credor":"IPSER/FOLHA DE PAGAMENTO/SAL.FAMILIA","valor_contratado":23469.05,"valor_pago":23469.05},{"codigo_unidade_gestora":"201157","codigo_unidade_orcamentaria":"02080","numero_empenho":"0006729","classificacao":"135","data_empenho":"2022-11-04","codigo_credor":"19144465000144","nome_credor":"ANTONIO MARIO DOS SANTOS JUNIOR 05954876452","valor_contratado":2520.00,"valor_pago":2520.00},{"codigo_unidade_gestora":"201157","codigo_unidade_orcamentaria":"02020","numero_empenho":"0006730","classificacao":"172","data_empenho":"2022-11-04","codigo_credor":"70097811000138","nome_credor":"IPSER/FOLHA DE PAGAMENTO/SAL.FAMILIA","valor_contratado":14942.57,"valor_pago":14942.57},{"codigo_unidade_gestora":"201157","codigo_unidade_orcamentaria":"02040","numero_empenho":"0006731","classificacao":"135","data_empenho":"2022-11-04","codigo_credor":"00000000280704","nome_credor":"BANCO DO BRASIL S/A","valor_contratado":11.00,"valor_pago":11.00},{"codigo_unidade_gestora":"201157","codigo_unidade_orcamentaria":"02050","numero_empenho":"0006732","classificacao":"135","data_empenho":"2022-11-04","codigo_credor":"19144465000144","nome_credor":"ANTONIO MARIO DOS SANTOS JUNIOR 05954876452","valor_contratado":1470.00,"valor_pago":1470.00},{"codigo_unidade_gestora":"201157","codigo_unidade_orcamentaria":"02040","numero_empenho":"0006733","classificacao":"135","data_empenho":"2022-11-04","codigo_credor":"41201592000197","nome_credor":"ARNOBIO TEIXEIRA DE BRITO LYRA JUNIOR 04183890470","valor_contratado":1440.00,"valor_pago":1440.00},{"codigo_unidade_gestora":"201157","codigo_unidade_orcamentaria":"02040","numero_empenho":"0006734","classificacao":"135","data_empenho":"2022-11-04","codigo_credor":"19144465000144","nome_credor":"ANTONIO MARIO DOS SANTOS JUNIOR 05954876452","valor_contratado":1260.00,"valor_pago":1260.00},{"codigo_unidade_gestora":"201157","codigo_unidade_orcamentaria":"02050","numero_empenho":"0006735","classificacao":"135","data_empenho":"2022-11-04","codigo_credor":"41201592000197","nome_credor":"ARNOBIO TEIXEIRA DE BRITO LYRA JUNIOR 04183890470","valor_contratado":840.00,"valor_pago":840.00},{"codigo_unidade_gestora":"201157","codigo_unidade_orcamentaria":"02040","numero_empenho":"0006736","classificacao":"135","data_empenho":"2022-11-04","codigo_credor":"41201592000197","nome_credor":"ARNOBIO TEIXEIRA DE BRITO LYRA JUNIOR 04183890470","valor_contratado":3795.00,"valor_pago":3795.00},{"codigo_unidade_gestora":"201157","codigo_unidade_orcamentaria":"02080","numero_empenho":"0006737","classificacao":"135","data_empenho":"2022-11-04","codigo_credor":"41201592000197","nome_credor":"ARNOBIO TEIXEIRA DE BRITO LYRA JUNIOR 04183890470","valor_contratado":1080.00,"valor_pago":1080.00},{"codigo_unidade_gestora":"201157","codigo_unidade_orcamentaria":"02050","numero_empenho":"0006738","classificacao":"135","data_empenho":"2022-11-04","codigo_credor":"41201592000197","nome_credor":"ARNOBIO TEIXEIRA DE BRITO LYRA JUNIOR 04183890470","valor_contratado":1955.00,"valor_pago":1955.00},{"codigo_unidade_gestora":"201157","codigo_unidade_orcamentaria":"02080","numero_empenho":"0006739","classificacao":"135","data_empenho":"2022-11-04","codigo_credor":"41201592000197","nome_credor":"ARNOBIO TEIXEIRA DE BRITO LYRA JUNIOR 04183890470","valor_contratado":1840.00,"valor_pago":1840.00},{"codigo_unidade_gestora":"201157","codigo_unidade_orcamentaria":"02080","numero_empenho":"0006740","classificacao":"135","data_empenho":"2022-11-04","codigo_credor":"41201592000197","nome_credor":"ARNOBIO TEIXEIRA DE BRITO LYRA JUNIOR 04183890470","valor_contratado":2880.00,"valor_pago":2880.00},{"codigo_unidade_gestora":"201157","codigo_unidade_orcamentaria":"02040","numero_empenho":"0006741","classificacao":"135","data_empenho":"2022-11-04","codigo_credor":"41201592000197","nome_credor":"ARNOBIO TEIXEIRA DE BRITO LYRA JUNIOR 04183890470","valor_contratado":2520.00,"valor_pago":2520.00},{"codigo_unidade_gestora":"201157","codigo_unidade_orcamentaria":"02050","numero_empenho":"0006742","classificacao":"135","data_empenho":"2022-11-04","codigo_credor":"41201592000197","nome_credor":"ARNOBIO TEIXEIRA DE BRITO LYRA JUNIOR 04183890470","valor_contratado":1260.00,"valor_pago":1260.00},{"codigo_unidade_gestora":"201157","codigo_unidade_orcamentaria":"02080","numero_empenho":"0006743","classificacao":"135","data_empenho":"2022-11-04","codigo_credor":"41201592000197","nome_credor":"ARNOBIO TEIXEIRA DE BRITO LYRA JUNIOR 04183890470","valor_contratado":1799.00,"valor_pago":1799.00},{"codigo_unidade_gestora":"201157","codigo_unidade_orcamentaria":"02040","numero_empenho":"0006744","classificacao":"135","data_empenho":"2022-11-04","codigo_credor":"41201592000197","nome_credor":"ARNOBIO TEIXEIRA DE BRITO LYRA JUNIOR 04183890470","valor_contratado":2012.50,"valor_pago":2012.50},{"codigo_unidade_gestora":"201157","codigo_unidade_orcamentaria":"02050","numero_empenho":"0006745","classificacao":"135","data_empenho":"2022-11-04","codigo_credor":"41201592000197","nome_credor":"ARNOBIO TEIXEIRA DE BRITO LYRA JUNIOR 04183890470","valor_contratado":1437.50,"valor_pago":1437.50},{"codigo_unidade_gestora":"201157","codigo_unidade_orcamentaria":"02080","numero_empenho":"0006746","classificacao":"135","data_empenho":"2022-11-04","codigo_credor":"41201592000197","nome_credor":"ARNOBIO TEIXEIRA DE BRITO LYRA JUNIOR 04183890470","valor_contratado":2400.00,"valor_pago":2400.00},{"codigo_unidade_gestora":"201157","codigo_unidade_orcamentaria":"02080","numero_empenho":"0006747","classificacao":"135","data_empenho":"2022-11-04","codigo_credor":"41201592000197","nome_credor":"ARNOBIO TEIXEIRA DE BRITO LYRA JUNIOR 04183890470","valor_contratado":2400.00,"valor_pago":2400.00},{"codigo_unidade_gestora":"201157","codigo_unidade_orcamentaria":"02080","numero_empenho":"0006748","classificacao":"135","data_empenho":"2022-11-04","codigo_credor":"41201592000197","nome_credor":"ARNOBIO TEIXEIRA DE BRITO LYRA JUNIOR 04183890470","valor_contratado":2725.00,"valor_pago":2725.00},{"codigo_unidade_gestora":"201157","codigo_unidade_orcamentaria":"02080","numero_empenho":"0006749","classificacao":"135","data_empenho":"2022-11-04","codigo_credor":"41201592000197","nome_credor":"ARNOBIO TEIXEIRA DE BRITO LYRA JUNIOR 04183890470","valor_contratado":2400.00,"valor_pago":2400.00}]}}