{"size":50,"page":4,"total":846,"count":50,"_embedded":{"empenhos":[{"codigo_unidade_gestora":"201157","codigo_unidade_orcamentaria":"02080","numero_empenho":"0004388","classificacao":"135","data_empenho":"2022-08-04","codigo_credor":"14666954000142","nome_credor":"PONTUAL TRANSPORTE DE PASSAGEIROS LTDA","valor_contratado":2444.43,"valor_pago":2444.43},{"codigo_unidade_gestora":"201157","codigo_unidade_orcamentaria":"02040","numero_empenho":"0004389","classificacao":"135","data_empenho":"2022-08-04","codigo_credor":"14666954000142","nome_credor":"PONTUAL TRANSPORTE DE PASSAGEIROS LTDA","valor_contratado":1973.49,"valor_pago":1973.49},{"codigo_unidade_gestora":"201157","codigo_unidade_orcamentaria":"02080","numero_empenho":"0004390","classificacao":"135","data_empenho":"2022-08-04","codigo_credor":"32666493000190","nome_credor":"VITOR FERREIRA DOS SANTOS 09470814452","valor_contratado":1600.00,"valor_pago":1600.00},{"codigo_unidade_gestora":"201157","codigo_unidade_orcamentaria":"02090","numero_empenho":"0004391","classificacao":"132","data_empenho":"2022-08-04","codigo_credor":"00013232193404","nome_credor":"LEONARDO JARDELINO DA COSTA","valor_contratado":7260.00,"valor_pago":7260.00},{"codigo_unidade_gestora":"201157","codigo_unidade_orcamentaria":"02080","numero_empenho":"0004392","classificacao":"135","data_empenho":"2022-08-04","codigo_credor":"45450035000160","nome_credor":"ADRIANO MARCOS SANTANA ALVES 09665655418","valor_contratado":1250.00,"valor_pago":1250.00},{"codigo_unidade_gestora":"201157","codigo_unidade_orcamentaria":"02040","numero_empenho":"0004393","classificacao":"135","data_empenho":"2022-08-04","codigo_credor":"41757219000117","nome_credor":"INACIO BALBINO DA SILVA 58634711404","valor_contratado":1180.00,"valor_pago":1180.00},{"codigo_unidade_gestora":"201157","codigo_unidade_orcamentaria":"02040","numero_empenho":"0004394","classificacao":"135","data_empenho":"2022-08-04","codigo_credor":"38058364000103","nome_credor":"JOSE ALEXANDRE SANTOS CARDOSO 02726187480","valor_contratado":1780.00,"valor_pago":1780.00},{"codigo_unidade_gestora":"201157","codigo_unidade_orcamentaria":"02040","numero_empenho":"0004395","classificacao":"135","data_empenho":"2022-08-04","codigo_credor":"19778033000195","nome_credor":"CARLOS ANTONIO PEREIRA 48394882404","valor_contratado":1210.00,"valor_pago":1210.00},{"codigo_unidade_gestora":"201157","codigo_unidade_orcamentaria":"02110","numero_empenho":"0004396","classificacao":"135","data_empenho":"2022-08-04","codigo_credor":"36394457000175","nome_credor":"JOAO VICTOR DE OLIVEIRA GONCALVES 09843480422","valor_contratado":1180.00,"valor_pago":1180.00},{"codigo_unidade_gestora":"201157","codigo_unidade_orcamentaria":"02110","numero_empenho":"0004397","classificacao":"135","data_empenho":"2022-08-04","codigo_credor":"42744709000141","nome_credor":"MARIA COSMA FREIRE DOS SANTOS 06262745408","valor_contratado":1000.00,"valor_pago":1000.00},{"codigo_unidade_gestora":"201157","codigo_unidade_orcamentaria":"02110","numero_empenho":"0004398","classificacao":"135","data_empenho":"2022-08-04","codigo_credor":"36328179000158","nome_credor":"ELIANE GONCALVES GOMES 25647928803","valor_contratado":950.00,"valor_pago":950.00},{"codigo_unidade_gestora":"201157","codigo_unidade_orcamentaria":"02110","numero_empenho":"0004399","classificacao":"135","data_empenho":"2022-08-04","codigo_credor":"36416137000179","nome_credor":"MARINEZ FAUSTINO 04725426482","valor_contratado":610.00,"valor_pago":610.00},{"codigo_unidade_gestora":"201157","codigo_unidade_orcamentaria":"02110","numero_empenho":"0004400","classificacao":"135","data_empenho":"2022-08-04","codigo_credor":"36277230000140","nome_credor":"JOSILEIDE SOUZA VIANA FERNANDES 06058281482","valor_contratado":1000.00,"valor_pago":1000.00},{"codigo_unidade_gestora":"201157","codigo_unidade_orcamentaria":"02090","numero_empenho":"0004401","classificacao":"135","data_empenho":"2022-08-04","codigo_credor":"41448092000154","nome_credor":"JOSE MATIAS FILHO 01044299843","valor_contratado":1700.00,"valor_pago":1700.00},{"codigo_unidade_gestora":"201157","codigo_unidade_orcamentaria":"02090","numero_empenho":"0004402","classificacao":"132","data_empenho":"2022-08-04","codigo_credor":"00011502393875","nome_credor":"CARLOS ANTONIO DE LIMA OLIVEIRA","valor_contratado":0.00,"valor_pago":0.00},{"codigo_unidade_gestora":"201157","codigo_unidade_orcamentaria":"02110","numero_empenho":"0004403","classificacao":"135","data_empenho":"2022-08-04","codigo_credor":"36319807000139","nome_credor":"ANA EMILIA DANIEL DA SILVA 09461623445","valor_contratado":1000.00,"valor_pago":1000.00},{"codigo_unidade_gestora":"201157","codigo_unidade_orcamentaria":"02090","numero_empenho":"0004404","classificacao":"135","data_empenho":"2022-08-04","codigo_credor":"28839880000103","nome_credor":"JESSICA KAROLINE DE SOUTO BATISTA 11838916440","valor_contratado":1200.00,"valor_pago":1200.00},{"codigo_unidade_gestora":"201157","codigo_unidade_orcamentaria":"02110","numero_empenho":"0004405","classificacao":"135","data_empenho":"2022-08-04","codigo_credor":"36330418000104","nome_credor":"ANDREIA TRAJANO DOS SANTOS 06604177408","valor_contratado":1000.00,"valor_pago":1000.00},{"codigo_unidade_gestora":"201157","codigo_unidade_orcamentaria":"02110","numero_empenho":"0004406","classificacao":"135","data_empenho":"2022-08-04","codigo_credor":"36401036000124","nome_credor":"MARIA DO SOCORRO LAURENTINO DA SILVA 45241325468","valor_contratado":1000.00,"valor_pago":1000.00},{"codigo_unidade_gestora":"201157","codigo_unidade_orcamentaria":"02080","numero_empenho":"0004407","classificacao":"135","data_empenho":"2022-08-04","codigo_credor":"32593366000108","nome_credor":"DJAILSON DE FARIAS FERREIRA 09774773470","valor_contratado":2070.00,"valor_pago":2070.00},{"codigo_unidade_gestora":"201157","codigo_unidade_orcamentaria":"02110","numero_empenho":"0004408","classificacao":"135","data_empenho":"2022-08-04","codigo_credor":"36766570000134","nome_credor":"SIMONE FAUSTINO DOS SANTOS 05961077497","valor_contratado":1600.00,"valor_pago":1600.00},{"codigo_unidade_gestora":"201157","codigo_unidade_orcamentaria":"02080","numero_empenho":"0004409","classificacao":"135","data_empenho":"2022-08-04","codigo_credor":"32593366000108","nome_credor":"DJAILSON DE FARIAS FERREIRA 09774773470","valor_contratado":1725.00,"valor_pago":1725.00},{"codigo_unidade_gestora":"201157","codigo_unidade_orcamentaria":"02110","numero_empenho":"0004410","classificacao":"135","data_empenho":"2022-08-04","codigo_credor":"36415682000140","nome_credor":"CELIA REGINA IZIDIO DE ANDRADE 97980536487","valor_contratado":610.00,"valor_pago":610.00},{"codigo_unidade_gestora":"201157","codigo_unidade_orcamentaria":"02110","numero_empenho":"0004411","classificacao":"135","data_empenho":"2022-08-04","codigo_credor":"41989653000122","nome_credor":"MARIA DAS VITORIAS DOS SANTOS 08868876744","valor_contratado":1000.00,"valor_pago":1000.00},{"codigo_unidade_gestora":"201157","codigo_unidade_orcamentaria":"02080","numero_empenho":"0004412","classificacao":"135","data_empenho":"2022-08-04","codigo_credor":"24518477000121","nome_credor":"ERMINIO PEREIRA DE OLIVEIRA 03814233441","valor_contratado":1440.00,"valor_pago":1440.00},{"codigo_unidade_gestora":"201157","codigo_unidade_orcamentaria":"02140","numero_empenho":"0004413","classificacao":"135","data_empenho":"2022-08-04","codigo_credor":"36365643000186","nome_credor":"GEANE FIDELIS DE LIMA 05568969477","valor_contratado":1400.00,"valor_pago":1400.00},{"codigo_unidade_gestora":"201157","codigo_unidade_orcamentaria":"02140","numero_empenho":"0004414","classificacao":"135","data_empenho":"2022-08-04","codigo_credor":"34225891000104","nome_credor":"MARIA RISONEIDE ALVES FREIRE 03439334465","valor_contratado":1400.00,"valor_pago":1400.00},{"codigo_unidade_gestora":"201157","codigo_unidade_orcamentaria":"02140","numero_empenho":"0004415","classificacao":"135","data_empenho":"2022-08-04","codigo_credor":"41260906000122","nome_credor":"DAIANA JUSTINO DOS SANTOS","valor_contratado":1400.00,"valor_pago":1400.00},{"codigo_unidade_gestora":"201157","codigo_unidade_orcamentaria":"02140","numero_empenho":"0004416","classificacao":"135","data_empenho":"2022-08-04","codigo_credor":"29787633000173","nome_credor":"TALINI ROQUE DA SILVA 06117107498","valor_contratado":1800.00,"valor_pago":1800.00},{"codigo_unidade_gestora":"201157","codigo_unidade_orcamentaria":"02140","numero_empenho":"0004417","classificacao":"135","data_empenho":"2022-08-04","codigo_credor":"29927874000170","nome_credor":"ANA MARIA PEREIRA DE LIMA 09170246483","valor_contratado":1400.00,"valor_pago":1400.00},{"codigo_unidade_gestora":"201157","codigo_unidade_orcamentaria":"02080","numero_empenho":"0004418","classificacao":"135","data_empenho":"2022-08-04","codigo_credor":"24518477000121","nome_credor":"ERMINIO PEREIRA DE OLIVEIRA 03814233441","valor_contratado":1200.00,"valor_pago":1200.00},{"codigo_unidade_gestora":"201157","codigo_unidade_orcamentaria":"02140","numero_empenho":"0004419","classificacao":"135","data_empenho":"2022-08-04","codigo_credor":"29816462000163","nome_credor":"MARIA DO SOCORRO BATISTA DO NASCIMENTO 13563074852","valor_contratado":1400.00,"valor_pago":1400.00},{"codigo_unidade_gestora":"201157","codigo_unidade_orcamentaria":"02080","numero_empenho":"0004420","classificacao":"135","data_empenho":"2022-08-04","codigo_credor":"29416266000100","nome_credor":"CICERO RENATO SOUZA SILVA 05855997421","valor_contratado":1582.00,"valor_pago":1582.00},{"codigo_unidade_gestora":"201157","codigo_unidade_orcamentaria":"02140","numero_empenho":"0004421","classificacao":"135","data_empenho":"2022-08-04","codigo_credor":"29870408000104","nome_credor":"MARIA LUCIA DIAS DE AQUINO GONCALO 04061801481","valor_contratado":1400.00,"valor_pago":1400.00},{"codigo_unidade_gestora":"201157","codigo_unidade_orcamentaria":"02080","numero_empenho":"0004422","classificacao":"135","data_empenho":"2022-08-04","codigo_credor":"29416266000100","nome_credor":"CICERO RENATO SOUZA SILVA 05855997421","valor_contratado":1356.00,"valor_pago":1356.00},{"codigo_unidade_gestora":"201157","codigo_unidade_orcamentaria":"02080","numero_empenho":"0004423","classificacao":"135","data_empenho":"2022-08-04","codigo_credor":"29416266000100","nome_credor":"CICERO RENATO SOUZA SILVA 05855997421","valor_contratado":1582.00,"valor_pago":1582.00},{"codigo_unidade_gestora":"201157","codigo_unidade_orcamentaria":"02080","numero_empenho":"0004424","classificacao":"135","data_empenho":"2022-08-04","codigo_credor":"29416266000100","nome_credor":"CICERO RENATO SOUZA SILVA 05855997421","valor_contratado":1356.00,"valor_pago":1356.00},{"codigo_unidade_gestora":"201157","codigo_unidade_orcamentaria":"02080","numero_empenho":"0004425","classificacao":"135","data_empenho":"2022-08-04","codigo_credor":"32666493000190","nome_credor":"VITOR FERREIRA DOS SANTOS 09470814452","valor_contratado":1600.00,"valor_pago":1600.00},{"codigo_unidade_gestora":"201157","codigo_unidade_orcamentaria":"02080","numero_empenho":"0004426","classificacao":"135","data_empenho":"2022-08-04","codigo_credor":"32666493000190","nome_credor":"VITOR FERREIRA DOS SANTOS 09470814452","valor_contratado":1200.00,"valor_pago":1200.00},{"codigo_unidade_gestora":"201157","codigo_unidade_orcamentaria":"02050","numero_empenho":"0004427","classificacao":"126","data_empenho":"2022-08-04","codigo_credor":"01686814000194","nome_credor":"ALEXSANDRA DINIZ FERNANDES","valor_contratado":14931.45,"valor_pago":14931.45},{"codigo_unidade_gestora":"201157","codigo_unidade_orcamentaria":"02080","numero_empenho":"0004428","classificacao":"135","data_empenho":"2022-08-04","codigo_credor":"32666493000190","nome_credor":"VITOR FERREIRA DOS SANTOS 09470814452","valor_contratado":1400.00,"valor_pago":1400.00},{"codigo_unidade_gestora":"201157","codigo_unidade_orcamentaria":"02050","numero_empenho":"0004429","classificacao":"126","data_empenho":"2022-08-04","codigo_credor":"01686814000194","nome_credor":"ALEXSANDRA DINIZ FERNANDES","valor_contratado":7915.00,"valor_pago":7915.00},{"codigo_unidade_gestora":"201157","codigo_unidade_orcamentaria":"02050","numero_empenho":"0004430","classificacao":"126","data_empenho":"2022-08-04","codigo_credor":"01686814000194","nome_credor":"ALEXSANDRA DINIZ FERNANDES","valor_contratado":18548.95,"valor_pago":18548.95},{"codigo_unidade_gestora":"201157","codigo_unidade_orcamentaria":"02050","numero_empenho":"0004431","classificacao":"126","data_empenho":"2022-08-04","codigo_credor":"01686814000194","nome_credor":"ALEXSANDRA DINIZ FERNANDES","valor_contratado":30904.40,"valor_pago":30904.40},{"codigo_unidade_gestora":"201157","codigo_unidade_orcamentaria":"02020","numero_empenho":"0004432","classificacao":"172","data_empenho":"2022-08-04","codigo_credor":"70097811000138","nome_credor":"IPSER/FOLHA DE PAGAMENTO/SAL.FAMILIA","valor_contratado":23524.60,"valor_pago":23524.60},{"codigo_unidade_gestora":"201157","codigo_unidade_orcamentaria":"02020","numero_empenho":"0004433","classificacao":"172","data_empenho":"2022-08-04","codigo_credor":"70097811000138","nome_credor":"IPSER/FOLHA DE PAGAMENTO/SAL.FAMILIA","valor_contratado":1346.68,"valor_pago":1346.68},{"codigo_unidade_gestora":"201157","codigo_unidade_orcamentaria":"02020","numero_empenho":"0004434","classificacao":"172","data_empenho":"2022-08-04","codigo_credor":"70097811000138","nome_credor":"IPSER/FOLHA DE PAGAMENTO/SAL.FAMILIA","valor_contratado":14977.92,"valor_pago":14977.92},{"codigo_unidade_gestora":"201157","codigo_unidade_orcamentaria":"02020","numero_empenho":"0004435","classificacao":"135","data_empenho":"2022-08-04","codigo_credor":"00000000280704","nome_credor":"BANCO DO BRASIL S/A","valor_contratado":22.00,"valor_pago":22.00},{"codigo_unidade_gestora":"201157","codigo_unidade_orcamentaria":"02020","numero_empenho":"0004437","classificacao":"172","data_empenho":"2022-08-04","codigo_credor":"70097811000138","nome_credor":"IPSER/FOLHA DE PAGAMENTO/SAL.FAMILIA","valor_contratado":1073.15,"valor_pago":1073.15},{"codigo_unidade_gestora":"201157","codigo_unidade_orcamentaria":"02020","numero_empenho":"0004438","classificacao":"172","data_empenho":"2022-08-04","codigo_credor":"70097811000138","nome_credor":"IPSER/FOLHA DE PAGAMENTO/SAL.FAMILIA","valor_contratado":1646.74,"valor_pago":1646.74}]}}