{"size":50,"page":9,"total":802,"count":50,"_embedded":{"empenhos":[{"codigo_unidade_gestora":"201157","codigo_unidade_orcamentaria":"02020","numero_empenho":"0007051","classificacao":"135","data_empenho":"2022-11-10","codigo_credor":"00000000280704","nome_credor":"BANCO DO BRASIL S/A","valor_contratado":781.00,"valor_pago":781.00},{"codigo_unidade_gestora":"201157","codigo_unidade_orcamentaria":"02020","numero_empenho":"0007052","classificacao":"135","data_empenho":"2022-11-10","codigo_credor":"00000000280704","nome_credor":"BANCO DO BRASIL S/A","valor_contratado":11.00,"valor_pago":11.00},{"codigo_unidade_gestora":"201157","codigo_unidade_orcamentaria":"02040","numero_empenho":"0007053","classificacao":"189","data_empenho":"2022-11-10","codigo_credor":"00005297786452","nome_credor":"RAVEL DUARTE BELARMINO","valor_contratado":1100.00,"valor_pago":1100.00},{"codigo_unidade_gestora":"201157","codigo_unidade_orcamentaria":"02040","numero_empenho":"0007054","classificacao":"135","data_empenho":"2022-11-10","codigo_credor":"00000000280704","nome_credor":"BANCO DO BRASIL S/A","valor_contratado":209.00,"valor_pago":209.00},{"codigo_unidade_gestora":"201157","codigo_unidade_orcamentaria":"02010","numero_empenho":"0007055","classificacao":"135","data_empenho":"2022-11-10","codigo_credor":"40565581000123","nome_credor":"DARLAN WIILER BATISTA ROQUE","valor_contratado":2000.00,"valor_pago":2000.00},{"codigo_unidade_gestora":"201157","codigo_unidade_orcamentaria":"02050","numero_empenho":"0007056","classificacao":"189","data_empenho":"2022-11-10","codigo_credor":"70097811000138","nome_credor":"IPSER/FOLHA DE PAGAMENTO/SAL.FAMILIA","valor_contratado":1123723.12,"valor_pago":1123723.12},{"codigo_unidade_gestora":"201157","codigo_unidade_orcamentaria":"02050","numero_empenho":"0007057","classificacao":"135","data_empenho":"2022-11-10","codigo_credor":"00360305000104","nome_credor":"CAIXA ECONOMICA FEDERAL","valor_contratado":22.00,"valor_pago":22.00},{"codigo_unidade_gestora":"201157","codigo_unidade_orcamentaria":"02040","numero_empenho":"0007058","classificacao":"135","data_empenho":"2022-11-11","codigo_credor":"15602075000110","nome_credor":"SEGINALDO DOS SANTOS - ME","valor_contratado":590.00,"valor_pago":590.00},{"codigo_unidade_gestora":"201157","codigo_unidade_orcamentaria":"02080","numero_empenho":"0007059","classificacao":"135","data_empenho":"2022-11-11","codigo_credor":"32593366000108","nome_credor":"DJAILSON DE FARIAS FERREIRA 09774773470","valor_contratado":2200.00,"valor_pago":2200.00},{"codigo_unidade_gestora":"201157","codigo_unidade_orcamentaria":"02080","numero_empenho":"0007060","classificacao":"135","data_empenho":"2022-11-11","codigo_credor":"32593366000108","nome_credor":"DJAILSON DE FARIAS FERREIRA 09774773470","valor_contratado":2070.00,"valor_pago":2070.00},{"codigo_unidade_gestora":"201157","codigo_unidade_orcamentaria":"02130","numero_empenho":"0007061","classificacao":"135","data_empenho":"2022-11-11","codigo_credor":"29379974000100","nome_credor":"JRDSA GRAFICA EDITORA E FABRICAÇAO DE PAPEIS EIRELI","valor_contratado":468.00,"valor_pago":468.00},{"codigo_unidade_gestora":"201157","codigo_unidade_orcamentaria":"02090","numero_empenho":"0007062","classificacao":"135","data_empenho":"2022-11-11","codigo_credor":"29379974000100","nome_credor":"JRDSA GRAFICA EDITORA E FABRICAÇAO DE PAPEIS EIRELI","valor_contratado":645.00,"valor_pago":645.00},{"codigo_unidade_gestora":"201157","codigo_unidade_orcamentaria":"02080","numero_empenho":"0007063","classificacao":"135","data_empenho":"2022-11-11","codigo_credor":"29379974000100","nome_credor":"JRDSA GRAFICA EDITORA E FABRICAÇAO DE PAPEIS EIRELI","valor_contratado":645.00,"valor_pago":645.00},{"codigo_unidade_gestora":"201157","codigo_unidade_orcamentaria":"02070","numero_empenho":"0007064","classificacao":"135","data_empenho":"2022-11-11","codigo_credor":"29379974000100","nome_credor":"JRDSA GRAFICA EDITORA E FABRICAÇAO DE PAPEIS EIRELI","valor_contratado":3184.10,"valor_pago":3184.10},{"codigo_unidade_gestora":"201157","codigo_unidade_orcamentaria":"02120","numero_empenho":"0007065","classificacao":"135","data_empenho":"2022-11-11","codigo_credor":"29379974000100","nome_credor":"JRDSA GRAFICA EDITORA E FABRICAÇAO DE PAPEIS EIRELI","valor_contratado":23105.80,"valor_pago":23105.80},{"codigo_unidade_gestora":"201157","codigo_unidade_orcamentaria":"02050","numero_empenho":"0007066","classificacao":"135","data_empenho":"2022-11-11","codigo_credor":"29379974000100","nome_credor":"JRDSA GRAFICA EDITORA E FABRICAÇAO DE PAPEIS EIRELI","valor_contratado":4181.03,"valor_pago":4181.03},{"codigo_unidade_gestora":"201157","codigo_unidade_orcamentaria":"02040","numero_empenho":"0007067","classificacao":"135","data_empenho":"2022-11-11","codigo_credor":"29379974000100","nome_credor":"JRDSA GRAFICA EDITORA E FABRICAÇAO DE PAPEIS EIRELI","valor_contratado":31864.91,"valor_pago":31864.91},{"codigo_unidade_gestora":"201157","codigo_unidade_orcamentaria":"02050","numero_empenho":"0007068","classificacao":"126","data_empenho":"2022-11-11","codigo_credor":"20245870000138","nome_credor":"VERIDIANA DA CUNHA QUERINO 01971365408","valor_contratado":3717.00,"valor_pago":3717.00},{"codigo_unidade_gestora":"201157","codigo_unidade_orcamentaria":"02110","numero_empenho":"0007069","classificacao":"126","data_empenho":"2022-11-11","codigo_credor":"03817043000152","nome_credor":"PHARMAPLUS LTDA","valor_contratado":2123.00,"valor_pago":2123.00},{"codigo_unidade_gestora":"201157","codigo_unidade_orcamentaria":"02050","numero_empenho":"0007070","classificacao":"126","data_empenho":"2022-11-11","codigo_credor":"20245870000138","nome_credor":"VERIDIANA DA CUNHA QUERINO 01971365408","valor_contratado":1593.00,"valor_pago":1593.00},{"codigo_unidade_gestora":"201157","codigo_unidade_orcamentaria":"02110","numero_empenho":"0007071","classificacao":"135","data_empenho":"2022-11-11","codigo_credor":"26572822000130","nome_credor":"ALINE AGUIAR ROCHA - ME","valor_contratado":7181.50,"valor_pago":7181.50},{"codigo_unidade_gestora":"201157","codigo_unidade_orcamentaria":"02080","numero_empenho":"0007072","classificacao":"135","data_empenho":"2022-11-11","codigo_credor":"32593366000108","nome_credor":"DJAILSON DE FARIAS FERREIRA 09774773470","valor_contratado":1610.00,"valor_pago":1610.00},{"codigo_unidade_gestora":"201157","codigo_unidade_orcamentaria":"02140","numero_empenho":"0007073","classificacao":"135","data_empenho":"2022-11-11","codigo_credor":"00000000280704","nome_credor":"BANCO DO BRASIL S/A","valor_contratado":22.00,"valor_pago":22.00},{"codigo_unidade_gestora":"201157","codigo_unidade_orcamentaria":"02140","numero_empenho":"0007074","classificacao":"135","data_empenho":"2022-11-11","codigo_credor":"00000000280704","nome_credor":"BANCO DO BRASIL S/A","valor_contratado":22.00,"valor_pago":22.00},{"codigo_unidade_gestora":"201157","codigo_unidade_orcamentaria":"02140","numero_empenho":"0007075","classificacao":"135","data_empenho":"2022-11-11","codigo_credor":"00000000280704","nome_credor":"BANCO DO BRASIL S/A","valor_contratado":88.00,"valor_pago":88.00},{"codigo_unidade_gestora":"201157","codigo_unidade_orcamentaria":"02020","numero_empenho":"0007076","classificacao":"135","data_empenho":"2022-11-11","codigo_credor":"00000000280704","nome_credor":"BANCO DO BRASIL S/A","valor_contratado":11.00,"valor_pago":11.00},{"codigo_unidade_gestora":"201157","codigo_unidade_orcamentaria":"02020","numero_empenho":"0007077","classificacao":"135","data_empenho":"2022-11-11","codigo_credor":"00000000280704","nome_credor":"BANCO DO BRASIL S/A","valor_contratado":220.00,"valor_pago":220.00},{"codigo_unidade_gestora":"201157","codigo_unidade_orcamentaria":"02050","numero_empenho":"0007078","classificacao":"135","data_empenho":"2022-11-11","codigo_credor":"22371960000109","nome_credor":"PEDRO TORQUATO DA SILVA-ME","valor_contratado":380.00,"valor_pago":380.00},{"codigo_unidade_gestora":"201157","codigo_unidade_orcamentaria":"02090","numero_empenho":"0007079","classificacao":"135","data_empenho":"2022-11-11","codigo_credor":"22371960000109","nome_credor":"PEDRO TORQUATO DA SILVA-ME","valor_contratado":370.00,"valor_pago":370.00},{"codigo_unidade_gestora":"201157","codigo_unidade_orcamentaria":"02020","numero_empenho":"0007080","classificacao":"135","data_empenho":"2022-11-11","codigo_credor":"00000000280704","nome_credor":"BANCO DO BRASIL S/A","valor_contratado":33.00,"valor_pago":33.00},{"codigo_unidade_gestora":"201157","codigo_unidade_orcamentaria":"02140","numero_empenho":"0007081","classificacao":"128","data_empenho":"2022-11-14","codigo_credor":"34175047000108","nome_credor":"RICARDO ADRIANO VITURINO 02886988430","valor_contratado":1430.00,"valor_pago":1430.00},{"codigo_unidade_gestora":"201157","codigo_unidade_orcamentaria":"02050","numero_empenho":"0007082","classificacao":"126","data_empenho":"2022-11-14","codigo_credor":"00009308608451","nome_credor":"MARIA SALETE SIMPLICIO DOS SANTOS","valor_contratado":1190.00,"valor_pago":1190.00},{"codigo_unidade_gestora":"201157","codigo_unidade_orcamentaria":"02050","numero_empenho":"0007083","classificacao":"126","data_empenho":"2022-11-14","codigo_credor":"00005126763482","nome_credor":"ELIZABETY ANANIAS BARBOSA","valor_contratado":1079.00,"valor_pago":1079.00},{"codigo_unidade_gestora":"201157","codigo_unidade_orcamentaria":"02050","numero_empenho":"0007084","classificacao":"126","data_empenho":"2022-11-14","codigo_credor":"00007110275442","nome_credor":"REJANE DE LIMA NUNES","valor_contratado":1968.00,"valor_pago":1968.00},{"codigo_unidade_gestora":"201157","codigo_unidade_orcamentaria":"02050","numero_empenho":"0007085","classificacao":"126","data_empenho":"2022-11-14","codigo_credor":"00000313522782","nome_credor":"TEREZINHA SERAFIM DOS SANTOS","valor_contratado":1335.00,"valor_pago":1335.00},{"codigo_unidade_gestora":"201157","codigo_unidade_orcamentaria":"02050","numero_empenho":"0007086","classificacao":"126","data_empenho":"2022-11-14","codigo_credor":"00004084135496","nome_credor":"PAULO RICARDO DA SILVA DELGADO","valor_contratado":2507.00,"valor_pago":2507.00},{"codigo_unidade_gestora":"201157","codigo_unidade_orcamentaria":"02050","numero_empenho":"0007087","classificacao":"126","data_empenho":"2022-11-14","codigo_credor":"00002702801463","nome_credor":"MARIA APARECIDA DOS SANTOS PEREIRA","valor_contratado":1230.00,"valor_pago":1230.00},{"codigo_unidade_gestora":"201157","codigo_unidade_orcamentaria":"02050","numero_empenho":"0007088","classificacao":"135","data_empenho":"2022-11-14","codigo_credor":"18369916000189","nome_credor":"CARLOS PASSOS DA COSTA JUNIOR","valor_contratado":7980.00,"valor_pago":7980.00},{"codigo_unidade_gestora":"201157","codigo_unidade_orcamentaria":"02110","numero_empenho":"0007089","classificacao":"126","data_empenho":"2022-11-14","codigo_credor":"05329135000119","nome_credor":"ALEXSANDRO SANTOS DA SILVA","valor_contratado":8129.00,"valor_pago":8129.00},{"codigo_unidade_gestora":"201157","codigo_unidade_orcamentaria":"02080","numero_empenho":"0007090","classificacao":"126","data_empenho":"2022-11-14","codigo_credor":"19772324000176","nome_credor":"VALDECIR MELO SANTOS","valor_contratado":1425.00,"valor_pago":1425.00},{"codigo_unidade_gestora":"201157","codigo_unidade_orcamentaria":"02010","numero_empenho":"0007091","classificacao":"135","data_empenho":"2022-11-14","codigo_credor":"19466870000189","nome_credor":"MARIVALDO RODRIGUES DA SILVA-ME","valor_contratado":2450.00,"valor_pago":2450.00},{"codigo_unidade_gestora":"201157","codigo_unidade_orcamentaria":"02120","numero_empenho":"0007092","classificacao":"132","data_empenho":"2022-11-14","codigo_credor":"00020494114487","nome_credor":"UBIRATAN ARAUJO CIRNE","valor_contratado":3500.00,"valor_pago":3500.00},{"codigo_unidade_gestora":"201157","codigo_unidade_orcamentaria":"02020","numero_empenho":"0007093","classificacao":"135","data_empenho":"2022-11-14","codigo_credor":"00000000280704","nome_credor":"BANCO DO BRASIL S/A","valor_contratado":55.00,"valor_pago":55.00},{"codigo_unidade_gestora":"201157","codigo_unidade_orcamentaria":"02020","numero_empenho":"0007094","classificacao":"135","data_empenho":"2022-11-14","codigo_credor":"00000000280704","nome_credor":"BANCO DO BRASIL S/A","valor_contratado":11.00,"valor_pago":11.00},{"codigo_unidade_gestora":"201157","codigo_unidade_orcamentaria":"02040","numero_empenho":"0007095","classificacao":"135","data_empenho":"2022-11-14","codigo_credor":"00000000280704","nome_credor":"BANCO DO BRASIL S/A","valor_contratado":22.00,"valor_pago":22.00},{"codigo_unidade_gestora":"201157","codigo_unidade_orcamentaria":"02130","numero_empenho":"0007096","classificacao":"126","data_empenho":"2022-11-16","codigo_credor":"10704681000122","nome_credor":"AGROPECUARIA CAMPINENSE LTDA","valor_contratado":1133.00,"valor_pago":1133.00},{"codigo_unidade_gestora":"201157","codigo_unidade_orcamentaria":"02140","numero_empenho":"0007097","classificacao":"132","data_empenho":"2022-11-16","codigo_credor":"00032316330444","nome_credor":"MAURICIO COELHO DE OLIVEIRA","valor_contratado":0.00,"valor_pago":0.00},{"codigo_unidade_gestora":"201157","codigo_unidade_orcamentaria":"02050","numero_empenho":"0007098","classificacao":"126","data_empenho":"2022-11-16","codigo_credor":"01686814000194","nome_credor":"ALEXSANDRA DINIZ FERNANDES","valor_contratado":12756.00,"valor_pago":12756.00},{"codigo_unidade_gestora":"201157","codigo_unidade_orcamentaria":"02050","numero_empenho":"0007099","classificacao":"135","data_empenho":"2022-11-16","codigo_credor":"33853534000110","nome_credor":"BIOPRAG AMBIENTAL SERVICOS EIRELI","valor_contratado":3510.00,"valor_pago":3510.00},{"codigo_unidade_gestora":"201157","codigo_unidade_orcamentaria":"02110","numero_empenho":"0007100","classificacao":"135","data_empenho":"2022-11-16","codigo_credor":"09653741000146","nome_credor":"CENTRO PARAIBANO DE NEUROCIENCIAS COGNITIVAS LTDA","valor_contratado":180.00,"valor_pago":180.00}]}}