{"size":50,"page":1,"total":795,"count":50,"_embedded":{"empenhos":[{"codigo_unidade_gestora":"201157","codigo_unidade_orcamentaria":"02120","numero_empenho":"0005087","classificacao":"126","data_empenho":"2022-09-01","codigo_credor":"34175047000108","nome_credor":"RICARDO ADRIANO VITURINO 02886988430","valor_contratado":7377.50,"valor_pago":7377.50},{"codigo_unidade_gestora":"201157","codigo_unidade_orcamentaria":"02110","numero_empenho":"0005088","classificacao":"131","data_empenho":"2022-09-01","codigo_credor":"26804557000179","nome_credor":"JULIANNY DA CUNHA GOUVEIA","valor_contratado":2500.00,"valor_pago":2500.00},{"codigo_unidade_gestora":"201157","codigo_unidade_orcamentaria":"02020","numero_empenho":"0005089","classificacao":"135","data_empenho":"2022-09-01","codigo_credor":"00000000280704","nome_credor":"BANCO DO BRASIL S/A","valor_contratado":70.75,"valor_pago":70.75},{"codigo_unidade_gestora":"201157","codigo_unidade_orcamentaria":"02070","numero_empenho":"0005090","classificacao":"126","data_empenho":"2022-09-01","codigo_credor":"42878093000100","nome_credor":"JCASIF COMERCIO VAREJISTA DE CEREAIS LTDA","valor_contratado":647.28,"valor_pago":647.28},{"codigo_unidade_gestora":"201157","codigo_unidade_orcamentaria":"02050","numero_empenho":"0005091","classificacao":"126","data_empenho":"2022-09-01","codigo_credor":"42878093000100","nome_credor":"JCASIF COMERCIO VAREJISTA DE CEREAIS LTDA","valor_contratado":431.52,"valor_pago":431.52},{"codigo_unidade_gestora":"201157","codigo_unidade_orcamentaria":"02040","numero_empenho":"0005092","classificacao":"126","data_empenho":"2022-09-01","codigo_credor":"42878093000100","nome_credor":"JCASIF COMERCIO VAREJISTA DE CEREAIS LTDA","valor_contratado":539.40,"valor_pago":539.40},{"codigo_unidade_gestora":"201157","codigo_unidade_orcamentaria":"02050","numero_empenho":"0005093","classificacao":"126","data_empenho":"2022-09-01","codigo_credor":"42878093000100","nome_credor":"JCASIF COMERCIO VAREJISTA DE CEREAIS LTDA","valor_contratado":863.04,"valor_pago":863.04},{"codigo_unidade_gestora":"201157","codigo_unidade_orcamentaria":"02020","numero_empenho":"0005094","classificacao":"126","data_empenho":"2022-09-01","codigo_credor":"42878093000100","nome_credor":"JCASIF COMERCIO VAREJISTA DE CEREAIS LTDA","valor_contratado":647.28,"valor_pago":647.28},{"codigo_unidade_gestora":"201157","codigo_unidade_orcamentaria":"02070","numero_empenho":"0005095","classificacao":"126","data_empenho":"2022-09-01","codigo_credor":"42878093000100","nome_credor":"JCASIF COMERCIO VAREJISTA DE CEREAIS LTDA","valor_contratado":323.64,"valor_pago":323.64},{"codigo_unidade_gestora":"201157","codigo_unidade_orcamentaria":"02110","numero_empenho":"0005096","classificacao":"126","data_empenho":"2022-09-01","codigo_credor":"42878093000100","nome_credor":"JCASIF COMERCIO VAREJISTA DE CEREAIS LTDA","valor_contratado":647.28,"valor_pago":647.28},{"codigo_unidade_gestora":"201157","codigo_unidade_orcamentaria":"02110","numero_empenho":"0005097","classificacao":"126","data_empenho":"2022-09-01","codigo_credor":"42878093000100","nome_credor":"JCASIF COMERCIO VAREJISTA DE CEREAIS LTDA","valor_contratado":215.76,"valor_pago":215.76},{"codigo_unidade_gestora":"201157","codigo_unidade_orcamentaria":"02110","numero_empenho":"0005098","classificacao":"126","data_empenho":"2022-09-01","codigo_credor":"02977362000162","nome_credor":"A.COSTA COM.ATAC. DE PROD.FARM. LTDA","valor_contratado":2602.00,"valor_pago":2602.00},{"codigo_unidade_gestora":"201157","codigo_unidade_orcamentaria":"02020","numero_empenho":"0005099","classificacao":"135","data_empenho":"2022-09-01","codigo_credor":"00360305000104","nome_credor":"CAIXA ECONOMICA FEDERAL","valor_contratado":1221.11,"valor_pago":1221.11},{"codigo_unidade_gestora":"201157","codigo_unidade_orcamentaria":"02040","numero_empenho":"0005100","classificacao":"126","data_empenho":"2022-09-01","codigo_credor":"42878093000100","nome_credor":"JCASIF COMERCIO VAREJISTA DE CEREAIS LTDA","valor_contratado":215.76,"valor_pago":215.76},{"codigo_unidade_gestora":"201157","codigo_unidade_orcamentaria":"02110","numero_empenho":"0005101","classificacao":"126","data_empenho":"2022-09-01","codigo_credor":"42878093000100","nome_credor":"JCASIF COMERCIO VAREJISTA DE CEREAIS LTDA","valor_contratado":1216.80,"valor_pago":1216.80},{"codigo_unidade_gestora":"201157","codigo_unidade_orcamentaria":"02020","numero_empenho":"0005102","classificacao":"135","data_empenho":"2022-09-01","codigo_credor":"00360305000104","nome_credor":"CAIXA ECONOMICA FEDERAL","valor_contratado":370.26,"valor_pago":370.26},{"codigo_unidade_gestora":"201157","codigo_unidade_orcamentaria":"02050","numero_empenho":"0005103","classificacao":"126","data_empenho":"2022-09-01","codigo_credor":"42878093000100","nome_credor":"JCASIF COMERCIO VAREJISTA DE CEREAIS LTDA","valor_contratado":1001.04,"valor_pago":1001.04},{"codigo_unidade_gestora":"201157","codigo_unidade_orcamentaria":"02120","numero_empenho":"0005104","classificacao":"132","data_empenho":"2022-09-01","codigo_credor":"00012392769400","nome_credor":"MESSIAS BATISTA DE FARIAS","valor_contratado":1000.00,"valor_pago":1000.00},{"codigo_unidade_gestora":"201157","codigo_unidade_orcamentaria":"02110","numero_empenho":"0005105","classificacao":"150","data_empenho":"2022-09-01","codigo_credor":"45579602000183","nome_credor":"MAIS DISTRIBUICOES PB COMERCIO E SERVICO LTDA","valor_contratado":637.50,"valor_pago":637.50},{"codigo_unidade_gestora":"201157","codigo_unidade_orcamentaria":"02110","numero_empenho":"0005106","classificacao":"135","data_empenho":"2022-09-01","codigo_credor":"42510848000100","nome_credor":"RODRIGO RENY BRAGA RIBEIRO","valor_contratado":5300.00,"valor_pago":5300.00},{"codigo_unidade_gestora":"201157","codigo_unidade_orcamentaria":"02010","numero_empenho":"0005107","classificacao":"135","data_empenho":"2022-09-01","codigo_credor":"14949698000109","nome_credor":"G O L NETO EIRELI","valor_contratado":2466.86,"valor_pago":2466.86},{"codigo_unidade_gestora":"201157","codigo_unidade_orcamentaria":"02040","numero_empenho":"0005108","classificacao":"135","data_empenho":"2022-09-01","codigo_credor":"14949698000109","nome_credor":"G O L NETO EIRELI","valor_contratado":4200.00,"valor_pago":4200.00},{"codigo_unidade_gestora":"201157","codigo_unidade_orcamentaria":"02010","numero_empenho":"0005109","classificacao":"135","data_empenho":"2022-09-02","codigo_credor":"09366790000106","nome_credor":"EMPRESA PARAIBANA DE COMUNICAÇÃO S.A -EPC","valor_contratado":701.00,"valor_pago":701.00},{"codigo_unidade_gestora":"201157","codigo_unidade_orcamentaria":"02040","numero_empenho":"0005110","classificacao":"135","data_empenho":"2022-09-02","codigo_credor":"29776170000144","nome_credor":"WALMIR BEZERRA DA SILVA 09668419480","valor_contratado":200.00,"valor_pago":200.00},{"codigo_unidade_gestora":"201157","codigo_unidade_orcamentaria":"02010","numero_empenho":"0005111","classificacao":"135","data_empenho":"2022-09-02","codigo_credor":"09366790000106","nome_credor":"EMPRESA PARAIBANA DE COMUNICAÇÃO S.A -EPC","valor_contratado":310.00,"valor_pago":310.00},{"codigo_unidade_gestora":"201157","codigo_unidade_orcamentaria":"02050","numero_empenho":"0005112","classificacao":"135","data_empenho":"2022-09-02","codigo_credor":"14666954000142","nome_credor":"PONTUAL TRANSPORTE DE PASSAGEIROS LTDA","valor_contratado":1973.49,"valor_pago":1973.49},{"codigo_unidade_gestora":"201157","codigo_unidade_orcamentaria":"02080","numero_empenho":"0005113","classificacao":"135","data_empenho":"2022-09-02","codigo_credor":"14666954000142","nome_credor":"PONTUAL TRANSPORTE DE PASSAGEIROS LTDA","valor_contratado":2444.43,"valor_pago":2444.43},{"codigo_unidade_gestora":"201157","codigo_unidade_orcamentaria":"02080","numero_empenho":"0005114","classificacao":"135","data_empenho":"2022-09-02","codigo_credor":"29776170000144","nome_credor":"WALMIR BEZERRA DA SILVA 09668419480","valor_contratado":900.00,"valor_pago":900.00},{"codigo_unidade_gestora":"201157","codigo_unidade_orcamentaria":"02040","numero_empenho":"0005115","classificacao":"135","data_empenho":"2022-09-02","codigo_credor":"14666954000142","nome_credor":"PONTUAL TRANSPORTE DE PASSAGEIROS LTDA","valor_contratado":1973.49,"valor_pago":1973.49},{"codigo_unidade_gestora":"201157","codigo_unidade_orcamentaria":"02020","numero_empenho":"0005116","classificacao":"136","data_empenho":"2022-09-02","codigo_credor":"17758807000190","nome_credor":"E-SOFT TECNOLOGIA EM INFORMATICA LTDA-EPP","valor_contratado":930.00,"valor_pago":930.00},{"codigo_unidade_gestora":"201157","codigo_unidade_orcamentaria":"02120","numero_empenho":"0005117","classificacao":"135","data_empenho":"2022-09-02","codigo_credor":"29776170000144","nome_credor":"WALMIR BEZERRA DA SILVA 09668419480","valor_contratado":3500.00,"valor_pago":3500.00},{"codigo_unidade_gestora":"201157","codigo_unidade_orcamentaria":"02110","numero_empenho":"0005118","classificacao":"135","data_empenho":"2022-09-02","codigo_credor":"34783914000198","nome_credor":"JOSE WAGNER DE LIMA","valor_contratado":13200.00,"valor_pago":13200.00},{"codigo_unidade_gestora":"201157","codigo_unidade_orcamentaria":"02050","numero_empenho":"0005119","classificacao":"126","data_empenho":"2022-09-02","codigo_credor":"08158664000195","nome_credor":"INDUSTRIA E COMERCIO DE PRODUTOS DE LIMPEZA CAMPINENSE LTDA","valor_contratado":649.75,"valor_pago":649.75},{"codigo_unidade_gestora":"201157","codigo_unidade_orcamentaria":"02050","numero_empenho":"0005120","classificacao":"126","data_empenho":"2022-09-02","codigo_credor":"08158664000195","nome_credor":"INDUSTRIA E COMERCIO DE PRODUTOS DE LIMPEZA CAMPINENSE LTDA","valor_contratado":649.75,"valor_pago":649.75},{"codigo_unidade_gestora":"201157","codigo_unidade_orcamentaria":"02050","numero_empenho":"0005121","classificacao":"135","data_empenho":"2022-09-02","codigo_credor":"29776170000144","nome_credor":"WALMIR BEZERRA DA SILVA 09668419480","valor_contratado":300.00,"valor_pago":300.00},{"codigo_unidade_gestora":"201157","codigo_unidade_orcamentaria":"02120","numero_empenho":"0005122","classificacao":"135","data_empenho":"2022-09-02","codigo_credor":"29776170000144","nome_credor":"WALMIR BEZERRA DA SILVA 09668419480","valor_contratado":600.00,"valor_pago":600.00},{"codigo_unidade_gestora":"201157","codigo_unidade_orcamentaria":"02110","numero_empenho":"0005123","classificacao":"126","data_empenho":"2022-09-02","codigo_credor":"08158664000195","nome_credor":"INDUSTRIA E COMERCIO DE PRODUTOS DE LIMPEZA CAMPINENSE LTDA","valor_contratado":1535.60,"valor_pago":1535.60},{"codigo_unidade_gestora":"201157","codigo_unidade_orcamentaria":"02040","numero_empenho":"0005124","classificacao":"126","data_empenho":"2022-09-02","codigo_credor":"08158664000195","nome_credor":"INDUSTRIA E COMERCIO DE PRODUTOS DE LIMPEZA CAMPINENSE LTDA","valor_contratado":539.80,"valor_pago":539.80},{"codigo_unidade_gestora":"201157","codigo_unidade_orcamentaria":"02070","numero_empenho":"0005125","classificacao":"135","data_empenho":"2022-09-02","codigo_credor":"76535764001972","nome_credor":"OI S.A.","valor_contratado":188.79,"valor_pago":188.79},{"codigo_unidade_gestora":"201157","codigo_unidade_orcamentaria":"02080","numero_empenho":"0005126","classificacao":"135","data_empenho":"2022-09-02","codigo_credor":"17923503000131","nome_credor":"ERALDO MARINHO DA SILVA  13540129847","valor_contratado":936.00,"valor_pago":936.00},{"codigo_unidade_gestora":"201157","codigo_unidade_orcamentaria":"02090","numero_empenho":"0005127","classificacao":"135","data_empenho":"2022-09-02","codigo_credor":"17923503000131","nome_credor":"ERALDO MARINHO DA SILVA  13540129847","valor_contratado":360.00,"valor_pago":360.00},{"codigo_unidade_gestora":"201157","codigo_unidade_orcamentaria":"02070","numero_empenho":"0005128","classificacao":"135","data_empenho":"2022-09-02","codigo_credor":"17923503000131","nome_credor":"ERALDO MARINHO DA SILVA  13540129847","valor_contratado":180.00,"valor_pago":180.00},{"codigo_unidade_gestora":"201157","codigo_unidade_orcamentaria":"02090","numero_empenho":"0005129","classificacao":"135","data_empenho":"2022-09-02","codigo_credor":"17923503000131","nome_credor":"ERALDO MARINHO DA SILVA  13540129847","valor_contratado":1152.00,"valor_pago":1152.00},{"codigo_unidade_gestora":"201157","codigo_unidade_orcamentaria":"02140","numero_empenho":"0005130","classificacao":"144","data_empenho":"2022-09-02","codigo_credor":"00008883192400","nome_credor":"GIRLAN FELICIO","valor_contratado":0.00,"valor_pago":0.00},{"codigo_unidade_gestora":"201157","codigo_unidade_orcamentaria":"02120","numero_empenho":"0005131","classificacao":"132","data_empenho":"2022-09-02","codigo_credor":"00006014966471","nome_credor":"LUIZ JACKSON RODRIGUES DA SILVA","valor_contratado":700.00,"valor_pago":700.00},{"codigo_unidade_gestora":"201157","codigo_unidade_orcamentaria":"02120","numero_empenho":"0005132","classificacao":"144","data_empenho":"2022-09-02","codigo_credor":"00010088179451","nome_credor":"WELLINGTON DA SILVA FELIX","valor_contratado":3500.00,"valor_pago":3500.00},{"codigo_unidade_gestora":"201157","codigo_unidade_orcamentaria":"02120","numero_empenho":"0005133","classificacao":"132","data_empenho":"2022-09-02","codigo_credor":"00006073012446","nome_credor":"JOSE GOMES DA SILVA JUNIOR","valor_contratado":1000.00,"valor_pago":1000.00},{"codigo_unidade_gestora":"201157","codigo_unidade_orcamentaria":"02120","numero_empenho":"0005134","classificacao":"132","data_empenho":"2022-09-02","codigo_credor":"00099703130453","nome_credor":"LUCIANA RODRIGUES DOS SANTOS","valor_contratado":300.00,"valor_pago":300.00},{"codigo_unidade_gestora":"201157","codigo_unidade_orcamentaria":"02140","numero_empenho":"0005135","classificacao":"135","data_empenho":"2022-09-02","codigo_credor":"00000000280704","nome_credor":"BANCO DO BRASIL S/A","valor_contratado":22.00,"valor_pago":22.00},{"codigo_unidade_gestora":"201157","codigo_unidade_orcamentaria":"02020","numero_empenho":"0005136","classificacao":"135","data_empenho":"2022-09-02","codigo_credor":"00000000280704","nome_credor":"BANCO DO BRASIL S/A","valor_contratado":88.00,"valor_pago":88.00}]}}