{"size":50,"page":17,"total":802,"count":2,"_embedded":{"empenhos":[{"codigo_unidade_gestora":"201157","codigo_unidade_orcamentaria":"02050","numero_empenho":"0007453","classificacao":"135","data_empenho":"2022-11-30","codigo_credor":"00360305000104","nome_credor":"CAIXA ECONOMICA FEDERAL","valor_contratado":55.00,"valor_pago":55.00},{"codigo_unidade_gestora":"201157","codigo_unidade_orcamentaria":"02140","numero_empenho":"0007454","classificacao":"132","data_empenho":"2022-11-30","codigo_credor":"00006333897493","nome_credor":"GRETCHEM SANTOS DA SILVA","valor_contratado":550.00,"valor_pago":550.00}]}}