{"size":50,"page":12,"total":767,"count":50,"_embedded":{"empenhos":[{"codigo_unidade_gestora":"201157","codigo_unidade_orcamentaria":"02110","numero_empenho":"0004021","classificacao":"126","data_empenho":"2022-07-21","codigo_credor":"44132269000105","nome_credor":"VANESSA CAETANO FRANCA DE AQUINO LEITE 05307428456","valor_contratado":148.90,"valor_pago":148.90},{"codigo_unidade_gestora":"201157","codigo_unidade_orcamentaria":"02070","numero_empenho":"0004022","classificacao":"126","data_empenho":"2022-07-21","codigo_credor":"09331495000106","nome_credor":"MARIA ANDREA ARAGAO TORRES-PERNAMBUCO TEXTIL","valor_contratado":0.00,"valor_pago":0.00},{"codigo_unidade_gestora":"201157","codigo_unidade_orcamentaria":"02050","numero_empenho":"0004023","classificacao":"135","data_empenho":"2022-07-21","codigo_credor":"27123627000196","nome_credor":"MARILIA DA SILVA CAVALCANTE - 08142292475","valor_contratado":2560.00,"valor_pago":2560.00},{"codigo_unidade_gestora":"201157","codigo_unidade_orcamentaria":"02050","numero_empenho":"0004024","classificacao":"126","data_empenho":"2022-07-21","codigo_credor":"00009695243401","nome_credor":"JOSEMAR RIBEIRO DO NASCIMENTO","valor_contratado":2250.00,"valor_pago":2250.00},{"codigo_unidade_gestora":"201157","codigo_unidade_orcamentaria":"02050","numero_empenho":"0004025","classificacao":"126","data_empenho":"2022-07-21","codigo_credor":"00009695243401","nome_credor":"JOSEMAR RIBEIRO DO NASCIMENTO","valor_contratado":2250.00,"valor_pago":2250.00},{"codigo_unidade_gestora":"201157","codigo_unidade_orcamentaria":"02010","numero_empenho":"0004026","classificacao":"126","data_empenho":"2022-07-21","codigo_credor":"44132269000105","nome_credor":"VANESSA CAETANO FRANCA DE AQUINO LEITE 05307428456","valor_contratado":456.82,"valor_pago":456.82},{"codigo_unidade_gestora":"201157","codigo_unidade_orcamentaria":"02020","numero_empenho":"0004027","classificacao":"135","data_empenho":"2022-07-21","codigo_credor":"00000000280704","nome_credor":"BANCO DO BRASIL S/A","valor_contratado":22.00,"valor_pago":22.00},{"codigo_unidade_gestora":"201157","codigo_unidade_orcamentaria":"02140","numero_empenho":"0004028","classificacao":"135","data_empenho":"2022-07-21","codigo_credor":"31082268000143","nome_credor":"MARIA EUNICE FIDELIS DE LIMA 01844384462","valor_contratado":600.00,"valor_pago":600.00},{"codigo_unidade_gestora":"201157","codigo_unidade_orcamentaria":"02140","numero_empenho":"0004029","classificacao":"135","data_empenho":"2022-07-21","codigo_credor":"39154988000189","nome_credor":"LUCIANO OLIVEIRA DA SILVA","valor_contratado":600.00,"valor_pago":600.00},{"codigo_unidade_gestora":"201157","codigo_unidade_orcamentaria":"02140","numero_empenho":"0004030","classificacao":"135","data_empenho":"2022-07-21","codigo_credor":"30554144000150","nome_credor":"MARIA ROSICLER GONCALVES DE OLIVEIRA 51109280459","valor_contratado":1700.00,"valor_pago":1700.00},{"codigo_unidade_gestora":"201157","codigo_unidade_orcamentaria":"02140","numero_empenho":"0004031","classificacao":"135","data_empenho":"2022-07-21","codigo_credor":"30665353000171","nome_credor":"CLODOALDO DE SOUZA LIMA 04385210489","valor_contratado":1200.00,"valor_pago":1200.00},{"codigo_unidade_gestora":"201157","codigo_unidade_orcamentaria":"02010","numero_empenho":"0004032","classificacao":"135","data_empenho":"2022-07-21","codigo_credor":"33609700000137","nome_credor":"WANDEYFLAVIO BERTULINO AGRA 04819156489","valor_contratado":10868.00,"valor_pago":10868.00},{"codigo_unidade_gestora":"201157","codigo_unidade_orcamentaria":"02140","numero_empenho":"0004033","classificacao":"135","data_empenho":"2022-07-21","codigo_credor":"45308089000196","nome_credor":"WESLEY RODRIGUES DA COSTA 11740339401","valor_contratado":1800.00,"valor_pago":1800.00},{"codigo_unidade_gestora":"201157","codigo_unidade_orcamentaria":"02140","numero_empenho":"0004034","classificacao":"135","data_empenho":"2022-07-21","codigo_credor":"45908534000159","nome_credor":"LUIZ FELIPE RODRIGUES PATRICIO","valor_contratado":600.00,"valor_pago":600.00},{"codigo_unidade_gestora":"201157","codigo_unidade_orcamentaria":"02140","numero_empenho":"0004035","classificacao":"135","data_empenho":"2022-07-21","codigo_credor":"29616667000103","nome_credor":"CARLOS DANIEL CRUZ FERREIRA 47459129860","valor_contratado":600.00,"valor_pago":600.00},{"codigo_unidade_gestora":"201157","codigo_unidade_orcamentaria":"02010","numero_empenho":"0004036","classificacao":"135","data_empenho":"2022-07-22","codigo_credor":"09366790000106","nome_credor":"EMPRESA PARAIBANA DE COMUNICAÇÃO S.A -EPC","valor_contratado":615.00,"valor_pago":615.00},{"codigo_unidade_gestora":"201157","codigo_unidade_orcamentaria":"02010","numero_empenho":"0004037","classificacao":"135","data_empenho":"2022-07-22","codigo_credor":"29458217000121","nome_credor":"MARCOS ANTONIO BATISTA REIS 85353213491","valor_contratado":2250.00,"valor_pago":2250.00},{"codigo_unidade_gestora":"201157","codigo_unidade_orcamentaria":"02010","numero_empenho":"0004038","classificacao":"135","data_empenho":"2022-07-22","codigo_credor":"09366790000106","nome_credor":"EMPRESA PARAIBANA DE COMUNICAÇÃO S.A -EPC","valor_contratado":1137.00,"valor_pago":1137.00},{"codigo_unidade_gestora":"201157","codigo_unidade_orcamentaria":"02010","numero_empenho":"0004039","classificacao":"135","data_empenho":"2022-07-22","codigo_credor":"09366790000106","nome_credor":"EMPRESA PARAIBANA DE COMUNICAÇÃO S.A -EPC","valor_contratado":375.00,"valor_pago":375.00},{"codigo_unidade_gestora":"201157","codigo_unidade_orcamentaria":"02010","numero_empenho":"0004040","classificacao":"135","data_empenho":"2022-07-22","codigo_credor":"09366790000106","nome_credor":"EMPRESA PARAIBANA DE COMUNICAÇÃO S.A -EPC","valor_contratado":1178.00,"valor_pago":1178.00},{"codigo_unidade_gestora":"201157","codigo_unidade_orcamentaria":"02030","numero_empenho":"0004041","classificacao":"187","data_empenho":"2022-07-22","codigo_credor":"09283185000163","nome_credor":"JOAO PESSOA TRIBUNAL DE JUSTIÇA DO ESTADO DA PARAIBA","valor_contratado":1750.00,"valor_pago":1750.00},{"codigo_unidade_gestora":"201157","codigo_unidade_orcamentaria":"02050","numero_empenho":"0004042","classificacao":"126","data_empenho":"2022-07-22","codigo_credor":"00010603925421","nome_credor":"IGOR DELFINO GOMES DA SILVA","valor_contratado":1325.00,"valor_pago":1325.00},{"codigo_unidade_gestora":"201157","codigo_unidade_orcamentaria":"02070","numero_empenho":"0004043","classificacao":"189","data_empenho":"2022-07-22","codigo_credor":"20024024000198","nome_credor":"FUNDAÇÃO RESGATANDO VIDAS-RV","valor_contratado":1100.00,"valor_pago":1100.00},{"codigo_unidade_gestora":"201157","codigo_unidade_orcamentaria":"02110","numero_empenho":"0004044","classificacao":"126","data_empenho":"2022-07-22","codigo_credor":"07788510000114","nome_credor":"IN-DENTAL PRODUTOS ODONTOLOGICOS, MEDICOS E HOSPITALARES LTDA","valor_contratado":1414.22,"valor_pago":1414.22},{"codigo_unidade_gestora":"201157","codigo_unidade_orcamentaria":"02050","numero_empenho":"0004045","classificacao":"135","data_empenho":"2022-07-22","codigo_credor":"18369916000189","nome_credor":"CARLOS PASSOS DA COSTA JUNIOR","valor_contratado":10000.00,"valor_pago":10000.00},{"codigo_unidade_gestora":"201157","codigo_unidade_orcamentaria":"02010","numero_empenho":"0004046","classificacao":"97","data_empenho":"2022-07-22","codigo_credor":"02772704000108","nome_credor":"ANATEL","valor_contratado":25.97,"valor_pago":25.97},{"codigo_unidade_gestora":"201157","codigo_unidade_orcamentaria":"02010","numero_empenho":"0004047","classificacao":"135","data_empenho":"2022-07-22","codigo_credor":"02772704000108","nome_credor":"ANATEL","valor_contratado":85.70,"valor_pago":85.70},{"codigo_unidade_gestora":"201157","codigo_unidade_orcamentaria":"02140","numero_empenho":"0004048","classificacao":"135","data_empenho":"2022-07-22","codigo_credor":"00000000280704","nome_credor":"BANCO DO BRASIL S/A","valor_contratado":22.00,"valor_pago":22.00},{"codigo_unidade_gestora":"201157","codigo_unidade_orcamentaria":"02140","numero_empenho":"0004049","classificacao":"135","data_empenho":"2022-07-22","codigo_credor":"00000000280704","nome_credor":"BANCO DO BRASIL S/A","valor_contratado":11.00,"valor_pago":11.00},{"codigo_unidade_gestora":"201157","codigo_unidade_orcamentaria":"02020","numero_empenho":"0004050","classificacao":"135","data_empenho":"2022-07-22","codigo_credor":"00000000280704","nome_credor":"BANCO DO BRASIL S/A","valor_contratado":33.00,"valor_pago":33.00},{"codigo_unidade_gestora":"201157","codigo_unidade_orcamentaria":"02040","numero_empenho":"0004051","classificacao":"135","data_empenho":"2022-07-22","codigo_credor":"00000000280704","nome_credor":"BANCO DO BRASIL S/A","valor_contratado":11.00,"valor_pago":11.00},{"codigo_unidade_gestora":"201157","codigo_unidade_orcamentaria":"02020","numero_empenho":"0004052","classificacao":"126","data_empenho":"2022-07-22","codigo_credor":"21589394000135","nome_credor":"IMPERIO INDUSTRIA E COMERCIO DE BANDEIRAS EIRELI","valor_contratado":237.50,"valor_pago":237.50},{"codigo_unidade_gestora":"201157","codigo_unidade_orcamentaria":"02050","numero_empenho":"0004053","classificacao":"126","data_empenho":"2022-07-22","codigo_credor":"21589394000135","nome_credor":"IMPERIO INDUSTRIA E COMERCIO DE BANDEIRAS EIRELI","valor_contratado":475.00,"valor_pago":475.00},{"codigo_unidade_gestora":"201157","codigo_unidade_orcamentaria":"02050","numero_empenho":"0004054","classificacao":"126","data_empenho":"2022-07-22","codigo_credor":"21589394000135","nome_credor":"IMPERIO INDUSTRIA E COMERCIO DE BANDEIRAS EIRELI","valor_contratado":475.00,"valor_pago":475.00},{"codigo_unidade_gestora":"201157","codigo_unidade_orcamentaria":"02110","numero_empenho":"0004055","classificacao":"126","data_empenho":"2022-07-22","codigo_credor":"21589394000135","nome_credor":"IMPERIO INDUSTRIA E COMERCIO DE BANDEIRAS EIRELI","valor_contratado":950.00,"valor_pago":950.00},{"codigo_unidade_gestora":"201157","codigo_unidade_orcamentaria":"02070","numero_empenho":"0004056","classificacao":"126","data_empenho":"2022-07-22","codigo_credor":"21589394000135","nome_credor":"IMPERIO INDUSTRIA E COMERCIO DE BANDEIRAS EIRELI","valor_contratado":237.50,"valor_pago":237.50},{"codigo_unidade_gestora":"201157","codigo_unidade_orcamentaria":"02110","numero_empenho":"0004057","classificacao":"126","data_empenho":"2022-07-25","codigo_credor":"11054242000184","nome_credor":"DENTAL COSTA PRODUTOS ODONTOLOGICOS LTDA","valor_contratado":22020.51,"valor_pago":22020.51},{"codigo_unidade_gestora":"201157","codigo_unidade_orcamentaria":"02020","numero_empenho":"0004058","classificacao":"135","data_empenho":"2022-07-25","codigo_credor":"04685950000158","nome_credor":"AZUS COPY CENTER COM.E SERVICOS LTDA","valor_contratado":325.00,"valor_pago":325.00},{"codigo_unidade_gestora":"201157","codigo_unidade_orcamentaria":"02110","numero_empenho":"0004059","classificacao":"126","data_empenho":"2022-07-25","codigo_credor":"08674752000140","nome_credor":"CIRURGICA MONTEBELLO LTDA","valor_contratado":558.60,"valor_pago":558.60},{"codigo_unidade_gestora":"201157","codigo_unidade_orcamentaria":"02020","numero_empenho":"0004060","classificacao":"135","data_empenho":"2022-07-25","codigo_credor":"04685950000158","nome_credor":"AZUS COPY CENTER COM.E SERVICOS LTDA","valor_contratado":650.00,"valor_pago":650.00},{"codigo_unidade_gestora":"201157","codigo_unidade_orcamentaria":"02050","numero_empenho":"0004061","classificacao":"126","data_empenho":"2022-07-25","codigo_credor":"31131079000113","nome_credor":"MASCENA DISTRIBUIDORA LTDA","valor_contratado":6000.00,"valor_pago":6000.00},{"codigo_unidade_gestora":"201157","codigo_unidade_orcamentaria":"02050","numero_empenho":"0004062","classificacao":"135","data_empenho":"2022-07-25","codigo_credor":"04685950000158","nome_credor":"AZUS COPY CENTER COM.E SERVICOS LTDA","valor_contratado":650.00,"valor_pago":650.00},{"codigo_unidade_gestora":"201157","codigo_unidade_orcamentaria":"02040","numero_empenho":"0004063","classificacao":"135","data_empenho":"2022-07-25","codigo_credor":"09095183000140","nome_credor":"ENERGISA","valor_contratado":70.87,"valor_pago":70.87},{"codigo_unidade_gestora":"201157","codigo_unidade_orcamentaria":"02050","numero_empenho":"0004064","classificacao":"110","data_empenho":"2022-07-25","codigo_credor":"00011438573480","nome_credor":"PAULO HENRIQUE FREIRE MELO","valor_contratado":45.00,"valor_pago":45.00},{"codigo_unidade_gestora":"201157","codigo_unidade_orcamentaria":"02050","numero_empenho":"0004065","classificacao":"110","data_empenho":"2022-07-25","codigo_credor":"00068868839415","nome_credor":"RILMA SUELY DE SOUZA MELO","valor_contratado":45.00,"valor_pago":45.00},{"codigo_unidade_gestora":"201157","codigo_unidade_orcamentaria":"02050","numero_empenho":"0004066","classificacao":"110","data_empenho":"2022-07-25","codigo_credor":"00004828881484","nome_credor":"MARCIA CRISTIANE LOPES DA SILVA BERNARDO","valor_contratado":45.00,"valor_pago":45.00},{"codigo_unidade_gestora":"201157","codigo_unidade_orcamentaria":"02050","numero_empenho":"0004067","classificacao":"110","data_empenho":"2022-07-25","codigo_credor":"00001561724459","nome_credor":"ROBERVAL DA SILVA PEREIRA","valor_contratado":85.00,"valor_pago":85.00},{"codigo_unidade_gestora":"201157","codigo_unidade_orcamentaria":"02110","numero_empenho":"0004068","classificacao":"135","data_empenho":"2022-07-25","codigo_credor":"15144201000130","nome_credor":"IMAGO DIAGNOSTICO POR IMAGEM LTDA","valor_contratado":890.00,"valor_pago":890.00},{"codigo_unidade_gestora":"201157","codigo_unidade_orcamentaria":"02010","numero_empenho":"0004069","classificacao":"135","data_empenho":"2022-07-26","codigo_credor":"09095183000140","nome_credor":"ENERGISA","valor_contratado":29.11,"valor_pago":29.11},{"codigo_unidade_gestora":"201157","codigo_unidade_orcamentaria":"02010","numero_empenho":"0004070","classificacao":"131","data_empenho":"2022-07-26","codigo_credor":"10954450000177","nome_credor":"IRAMILTON SATIRO DA NOBREGA","valor_contratado":2600.00,"valor_pago":2600.00}]}}