{"size":50,"page":1,"total":703,"count":50,"_embedded":{"empenhos":[{"codigo_unidade_gestora":"201157","codigo_unidade_orcamentaria":"02120","numero_empenho":"0001274","classificacao":"135","data_empenho":"2022-04-01","codigo_credor":"29776170000144","nome_credor":"WALMIR BEZERRA DA SILVA 09668419480","valor_contratado":1600.00,"valor_pago":1600.00},{"codigo_unidade_gestora":"201157","codigo_unidade_orcamentaria":"02080","numero_empenho":"0001275","classificacao":"135","data_empenho":"2022-04-01","codigo_credor":"36291941000179","nome_credor":"ANDRE RICARDO BARRETO PERAZZO COSTA","valor_contratado":7000.00,"valor_pago":7000.00},{"codigo_unidade_gestora":"201157","codigo_unidade_orcamentaria":"02080","numero_empenho":"0001276","classificacao":"135","data_empenho":"2022-04-01","codigo_credor":"36291941000179","nome_credor":"ANDRE RICARDO BARRETO PERAZZO COSTA","valor_contratado":7000.00,"valor_pago":7000.00},{"codigo_unidade_gestora":"201157","codigo_unidade_orcamentaria":"02080","numero_empenho":"0001277","classificacao":"135","data_empenho":"2022-04-01","codigo_credor":"36291941000179","nome_credor":"ANDRE RICARDO BARRETO PERAZZO COSTA","valor_contratado":4800.00,"valor_pago":4800.00},{"codigo_unidade_gestora":"201157","codigo_unidade_orcamentaria":"02080","numero_empenho":"0001278","classificacao":"135","data_empenho":"2022-04-01","codigo_credor":"36291941000179","nome_credor":"ANDRE RICARDO BARRETO PERAZZO COSTA","valor_contratado":7000.00,"valor_pago":7000.00},{"codigo_unidade_gestora":"201157","codigo_unidade_orcamentaria":"02080","numero_empenho":"0001279","classificacao":"135","data_empenho":"2022-04-01","codigo_credor":"36291941000179","nome_credor":"ANDRE RICARDO BARRETO PERAZZO COSTA","valor_contratado":7000.00,"valor_pago":7000.00},{"codigo_unidade_gestora":"201157","codigo_unidade_orcamentaria":"02080","numero_empenho":"0001280","classificacao":"135","data_empenho":"2022-04-01","codigo_credor":"30443124000102","nome_credor":"JOSE LYRA PEREIRA 02163303438","valor_contratado":1363.00,"valor_pago":1363.00},{"codigo_unidade_gestora":"201157","codigo_unidade_orcamentaria":"02080","numero_empenho":"0001281","classificacao":"135","data_empenho":"2022-04-01","codigo_credor":"32593366000108","nome_credor":"DJAILSON DE FARIAS FERREIRA 09774773470","valor_contratado":1390.57,"valor_pago":1390.57},{"codigo_unidade_gestora":"201157","codigo_unidade_orcamentaria":"02010","numero_empenho":"0001282","classificacao":"135","data_empenho":"2022-04-01","codigo_credor":"19144465000144","nome_credor":"ANTONIO MARIO DOS SANTOS JUNIOR 05954876452","valor_contratado":1500.00,"valor_pago":1500.00},{"codigo_unidade_gestora":"201157","codigo_unidade_orcamentaria":"02040","numero_empenho":"0001283","classificacao":"126","data_empenho":"2022-04-01","codigo_credor":"04923356000158","nome_credor":"FARIAS COMERCIO VAREJISTA DE MEDICAMENTOS LTDA","valor_contratado":24315.21,"valor_pago":24315.21},{"codigo_unidade_gestora":"201157","codigo_unidade_orcamentaria":"02120","numero_empenho":"0001284","classificacao":"135","data_empenho":"2022-04-01","codigo_credor":"32337210000166","nome_credor":"ADRIANO PEREIRA DO NASCIMENTO 03829603436","valor_contratado":0.00,"valor_pago":0.00},{"codigo_unidade_gestora":"201157","codigo_unidade_orcamentaria":"02120","numero_empenho":"0001285","classificacao":"135","data_empenho":"2022-04-01","codigo_credor":"32337210000166","nome_credor":"ADRIANO PEREIRA DO NASCIMENTO 03829603436","valor_contratado":0.00,"valor_pago":0.00},{"codigo_unidade_gestora":"201157","codigo_unidade_orcamentaria":"02040","numero_empenho":"0001286","classificacao":"135","data_empenho":"2022-04-01","codigo_credor":"32337210000166","nome_credor":"ADRIANO PEREIRA DO NASCIMENTO 03829603436","valor_contratado":0.00,"valor_pago":0.00},{"codigo_unidade_gestora":"201157","codigo_unidade_orcamentaria":"02070","numero_empenho":"0001287","classificacao":"135","data_empenho":"2022-04-01","codigo_credor":"32337210000166","nome_credor":"ADRIANO PEREIRA DO NASCIMENTO 03829603436","valor_contratado":0.00,"valor_pago":0.00},{"codigo_unidade_gestora":"201157","codigo_unidade_orcamentaria":"02070","numero_empenho":"0001288","classificacao":"135","data_empenho":"2022-04-01","codigo_credor":"32337210000166","nome_credor":"ADRIANO PEREIRA DO NASCIMENTO 03829603436","valor_contratado":0.00,"valor_pago":0.00},{"codigo_unidade_gestora":"201157","codigo_unidade_orcamentaria":"02020","numero_empenho":"0001289","classificacao":"136","data_empenho":"2022-04-01","codigo_credor":"24627421000105","nome_credor":"MAXÍMA SERVIÇOS EM TECNOLOGIA DA IRNFORMAÇÃO LTDA","valor_contratado":723.45,"valor_pago":723.45},{"codigo_unidade_gestora":"201157","codigo_unidade_orcamentaria":"02020","numero_empenho":"0001290","classificacao":"136","data_empenho":"2022-04-01","codigo_credor":"24627421000105","nome_credor":"MAXÍMA SERVIÇOS EM TECNOLOGIA DA IRNFORMAÇÃO LTDA","valor_contratado":723.45,"valor_pago":723.45},{"codigo_unidade_gestora":"201157","codigo_unidade_orcamentaria":"02110","numero_empenho":"0001291","classificacao":"131","data_empenho":"2022-04-01","codigo_credor":"26804557000179","nome_credor":"JULIANNY DA CUNHA GOUVEIA","valor_contratado":2500.00,"valor_pago":2500.00},{"codigo_unidade_gestora":"201157","codigo_unidade_orcamentaria":"02070","numero_empenho":"0001292","classificacao":"135","data_empenho":"2022-04-01","codigo_credor":"76535764001972","nome_credor":"OI S.A.","valor_contratado":180.37,"valor_pago":180.37},{"codigo_unidade_gestora":"201157","codigo_unidade_orcamentaria":"02140","numero_empenho":"0001293","classificacao":"144","data_empenho":"2022-04-01","codigo_credor":"00013547621429","nome_credor":"THAIS DA CRUZ","valor_contratado":200.00,"valor_pago":200.00},{"codigo_unidade_gestora":"201157","codigo_unidade_orcamentaria":"02020","numero_empenho":"0001294","classificacao":"135","data_empenho":"2022-04-01","codigo_credor":"00360305000104","nome_credor":"CAIXA ECONOMICA FEDERAL","valor_contratado":1224.85,"valor_pago":1224.85},{"codigo_unidade_gestora":"201157","codigo_unidade_orcamentaria":"02140","numero_empenho":"0001295","classificacao":"128","data_empenho":"2022-04-01","codigo_credor":"00002311512412","nome_credor":"IVAN SERAFIM","valor_contratado":1000.00,"valor_pago":1000.00},{"codigo_unidade_gestora":"201157","codigo_unidade_orcamentaria":"02020","numero_empenho":"0001296","classificacao":"135","data_empenho":"2022-04-01","codigo_credor":"00360305000104","nome_credor":"CAIXA ECONOMICA FEDERAL","valor_contratado":345.95,"valor_pago":345.95},{"codigo_unidade_gestora":"201157","codigo_unidade_orcamentaria":"02030","numero_empenho":"0001297","classificacao":"187","data_empenho":"2022-04-01","codigo_credor":"09283185000163","nome_credor":"JOAO PESSOA TRIBUNAL DE JUSTIÇA DO ESTADO DA PARAIBA","valor_contratado":363.60,"valor_pago":363.60},{"codigo_unidade_gestora":"201157","codigo_unidade_orcamentaria":"02140","numero_empenho":"0001298","classificacao":"128","data_empenho":"2022-04-01","codigo_credor":"00003166702431","nome_credor":"MARILENE MARIA DA SILVA","valor_contratado":1000.00,"valor_pago":1000.00},{"codigo_unidade_gestora":"201157","codigo_unidade_orcamentaria":"02020","numero_empenho":"0001299","classificacao":"135","data_empenho":"2022-04-01","codigo_credor":"00000000280704","nome_credor":"BANCO DO BRASIL S/A","valor_contratado":37.75,"valor_pago":37.75},{"codigo_unidade_gestora":"201157","codigo_unidade_orcamentaria":"02140","numero_empenho":"0001300","classificacao":"128","data_empenho":"2022-04-01","codigo_credor":"00002311512412","nome_credor":"IVAN SERAFIM","valor_contratado":750.00,"valor_pago":750.00},{"codigo_unidade_gestora":"201157","codigo_unidade_orcamentaria":"02010","numero_empenho":"0001301","classificacao":"135","data_empenho":"2022-04-01","codigo_credor":"09366790000106","nome_credor":"EMPRESA PARAIBANA DE COMUNICAÇÃO S.A -EPC","valor_contratado":1212.00,"valor_pago":1212.00},{"codigo_unidade_gestora":"201157","codigo_unidade_orcamentaria":"02010","numero_empenho":"0001302","classificacao":"135","data_empenho":"2022-04-01","codigo_credor":"09366790000106","nome_credor":"EMPRESA PARAIBANA DE COMUNICAÇÃO S.A -EPC","valor_contratado":3770.00,"valor_pago":3770.00},{"codigo_unidade_gestora":"201157","codigo_unidade_orcamentaria":"02010","numero_empenho":"0001303","classificacao":"135","data_empenho":"2022-04-01","codigo_credor":"09366790000106","nome_credor":"EMPRESA PARAIBANA DE COMUNICAÇÃO S.A -EPC","valor_contratado":589.00,"valor_pago":589.00},{"codigo_unidade_gestora":"201157","codigo_unidade_orcamentaria":"02050","numero_empenho":"0001304","classificacao":"126","data_empenho":"2022-04-04","codigo_credor":"17572003000100","nome_credor":"PHELIPE E VASCONCELOS INFORMATICA LTDA-ME","valor_contratado":130.00,"valor_pago":130.00},{"codigo_unidade_gestora":"201157","codigo_unidade_orcamentaria":"02040","numero_empenho":"0001305","classificacao":"135","data_empenho":"2022-04-04","codigo_credor":"07575881000118","nome_credor":"SIM ENGENHARIA AMBIENTAL EIRELI","valor_contratado":1300.00,"valor_pago":1300.00},{"codigo_unidade_gestora":"201157","codigo_unidade_orcamentaria":"02020","numero_empenho":"0001306","classificacao":"136","data_empenho":"2022-04-04","codigo_credor":"17758807000190","nome_credor":"E-SOFT TECNOLOGIA EM INFORMATICA LTDA-EPP","valor_contratado":930.00,"valor_pago":930.00},{"codigo_unidade_gestora":"201157","codigo_unidade_orcamentaria":"02040","numero_empenho":"0001307","classificacao":"126","data_empenho":"2022-04-04","codigo_credor":"04923356000158","nome_credor":"FARIAS COMERCIO VAREJISTA DE MEDICAMENTOS LTDA","valor_contratado":3479.22,"valor_pago":3479.22},{"codigo_unidade_gestora":"201157","codigo_unidade_orcamentaria":"02080","numero_empenho":"0001308","classificacao":"135","data_empenho":"2022-04-04","codigo_credor":"11955108000154","nome_credor":"ECOSOLO GESTAO AMBIENTAL DE RESIDUOS LTDA","valor_contratado":12859.50,"valor_pago":12859.50},{"codigo_unidade_gestora":"201157","codigo_unidade_orcamentaria":"02020","numero_empenho":"0001309","classificacao":"135","data_empenho":"2022-04-04","codigo_credor":"00360305000104","nome_credor":"CAIXA ECONOMICA FEDERAL","valor_contratado":5.61,"valor_pago":5.61},{"codigo_unidade_gestora":"201157","codigo_unidade_orcamentaria":"02020","numero_empenho":"0001310","classificacao":"135","data_empenho":"2022-04-04","codigo_credor":"00360305000104","nome_credor":"CAIXA ECONOMICA FEDERAL","valor_contratado":20.57,"valor_pago":20.57},{"codigo_unidade_gestora":"201157","codigo_unidade_orcamentaria":"02030","numero_empenho":"0001311","classificacao":"185","data_empenho":"2022-04-04","codigo_credor":"09283185000163","nome_credor":"JOAO PESSOA TRIBUNAL DE JUSTIÇA DO ESTADO DA PARAIBA","valor_contratado":3726.84,"valor_pago":3726.84},{"codigo_unidade_gestora":"201157","codigo_unidade_orcamentaria":"02030","numero_empenho":"0001312","classificacao":"185","data_empenho":"2022-04-04","codigo_credor":"09283185000163","nome_credor":"JOAO PESSOA TRIBUNAL DE JUSTIÇA DO ESTADO DA PARAIBA","valor_contratado":7087.22,"valor_pago":7087.22},{"codigo_unidade_gestora":"201157","codigo_unidade_orcamentaria":"02110","numero_empenho":"0001313","classificacao":"135","data_empenho":"2022-04-04","codigo_credor":"41448410000187","nome_credor":"ORTOCLIN - SAUDE E TRABALHO","valor_contratado":3600.00,"valor_pago":3600.00},{"codigo_unidade_gestora":"201157","codigo_unidade_orcamentaria":"02070","numero_empenho":"0001314","classificacao":"135","data_empenho":"2022-04-05","codigo_credor":"09095183000140","nome_credor":"ENERGISA","valor_contratado":87.35,"valor_pago":87.35},{"codigo_unidade_gestora":"201157","codigo_unidade_orcamentaria":"02110","numero_empenho":"0001315","classificacao":"135","data_empenho":"2022-04-05","codigo_credor":"02503493000108","nome_credor":"CAMPIMAGEM-CENTRO DE DIAGNOSTICO POR IMA","valor_contratado":180.00,"valor_pago":180.00},{"codigo_unidade_gestora":"201157","codigo_unidade_orcamentaria":"02110","numero_empenho":"0001316","classificacao":"135","data_empenho":"2022-04-05","codigo_credor":"22494864000140","nome_credor":"POLIVIDA CLINICA DE SAUDE POPULAR LTDA","valor_contratado":1680.00,"valor_pago":1680.00},{"codigo_unidade_gestora":"201157","codigo_unidade_orcamentaria":"02110","numero_empenho":"0001317","classificacao":"135","data_empenho":"2022-04-05","codigo_credor":"22494864000140","nome_credor":"POLIVIDA CLINICA DE SAUDE POPULAR LTDA","valor_contratado":1800.00,"valor_pago":1800.00},{"codigo_unidade_gestora":"201157","codigo_unidade_orcamentaria":"02110","numero_empenho":"0001318","classificacao":"135","data_empenho":"2022-04-05","codigo_credor":"22494864000140","nome_credor":"POLIVIDA CLINICA DE SAUDE POPULAR LTDA","valor_contratado":2400.00,"valor_pago":2400.00},{"codigo_unidade_gestora":"201157","codigo_unidade_orcamentaria":"02110","numero_empenho":"0001319","classificacao":"135","data_empenho":"2022-04-05","codigo_credor":"02503493000108","nome_credor":"CAMPIMAGEM-CENTRO DE DIAGNOSTICO POR IMA","valor_contratado":180.00,"valor_pago":180.00},{"codigo_unidade_gestora":"201157","codigo_unidade_orcamentaria":"02110","numero_empenho":"0001320","classificacao":"135","data_empenho":"2022-04-05","codigo_credor":"22494864000140","nome_credor":"POLIVIDA CLINICA DE SAUDE POPULAR LTDA","valor_contratado":3600.00,"valor_pago":3600.00},{"codigo_unidade_gestora":"201157","codigo_unidade_orcamentaria":"02140","numero_empenho":"0001321","classificacao":"144","data_empenho":"2022-04-05","codigo_credor":"00008926005437","nome_credor":"FRANCISCA BATISTA AZEVEDO","valor_contratado":200.00,"valor_pago":200.00},{"codigo_unidade_gestora":"201157","codigo_unidade_orcamentaria":"02120","numero_empenho":"0001322","classificacao":"132","data_empenho":"2022-04-05","codigo_credor":"00002293840484","nome_credor":"ANTONIO COSTA TEIXEIRA","valor_contratado":1500.00,"valor_pago":1500.00},{"codigo_unidade_gestora":"201157","codigo_unidade_orcamentaria":"02010","numero_empenho":"0001323","classificacao":"131","data_empenho":"2022-04-05","codigo_credor":"23397663000197","nome_credor":"MARINHO E SILVA ADVOCACIA","valor_contratado":3000.00,"valor_pago":3000.00}]}}