{"size":50,"page":5,"total":795,"count":50,"_embedded":{"empenhos":[{"codigo_unidade_gestora":"201157","codigo_unidade_orcamentaria":"02050","numero_empenho":"0005287","classificacao":"132","data_empenho":"2022-09-08","codigo_credor":"00049910990482","nome_credor":"MARIA DO SOCORRO DINIZ FIDELIS","valor_contratado":700.00,"valor_pago":700.00},{"codigo_unidade_gestora":"201157","codigo_unidade_orcamentaria":"02110","numero_empenho":"0005288","classificacao":"132","data_empenho":"2022-09-08","codigo_credor":"00016644118879","nome_credor":"JOSÉ TORRES BRASIL","valor_contratado":1500.00,"valor_pago":1500.00},{"codigo_unidade_gestora":"201157","codigo_unidade_orcamentaria":"02060","numero_empenho":"0005289","classificacao":"132","data_empenho":"2022-09-08","codigo_credor":"00016024036434","nome_credor":"JOSE PEREIRA GONÇALVES","valor_contratado":1000.00,"valor_pago":1000.00},{"codigo_unidade_gestora":"201157","codigo_unidade_orcamentaria":"02070","numero_empenho":"0005290","classificacao":"132","data_empenho":"2022-09-08","codigo_credor":"00005829267420","nome_credor":"CICERO BATISTA RIBEIRO","valor_contratado":700.00,"valor_pago":700.00},{"codigo_unidade_gestora":"201157","codigo_unidade_orcamentaria":"02080","numero_empenho":"0005291","classificacao":"132","data_empenho":"2022-09-08","codigo_credor":"00006457865437","nome_credor":"ANTONIO GUSTAVO DE LUNA SOUTO","valor_contratado":700.00,"valor_pago":700.00},{"codigo_unidade_gestora":"201157","codigo_unidade_orcamentaria":"02070","numero_empenho":"0005292","classificacao":"132","data_empenho":"2022-09-08","codigo_credor":"00025879499120","nome_credor":"PAULO CESAR DE SOUZA","valor_contratado":1500.00,"valor_pago":1500.00},{"codigo_unidade_gestora":"201157","codigo_unidade_orcamentaria":"02040","numero_empenho":"0005293","classificacao":"188","data_empenho":"2022-09-08","codigo_credor":"21837593000115","nome_credor":"FRANCIEL MONTEIRO DA ROCHA 07356642425","valor_contratado":751.15,"valor_pago":751.15},{"codigo_unidade_gestora":"201157","codigo_unidade_orcamentaria":"02040","numero_empenho":"0005294","classificacao":"188","data_empenho":"2022-09-08","codigo_credor":"21837593000115","nome_credor":"FRANCIEL MONTEIRO DA ROCHA 07356642425","valor_contratado":600.92,"valor_pago":600.92},{"codigo_unidade_gestora":"201157","codigo_unidade_orcamentaria":"02040","numero_empenho":"0005295","classificacao":"188","data_empenho":"2022-09-08","codigo_credor":"21837593000115","nome_credor":"FRANCIEL MONTEIRO DA ROCHA 07356642425","valor_contratado":600.92,"valor_pago":600.92},{"codigo_unidade_gestora":"201157","codigo_unidade_orcamentaria":"02040","numero_empenho":"0005296","classificacao":"126","data_empenho":"2022-09-08","codigo_credor":"21837593000115","nome_credor":"FRANCIEL MONTEIRO DA ROCHA 07356642425","valor_contratado":3700.85,"valor_pago":3700.85},{"codigo_unidade_gestora":"201157","codigo_unidade_orcamentaria":"02040","numero_empenho":"0005297","classificacao":"126","data_empenho":"2022-09-08","codigo_credor":"21837593000115","nome_credor":"FRANCIEL MONTEIRO DA ROCHA 07356642425","valor_contratado":751.15,"valor_pago":751.15},{"codigo_unidade_gestora":"201157","codigo_unidade_orcamentaria":"02040","numero_empenho":"0005298","classificacao":"126","data_empenho":"2022-09-08","codigo_credor":"21837593000115","nome_credor":"FRANCIEL MONTEIRO DA ROCHA 07356642425","valor_contratado":751.15,"valor_pago":751.15},{"codigo_unidade_gestora":"201157","codigo_unidade_orcamentaria":"02050","numero_empenho":"0005299","classificacao":"135","data_empenho":"2022-09-08","codigo_credor":"09095183000140","nome_credor":"ENERGISA","valor_contratado":51.17,"valor_pago":51.17},{"codigo_unidade_gestora":"201157","codigo_unidade_orcamentaria":"02050","numero_empenho":"0005300","classificacao":"126","data_empenho":"2022-09-08","codigo_credor":"35111286000167","nome_credor":"MAURO RODRIGUES DA CRUZ","valor_contratado":558.00,"valor_pago":558.00},{"codigo_unidade_gestora":"201157","codigo_unidade_orcamentaria":"02020","numero_empenho":"0005301","classificacao":"172","data_empenho":"2022-09-08","codigo_credor":"70097811000138","nome_credor":"IPSER/FOLHA DE PAGAMENTO/SAL.FAMILIA","valor_contratado":1335.45,"valor_pago":1335.45},{"codigo_unidade_gestora":"201157","codigo_unidade_orcamentaria":"02020","numero_empenho":"0005302","classificacao":"172","data_empenho":"2022-09-08","codigo_credor":"70097811000138","nome_credor":"IPSER/FOLHA DE PAGAMENTO/SAL.FAMILIA","valor_contratado":8117.44,"valor_pago":8117.44},{"codigo_unidade_gestora":"201157","codigo_unidade_orcamentaria":"02020","numero_empenho":"0005303","classificacao":"172","data_empenho":"2022-09-08","codigo_credor":"70097811000138","nome_credor":"IPSER/FOLHA DE PAGAMENTO/SAL.FAMILIA","valor_contratado":14961.66,"valor_pago":14961.66},{"codigo_unidade_gestora":"201157","codigo_unidade_orcamentaria":"02020","numero_empenho":"0005304","classificacao":"172","data_empenho":"2022-09-08","codigo_credor":"70097811000138","nome_credor":"IPSER/FOLHA DE PAGAMENTO/SAL.FAMILIA","valor_contratado":23499.07,"valor_pago":23499.07},{"codigo_unidade_gestora":"201157","codigo_unidade_orcamentaria":"02020","numero_empenho":"0005305","classificacao":"172","data_empenho":"2022-09-08","codigo_credor":"70097811000138","nome_credor":"IPSER/FOLHA DE PAGAMENTO/SAL.FAMILIA","valor_contratado":412.93,"valor_pago":412.93},{"codigo_unidade_gestora":"201157","codigo_unidade_orcamentaria":"02020","numero_empenho":"0005306","classificacao":"172","data_empenho":"2022-09-08","codigo_credor":"70097811000138","nome_credor":"IPSER/FOLHA DE PAGAMENTO/SAL.FAMILIA","valor_contratado":2205.64,"valor_pago":2205.64},{"codigo_unidade_gestora":"201157","codigo_unidade_orcamentaria":"02020","numero_empenho":"0005307","classificacao":"172","data_empenho":"2022-09-08","codigo_credor":"70097811000138","nome_credor":"IPSER/FOLHA DE PAGAMENTO/SAL.FAMILIA","valor_contratado":100.23,"valor_pago":100.23},{"codigo_unidade_gestora":"201157","codigo_unidade_orcamentaria":"02020","numero_empenho":"0005308","classificacao":"172","data_empenho":"2022-09-08","codigo_credor":"70097811000138","nome_credor":"IPSER/FOLHA DE PAGAMENTO/SAL.FAMILIA","valor_contratado":1071.17,"valor_pago":1071.17},{"codigo_unidade_gestora":"201157","codigo_unidade_orcamentaria":"02020","numero_empenho":"0005309","classificacao":"172","data_empenho":"2022-09-08","codigo_credor":"70097811000138","nome_credor":"IPSER/FOLHA DE PAGAMENTO/SAL.FAMILIA","valor_contratado":1643.72,"valor_pago":1643.72},{"codigo_unidade_gestora":"201157","codigo_unidade_orcamentaria":"02040","numero_empenho":"0005310","classificacao":"135","data_empenho":"2022-09-08","codigo_credor":"00000000280704","nome_credor":"BANCO DO BRASIL S/A","valor_contratado":10.45,"valor_pago":10.45},{"codigo_unidade_gestora":"201157","codigo_unidade_orcamentaria":"02140","numero_empenho":"0005311","classificacao":"135","data_empenho":"2022-09-08","codigo_credor":"00000000280704","nome_credor":"BANCO DO BRASIL S/A","valor_contratado":88.00,"valor_pago":88.00},{"codigo_unidade_gestora":"201157","codigo_unidade_orcamentaria":"02020","numero_empenho":"0005312","classificacao":"135","data_empenho":"2022-09-08","codigo_credor":"00000000280704","nome_credor":"BANCO DO BRASIL S/A","valor_contratado":110.00,"valor_pago":110.00},{"codigo_unidade_gestora":"201157","codigo_unidade_orcamentaria":"02020","numero_empenho":"0005313","classificacao":"135","data_empenho":"2022-09-08","codigo_credor":"00000000280704","nome_credor":"BANCO DO BRASIL S/A","valor_contratado":22.00,"valor_pago":22.00},{"codigo_unidade_gestora":"201157","codigo_unidade_orcamentaria":"02040","numero_empenho":"0005314","classificacao":"135","data_empenho":"2022-09-08","codigo_credor":"00000000280704","nome_credor":"BANCO DO BRASIL S/A","valor_contratado":11.00,"valor_pago":11.00},{"codigo_unidade_gestora":"201157","codigo_unidade_orcamentaria":"02110","numero_empenho":"0005315","classificacao":"135","data_empenho":"2022-09-08","codigo_credor":"15144201000130","nome_credor":"IMAGO DIAGNOSTICO POR IMAGEM LTDA","valor_contratado":450.00,"valor_pago":450.00},{"codigo_unidade_gestora":"201157","codigo_unidade_orcamentaria":"02140","numero_empenho":"0005316","classificacao":"135","data_empenho":"2022-09-08","codigo_credor":"00000000280704","nome_credor":"BANCO DO BRASIL S/A","valor_contratado":55.00,"valor_pago":55.00},{"codigo_unidade_gestora":"201157","codigo_unidade_orcamentaria":"02110","numero_empenho":"0005317","classificacao":"135","data_empenho":"2022-09-08","codigo_credor":"15144201000130","nome_credor":"IMAGO DIAGNOSTICO POR IMAGEM LTDA","valor_contratado":890.00,"valor_pago":890.00},{"codigo_unidade_gestora":"201157","codigo_unidade_orcamentaria":"02090","numero_empenho":"0005318","classificacao":"126","data_empenho":"2022-09-08","codigo_credor":"20245870000138","nome_credor":"VERIDIANA DA CUNHA QUERINO 01971365408","valor_contratado":365.70,"valor_pago":365.70},{"codigo_unidade_gestora":"201157","codigo_unidade_orcamentaria":"02110","numero_empenho":"0005319","classificacao":"126","data_empenho":"2022-09-08","codigo_credor":"20245870000138","nome_credor":"VERIDIANA DA CUNHA QUERINO 01971365408","valor_contratado":225.00,"valor_pago":225.00},{"codigo_unidade_gestora":"201157","codigo_unidade_orcamentaria":"02070","numero_empenho":"0005320","classificacao":"189","data_empenho":"2022-09-09","codigo_credor":"20024024000198","nome_credor":"FUNDAÇÃO RESGATANDO VIDAS-RV","valor_contratado":2200.00,"valor_pago":2200.00},{"codigo_unidade_gestora":"201157","codigo_unidade_orcamentaria":"02120","numero_empenho":"0005321","classificacao":"135","data_empenho":"2022-09-09","codigo_credor":"41201592000197","nome_credor":"ARNOBIO TEIXEIRA DE BRITO LYRA JUNIOR 04183890470","valor_contratado":7906.25,"valor_pago":7906.25},{"codigo_unidade_gestora":"201157","codigo_unidade_orcamentaria":"02040","numero_empenho":"0005322","classificacao":"135","data_empenho":"2022-09-09","codigo_credor":"41201592000197","nome_credor":"ARNOBIO TEIXEIRA DE BRITO LYRA JUNIOR 04183890470","valor_contratado":1380.00,"valor_pago":1380.00},{"codigo_unidade_gestora":"201157","codigo_unidade_orcamentaria":"02050","numero_empenho":"0005323","classificacao":"135","data_empenho":"2022-09-09","codigo_credor":"41201592000197","nome_credor":"ARNOBIO TEIXEIRA DE BRITO LYRA JUNIOR 04183890470","valor_contratado":1840.00,"valor_pago":1840.00},{"codigo_unidade_gestora":"201157","codigo_unidade_orcamentaria":"02080","numero_empenho":"0005324","classificacao":"135","data_empenho":"2022-09-09","codigo_credor":"11955108000154","nome_credor":"ECOSOLO GESTAO AMBIENTAL DE RESIDUOS LTDA","valor_contratado":15386.25,"valor_pago":15386.25},{"codigo_unidade_gestora":"201157","codigo_unidade_orcamentaria":"02080","numero_empenho":"0005325","classificacao":"135","data_empenho":"2022-09-09","codigo_credor":"41201592000197","nome_credor":"ARNOBIO TEIXEIRA DE BRITO LYRA JUNIOR 04183890470","valor_contratado":3220.00,"valor_pago":3220.00},{"codigo_unidade_gestora":"201157","codigo_unidade_orcamentaria":"02040","numero_empenho":"0005326","classificacao":"135","data_empenho":"2022-09-09","codigo_credor":"41201592000197","nome_credor":"ARNOBIO TEIXEIRA DE BRITO LYRA JUNIOR 04183890470","valor_contratado":1440.00,"valor_pago":1440.00},{"codigo_unidade_gestora":"201157","codigo_unidade_orcamentaria":"02040","numero_empenho":"0005327","classificacao":"135","data_empenho":"2022-09-09","codigo_credor":"41201592000197","nome_credor":"ARNOBIO TEIXEIRA DE BRITO LYRA JUNIOR 04183890470","valor_contratado":1890.00,"valor_pago":1890.00},{"codigo_unidade_gestora":"201157","codigo_unidade_orcamentaria":"02040","numero_empenho":"0005328","classificacao":"135","data_empenho":"2022-09-09","codigo_credor":"41201592000197","nome_credor":"ARNOBIO TEIXEIRA DE BRITO LYRA JUNIOR 04183890470","valor_contratado":1437.00,"valor_pago":1437.00},{"codigo_unidade_gestora":"201157","codigo_unidade_orcamentaria":"02050","numero_empenho":"0005329","classificacao":"135","data_empenho":"2022-09-09","codigo_credor":"41201592000197","nome_credor":"ARNOBIO TEIXEIRA DE BRITO LYRA JUNIOR 04183890470","valor_contratado":1560.00,"valor_pago":1560.00},{"codigo_unidade_gestora":"201157","codigo_unidade_orcamentaria":"02050","numero_empenho":"0005330","classificacao":"135","data_empenho":"2022-09-09","codigo_credor":"41201592000197","nome_credor":"ARNOBIO TEIXEIRA DE BRITO LYRA JUNIOR 04183890470","valor_contratado":1437.00,"valor_pago":1437.00},{"codigo_unidade_gestora":"201157","codigo_unidade_orcamentaria":"02080","numero_empenho":"0005331","classificacao":"135","data_empenho":"2022-09-09","codigo_credor":"41201592000197","nome_credor":"ARNOBIO TEIXEIRA DE BRITO LYRA JUNIOR 04183890470","valor_contratado":2875.00,"valor_pago":2875.00},{"codigo_unidade_gestora":"201157","codigo_unidade_orcamentaria":"02080","numero_empenho":"0005332","classificacao":"135","data_empenho":"2022-09-09","codigo_credor":"41201592000197","nome_credor":"ARNOBIO TEIXEIRA DE BRITO LYRA JUNIOR 04183890470","valor_contratado":1560.00,"valor_pago":1560.00},{"codigo_unidade_gestora":"201157","codigo_unidade_orcamentaria":"02080","numero_empenho":"0005333","classificacao":"135","data_empenho":"2022-09-09","codigo_credor":"41201592000197","nome_credor":"ARNOBIO TEIXEIRA DE BRITO LYRA JUNIOR 04183890470","valor_contratado":2880.00,"valor_pago":2880.00},{"codigo_unidade_gestora":"201157","codigo_unidade_orcamentaria":"02080","numero_empenho":"0005334","classificacao":"135","data_empenho":"2022-09-09","codigo_credor":"41201592000197","nome_credor":"ARNOBIO TEIXEIRA DE BRITO LYRA JUNIOR 04183890470","valor_contratado":1799.00,"valor_pago":1799.00},{"codigo_unidade_gestora":"201157","codigo_unidade_orcamentaria":"02080","numero_empenho":"0005335","classificacao":"135","data_empenho":"2022-09-09","codigo_credor":"41201592000197","nome_credor":"ARNOBIO TEIXEIRA DE BRITO LYRA JUNIOR 04183890470","valor_contratado":8400.00,"valor_pago":8400.00},{"codigo_unidade_gestora":"201157","codigo_unidade_orcamentaria":"02080","numero_empenho":"0005336","classificacao":"135","data_empenho":"2022-09-09","codigo_credor":"41201592000197","nome_credor":"ARNOBIO TEIXEIRA DE BRITO LYRA JUNIOR 04183890470","valor_contratado":1764.00,"valor_pago":1764.00}]}}