{"size":50,"page":6,"total":1183,"count":50,"_embedded":{"empenhos":[{"codigo_unidade_gestora":"201157","codigo_unidade_orcamentaria":"02030","numero_empenho":"0007706","classificacao":"191","data_empenho":"2022-12-07","codigo_credor":"09283185000163","nome_credor":"JOAO PESSOA TRIBUNAL DE JUSTIÇA DO ESTADO DA PARAIBA","valor_contratado":57515.24,"valor_pago":57515.24},{"codigo_unidade_gestora":"201157","codigo_unidade_orcamentaria":"02010","numero_empenho":"0007707","classificacao":"126","data_empenho":"2022-12-07","codigo_credor":"09261355000109","nome_credor":"HILTON PINHEIRO DANTAS","valor_contratado":511.69,"valor_pago":0.00},{"codigo_unidade_gestora":"201157","codigo_unidade_orcamentaria":"02140","numero_empenho":"0007708","classificacao":"126","data_empenho":"2022-12-07","codigo_credor":"09261355000109","nome_credor":"HILTON PINHEIRO DANTAS","valor_contratado":857.02,"valor_pago":0.00},{"codigo_unidade_gestora":"201157","codigo_unidade_orcamentaria":"02080","numero_empenho":"0007709","classificacao":"126","data_empenho":"2022-12-07","codigo_credor":"09261355000109","nome_credor":"HILTON PINHEIRO DANTAS","valor_contratado":1171.54,"valor_pago":0.00},{"codigo_unidade_gestora":"201157","codigo_unidade_orcamentaria":"02020","numero_empenho":"0007710","classificacao":"135","data_empenho":"2022-12-07","codigo_credor":"00000000280704","nome_credor":"BANCO DO BRASIL S/A","valor_contratado":11.00,"valor_pago":11.00},{"codigo_unidade_gestora":"201157","codigo_unidade_orcamentaria":"02050","numero_empenho":"0007711","classificacao":"126","data_empenho":"2022-12-07","codigo_credor":"09261355000109","nome_credor":"HILTON PINHEIRO DANTAS","valor_contratado":1477.39,"valor_pago":1477.39},{"codigo_unidade_gestora":"201157","codigo_unidade_orcamentaria":"02070","numero_empenho":"0007712","classificacao":"135","data_empenho":"2022-12-07","codigo_credor":"76535764001972","nome_credor":"OI S.A.","valor_contratado":173.27,"valor_pago":173.27},{"codigo_unidade_gestora":"201157","codigo_unidade_orcamentaria":"02110","numero_empenho":"0007713","classificacao":"126","data_empenho":"2022-12-07","codigo_credor":"71505564000124","nome_credor":"EMIGE MATERIAIS ODONTOLOGICOS LTDA","valor_contratado":368.50,"valor_pago":368.50},{"codigo_unidade_gestora":"201157","codigo_unidade_orcamentaria":"02110","numero_empenho":"0007714","classificacao":"126","data_empenho":"2022-12-07","codigo_credor":"42878093000100","nome_credor":"JCASIF COMERCIO VAREJISTA DE CEREAIS LTDA","valor_contratado":35407.10,"valor_pago":35407.10},{"codigo_unidade_gestora":"201157","codigo_unidade_orcamentaria":"02020","numero_empenho":"0007715","classificacao":"135","data_empenho":"2022-12-07","codigo_credor":"00000000280704","nome_credor":"BANCO DO BRASIL S/A","valor_contratado":143.00,"valor_pago":143.00},{"codigo_unidade_gestora":"201157","codigo_unidade_orcamentaria":"02110","numero_empenho":"0007716","classificacao":"126","data_empenho":"2022-12-07","codigo_credor":"06106005000180","nome_credor":"STOCK MED PRODUTOS MEDICO-HOSPITALARES LTDA","valor_contratado":1191.00,"valor_pago":1191.00},{"codigo_unidade_gestora":"201157","codigo_unidade_orcamentaria":"02110","numero_empenho":"0007717","classificacao":"126","data_empenho":"2022-12-07","codigo_credor":"06106005000180","nome_credor":"STOCK MED PRODUTOS MEDICO-HOSPITALARES LTDA","valor_contratado":2950.00,"valor_pago":2950.00},{"codigo_unidade_gestora":"201157","codigo_unidade_orcamentaria":"02110","numero_empenho":"0007718","classificacao":"126","data_empenho":"2022-12-07","codigo_credor":"42878093000100","nome_credor":"JCASIF COMERCIO VAREJISTA DE CEREAIS LTDA","valor_contratado":934.40,"valor_pago":934.40},{"codigo_unidade_gestora":"201157","codigo_unidade_orcamentaria":"02110","numero_empenho":"0007719","classificacao":"126","data_empenho":"2022-12-07","codigo_credor":"42878093000100","nome_credor":"JCASIF COMERCIO VAREJISTA DE CEREAIS LTDA","valor_contratado":655.00,"valor_pago":655.00},{"codigo_unidade_gestora":"201157","codigo_unidade_orcamentaria":"02020","numero_empenho":"0007720","classificacao":"135","data_empenho":"2022-12-07","codigo_credor":"00000000280704","nome_credor":"BANCO DO BRASIL S/A","valor_contratado":11.00,"valor_pago":11.00},{"codigo_unidade_gestora":"201157","codigo_unidade_orcamentaria":"02040","numero_empenho":"0007721","classificacao":"126","data_empenho":"2022-12-07","codigo_credor":"04923356000158","nome_credor":"FARIAS COMERCIO VAREJISTA DE MEDICAMENTOS LTDA","valor_contratado":1263.90,"valor_pago":1263.90},{"codigo_unidade_gestora":"201157","codigo_unidade_orcamentaria":"02040","numero_empenho":"0007722","classificacao":"126","data_empenho":"2022-12-07","codigo_credor":"04923356000158","nome_credor":"FARIAS COMERCIO VAREJISTA DE MEDICAMENTOS LTDA","valor_contratado":23616.25,"valor_pago":23616.25},{"codigo_unidade_gestora":"201157","codigo_unidade_orcamentaria":"02020","numero_empenho":"0007723","classificacao":"135","data_empenho":"2022-12-07","codigo_credor":"00000000280704","nome_credor":"BANCO DO BRASIL S/A","valor_contratado":66.00,"valor_pago":66.00},{"codigo_unidade_gestora":"201157","codigo_unidade_orcamentaria":"02020","numero_empenho":"0007724","classificacao":"135","data_empenho":"2022-12-07","codigo_credor":"00360305000104","nome_credor":"CAIXA ECONOMICA FEDERAL","valor_contratado":7.48,"valor_pago":7.48},{"codigo_unidade_gestora":"201157","codigo_unidade_orcamentaria":"02080","numero_empenho":"0007725","classificacao":"135","data_empenho":"2022-12-07","codigo_credor":"35990690000158","nome_credor":"KONEKT TELECOMUNICACAO E SEGURANCA LIMITADA","valor_contratado":1859.63,"valor_pago":1859.63},{"codigo_unidade_gestora":"201157","codigo_unidade_orcamentaria":"02020","numero_empenho":"0007726","classificacao":"143","data_empenho":"2022-12-08","codigo_credor":"00000000280704","nome_credor":"BANCO DO BRASIL S/A","valor_contratado":12294.05,"valor_pago":12294.05},{"codigo_unidade_gestora":"201157","codigo_unidade_orcamentaria":"02110","numero_empenho":"0007727","classificacao":"126","data_empenho":"2022-12-08","codigo_credor":"05412147000102","nome_credor":"DENTAL OESTE EIRELI","valor_contratado":575.00,"valor_pago":575.00},{"codigo_unidade_gestora":"201157","codigo_unidade_orcamentaria":"02020","numero_empenho":"0007728","classificacao":"135","data_empenho":"2022-12-09","codigo_credor":"17572003000100","nome_credor":"PHELIPE E VASCONCELOS INFORMATICA LTDA-ME","valor_contratado":978.33,"valor_pago":978.33},{"codigo_unidade_gestora":"201157","codigo_unidade_orcamentaria":"02040","numero_empenho":"0007729","classificacao":"135","data_empenho":"2022-12-09","codigo_credor":"17572003000100","nome_credor":"PHELIPE E VASCONCELOS INFORMATICA LTDA-ME","valor_contratado":718.33,"valor_pago":718.33},{"codigo_unidade_gestora":"201157","codigo_unidade_orcamentaria":"02110","numero_empenho":"0007730","classificacao":"126","data_empenho":"2022-12-09","codigo_credor":"02977362000162","nome_credor":"A.COSTA COM.ATAC. DE PROD.FARM. LTDA","valor_contratado":278.00,"valor_pago":278.00},{"codigo_unidade_gestora":"201157","codigo_unidade_orcamentaria":"02050","numero_empenho":"0007731","classificacao":"135","data_empenho":"2022-12-09","codigo_credor":"18369916000189","nome_credor":"CARLOS PASSOS DA COSTA JUNIOR","valor_contratado":11000.00,"valor_pago":11000.00},{"codigo_unidade_gestora":"201157","codigo_unidade_orcamentaria":"02050","numero_empenho":"0007732","classificacao":"135","data_empenho":"2022-12-09","codigo_credor":"18369916000189","nome_credor":"CARLOS PASSOS DA COSTA JUNIOR","valor_contratado":8360.00,"valor_pago":8360.00},{"codigo_unidade_gestora":"201157","codigo_unidade_orcamentaria":"02110","numero_empenho":"0007733","classificacao":"126","data_empenho":"2022-12-09","codigo_credor":"05329135000119","nome_credor":"ALEXSANDRO SANTOS DA SILVA","valor_contratado":7111.00,"valor_pago":7111.00},{"codigo_unidade_gestora":"201157","codigo_unidade_orcamentaria":"02110","numero_empenho":"0007734","classificacao":"189","data_empenho":"2022-12-09","codigo_credor":"09048976000109","nome_credor":"Prefeitura Municipal de Remígio","valor_contratado":43181.92,"valor_pago":43181.92},{"codigo_unidade_gestora":"201157","codigo_unidade_orcamentaria":"02110","numero_empenho":"0007735","classificacao":"189","data_empenho":"2022-12-09","codigo_credor":"09048976000109","nome_credor":"Prefeitura Municipal de Remígio","valor_contratado":11909.34,"valor_pago":11909.34},{"codigo_unidade_gestora":"201157","codigo_unidade_orcamentaria":"02110","numero_empenho":"0007736","classificacao":"135","data_empenho":"2022-12-09","codigo_credor":"01024347000137","nome_credor":"NEUROCENTRO","valor_contratado":2700.00,"valor_pago":2700.00},{"codigo_unidade_gestora":"201157","codigo_unidade_orcamentaria":"02110","numero_empenho":"0007737","classificacao":"189","data_empenho":"2022-12-09","codigo_credor":"09048976000109","nome_credor":"Prefeitura Municipal de Remígio","valor_contratado":9247.26,"valor_pago":9247.26},{"codigo_unidade_gestora":"201157","codigo_unidade_orcamentaria":"02110","numero_empenho":"0007738","classificacao":"189","data_empenho":"2022-12-09","codigo_credor":"09048976000109","nome_credor":"Prefeitura Municipal de Remígio","valor_contratado":5404.38,"valor_pago":5404.38},{"codigo_unidade_gestora":"201157","codigo_unidade_orcamentaria":"02110","numero_empenho":"0007739","classificacao":"126","data_empenho":"2022-12-09","codigo_credor":"02977362000162","nome_credor":"A.COSTA COM.ATAC. DE PROD.FARM. LTDA","valor_contratado":48077.81,"valor_pago":48077.81},{"codigo_unidade_gestora":"201157","codigo_unidade_orcamentaria":"02080","numero_empenho":"0007740","classificacao":"135","data_empenho":"2022-12-09","codigo_credor":"41201592000197","nome_credor":"ARNOBIO TEIXEIRA DE BRITO LYRA JUNIOR 04183890470","valor_contratado":3450.00,"valor_pago":3450.00},{"codigo_unidade_gestora":"201157","codigo_unidade_orcamentaria":"02080","numero_empenho":"0007741","classificacao":"135","data_empenho":"2022-12-09","codigo_credor":"41201592000197","nome_credor":"ARNOBIO TEIXEIRA DE BRITO LYRA JUNIOR 04183890470","valor_contratado":1610.00,"valor_pago":1610.00},{"codigo_unidade_gestora":"201157","codigo_unidade_orcamentaria":"02080","numero_empenho":"0007742","classificacao":"135","data_empenho":"2022-12-09","codigo_credor":"41201592000197","nome_credor":"ARNOBIO TEIXEIRA DE BRITO LYRA JUNIOR 04183890470","valor_contratado":1380.00,"valor_pago":1380.00},{"codigo_unidade_gestora":"201157","codigo_unidade_orcamentaria":"02050","numero_empenho":"0007743","classificacao":"135","data_empenho":"2022-12-09","codigo_credor":"41201592000197","nome_credor":"ARNOBIO TEIXEIRA DE BRITO LYRA JUNIOR 04183890470","valor_contratado":1840.00,"valor_pago":1840.00},{"codigo_unidade_gestora":"201157","codigo_unidade_orcamentaria":"02140","numero_empenho":"0007744","classificacao":"135","data_empenho":"2022-12-09","codigo_credor":"00000000280704","nome_credor":"BANCO DO BRASIL S/A","valor_contratado":55.00,"valor_pago":55.00},{"codigo_unidade_gestora":"201157","codigo_unidade_orcamentaria":"02040","numero_empenho":"0007745","classificacao":"135","data_empenho":"2022-12-09","codigo_credor":"41201592000197","nome_credor":"ARNOBIO TEIXEIRA DE BRITO LYRA JUNIOR 04183890470","valor_contratado":2520.00,"valor_pago":2520.00},{"codigo_unidade_gestora":"201157","codigo_unidade_orcamentaria":"02140","numero_empenho":"0007746","classificacao":"135","data_empenho":"2022-12-09","codigo_credor":"00000000280704","nome_credor":"BANCO DO BRASIL S/A","valor_contratado":22.00,"valor_pago":22.00},{"codigo_unidade_gestora":"201157","codigo_unidade_orcamentaria":"02080","numero_empenho":"0007747","classificacao":"135","data_empenho":"2022-12-09","codigo_credor":"41201592000197","nome_credor":"ARNOBIO TEIXEIRA DE BRITO LYRA JUNIOR 04183890470","valor_contratado":2520.00,"valor_pago":2520.00},{"codigo_unidade_gestora":"201157","codigo_unidade_orcamentaria":"02040","numero_empenho":"0007748","classificacao":"135","data_empenho":"2022-12-09","codigo_credor":"41201592000197","nome_credor":"ARNOBIO TEIXEIRA DE BRITO LYRA JUNIOR 04183890470","valor_contratado":1725.00,"valor_pago":1725.00},{"codigo_unidade_gestora":"201157","codigo_unidade_orcamentaria":"02140","numero_empenho":"0007749","classificacao":"135","data_empenho":"2022-12-09","codigo_credor":"00000000280704","nome_credor":"BANCO DO BRASIL S/A","valor_contratado":33.00,"valor_pago":33.00},{"codigo_unidade_gestora":"201157","codigo_unidade_orcamentaria":"02050","numero_empenho":"0007750","classificacao":"135","data_empenho":"2022-12-09","codigo_credor":"41201592000197","nome_credor":"ARNOBIO TEIXEIRA DE BRITO LYRA JUNIOR 04183890470","valor_contratado":1150.00,"valor_pago":1150.00},{"codigo_unidade_gestora":"201157","codigo_unidade_orcamentaria":"02080","numero_empenho":"0007751","classificacao":"135","data_empenho":"2022-12-09","codigo_credor":"41201592000197","nome_credor":"ARNOBIO TEIXEIRA DE BRITO LYRA JUNIOR 04183890470","valor_contratado":3450.00,"valor_pago":3450.00},{"codigo_unidade_gestora":"201157","codigo_unidade_orcamentaria":"02040","numero_empenho":"0007752","classificacao":"135","data_empenho":"2022-12-09","codigo_credor":"41201592000197","nome_credor":"ARNOBIO TEIXEIRA DE BRITO LYRA JUNIOR 04183890470","valor_contratado":1440.00,"valor_pago":1440.00},{"codigo_unidade_gestora":"201157","codigo_unidade_orcamentaria":"02050","numero_empenho":"0007753","classificacao":"135","data_empenho":"2022-12-09","codigo_credor":"41201592000197","nome_credor":"ARNOBIO TEIXEIRA DE BRITO LYRA JUNIOR 04183890470","valor_contratado":720.00,"valor_pago":720.00},{"codigo_unidade_gestora":"201157","codigo_unidade_orcamentaria":"02080","numero_empenho":"0007754","classificacao":"135","data_empenho":"2022-12-09","codigo_credor":"41201592000197","nome_credor":"ARNOBIO TEIXEIRA DE BRITO LYRA JUNIOR 04183890470","valor_contratado":1440.00,"valor_pago":1440.00},{"codigo_unidade_gestora":"201157","codigo_unidade_orcamentaria":"02080","numero_empenho":"0007755","classificacao":"135","data_empenho":"2022-12-09","codigo_credor":"41201592000197","nome_credor":"ARNOBIO TEIXEIRA DE BRITO LYRA JUNIOR 04183890470","valor_contratado":1440.00,"valor_pago":1440.00}]}}