{"size":50,"page":11,"total":763,"count":50,"_embedded":{"empenhos":[{"codigo_unidade_gestora":"201157","codigo_unidade_orcamentaria":"02050","numero_empenho":"0003207","classificacao":"135","data_empenho":"2022-06-20","codigo_credor":"33332588000130","nome_credor":"VINICIUS DOS SANTOS PESSOA 13222955492","valor_contratado":3410.00,"valor_pago":3410.00},{"codigo_unidade_gestora":"201157","codigo_unidade_orcamentaria":"02050","numero_empenho":"0003208","classificacao":"135","data_empenho":"2022-06-20","codigo_credor":"19573653000198","nome_credor":"JOSE PEDRO DA SILVA - 026.799.054-58","valor_contratado":0.00,"valor_pago":0.00},{"codigo_unidade_gestora":"201157","codigo_unidade_orcamentaria":"02050","numero_empenho":"0003209","classificacao":"135","data_empenho":"2022-06-20","codigo_credor":"18973469000172","nome_credor":"ROBERTO GOMES DA SILVA","valor_contratado":2442.00,"valor_pago":2442.00},{"codigo_unidade_gestora":"201157","codigo_unidade_orcamentaria":"02050","numero_empenho":"0003210","classificacao":"135","data_empenho":"2022-06-20","codigo_credor":"18973469000172","nome_credor":"ROBERTO GOMES DA SILVA","valor_contratado":2552.00,"valor_pago":2552.00},{"codigo_unidade_gestora":"201157","codigo_unidade_orcamentaria":"02050","numero_empenho":"0003211","classificacao":"135","data_empenho":"2022-06-20","codigo_credor":"32593366000108","nome_credor":"DJAILSON DE FARIAS FERREIRA 09774773470","valor_contratado":2310.00,"valor_pago":2310.00},{"codigo_unidade_gestora":"201157","codigo_unidade_orcamentaria":"02050","numero_empenho":"0003212","classificacao":"135","data_empenho":"2022-06-20","codigo_credor":"24316195000141","nome_credor":"JONHN RAILSON MORAIS BATISTA","valor_contratado":2420.00,"valor_pago":2420.00},{"codigo_unidade_gestora":"201157","codigo_unidade_orcamentaria":"02050","numero_empenho":"0003213","classificacao":"135","data_empenho":"2022-06-20","codigo_credor":"24316195000141","nome_credor":"JONHN RAILSON MORAIS BATISTA","valor_contratado":2420.00,"valor_pago":2420.00},{"codigo_unidade_gestora":"201157","codigo_unidade_orcamentaria":"02050","numero_empenho":"0003214","classificacao":"135","data_empenho":"2022-06-20","codigo_credor":"19573498000100","nome_credor":"JOSE PASSOS S. DE OLIVEIRA- 09220384493","valor_contratado":2569.60,"valor_pago":2569.60},{"codigo_unidade_gestora":"201157","codigo_unidade_orcamentaria":"02050","numero_empenho":"0003215","classificacao":"135","data_empenho":"2022-06-20","codigo_credor":"19573498000100","nome_credor":"JOSE PASSOS S. DE OLIVEIRA- 09220384493","valor_contratado":2440.90,"valor_pago":2440.90},{"codigo_unidade_gestora":"201157","codigo_unidade_orcamentaria":"02050","numero_empenho":"0003216","classificacao":"135","data_empenho":"2022-06-20","codigo_credor":"29458217000121","nome_credor":"MARCOS ANTONIO BATISTA REIS 85353213491","valor_contratado":3228.50,"valor_pago":3228.50},{"codigo_unidade_gestora":"201157","codigo_unidade_orcamentaria":"02050","numero_empenho":"0003217","classificacao":"135","data_empenho":"2022-06-20","codigo_credor":"41366784000153","nome_credor":"MARIVALDO LOPES DA SILVA 01249202418","valor_contratado":2068.00,"valor_pago":2068.00},{"codigo_unidade_gestora":"201157","codigo_unidade_orcamentaria":"02050","numero_empenho":"0003218","classificacao":"135","data_empenho":"2022-06-20","codigo_credor":"41366784000153","nome_credor":"MARIVALDO LOPES DA SILVA 01249202418","valor_contratado":2592.70,"valor_pago":2592.70},{"codigo_unidade_gestora":"201157","codigo_unidade_orcamentaria":"02050","numero_empenho":"0003219","classificacao":"135","data_empenho":"2022-06-20","codigo_credor":"19712469000181","nome_credor":"MICHEL LOPES DE LIMA 09808104428","valor_contratado":2612.50,"valor_pago":2612.50},{"codigo_unidade_gestora":"201157","codigo_unidade_orcamentaria":"02050","numero_empenho":"0003220","classificacao":"135","data_empenho":"2022-06-20","codigo_credor":"19712469000181","nome_credor":"MICHEL LOPES DE LIMA 09808104428","valor_contratado":2310.00,"valor_pago":2310.00},{"codigo_unidade_gestora":"201157","codigo_unidade_orcamentaria":"02050","numero_empenho":"0003221","classificacao":"135","data_empenho":"2022-06-20","codigo_credor":"19192694000134","nome_credor":"EDMILSON SOARES DE OLIVEIRA - 155.429.828-83","valor_contratado":2739.00,"valor_pago":2739.00},{"codigo_unidade_gestora":"201157","codigo_unidade_orcamentaria":"02050","numero_empenho":"0003222","classificacao":"135","data_empenho":"2022-06-20","codigo_credor":"19699196000182","nome_credor":"THIAGO FELIX SOUTO - 110.345.324-64","valor_contratado":2574.00,"valor_pago":2574.00},{"codigo_unidade_gestora":"201157","codigo_unidade_orcamentaria":"02050","numero_empenho":"0003223","classificacao":"135","data_empenho":"2022-06-20","codigo_credor":"19432537000159","nome_credor":"PAULO PONCIANO DE SOUZA - 978359944-53","valor_contratado":2981.00,"valor_pago":2981.00},{"codigo_unidade_gestora":"201157","codigo_unidade_orcamentaria":"02050","numero_empenho":"0003224","classificacao":"135","data_empenho":"2022-06-20","codigo_credor":"19432537000159","nome_credor":"PAULO PONCIANO DE SOUZA - 978359944-53","valor_contratado":2856.70,"valor_pago":2856.70},{"codigo_unidade_gestora":"201157","codigo_unidade_orcamentaria":"02050","numero_empenho":"0003225","classificacao":"135","data_empenho":"2022-06-20","codigo_credor":"19562890000153","nome_credor":"EDILSON BENTO ALVES - 042.998.774-97","valor_contratado":2420.00,"valor_pago":2420.00},{"codigo_unidade_gestora":"201157","codigo_unidade_orcamentaria":"02050","numero_empenho":"0003226","classificacao":"135","data_empenho":"2022-06-20","codigo_credor":"19562890000153","nome_credor":"EDILSON BENTO ALVES - 042.998.774-97","valor_contratado":2750.00,"valor_pago":2750.00},{"codigo_unidade_gestora":"201157","codigo_unidade_orcamentaria":"02050","numero_empenho":"0003227","classificacao":"135","data_empenho":"2022-06-20","codigo_credor":"19539239000162","nome_credor":"FABIANO L.DO NASCIMENTO-07178938471","valor_contratado":2442.00,"valor_pago":2442.00},{"codigo_unidade_gestora":"201157","codigo_unidade_orcamentaria":"02050","numero_empenho":"0003228","classificacao":"135","data_empenho":"2022-06-20","codigo_credor":"27143877000198","nome_credor":"EDMILSON PEREIRA DA SILVA","valor_contratado":2409.00,"valor_pago":2409.00},{"codigo_unidade_gestora":"201157","codigo_unidade_orcamentaria":"02050","numero_empenho":"0003229","classificacao":"135","data_empenho":"2022-06-20","codigo_credor":"19562890000153","nome_credor":"EDILSON BENTO ALVES - 042.998.774-97","valor_contratado":2530.00,"valor_pago":2530.00},{"codigo_unidade_gestora":"201157","codigo_unidade_orcamentaria":"02050","numero_empenho":"0003230","classificacao":"135","data_empenho":"2022-06-20","codigo_credor":"19192694000134","nome_credor":"EDMILSON SOARES DE OLIVEIRA - 155.429.828-83","valor_contratado":3201.00,"valor_pago":3201.00},{"codigo_unidade_gestora":"201157","codigo_unidade_orcamentaria":"02050","numero_empenho":"0003231","classificacao":"135","data_empenho":"2022-06-20","codigo_credor":"19225950000142","nome_credor":"PAULO DOS SANTOS ADELINO - 036.224.944-09","valor_contratado":2915.00,"valor_pago":2915.00},{"codigo_unidade_gestora":"201157","codigo_unidade_orcamentaria":"02050","numero_empenho":"0003232","classificacao":"135","data_empenho":"2022-06-20","codigo_credor":"19225950000142","nome_credor":"PAULO DOS SANTOS ADELINO - 036.224.944-09","valor_contratado":2860.00,"valor_pago":2860.00},{"codigo_unidade_gestora":"201157","codigo_unidade_orcamentaria":"02050","numero_empenho":"0003233","classificacao":"135","data_empenho":"2022-06-20","codigo_credor":"27123627000196","nome_credor":"MARILIA DA SILVA CAVALCANTE - 08142292475","valor_contratado":3520.00,"valor_pago":3520.00},{"codigo_unidade_gestora":"201157","codigo_unidade_orcamentaria":"02020","numero_empenho":"0003234","classificacao":"136","data_empenho":"2022-06-20","codigo_credor":"24627421000105","nome_credor":"MAXÍMA SERVIÇOS EM TECNOLOGIA DA IRNFORMAÇÃO LTDA","valor_contratado":723.45,"valor_pago":723.45},{"codigo_unidade_gestora":"201157","codigo_unidade_orcamentaria":"02120","numero_empenho":"0003235","classificacao":"135","data_empenho":"2022-06-20","codigo_credor":"17923503000131","nome_credor":"ERALDO MARINHO DA SILVA  13540129847","valor_contratado":448.00,"valor_pago":448.00},{"codigo_unidade_gestora":"201157","codigo_unidade_orcamentaria":"02040","numero_empenho":"0003236","classificacao":"126","data_empenho":"2022-06-20","codigo_credor":"28695805000116","nome_credor":"GB COMERCIO E SERVICOS LTDA - EPP","valor_contratado":2539.96,"valor_pago":2539.96},{"codigo_unidade_gestora":"201157","codigo_unidade_orcamentaria":"02050","numero_empenho":"0003237","classificacao":"135","data_empenho":"2022-06-20","codigo_credor":"19225950000142","nome_credor":"PAULO DOS SANTOS ADELINO - 036.224.944-09","valor_contratado":2332.00,"valor_pago":2332.00},{"codigo_unidade_gestora":"201157","codigo_unidade_orcamentaria":"02050","numero_empenho":"0003238","classificacao":"135","data_empenho":"2022-06-20","codigo_credor":"28695805000116","nome_credor":"GB COMERCIO E SERVICOS LTDA - EPP","valor_contratado":2624.11,"valor_pago":2624.11},{"codigo_unidade_gestora":"201157","codigo_unidade_orcamentaria":"02050","numero_empenho":"0003239","classificacao":"135","data_empenho":"2022-06-20","codigo_credor":"29458217000121","nome_credor":"MARCOS ANTONIO BATISTA REIS 85353213491","valor_contratado":2420.00,"valor_pago":2420.00},{"codigo_unidade_gestora":"201157","codigo_unidade_orcamentaria":"02050","numero_empenho":"0003240","classificacao":"135","data_empenho":"2022-06-20","codigo_credor":"28695805000116","nome_credor":"GB COMERCIO E SERVICOS LTDA - EPP","valor_contratado":4069.81,"valor_pago":4069.81},{"codigo_unidade_gestora":"201157","codigo_unidade_orcamentaria":"02050","numero_empenho":"0003241","classificacao":"135","data_empenho":"2022-06-20","codigo_credor":"36826273000137","nome_credor":"LUIZ FERNANDO MISSIAS DE FARIAS 12567919465","valor_contratado":2750.00,"valor_pago":2750.00},{"codigo_unidade_gestora":"201157","codigo_unidade_orcamentaria":"02050","numero_empenho":"0003242","classificacao":"135","data_empenho":"2022-06-20","codigo_credor":"28695805000116","nome_credor":"GB COMERCIO E SERVICOS LTDA - EPP","valor_contratado":4636.73,"valor_pago":4636.73},{"codigo_unidade_gestora":"201157","codigo_unidade_orcamentaria":"02050","numero_empenho":"0003243","classificacao":"135","data_empenho":"2022-06-20","codigo_credor":"28695805000116","nome_credor":"GB COMERCIO E SERVICOS LTDA - EPP","valor_contratado":1214.16,"valor_pago":1214.16},{"codigo_unidade_gestora":"201157","codigo_unidade_orcamentaria":"02050","numero_empenho":"0003244","classificacao":"135","data_empenho":"2022-06-20","codigo_credor":"36826273000137","nome_credor":"LUIZ FERNANDO MISSIAS DE FARIAS 12567919465","valor_contratado":2310.00,"valor_pago":2310.00},{"codigo_unidade_gestora":"201157","codigo_unidade_orcamentaria":"02080","numero_empenho":"0003245","classificacao":"135","data_empenho":"2022-06-20","codigo_credor":"28695805000116","nome_credor":"GB COMERCIO E SERVICOS LTDA - EPP","valor_contratado":6715.12,"valor_pago":6715.12},{"codigo_unidade_gestora":"201157","codigo_unidade_orcamentaria":"02110","numero_empenho":"0003246","classificacao":"126","data_empenho":"2022-06-20","codigo_credor":"08674752000140","nome_credor":"CIRURGICA MONTEBELLO LTDA","valor_contratado":560.00,"valor_pago":560.00},{"codigo_unidade_gestora":"201157","codigo_unidade_orcamentaria":"02110","numero_empenho":"0003247","classificacao":"126","data_empenho":"2022-06-20","codigo_credor":"08674752000140","nome_credor":"CIRURGICA MONTEBELLO LTDA","valor_contratado":560.00,"valor_pago":560.00},{"codigo_unidade_gestora":"201157","codigo_unidade_orcamentaria":"02140","numero_empenho":"0003248","classificacao":"135","data_empenho":"2022-06-20","codigo_credor":"00000000280704","nome_credor":"BANCO DO BRASIL S/A","valor_contratado":11.00,"valor_pago":11.00},{"codigo_unidade_gestora":"201157","codigo_unidade_orcamentaria":"02050","numero_empenho":"0003249","classificacao":"135","data_empenho":"2022-06-20","codigo_credor":"28695805000116","nome_credor":"GB COMERCIO E SERVICOS LTDA - EPP","valor_contratado":4579.29,"valor_pago":4579.29},{"codigo_unidade_gestora":"201157","codigo_unidade_orcamentaria":"02090","numero_empenho":"0003250","classificacao":"135","data_empenho":"2022-06-20","codigo_credor":"28695805000116","nome_credor":"GB COMERCIO E SERVICOS LTDA - EPP","valor_contratado":5212.19,"valor_pago":5212.19},{"codigo_unidade_gestora":"201157","codigo_unidade_orcamentaria":"02080","numero_empenho":"0003251","classificacao":"135","data_empenho":"2022-06-20","codigo_credor":"08361818000141","nome_credor":"CARTORIO DO UNICO OFICIO","valor_contratado":300.00,"valor_pago":300.00},{"codigo_unidade_gestora":"201157","codigo_unidade_orcamentaria":"02050","numero_empenho":"0003252","classificacao":"135","data_empenho":"2022-06-20","codigo_credor":"36826273000137","nome_credor":"LUIZ FERNANDO MISSIAS DE FARIAS 12567919465","valor_contratado":2200.00,"valor_pago":2200.00},{"codigo_unidade_gestora":"201157","codigo_unidade_orcamentaria":"02020","numero_empenho":"0003253","classificacao":"135","data_empenho":"2022-06-20","codigo_credor":"00000000280704","nome_credor":"BANCO DO BRASIL S/A","valor_contratado":11.00,"valor_pago":11.00},{"codigo_unidade_gestora":"201157","codigo_unidade_orcamentaria":"02050","numero_empenho":"0003254","classificacao":"135","data_empenho":"2022-06-20","codigo_credor":"19332221000195","nome_credor":"JOÃO RODRIGUES DA COSTA 58636820430","valor_contratado":2948.00,"valor_pago":2948.00},{"codigo_unidade_gestora":"201157","codigo_unidade_orcamentaria":"02050","numero_empenho":"0003255","classificacao":"135","data_empenho":"2022-06-20","codigo_credor":"19563523000174","nome_credor":"ANTONIO PEREIRA MIRANDA - 0522749844-40","valor_contratado":2525.60,"valor_pago":2525.60},{"codigo_unidade_gestora":"201157","codigo_unidade_orcamentaria":"02050","numero_empenho":"0003256","classificacao":"135","data_empenho":"2022-06-20","codigo_credor":"19563523000174","nome_credor":"ANTONIO PEREIRA MIRANDA - 0522749844-40","valor_contratado":2860.00,"valor_pago":2860.00}]}}