{"size":50,"page":13,"total":802,"count":50,"_embedded":{"empenhos":[{"codigo_unidade_gestora":"201157","codigo_unidade_orcamentaria":"02050","numero_empenho":"0007251","classificacao":"110","data_empenho":"2022-11-22","codigo_credor":"00005005351400","nome_credor":"MARCIA CASSIMIRO DO NASCIMENTO","valor_contratado":45.00,"valor_pago":45.00},{"codigo_unidade_gestora":"201157","codigo_unidade_orcamentaria":"02050","numero_empenho":"0007252","classificacao":"110","data_empenho":"2022-11-22","codigo_credor":"00001561724459","nome_credor":"ROBERVAL DA SILVA PEREIRA","valor_contratado":85.00,"valor_pago":85.00},{"codigo_unidade_gestora":"201157","codigo_unidade_orcamentaria":"02050","numero_empenho":"0007253","classificacao":"110","data_empenho":"2022-11-22","codigo_credor":"00007052348438","nome_credor":"DAYANE ALVES DE OLIVEIRA","valor_contratado":45.00,"valor_pago":45.00},{"codigo_unidade_gestora":"201157","codigo_unidade_orcamentaria":"02050","numero_empenho":"0007254","classificacao":"110","data_empenho":"2022-11-22","codigo_credor":"00068868839415","nome_credor":"RILMA SUELY DE SOUZA MELO","valor_contratado":45.00,"valor_pago":45.00},{"codigo_unidade_gestora":"201157","codigo_unidade_orcamentaria":"02050","numero_empenho":"0007255","classificacao":"110","data_empenho":"2022-11-22","codigo_credor":"00007052348438","nome_credor":"DAYANE ALVES DE OLIVEIRA","valor_contratado":45.00,"valor_pago":45.00},{"codigo_unidade_gestora":"201157","codigo_unidade_orcamentaria":"02050","numero_empenho":"0007256","classificacao":"110","data_empenho":"2022-11-22","codigo_credor":"00001561724459","nome_credor":"ROBERVAL DA SILVA PEREIRA","valor_contratado":85.00,"valor_pago":85.00},{"codigo_unidade_gestora":"201157","codigo_unidade_orcamentaria":"02050","numero_empenho":"0007257","classificacao":"135","data_empenho":"2022-11-22","codigo_credor":"33609700000137","nome_credor":"WANDEYFLAVIO BERTULINO AGRA 04819156489","valor_contratado":12540.00,"valor_pago":12540.00},{"codigo_unidade_gestora":"201157","codigo_unidade_orcamentaria":"02020","numero_empenho":"0007258","classificacao":"135","data_empenho":"2022-11-22","codigo_credor":"00000000280704","nome_credor":"BANCO DO BRASIL S/A","valor_contratado":22.00,"valor_pago":22.00},{"codigo_unidade_gestora":"201157","codigo_unidade_orcamentaria":"02110","numero_empenho":"0007259","classificacao":"135","data_empenho":"2022-11-22","codigo_credor":"02674275000136","nome_credor":"CARDIO IMAGEM SERV. DE DIAGNOSTICOS POR IMAGEM LTDA","valor_contratado":600.00,"valor_pago":600.00},{"codigo_unidade_gestora":"201157","codigo_unidade_orcamentaria":"02020","numero_empenho":"0007260","classificacao":"135","data_empenho":"2022-11-22","codigo_credor":"00000000280704","nome_credor":"BANCO DO BRASIL S/A","valor_contratado":77.00,"valor_pago":77.00},{"codigo_unidade_gestora":"201157","codigo_unidade_orcamentaria":"02020","numero_empenho":"0007261","classificacao":"135","data_empenho":"2022-11-22","codigo_credor":"00000000280704","nome_credor":"BANCO DO BRASIL S/A","valor_contratado":44.00,"valor_pago":44.00},{"codigo_unidade_gestora":"201157","codigo_unidade_orcamentaria":"02040","numero_empenho":"0007262","classificacao":"135","data_empenho":"2022-11-22","codigo_credor":"00000000280704","nome_credor":"BANCO DO BRASIL S/A","valor_contratado":66.00,"valor_pago":66.00},{"codigo_unidade_gestora":"201157","codigo_unidade_orcamentaria":"02030","numero_empenho":"0007263","classificacao":"185","data_empenho":"2022-11-22","codigo_credor":"09283185000163","nome_credor":"JOAO PESSOA TRIBUNAL DE JUSTIÇA DO ESTADO DA PARAIBA","valor_contratado":68.41,"valor_pago":68.41},{"codigo_unidade_gestora":"201157","codigo_unidade_orcamentaria":"02030","numero_empenho":"0007264","classificacao":"185","data_empenho":"2022-11-22","codigo_credor":"09283185000163","nome_credor":"JOAO PESSOA TRIBUNAL DE JUSTIÇA DO ESTADO DA PARAIBA","valor_contratado":2620.75,"valor_pago":2620.75},{"codigo_unidade_gestora":"201157","codigo_unidade_orcamentaria":"02020","numero_empenho":"0007265","classificacao":"135","data_empenho":"2022-11-22","codigo_credor":"00360305000104","nome_credor":"CAIXA ECONOMICA FEDERAL","valor_contratado":37.40,"valor_pago":37.40},{"codigo_unidade_gestora":"201157","codigo_unidade_orcamentaria":"02110","numero_empenho":"0007266","classificacao":"126","data_empenho":"2022-11-23","codigo_credor":"10748147000118","nome_credor":"PRONAI COMERCIO DE LIVROS LTDA ME","valor_contratado":5900.00,"valor_pago":5900.00},{"codigo_unidade_gestora":"201157","codigo_unidade_orcamentaria":"02020","numero_empenho":"0007267","classificacao":"143","data_empenho":"2022-11-23","codigo_credor":"00000000280704","nome_credor":"BANCO DO BRASIL S/A","valor_contratado":384.17,"valor_pago":384.17},{"codigo_unidade_gestora":"201157","codigo_unidade_orcamentaria":"02110","numero_empenho":"0007268","classificacao":"126","data_empenho":"2022-11-23","codigo_credor":"08674752000140","nome_credor":"CIRURGICA MONTEBELLO LTDA","valor_contratado":5433.00,"valor_pago":5433.00},{"codigo_unidade_gestora":"201157","codigo_unidade_orcamentaria":"02040","numero_empenho":"0007269","classificacao":"135","data_empenho":"2022-11-23","codigo_credor":"00000000280704","nome_credor":"BANCO DO BRASIL S/A","valor_contratado":11.00,"valor_pago":11.00},{"codigo_unidade_gestora":"201157","codigo_unidade_orcamentaria":"02010","numero_empenho":"0007270","classificacao":"188","data_empenho":"2022-11-23","codigo_credor":"76535764001972","nome_credor":"OI S.A.","valor_contratado":75.44,"valor_pago":75.44},{"codigo_unidade_gestora":"201157","codigo_unidade_orcamentaria":"02020","numero_empenho":"0007271","classificacao":"135","data_empenho":"2022-11-23","codigo_credor":"00360305000104","nome_credor":"CAIXA ECONOMICA FEDERAL","valor_contratado":3.74,"valor_pago":3.74},{"codigo_unidade_gestora":"201157","codigo_unidade_orcamentaria":"02110","numero_empenho":"0007272","classificacao":"135","data_empenho":"2022-11-23","codigo_credor":"76535764001972","nome_credor":"OI S.A.","valor_contratado":164.76,"valor_pago":164.76},{"codigo_unidade_gestora":"201157","codigo_unidade_orcamentaria":"02110","numero_empenho":"0007273","classificacao":"135","data_empenho":"2022-11-23","codigo_credor":"76535764001972","nome_credor":"OI S.A.","valor_contratado":153.80,"valor_pago":153.80},{"codigo_unidade_gestora":"201157","codigo_unidade_orcamentaria":"02110","numero_empenho":"0007274","classificacao":"135","data_empenho":"2022-11-23","codigo_credor":"76535764001972","nome_credor":"OI S.A.","valor_contratado":154.28,"valor_pago":154.28},{"codigo_unidade_gestora":"201157","codigo_unidade_orcamentaria":"02020","numero_empenho":"0007275","classificacao":"135","data_empenho":"2022-11-23","codigo_credor":"00000000280704","nome_credor":"BANCO DO BRASIL S/A","valor_contratado":11.00,"valor_pago":11.00},{"codigo_unidade_gestora":"201157","codigo_unidade_orcamentaria":"02110","numero_empenho":"0007276","classificacao":"135","data_empenho":"2022-11-23","codigo_credor":"76535764001972","nome_credor":"OI S.A.","valor_contratado":17.63,"valor_pago":17.63},{"codigo_unidade_gestora":"201157","codigo_unidade_orcamentaria":"02040","numero_empenho":"0007277","classificacao":"135","data_empenho":"2022-11-24","codigo_credor":"76535764000143","nome_credor":"OI S.A","valor_contratado":153.80,"valor_pago":153.80},{"codigo_unidade_gestora":"201157","codigo_unidade_orcamentaria":"02040","numero_empenho":"0007278","classificacao":"135","data_empenho":"2022-11-24","codigo_credor":"76535764000143","nome_credor":"OI S.A","valor_contratado":158.96,"valor_pago":158.96},{"codigo_unidade_gestora":"201157","codigo_unidade_orcamentaria":"02140","numero_empenho":"0007279","classificacao":"144","data_empenho":"2022-11-24","codigo_credor":"00009793855479","nome_credor":"ROSA ALVES DE LIMA","valor_contratado":250.00,"valor_pago":250.00},{"codigo_unidade_gestora":"201157","codigo_unidade_orcamentaria":"02050","numero_empenho":"0007280","classificacao":"135","data_empenho":"2022-11-24","codigo_credor":"09095183000140","nome_credor":"ENERGISA","valor_contratado":39.56,"valor_pago":39.56},{"codigo_unidade_gestora":"201157","codigo_unidade_orcamentaria":"02050","numero_empenho":"0007281","classificacao":"126","data_empenho":"2022-11-24","codigo_credor":"42878093000100","nome_credor":"JCASIF COMERCIO VAREJISTA DE CEREAIS LTDA","valor_contratado":6269.10,"valor_pago":6269.10},{"codigo_unidade_gestora":"201157","codigo_unidade_orcamentaria":"02090","numero_empenho":"0007282","classificacao":"132","data_empenho":"2022-11-24","codigo_credor":"00099703130453","nome_credor":"LUCIANA RODRIGUES DOS SANTOS","valor_contratado":1295.00,"valor_pago":1295.00},{"codigo_unidade_gestora":"201157","codigo_unidade_orcamentaria":"02110","numero_empenho":"0007283","classificacao":"135","data_empenho":"2022-11-24","codigo_credor":"15144201000130","nome_credor":"IMAGO DIAGNOSTICO POR IMAGEM LTDA","valor_contratado":80.00,"valor_pago":80.00},{"codigo_unidade_gestora":"201157","codigo_unidade_orcamentaria":"02050","numero_empenho":"0007284","classificacao":"126","data_empenho":"2022-11-24","codigo_credor":"01686814000194","nome_credor":"ALEXSANDRA DINIZ FERNANDES","valor_contratado":6601.00,"valor_pago":0.00},{"codigo_unidade_gestora":"201157","codigo_unidade_orcamentaria":"02050","numero_empenho":"0007285","classificacao":"126","data_empenho":"2022-11-24","codigo_credor":"01686814000194","nome_credor":"ALEXSANDRA DINIZ FERNANDES","valor_contratado":15088.00,"valor_pago":15088.00},{"codigo_unidade_gestora":"201157","codigo_unidade_orcamentaria":"02040","numero_empenho":"0007286","classificacao":"135","data_empenho":"2022-11-24","codigo_credor":"09234399000140","nome_credor":"CRIL EMPREENDIMENTO AMBIENTAL LTDA","valor_contratado":3100.00,"valor_pago":3100.00},{"codigo_unidade_gestora":"201157","codigo_unidade_orcamentaria":"02080","numero_empenho":"0007287","classificacao":"126","data_empenho":"2022-11-24","codigo_credor":"02737810000150","nome_credor":"JOSE ARLINDO OLIVEIRA  SILVA","valor_contratado":3812.72,"valor_pago":3812.72},{"codigo_unidade_gestora":"201157","codigo_unidade_orcamentaria":"02080","numero_empenho":"0007288","classificacao":"126","data_empenho":"2022-11-24","codigo_credor":"02737810000150","nome_credor":"JOSE ARLINDO OLIVEIRA  SILVA","valor_contratado":6564.40,"valor_pago":6564.40},{"codigo_unidade_gestora":"201157","codigo_unidade_orcamentaria":"02080","numero_empenho":"0007289","classificacao":"126","data_empenho":"2022-11-24","codigo_credor":"02737810000150","nome_credor":"JOSE ARLINDO OLIVEIRA  SILVA","valor_contratado":1982.05,"valor_pago":1982.05},{"codigo_unidade_gestora":"201157","codigo_unidade_orcamentaria":"02110","numero_empenho":"0007290","classificacao":"126","data_empenho":"2022-11-24","codigo_credor":"05343029000190","nome_credor":"MEDLEVENSOHN COMERCIO E REPRESENTAÇÕES DE PRODUTOS HOSPITALARES LTDA","valor_contratado":5400.00,"valor_pago":5400.00},{"codigo_unidade_gestora":"201157","codigo_unidade_orcamentaria":"02090","numero_empenho":"0007291","classificacao":"135","data_empenho":"2022-11-24","codigo_credor":"45697759000103","nome_credor":"LEONARDO FREIRE ROCHA 09459732410","valor_contratado":12070.00,"valor_pago":12070.00},{"codigo_unidade_gestora":"201157","codigo_unidade_orcamentaria":"02130","numero_empenho":"0007292","classificacao":"135","data_empenho":"2022-11-24","codigo_credor":"12632611000131","nome_credor":"FAUSTO DE OLIVEIRA CORDEIRO 00752463411","valor_contratado":250.00,"valor_pago":250.00},{"codigo_unidade_gestora":"201157","codigo_unidade_orcamentaria":"02110","numero_empenho":"0007293","classificacao":"126","data_empenho":"2022-11-24","codigo_credor":"40787152000109","nome_credor":"CIRUFARMA COMERCIAL LTDA","valor_contratado":500.00,"valor_pago":500.00},{"codigo_unidade_gestora":"201157","codigo_unidade_orcamentaria":"02110","numero_empenho":"0007294","classificacao":"126","data_empenho":"2022-11-24","codigo_credor":"40787152000109","nome_credor":"CIRUFARMA COMERCIAL LTDA","valor_contratado":250.00,"valor_pago":250.00},{"codigo_unidade_gestora":"201157","codigo_unidade_orcamentaria":"02050","numero_empenho":"0007295","classificacao":"135","data_empenho":"2022-11-24","codigo_credor":"28695805000116","nome_credor":"GB COMERCIO E SERVICOS LTDA - EPP","valor_contratado":4124.56,"valor_pago":4124.56},{"codigo_unidade_gestora":"201157","codigo_unidade_orcamentaria":"02050","numero_empenho":"0007296","classificacao":"135","data_empenho":"2022-11-24","codigo_credor":"28695805000116","nome_credor":"GB COMERCIO E SERVICOS LTDA - EPP","valor_contratado":3736.30,"valor_pago":3736.30},{"codigo_unidade_gestora":"201157","codigo_unidade_orcamentaria":"02130","numero_empenho":"0007297","classificacao":"126","data_empenho":"2022-11-24","codigo_credor":"28695805000116","nome_credor":"GB COMERCIO E SERVICOS LTDA - EPP","valor_contratado":1401.60,"valor_pago":1401.60},{"codigo_unidade_gestora":"201157","codigo_unidade_orcamentaria":"02050","numero_empenho":"0007298","classificacao":"135","data_empenho":"2022-11-24","codigo_credor":"28695805000116","nome_credor":"GB COMERCIO E SERVICOS LTDA - EPP","valor_contratado":4518.68,"valor_pago":4518.68},{"codigo_unidade_gestora":"201157","codigo_unidade_orcamentaria":"02050","numero_empenho":"0007299","classificacao":"135","data_empenho":"2022-11-24","codigo_credor":"28695805000116","nome_credor":"GB COMERCIO E SERVICOS LTDA - EPP","valor_contratado":5593.32,"valor_pago":5593.32},{"codigo_unidade_gestora":"201157","codigo_unidade_orcamentaria":"02050","numero_empenho":"0007300","classificacao":"135","data_empenho":"2022-11-24","codigo_credor":"28695805000116","nome_credor":"GB COMERCIO E SERVICOS LTDA - EPP","valor_contratado":391.14,"valor_pago":391.14}]}}