{"size":50,"page":6,"total":301,"count":50,"_embedded":{"empenhos":[{"codigo_unidade_gestora":"201157","codigo_unidade_orcamentaria":"02080","numero_empenho":"0000257","classificacao":"98","data_empenho":"2022-01-28","codigo_credor":"09048976000109","nome_credor":"Prefeitura Municipal de Remígio","valor_contratado":11396.00,"valor_pago":11396.00},{"codigo_unidade_gestora":"201157","codigo_unidade_orcamentaria":"02080","numero_empenho":"0000258","classificacao":"98","data_empenho":"2022-01-28","codigo_credor":"09048976000109","nome_credor":"Prefeitura Municipal de Remígio","valor_contratado":2012.00,"valor_pago":2012.00},{"codigo_unidade_gestora":"201157","codigo_unidade_orcamentaria":"02090","numero_empenho":"0000259","classificacao":"98","data_empenho":"2022-01-28","codigo_credor":"09048976000109","nome_credor":"Prefeitura Municipal de Remígio","valor_contratado":1212.00,"valor_pago":1212.00},{"codigo_unidade_gestora":"201157","codigo_unidade_orcamentaria":"02010","numero_empenho":"0000260","classificacao":"98","data_empenho":"2022-01-28","codigo_credor":"09048976000109","nome_credor":"Prefeitura Municipal de Remígio","valor_contratado":1348.40,"valor_pago":1348.40},{"codigo_unidade_gestora":"201157","codigo_unidade_orcamentaria":"02050","numero_empenho":"0000261","classificacao":"98","data_empenho":"2022-01-28","codigo_credor":"09048976000109","nome_credor":"Prefeitura Municipal de Remígio","valor_contratado":180.45,"valor_pago":180.45},{"codigo_unidade_gestora":"201157","codigo_unidade_orcamentaria":"02050","numero_empenho":"0000262","classificacao":"98","data_empenho":"2022-01-28","codigo_credor":"09048976000109","nome_credor":"Prefeitura Municipal de Remígio","valor_contratado":1804.33,"valor_pago":1804.33},{"codigo_unidade_gestora":"201157","codigo_unidade_orcamentaria":"02050","numero_empenho":"0000263","classificacao":"98","data_empenho":"2022-01-28","codigo_credor":"09048976000109","nome_credor":"Prefeitura Municipal de Remígio","valor_contratado":3608.66,"valor_pago":3608.66},{"codigo_unidade_gestora":"201157","codigo_unidade_orcamentaria":"02050","numero_empenho":"0000264","classificacao":"98","data_empenho":"2022-01-28","codigo_credor":"09048976000109","nome_credor":"Prefeitura Municipal de Remígio","valor_contratado":13508.00,"valor_pago":13508.00},{"codigo_unidade_gestora":"201157","codigo_unidade_orcamentaria":"02020","numero_empenho":"0000265","classificacao":"135","data_empenho":"2022-01-28","codigo_credor":"00000000280704","nome_credor":"BANCO DO BRASIL S/A","valor_contratado":62.70,"valor_pago":62.70},{"codigo_unidade_gestora":"201157","codigo_unidade_orcamentaria":"02040","numero_empenho":"0000266","classificacao":"135","data_empenho":"2022-01-28","codigo_credor":"00000000280704","nome_credor":"BANCO DO BRASIL S/A","valor_contratado":41.80,"valor_pago":41.80},{"codigo_unidade_gestora":"201157","codigo_unidade_orcamentaria":"02110","numero_empenho":"0000267","classificacao":"135","data_empenho":"2022-01-28","codigo_credor":"19500415000152","nome_credor":"EDER BATISTA DE SOUSA","valor_contratado":13050.00,"valor_pago":13050.00},{"codigo_unidade_gestora":"201157","codigo_unidade_orcamentaria":"02080","numero_empenho":"0000268","classificacao":"126","data_empenho":"2022-01-28","codigo_credor":"09046825000111","nome_credor":"DANTAS IMPORTADORA E DISTRIBUIDORA LTDA","valor_contratado":6051.80,"valor_pago":6051.80},{"codigo_unidade_gestora":"201157","codigo_unidade_orcamentaria":"02050","numero_empenho":"0000269","classificacao":"108","data_empenho":"2022-01-28","codigo_credor":"70097811000138","nome_credor":"IPSER/FOLHA DE PAGAMENTO/SAL.FAMILIA","valor_contratado":140670.99,"valor_pago":140670.99},{"codigo_unidade_gestora":"201157","codigo_unidade_orcamentaria":"02020","numero_empenho":"0000270","classificacao":"108","data_empenho":"2022-01-28","codigo_credor":"70097811000138","nome_credor":"IPSER/FOLHA DE PAGAMENTO/SAL.FAMILIA","valor_contratado":22091.16,"valor_pago":22091.16},{"codigo_unidade_gestora":"201157","codigo_unidade_orcamentaria":"02110","numero_empenho":"0000271","classificacao":"108","data_empenho":"2022-01-28","codigo_credor":"70097811000138","nome_credor":"IPSER/FOLHA DE PAGAMENTO/SAL.FAMILIA","valor_contratado":2671.95,"valor_pago":2671.95},{"codigo_unidade_gestora":"201157","codigo_unidade_orcamentaria":"02040","numero_empenho":"0000272","classificacao":"108","data_empenho":"2022-01-28","codigo_credor":"70097811000138","nome_credor":"IPSER/FOLHA DE PAGAMENTO/SAL.FAMILIA","valor_contratado":26839.18,"valor_pago":26839.18},{"codigo_unidade_gestora":"201157","codigo_unidade_orcamentaria":"02070","numero_empenho":"0000273","classificacao":"108","data_empenho":"2022-01-28","codigo_credor":"70097811000138","nome_credor":"IPSER/FOLHA DE PAGAMENTO/SAL.FAMILIA","valor_contratado":2245.10,"valor_pago":2245.10},{"codigo_unidade_gestora":"201157","codigo_unidade_orcamentaria":"02050","numero_empenho":"0000274","classificacao":"108","data_empenho":"2022-01-28","codigo_credor":"70097811000138","nome_credor":"IPSER/FOLHA DE PAGAMENTO/SAL.FAMILIA","valor_contratado":7943.92,"valor_pago":7943.92},{"codigo_unidade_gestora":"201157","codigo_unidade_orcamentaria":"02110","numero_empenho":"0000275","classificacao":"108","data_empenho":"2022-01-28","codigo_credor":"70097811000138","nome_credor":"IPSER/FOLHA DE PAGAMENTO/SAL.FAMILIA","valor_contratado":15280.20,"valor_pago":15280.20},{"codigo_unidade_gestora":"201157","codigo_unidade_orcamentaria":"02040","numero_empenho":"0000276","classificacao":"126","data_empenho":"2022-01-31","codigo_credor":"09261355000109","nome_credor":"HILTON PINHEIRO DANTAS","valor_contratado":169.35,"valor_pago":169.35},{"codigo_unidade_gestora":"201157","codigo_unidade_orcamentaria":"02110","numero_empenho":"0000277","classificacao":"126","data_empenho":"2022-01-31","codigo_credor":"09261355000109","nome_credor":"HILTON PINHEIRO DANTAS","valor_contratado":402.32,"valor_pago":402.32},{"codigo_unidade_gestora":"201157","codigo_unidade_orcamentaria":"02040","numero_empenho":"0000278","classificacao":"126","data_empenho":"2022-01-31","codigo_credor":"09261355000109","nome_credor":"HILTON PINHEIRO DANTAS","valor_contratado":1515.10,"valor_pago":1515.10},{"codigo_unidade_gestora":"201157","codigo_unidade_orcamentaria":"02110","numero_empenho":"0000279","classificacao":"126","data_empenho":"2022-01-31","codigo_credor":"09261355000109","nome_credor":"HILTON PINHEIRO DANTAS","valor_contratado":847.75,"valor_pago":847.75},{"codigo_unidade_gestora":"201157","codigo_unidade_orcamentaria":"02040","numero_empenho":"0000280","classificacao":"126","data_empenho":"2022-01-31","codigo_credor":"09261355000109","nome_credor":"HILTON PINHEIRO DANTAS","valor_contratado":67.08,"valor_pago":67.08},{"codigo_unidade_gestora":"201157","codigo_unidade_orcamentaria":"02040","numero_empenho":"0000281","classificacao":"126","data_empenho":"2022-01-31","codigo_credor":"09261355000109","nome_credor":"HILTON PINHEIRO DANTAS","valor_contratado":26.72,"valor_pago":26.72},{"codigo_unidade_gestora":"201157","codigo_unidade_orcamentaria":"02040","numero_empenho":"0000282","classificacao":"126","data_empenho":"2022-01-31","codigo_credor":"09261355000109","nome_credor":"HILTON PINHEIRO DANTAS","valor_contratado":201.54,"valor_pago":201.54},{"codigo_unidade_gestora":"201157","codigo_unidade_orcamentaria":"02040","numero_empenho":"0000283","classificacao":"126","data_empenho":"2022-01-31","codigo_credor":"09261355000109","nome_credor":"HILTON PINHEIRO DANTAS","valor_contratado":455.72,"valor_pago":455.72},{"codigo_unidade_gestora":"201157","codigo_unidade_orcamentaria":"02040","numero_empenho":"0000284","classificacao":"126","data_empenho":"2022-01-31","codigo_credor":"09261355000109","nome_credor":"HILTON PINHEIRO DANTAS","valor_contratado":334.00,"valor_pago":334.00},{"codigo_unidade_gestora":"201157","codigo_unidade_orcamentaria":"02110","numero_empenho":"0000285","classificacao":"126","data_empenho":"2022-01-31","codigo_credor":"09261355000109","nome_credor":"HILTON PINHEIRO DANTAS","valor_contratado":765.85,"valor_pago":765.85},{"codigo_unidade_gestora":"201157","codigo_unidade_orcamentaria":"02110","numero_empenho":"0000286","classificacao":"126","data_empenho":"2022-01-31","codigo_credor":"09261355000109","nome_credor":"HILTON PINHEIRO DANTAS","valor_contratado":1379.63,"valor_pago":1379.63},{"codigo_unidade_gestora":"201157","codigo_unidade_orcamentaria":"02040","numero_empenho":"0000287","classificacao":"126","data_empenho":"2022-01-31","codigo_credor":"09261355000109","nome_credor":"HILTON PINHEIRO DANTAS","valor_contratado":1740.91,"valor_pago":1740.91},{"codigo_unidade_gestora":"201157","codigo_unidade_orcamentaria":"02110","numero_empenho":"0000288","classificacao":"126","data_empenho":"2022-01-31","codigo_credor":"09261355000109","nome_credor":"HILTON PINHEIRO DANTAS","valor_contratado":1285.35,"valor_pago":1285.35},{"codigo_unidade_gestora":"201157","codigo_unidade_orcamentaria":"02040","numero_empenho":"0000289","classificacao":"126","data_empenho":"2022-01-31","codigo_credor":"09261355000109","nome_credor":"HILTON PINHEIRO DANTAS","valor_contratado":200.40,"valor_pago":200.40},{"codigo_unidade_gestora":"201157","codigo_unidade_orcamentaria":"02080","numero_empenho":"0000290","classificacao":"126","data_empenho":"2022-01-31","codigo_credor":"09261355000109","nome_credor":"HILTON PINHEIRO DANTAS","valor_contratado":3137.04,"valor_pago":3137.04},{"codigo_unidade_gestora":"201157","codigo_unidade_orcamentaria":"02080","numero_empenho":"0000291","classificacao":"126","data_empenho":"2022-01-31","codigo_credor":"09261355000109","nome_credor":"HILTON PINHEIRO DANTAS","valor_contratado":499.10,"valor_pago":499.10},{"codigo_unidade_gestora":"201157","codigo_unidade_orcamentaria":"02080","numero_empenho":"0000292","classificacao":"126","data_empenho":"2022-01-31","codigo_credor":"09261355000109","nome_credor":"HILTON PINHEIRO DANTAS","valor_contratado":1004.15,"valor_pago":1004.15},{"codigo_unidade_gestora":"201157","codigo_unidade_orcamentaria":"02140","numero_empenho":"0000293","classificacao":"126","data_empenho":"2022-01-31","codigo_credor":"09261355000109","nome_credor":"HILTON PINHEIRO DANTAS","valor_contratado":673.32,"valor_pago":673.32},{"codigo_unidade_gestora":"201157","codigo_unidade_orcamentaria":"02050","numero_empenho":"0000294","classificacao":"126","data_empenho":"2022-01-31","codigo_credor":"09261355000109","nome_credor":"HILTON PINHEIRO DANTAS","valor_contratado":517.96,"valor_pago":517.96},{"codigo_unidade_gestora":"201157","codigo_unidade_orcamentaria":"02010","numero_empenho":"0000295","classificacao":"126","data_empenho":"2022-01-31","codigo_credor":"09261355000109","nome_credor":"HILTON PINHEIRO DANTAS","valor_contratado":315.93,"valor_pago":315.93},{"codigo_unidade_gestora":"201157","codigo_unidade_orcamentaria":"02070","numero_empenho":"0000296","classificacao":"126","data_empenho":"2022-01-31","codigo_credor":"09261355000109","nome_credor":"HILTON PINHEIRO DANTAS","valor_contratado":190.00,"valor_pago":190.00},{"codigo_unidade_gestora":"201157","codigo_unidade_orcamentaria":"02090","numero_empenho":"0000297","classificacao":"126","data_empenho":"2022-01-31","codigo_credor":"09261355000109","nome_credor":"HILTON PINHEIRO DANTAS","valor_contratado":47.26,"valor_pago":47.26},{"codigo_unidade_gestora":"201157","codigo_unidade_orcamentaria":"02040","numero_empenho":"0000298","classificacao":"126","data_empenho":"2022-01-31","codigo_credor":"09261355000109","nome_credor":"HILTON PINHEIRO DANTAS","valor_contratado":665.98,"valor_pago":665.98},{"codigo_unidade_gestora":"201157","codigo_unidade_orcamentaria":"02080","numero_empenho":"0000299","classificacao":"126","data_empenho":"2022-01-31","codigo_credor":"09261355000109","nome_credor":"HILTON PINHEIRO DANTAS","valor_contratado":3341.33,"valor_pago":3341.33},{"codigo_unidade_gestora":"201157","codigo_unidade_orcamentaria":"02070","numero_empenho":"0000300","classificacao":"126","data_empenho":"2022-01-31","codigo_credor":"09261355000109","nome_credor":"HILTON PINHEIRO DANTAS","valor_contratado":508.30,"valor_pago":508.30},{"codigo_unidade_gestora":"201157","codigo_unidade_orcamentaria":"02140","numero_empenho":"0000301","classificacao":"126","data_empenho":"2022-01-31","codigo_credor":"09261355000109","nome_credor":"HILTON PINHEIRO DANTAS","valor_contratado":443.76,"valor_pago":443.76},{"codigo_unidade_gestora":"201157","codigo_unidade_orcamentaria":"02040","numero_empenho":"0000302","classificacao":"126","data_empenho":"2022-01-31","codigo_credor":"09261355000109","nome_credor":"HILTON PINHEIRO DANTAS","valor_contratado":331.57,"valor_pago":331.57},{"codigo_unidade_gestora":"201157","codigo_unidade_orcamentaria":"02080","numero_empenho":"0000303","classificacao":"126","data_empenho":"2022-01-31","codigo_credor":"09261355000109","nome_credor":"HILTON PINHEIRO DANTAS","valor_contratado":4333.20,"valor_pago":4333.20},{"codigo_unidade_gestora":"201157","codigo_unidade_orcamentaria":"02130","numero_empenho":"0000304","classificacao":"126","data_empenho":"2022-01-31","codigo_credor":"09261355000109","nome_credor":"HILTON PINHEIRO DANTAS","valor_contratado":568.02,"valor_pago":568.02},{"codigo_unidade_gestora":"201157","codigo_unidade_orcamentaria":"02080","numero_empenho":"0000305","classificacao":"126","data_empenho":"2022-01-31","codigo_credor":"09261355000109","nome_credor":"HILTON PINHEIRO DANTAS","valor_contratado":798.57,"valor_pago":798.57},{"codigo_unidade_gestora":"201157","codigo_unidade_orcamentaria":"02030","numero_empenho":"0000306","classificacao":"131","data_empenho":"2022-01-31","codigo_credor":"20503858000186","nome_credor":"SILANS & SILVA ADVOGADOS","valor_contratado":3500.00,"valor_pago":3500.00}]}}