{"size":50,"page":22,"total":1183,"count":50,"_embedded":{"empenhos":[{"codigo_unidade_gestora":"201157","codigo_unidade_orcamentaria":"02050","numero_empenho":"0008507","classificacao":"126","data_empenho":"2022-12-28","codigo_credor":"09261355000109","nome_credor":"HILTON PINHEIRO DANTAS","valor_contratado":1643.51,"valor_pago":0.00},{"codigo_unidade_gestora":"201157","codigo_unidade_orcamentaria":"02050","numero_empenho":"0008508","classificacao":"126","data_empenho":"2022-12-28","codigo_credor":"15609075000141","nome_credor":"CICERO GEOVANIO PRAZERES MELO - ME","valor_contratado":1569.40,"valor_pago":0.00},{"codigo_unidade_gestora":"201157","codigo_unidade_orcamentaria":"02080","numero_empenho":"0008509","classificacao":"126","data_empenho":"2022-12-28","codigo_credor":"15609075000141","nome_credor":"CICERO GEOVANIO PRAZERES MELO - ME","valor_contratado":2128.00,"valor_pago":0.00},{"codigo_unidade_gestora":"201157","codigo_unidade_orcamentaria":"02050","numero_empenho":"0008510","classificacao":"126","data_empenho":"2022-12-28","codigo_credor":"15609075000141","nome_credor":"CICERO GEOVANIO PRAZERES MELO - ME","valor_contratado":1211.28,"valor_pago":0.00},{"codigo_unidade_gestora":"201157","codigo_unidade_orcamentaria":"02050","numero_empenho":"0008511","classificacao":"126","data_empenho":"2022-12-28","codigo_credor":"15609075000141","nome_credor":"CICERO GEOVANIO PRAZERES MELO - ME","valor_contratado":1429.47,"valor_pago":0.00},{"codigo_unidade_gestora":"201157","codigo_unidade_orcamentaria":"02050","numero_empenho":"0008512","classificacao":"126","data_empenho":"2022-12-28","codigo_credor":"15609075000141","nome_credor":"CICERO GEOVANIO PRAZERES MELO - ME","valor_contratado":262.19,"valor_pago":0.00},{"codigo_unidade_gestora":"201157","codigo_unidade_orcamentaria":"02050","numero_empenho":"0008513","classificacao":"126","data_empenho":"2022-12-28","codigo_credor":"15609075000141","nome_credor":"CICERO GEOVANIO PRAZERES MELO - ME","valor_contratado":731.49,"valor_pago":0.00},{"codigo_unidade_gestora":"201157","codigo_unidade_orcamentaria":"02080","numero_empenho":"0008514","classificacao":"126","data_empenho":"2022-12-28","codigo_credor":"15609075000141","nome_credor":"CICERO GEOVANIO PRAZERES MELO - ME","valor_contratado":2174.74,"valor_pago":0.00},{"codigo_unidade_gestora":"201157","codigo_unidade_orcamentaria":"02080","numero_empenho":"0008515","classificacao":"126","data_empenho":"2022-12-28","codigo_credor":"15609075000141","nome_credor":"CICERO GEOVANIO PRAZERES MELO - ME","valor_contratado":434.82,"valor_pago":0.00},{"codigo_unidade_gestora":"201157","codigo_unidade_orcamentaria":"02050","numero_empenho":"0008516","classificacao":"150","data_empenho":"2022-12-28","codigo_credor":"07239645000120","nome_credor":"EMILLY INDUSTRIA E COMERCIO DE MOVEIS LTDA EPP","valor_contratado":220100.00,"valor_pago":0.00},{"codigo_unidade_gestora":"201157","codigo_unidade_orcamentaria":"02050","numero_empenho":"0008517","classificacao":"150","data_empenho":"2022-12-28","codigo_credor":"07239645000120","nome_credor":"EMILLY INDUSTRIA E COMERCIO DE MOVEIS LTDA EPP","valor_contratado":45850.00,"valor_pago":45850.00},{"codigo_unidade_gestora":"201157","codigo_unidade_orcamentaria":"02120","numero_empenho":"0008518","classificacao":"135","data_empenho":"2022-12-28","codigo_credor":"20531473000122","nome_credor":"FABIANO DIAS GUIMARAES 09902794483","valor_contratado":40000.00,"valor_pago":0.00},{"codigo_unidade_gestora":"201157","codigo_unidade_orcamentaria":"02120","numero_empenho":"0008519","classificacao":"135","data_empenho":"2022-12-28","codigo_credor":"07551949000129","nome_credor":"FERREIRA PRODUCOES, LOCACOES E SERVICOS EIRELI","valor_contratado":20000.00,"valor_pago":20000.00},{"codigo_unidade_gestora":"201157","codigo_unidade_orcamentaria":"02140","numero_empenho":"0008520","classificacao":"135","data_empenho":"2022-12-28","codigo_credor":"39154988000189","nome_credor":"LUCIANO OLIVEIRA DA SILVA","valor_contratado":1200.00,"valor_pago":1200.00},{"codigo_unidade_gestora":"201157","codigo_unidade_orcamentaria":"02070","numero_empenho":"0008521","classificacao":"107","data_empenho":"2022-12-28","codigo_credor":"29979036000140","nome_credor":"INSS-INSTITUTO NACIONAL DO SEGURO SOCIAL","valor_contratado":3639.70,"valor_pago":3639.70},{"codigo_unidade_gestora":"201157","codigo_unidade_orcamentaria":"02050","numero_empenho":"0008522","classificacao":"107","data_empenho":"2022-12-28","codigo_credor":"29979036000140","nome_credor":"INSS-INSTITUTO NACIONAL DO SEGURO SOCIAL","valor_contratado":51391.06,"valor_pago":51391.06},{"codigo_unidade_gestora":"201157","codigo_unidade_orcamentaria":"02040","numero_empenho":"0008523","classificacao":"107","data_empenho":"2022-12-28","codigo_credor":"29979036000140","nome_credor":"INSS-INSTITUTO NACIONAL DO SEGURO SOCIAL","valor_contratado":7088.76,"valor_pago":7088.76},{"codigo_unidade_gestora":"201157","codigo_unidade_orcamentaria":"02020","numero_empenho":"0008524","classificacao":"107","data_empenho":"2022-12-28","codigo_credor":"29979036000140","nome_credor":"INSS-INSTITUTO NACIONAL DO SEGURO SOCIAL","valor_contratado":32381.57,"valor_pago":32381.57},{"codigo_unidade_gestora":"201157","codigo_unidade_orcamentaria":"02050","numero_empenho":"0008525","classificacao":"114","data_empenho":"2022-12-28","codigo_credor":"61600839000155","nome_credor":"CIEE-CENTRO DE INTEGRAÇÃO EMPRESA ESCOLA","valor_contratado":22722.24,"valor_pago":22722.24},{"codigo_unidade_gestora":"201157","codigo_unidade_orcamentaria":"02050","numero_empenho":"0008526","classificacao":"114","data_empenho":"2022-12-28","codigo_credor":"61600839000155","nome_credor":"CIEE-CENTRO DE INTEGRAÇÃO EMPRESA ESCOLA","valor_contratado":550.00,"valor_pago":550.00},{"codigo_unidade_gestora":"201157","codigo_unidade_orcamentaria":"02140","numero_empenho":"0008527","classificacao":"135","data_empenho":"2022-12-28","codigo_credor":"00000000280704","nome_credor":"BANCO DO BRASIL S/A","valor_contratado":22.00,"valor_pago":22.00},{"codigo_unidade_gestora":"201157","codigo_unidade_orcamentaria":"02140","numero_empenho":"0008528","classificacao":"135","data_empenho":"2022-12-28","codigo_credor":"00000000280704","nome_credor":"BANCO DO BRASIL S/A","valor_contratado":22.00,"valor_pago":22.00},{"codigo_unidade_gestora":"201157","codigo_unidade_orcamentaria":"02110","numero_empenho":"0008529","classificacao":"107","data_empenho":"2022-12-28","codigo_credor":"29979036000140","nome_credor":"INSS-INSTITUTO NACIONAL DO SEGURO SOCIAL","valor_contratado":569.78,"valor_pago":569.78},{"codigo_unidade_gestora":"201157","codigo_unidade_orcamentaria":"02140","numero_empenho":"0008530","classificacao":"135","data_empenho":"2022-12-28","codigo_credor":"00000000280704","nome_credor":"BANCO DO BRASIL S/A","valor_contratado":55.00,"valor_pago":55.00},{"codigo_unidade_gestora":"201157","codigo_unidade_orcamentaria":"02050","numero_empenho":"0008531","classificacao":"107","data_empenho":"2022-12-28","codigo_credor":"29979036000140","nome_credor":"INSS-INSTITUTO NACIONAL DO SEGURO SOCIAL","valor_contratado":48279.31,"valor_pago":48279.31},{"codigo_unidade_gestora":"201157","codigo_unidade_orcamentaria":"02020","numero_empenho":"0008532","classificacao":"135","data_empenho":"2022-12-28","codigo_credor":"00000000280704","nome_credor":"BANCO DO BRASIL S/A","valor_contratado":22.00,"valor_pago":22.00},{"codigo_unidade_gestora":"201157","codigo_unidade_orcamentaria":"02020","numero_empenho":"0008533","classificacao":"135","data_empenho":"2022-12-28","codigo_credor":"00000000280704","nome_credor":"BANCO DO BRASIL S/A","valor_contratado":77.00,"valor_pago":77.00},{"codigo_unidade_gestora":"201157","codigo_unidade_orcamentaria":"02110","numero_empenho":"0008534","classificacao":"107","data_empenho":"2022-12-28","codigo_credor":"29979036000140","nome_credor":"INSS-INSTITUTO NACIONAL DO SEGURO SOCIAL","valor_contratado":2153.83,"valor_pago":2153.83},{"codigo_unidade_gestora":"201157","codigo_unidade_orcamentaria":"02020","numero_empenho":"0008535","classificacao":"135","data_empenho":"2022-12-28","codigo_credor":"00000000280704","nome_credor":"BANCO DO BRASIL S/A","valor_contratado":407.00,"valor_pago":407.00},{"codigo_unidade_gestora":"201157","codigo_unidade_orcamentaria":"02020","numero_empenho":"0008536","classificacao":"135","data_empenho":"2022-12-28","codigo_credor":"00360305000104","nome_credor":"CAIXA ECONOMICA FEDERAL","valor_contratado":11.00,"valor_pago":11.00},{"codigo_unidade_gestora":"201157","codigo_unidade_orcamentaria":"02110","numero_empenho":"0008537","classificacao":"107","data_empenho":"2022-12-28","codigo_credor":"29979036000140","nome_credor":"INSS-INSTITUTO NACIONAL DO SEGURO SOCIAL","valor_contratado":1529.27,"valor_pago":1529.27},{"codigo_unidade_gestora":"201157","codigo_unidade_orcamentaria":"02110","numero_empenho":"0008538","classificacao":"135","data_empenho":"2022-12-29","codigo_credor":"08716557000135","nome_credor":"CLINICA RADIOLOGICA DR.WANDERLEY LTDA","valor_contratado":5500.00,"valor_pago":0.00},{"codigo_unidade_gestora":"201157","codigo_unidade_orcamentaria":"02010","numero_empenho":"0008539","classificacao":"135","data_empenho":"2022-12-29","codigo_credor":"29776170000144","nome_credor":"WALMIR BEZERRA DA SILVA 09668419480","valor_contratado":2000.00,"valor_pago":2000.00},{"codigo_unidade_gestora":"201157","codigo_unidade_orcamentaria":"02070","numero_empenho":"0008540","classificacao":"135","data_empenho":"2022-12-29","codigo_credor":"29776170000144","nome_credor":"WALMIR BEZERRA DA SILVA 09668419480","valor_contratado":500.00,"valor_pago":500.00},{"codigo_unidade_gestora":"201157","codigo_unidade_orcamentaria":"02120","numero_empenho":"0008541","classificacao":"135","data_empenho":"2022-12-29","codigo_credor":"29776170000144","nome_credor":"WALMIR BEZERRA DA SILVA 09668419480","valor_contratado":500.00,"valor_pago":500.00},{"codigo_unidade_gestora":"201157","codigo_unidade_orcamentaria":"02070","numero_empenho":"0008542","classificacao":"107","data_empenho":"2022-12-29","codigo_credor":"29979036000140","nome_credor":"INSS-INSTITUTO NACIONAL DO SEGURO SOCIAL","valor_contratado":4487.02,"valor_pago":4487.02},{"codigo_unidade_gestora":"201157","codigo_unidade_orcamentaria":"02070","numero_empenho":"0008543","classificacao":"135","data_empenho":"2022-12-29","codigo_credor":"29776170000144","nome_credor":"WALMIR BEZERRA DA SILVA 09668419480","valor_contratado":500.00,"valor_pago":500.00},{"codigo_unidade_gestora":"201157","codigo_unidade_orcamentaria":"02040","numero_empenho":"0008544","classificacao":"107","data_empenho":"2022-12-29","codigo_credor":"29979036000140","nome_credor":"INSS-INSTITUTO NACIONAL DO SEGURO SOCIAL","valor_contratado":56850.63,"valor_pago":56850.63},{"codigo_unidade_gestora":"201157","codigo_unidade_orcamentaria":"02020","numero_empenho":"0008545","classificacao":"107","data_empenho":"2022-12-29","codigo_credor":"29979036000140","nome_credor":"INSS-INSTITUTO NACIONAL DO SEGURO SOCIAL","valor_contratado":44764.72,"valor_pago":44764.72},{"codigo_unidade_gestora":"201157","codigo_unidade_orcamentaria":"02050","numero_empenho":"0008546","classificacao":"135","data_empenho":"2022-12-29","codigo_credor":"29776170000144","nome_credor":"WALMIR BEZERRA DA SILVA 09668419480","valor_contratado":600.00,"valor_pago":600.00},{"codigo_unidade_gestora":"201157","codigo_unidade_orcamentaria":"02110","numero_empenho":"0008547","classificacao":"135","data_empenho":"2022-12-29","codigo_credor":"09095183000140","nome_credor":"ENERGISA","valor_contratado":201.24,"valor_pago":201.24},{"codigo_unidade_gestora":"201157","codigo_unidade_orcamentaria":"02050","numero_empenho":"0008548","classificacao":"108","data_empenho":"2022-12-29","codigo_credor":"70097811000138","nome_credor":"IPSER/FOLHA DE PAGAMENTO/SAL.FAMILIA","valor_contratado":60765.00,"valor_pago":60765.00},{"codigo_unidade_gestora":"201157","codigo_unidade_orcamentaria":"02080","numero_empenho":"0008549","classificacao":"126","data_empenho":"2022-12-29","codigo_credor":"09261355000109","nome_credor":"HILTON PINHEIRO DANTAS","valor_contratado":8937.14,"valor_pago":0.00},{"codigo_unidade_gestora":"201157","codigo_unidade_orcamentaria":"02090","numero_empenho":"0008550","classificacao":"126","data_empenho":"2022-12-29","codigo_credor":"09261355000109","nome_credor":"HILTON PINHEIRO DANTAS","valor_contratado":6345.09,"valor_pago":0.00},{"codigo_unidade_gestora":"201157","codigo_unidade_orcamentaria":"02080","numero_empenho":"0008551","classificacao":"126","data_empenho":"2022-12-29","codigo_credor":"09261355000109","nome_credor":"HILTON PINHEIRO DANTAS","valor_contratado":972.18,"valor_pago":0.00},{"codigo_unidade_gestora":"201157","codigo_unidade_orcamentaria":"02050","numero_empenho":"0008552","classificacao":"108","data_empenho":"2022-12-29","codigo_credor":"70097811000138","nome_credor":"IPSER/FOLHA DE PAGAMENTO/SAL.FAMILIA","valor_contratado":94141.50,"valor_pago":94141.50},{"codigo_unidade_gestora":"201157","codigo_unidade_orcamentaria":"02050","numero_empenho":"0008553","classificacao":"108","data_empenho":"2022-12-29","codigo_credor":"70097811000138","nome_credor":"IPSER/FOLHA DE PAGAMENTO/SAL.FAMILIA","valor_contratado":78111.56,"valor_pago":78111.56},{"codigo_unidade_gestora":"201157","codigo_unidade_orcamentaria":"02050","numero_empenho":"0008554","classificacao":"108","data_empenho":"2022-12-29","codigo_credor":"70097811000138","nome_credor":"IPSER/FOLHA DE PAGAMENTO/SAL.FAMILIA","valor_contratado":78451.02,"valor_pago":78451.02},{"codigo_unidade_gestora":"201157","codigo_unidade_orcamentaria":"02130","numero_empenho":"0008555","classificacao":"126","data_empenho":"2022-12-29","codigo_credor":"09261355000109","nome_credor":"HILTON PINHEIRO DANTAS","valor_contratado":2501.09,"valor_pago":0.00},{"codigo_unidade_gestora":"201157","codigo_unidade_orcamentaria":"02050","numero_empenho":"0008556","classificacao":"108","data_empenho":"2022-12-29","codigo_credor":"70097811000138","nome_credor":"IPSER/FOLHA DE PAGAMENTO/SAL.FAMILIA","valor_contratado":79040.21,"valor_pago":79040.21}]}}