{"size":50,"page":5,"total":846,"count":50,"_embedded":{"empenhos":[{"codigo_unidade_gestora":"201157","codigo_unidade_orcamentaria":"02020","numero_empenho":"0004439","classificacao":"172","data_empenho":"2022-08-04","codigo_credor":"70097811000138","nome_credor":"IPSER/FOLHA DE PAGAMENTO/SAL.FAMILIA","valor_contratado":100.41,"valor_pago":100.41},{"codigo_unidade_gestora":"201157","codigo_unidade_orcamentaria":"02020","numero_empenho":"0004440","classificacao":"172","data_empenho":"2022-08-04","codigo_credor":"70097811000138","nome_credor":"IPSER/FOLHA DE PAGAMENTO/SAL.FAMILIA","valor_contratado":416.40,"valor_pago":416.40},{"codigo_unidade_gestora":"201157","codigo_unidade_orcamentaria":"02020","numero_empenho":"0004441","classificacao":"172","data_empenho":"2022-08-04","codigo_credor":"70097811000138","nome_credor":"IPSER/FOLHA DE PAGAMENTO/SAL.FAMILIA","valor_contratado":2209.70,"valor_pago":2209.70},{"codigo_unidade_gestora":"201157","codigo_unidade_orcamentaria":"02110","numero_empenho":"0004442","classificacao":"126","data_empenho":"2022-08-08","codigo_credor":"40787152000109","nome_credor":"CIRUFARMA COMERCIAL LTDA","valor_contratado":1834.00,"valor_pago":1834.00},{"codigo_unidade_gestora":"201157","codigo_unidade_orcamentaria":"02110","numero_empenho":"0004443","classificacao":"126","data_empenho":"2022-08-08","codigo_credor":"03817043000152","nome_credor":"PHARMAPLUS LTDA","valor_contratado":234.00,"valor_pago":234.00},{"codigo_unidade_gestora":"201157","codigo_unidade_orcamentaria":"02110","numero_empenho":"0004444","classificacao":"126","data_empenho":"2022-08-08","codigo_credor":"03817043000152","nome_credor":"PHARMAPLUS LTDA","valor_contratado":1331.20,"valor_pago":1331.20},{"codigo_unidade_gestora":"201157","codigo_unidade_orcamentaria":"02010","numero_empenho":"0004445","classificacao":"135","data_empenho":"2022-08-08","codigo_credor":"09366790000106","nome_credor":"EMPRESA PARAIBANA DE COMUNICAÇÃO S.A -EPC","valor_contratado":855.00,"valor_pago":855.00},{"codigo_unidade_gestora":"201157","codigo_unidade_orcamentaria":"02110","numero_empenho":"0004446","classificacao":"126","data_empenho":"2022-08-08","codigo_credor":"08674752000140","nome_credor":"CIRURGICA MONTEBELLO LTDA","valor_contratado":50.00,"valor_pago":50.00},{"codigo_unidade_gestora":"201157","codigo_unidade_orcamentaria":"02110","numero_empenho":"0004447","classificacao":"126","data_empenho":"2022-08-08","codigo_credor":"08674752000140","nome_credor":"CIRURGICA MONTEBELLO LTDA","valor_contratado":800.00,"valor_pago":800.00},{"codigo_unidade_gestora":"201157","codigo_unidade_orcamentaria":"02030","numero_empenho":"0004448","classificacao":"187","data_empenho":"2022-08-08","codigo_credor":"09283185000163","nome_credor":"JOAO PESSOA TRIBUNAL DE JUSTIÇA DO ESTADO DA PARAIBA","valor_contratado":3636.00,"valor_pago":3636.00},{"codigo_unidade_gestora":"201157","codigo_unidade_orcamentaria":"02040","numero_empenho":"0004449","classificacao":"187","data_empenho":"2022-08-08","codigo_credor":"18727053000174","nome_credor":"PAGAR.ME PAGAMENTOS S.A","valor_contratado":520.00,"valor_pago":520.00},{"codigo_unidade_gestora":"201157","codigo_unidade_orcamentaria":"02040","numero_empenho":"0004450","classificacao":"187","data_empenho":"2022-08-08","codigo_credor":"18727053000174","nome_credor":"PAGAR.ME PAGAMENTOS S.A","valor_contratado":350.00,"valor_pago":350.00},{"codigo_unidade_gestora":"201157","codigo_unidade_orcamentaria":"02120","numero_empenho":"0004451","classificacao":"126","data_empenho":"2022-08-08","codigo_credor":"15609075000141","nome_credor":"CICERO GEOVANIO PRAZERES MELO - ME","valor_contratado":291.00,"valor_pago":291.00},{"codigo_unidade_gestora":"201157","codigo_unidade_orcamentaria":"02080","numero_empenho":"0004452","classificacao":"126","data_empenho":"2022-08-08","codigo_credor":"15609075000141","nome_credor":"CICERO GEOVANIO PRAZERES MELO - ME","valor_contratado":805.00,"valor_pago":805.00},{"codigo_unidade_gestora":"201157","codigo_unidade_orcamentaria":"02080","numero_empenho":"0004453","classificacao":"126","data_empenho":"2022-08-08","codigo_credor":"15609075000141","nome_credor":"CICERO GEOVANIO PRAZERES MELO - ME","valor_contratado":1704.00,"valor_pago":1704.00},{"codigo_unidade_gestora":"201157","codigo_unidade_orcamentaria":"02080","numero_empenho":"0004454","classificacao":"126","data_empenho":"2022-08-08","codigo_credor":"15609075000141","nome_credor":"CICERO GEOVANIO PRAZERES MELO - ME","valor_contratado":785.00,"valor_pago":785.00},{"codigo_unidade_gestora":"201157","codigo_unidade_orcamentaria":"02080","numero_empenho":"0004455","classificacao":"126","data_empenho":"2022-08-08","codigo_credor":"15609075000141","nome_credor":"CICERO GEOVANIO PRAZERES MELO - ME","valor_contratado":2040.00,"valor_pago":2040.00},{"codigo_unidade_gestora":"201157","codigo_unidade_orcamentaria":"02080","numero_empenho":"0004456","classificacao":"126","data_empenho":"2022-08-08","codigo_credor":"15609075000141","nome_credor":"CICERO GEOVANIO PRAZERES MELO - ME","valor_contratado":1080.00,"valor_pago":1080.00},{"codigo_unidade_gestora":"201157","codigo_unidade_orcamentaria":"02080","numero_empenho":"0004457","classificacao":"126","data_empenho":"2022-08-08","codigo_credor":"15609075000141","nome_credor":"CICERO GEOVANIO PRAZERES MELO - ME","valor_contratado":768.00,"valor_pago":768.00},{"codigo_unidade_gestora":"201157","codigo_unidade_orcamentaria":"02040","numero_empenho":"0004458","classificacao":"126","data_empenho":"2022-08-08","codigo_credor":"15609075000141","nome_credor":"CICERO GEOVANIO PRAZERES MELO - ME","valor_contratado":3114.00,"valor_pago":3114.00},{"codigo_unidade_gestora":"201157","codigo_unidade_orcamentaria":"02040","numero_empenho":"0004459","classificacao":"126","data_empenho":"2022-08-08","codigo_credor":"15609075000141","nome_credor":"CICERO GEOVANIO PRAZERES MELO - ME","valor_contratado":3230.00,"valor_pago":3230.00},{"codigo_unidade_gestora":"201157","codigo_unidade_orcamentaria":"02050","numero_empenho":"0004460","classificacao":"135","data_empenho":"2022-08-08","codigo_credor":"18369916000189","nome_credor":"CARLOS PASSOS DA COSTA JUNIOR","valor_contratado":10500.00,"valor_pago":10500.00},{"codigo_unidade_gestora":"201157","codigo_unidade_orcamentaria":"02040","numero_empenho":"0004461","classificacao":"135","data_empenho":"2022-08-08","codigo_credor":"14918711000154","nome_credor":"CONSELHO DE ARQUITETURA E URBANISMO-CAU/PB","valor_contratado":108.69,"valor_pago":108.69},{"codigo_unidade_gestora":"201157","codigo_unidade_orcamentaria":"02040","numero_empenho":"0004462","classificacao":"135","data_empenho":"2022-08-08","codigo_credor":"14918711000154","nome_credor":"CONSELHO DE ARQUITETURA E URBANISMO-CAU/PB","valor_contratado":108.69,"valor_pago":108.69},{"codigo_unidade_gestora":"201157","codigo_unidade_orcamentaria":"02110","numero_empenho":"0004463","classificacao":"150","data_empenho":"2022-08-08","codigo_credor":"04709243000154","nome_credor":"BS EQUIP. IND. E COM. LTDA - EPP","valor_contratado":6470.00,"valor_pago":6470.00},{"codigo_unidade_gestora":"201157","codigo_unidade_orcamentaria":"02070","numero_empenho":"0004464","classificacao":"132","data_empenho":"2022-08-09","codigo_credor":"00025879499120","nome_credor":"PAULO CESAR DE SOUZA","valor_contratado":1500.00,"valor_pago":1500.00},{"codigo_unidade_gestora":"201157","codigo_unidade_orcamentaria":"02120","numero_empenho":"0004465","classificacao":"126","data_empenho":"2022-08-09","codigo_credor":"03343150000196","nome_credor":"JOSIVALDO GALDINO DOS SANTOS","valor_contratado":1565.00,"valor_pago":1565.00},{"codigo_unidade_gestora":"201157","codigo_unidade_orcamentaria":"02010","numero_empenho":"0004466","classificacao":"132","data_empenho":"2022-08-09","codigo_credor":"00011642062812","nome_credor":"MARINES MARQUES DA SILVA","valor_contratado":1000.00,"valor_pago":1000.00},{"codigo_unidade_gestora":"201157","codigo_unidade_orcamentaria":"02110","numero_empenho":"0004467","classificacao":"126","data_empenho":"2022-08-09","codigo_credor":"02977362000162","nome_credor":"A.COSTA COM.ATAC. DE PROD.FARM. LTDA","valor_contratado":69.50,"valor_pago":69.50},{"codigo_unidade_gestora":"201157","codigo_unidade_orcamentaria":"02080","numero_empenho":"0004468","classificacao":"135","data_empenho":"2022-08-09","codigo_credor":"08298416002517","nome_credor":"PAROQUIA NOSSA SENHORA DO PATROCINIO","valor_contratado":1200.00,"valor_pago":1200.00},{"codigo_unidade_gestora":"201157","codigo_unidade_orcamentaria":"02090","numero_empenho":"0004469","classificacao":"135","data_empenho":"2022-08-09","codigo_credor":"08298416002517","nome_credor":"PAROQUIA NOSSA SENHORA DO PATROCINIO","valor_contratado":500.00,"valor_pago":500.00},{"codigo_unidade_gestora":"201157","codigo_unidade_orcamentaria":"02010","numero_empenho":"0004470","classificacao":"132","data_empenho":"2022-08-09","codigo_credor":"00048424803191","nome_credor":"MARIA JACINTA PONTES","valor_contratado":2200.00,"valor_pago":2200.00},{"codigo_unidade_gestora":"201157","codigo_unidade_orcamentaria":"02050","numero_empenho":"0004471","classificacao":"132","data_empenho":"2022-08-09","codigo_credor":"00049910990482","nome_credor":"MARIA DO SOCORRO DINIZ FIDELIS","valor_contratado":700.00,"valor_pago":700.00},{"codigo_unidade_gestora":"201157","codigo_unidade_orcamentaria":"02140","numero_empenho":"0004472","classificacao":"128","data_empenho":"2022-08-09","codigo_credor":"04949494000106","nome_credor":"XAND S COMÉRCIO E REPRESENTACOES LTDA","valor_contratado":1320.00,"valor_pago":1320.00},{"codigo_unidade_gestora":"201157","codigo_unidade_orcamentaria":"02110","numero_empenho":"0004473","classificacao":"132","data_empenho":"2022-08-09","codigo_credor":"00016644118879","nome_credor":"JOSÉ TORRES BRASIL","valor_contratado":1500.00,"valor_pago":1500.00},{"codigo_unidade_gestora":"201157","codigo_unidade_orcamentaria":"02060","numero_empenho":"0004474","classificacao":"132","data_empenho":"2022-08-09","codigo_credor":"00016024036434","nome_credor":"JOSE PEREIRA GONÇALVES","valor_contratado":1000.00,"valor_pago":1000.00},{"codigo_unidade_gestora":"201157","codigo_unidade_orcamentaria":"02110","numero_empenho":"0004475","classificacao":"135","data_empenho":"2022-08-09","codigo_credor":"03833073000152","nome_credor":"SERVIÇOS DE OTORRINOLARINGOLOGIA SANTA CLARA LTDA","valor_contratado":170.00,"valor_pago":170.00},{"codigo_unidade_gestora":"201157","codigo_unidade_orcamentaria":"02080","numero_empenho":"0004476","classificacao":"132","data_empenho":"2022-08-09","codigo_credor":"00006457865437","nome_credor":"ANTONIO GUSTAVO DE LUNA SOUTO","valor_contratado":700.00,"valor_pago":700.00},{"codigo_unidade_gestora":"201157","codigo_unidade_orcamentaria":"02110","numero_empenho":"0004477","classificacao":"126","data_empenho":"2022-08-09","codigo_credor":"03817043000152","nome_credor":"PHARMAPLUS LTDA","valor_contratado":1331.20,"valor_pago":1331.20},{"codigo_unidade_gestora":"201157","codigo_unidade_orcamentaria":"02070","numero_empenho":"0004478","classificacao":"132","data_empenho":"2022-08-09","codigo_credor":"00005829267420","nome_credor":"CICERO BATISTA RIBEIRO","valor_contratado":700.00,"valor_pago":700.00},{"codigo_unidade_gestora":"201157","codigo_unidade_orcamentaria":"02110","numero_empenho":"0004479","classificacao":"126","data_empenho":"2022-08-09","codigo_credor":"03817043000152","nome_credor":"PHARMAPLUS LTDA","valor_contratado":234.00,"valor_pago":234.00},{"codigo_unidade_gestora":"201157","codigo_unidade_orcamentaria":"02040","numero_empenho":"0004480","classificacao":"132","data_empenho":"2022-08-09","codigo_credor":"00016024036434","nome_credor":"JOSE PEREIRA GONÇALVES","valor_contratado":724.00,"valor_pago":724.00},{"codigo_unidade_gestora":"201157","codigo_unidade_orcamentaria":"02110","numero_empenho":"0004481","classificacao":"132","data_empenho":"2022-08-09","codigo_credor":"00013199132880","nome_credor":"MARIA DA PENHA DIAS MONTEIRO","valor_contratado":1300.00,"valor_pago":1300.00},{"codigo_unidade_gestora":"201157","codigo_unidade_orcamentaria":"02140","numero_empenho":"0004482","classificacao":"144","data_empenho":"2022-08-09","codigo_credor":"00010927092409","nome_credor":"ALINE VALDEVINO DA SILVA","valor_contratado":500.00,"valor_pago":500.00},{"codigo_unidade_gestora":"201157","codigo_unidade_orcamentaria":"02110","numero_empenho":"0004483","classificacao":"132","data_empenho":"2022-08-09","codigo_credor":"00006333892424","nome_credor":"JOSE IORDAN DA COSTA GONÇALVES","valor_contratado":500.00,"valor_pago":500.00},{"codigo_unidade_gestora":"201157","codigo_unidade_orcamentaria":"02040","numero_empenho":"0004484","classificacao":"132","data_empenho":"2022-08-09","codigo_credor":"00085339946487","nome_credor":"JOSE ANTONIO PAULINO DA SILVA","valor_contratado":1000.00,"valor_pago":1000.00},{"codigo_unidade_gestora":"201157","codigo_unidade_orcamentaria":"02140","numero_empenho":"0004485","classificacao":"144","data_empenho":"2022-08-09","codigo_credor":"00011269068407","nome_credor":"LUCIANA AVELINO DE SOUZA","valor_contratado":300.00,"valor_pago":300.00},{"codigo_unidade_gestora":"201157","codigo_unidade_orcamentaria":"02140","numero_empenho":"0004486","classificacao":"144","data_empenho":"2022-08-09","codigo_credor":"00070151979448","nome_credor":"SHIRLEY LUANA NOGUEIRA DOS SANTOS","valor_contratado":200.00,"valor_pago":200.00},{"codigo_unidade_gestora":"201157","codigo_unidade_orcamentaria":"02140","numero_empenho":"0004487","classificacao":"144","data_empenho":"2022-08-09","codigo_credor":"00009793857412","nome_credor":"MARCIA EGIDIO DA COSTA","valor_contratado":300.00,"valor_pago":300.00},{"codigo_unidade_gestora":"201157","codigo_unidade_orcamentaria":"02140","numero_empenho":"0004488","classificacao":"144","data_empenho":"2022-08-09","codigo_credor":"00006812454419","nome_credor":"IZABEL CRISTINA PEREIRA DA SILVA","valor_contratado":300.00,"valor_pago":300.00}]}}