{"size":50,"page":11,"total":802,"count":50,"_embedded":{"empenhos":[{"codigo_unidade_gestora":"201157","codigo_unidade_orcamentaria":"02050","numero_empenho":"0007151","classificacao":"135","data_empenho":"2022-11-17","codigo_credor":"19539239000162","nome_credor":"FABIANO L.DO NASCIMENTO-07178938471","valor_contratado":2220.00,"valor_pago":2220.00},{"codigo_unidade_gestora":"201157","codigo_unidade_orcamentaria":"02050","numero_empenho":"0007152","classificacao":"135","data_empenho":"2022-11-17","codigo_credor":"19573653000198","nome_credor":"JOSE PEDRO DA SILVA - 026.799.054-58","valor_contratado":2200.00,"valor_pago":2200.00},{"codigo_unidade_gestora":"201157","codigo_unidade_orcamentaria":"02050","numero_empenho":"0007153","classificacao":"135","data_empenho":"2022-11-17","codigo_credor":"36826273000137","nome_credor":"LUIZ FERNANDO MISSIAS DE FARIAS 12567919465","valor_contratado":2731.60,"valor_pago":2731.60},{"codigo_unidade_gestora":"201157","codigo_unidade_orcamentaria":"02050","numero_empenho":"0007154","classificacao":"135","data_empenho":"2022-11-17","codigo_credor":"18973469000172","nome_credor":"ROBERTO GOMES DA SILVA","valor_contratado":2320.00,"valor_pago":2320.00},{"codigo_unidade_gestora":"201157","codigo_unidade_orcamentaria":"02050","numero_empenho":"0007155","classificacao":"135","data_empenho":"2022-11-17","codigo_credor":"19692464000134","nome_credor":"JOÃO FERREIRA DO NASCIMENTO-219110614-53","valor_contratado":2200.00,"valor_pago":2200.00},{"codigo_unidade_gestora":"201157","codigo_unidade_orcamentaria":"02050","numero_empenho":"0007156","classificacao":"135","data_empenho":"2022-11-17","codigo_credor":"36826273000137","nome_credor":"LUIZ FERNANDO MISSIAS DE FARIAS 12567919465","valor_contratado":2159.60,"valor_pago":2159.60},{"codigo_unidade_gestora":"201157","codigo_unidade_orcamentaria":"02050","numero_empenho":"0007157","classificacao":"135","data_empenho":"2022-11-17","codigo_credor":"18973469000172","nome_credor":"ROBERTO GOMES DA SILVA","valor_contratado":2308.60,"valor_pago":2308.60},{"codigo_unidade_gestora":"201157","codigo_unidade_orcamentaria":"02050","numero_empenho":"0007158","classificacao":"135","data_empenho":"2022-11-17","codigo_credor":"29458217000121","nome_credor":"MARCOS ANTONIO BATISTA REIS 85353213491","valor_contratado":3116.80,"valor_pago":3116.80},{"codigo_unidade_gestora":"201157","codigo_unidade_orcamentaria":"02050","numero_empenho":"0007159","classificacao":"135","data_empenho":"2022-11-17","codigo_credor":"19692464000134","nome_credor":"JOÃO FERREIRA DO NASCIMENTO-219110614-53","valor_contratado":3260.00,"valor_pago":3260.00},{"codigo_unidade_gestora":"201157","codigo_unidade_orcamentaria":"02050","numero_empenho":"0007160","classificacao":"135","data_empenho":"2022-11-17","codigo_credor":"19562890000153","nome_credor":"EDILSON BENTO ALVES - 042.998.774-97","valor_contratado":2421.60,"valor_pago":2421.60},{"codigo_unidade_gestora":"201157","codigo_unidade_orcamentaria":"02050","numero_empenho":"0007161","classificacao":"135","data_empenho":"2022-11-17","codigo_credor":"29458217000121","nome_credor":"MARCOS ANTONIO BATISTA REIS 85353213491","valor_contratado":2333.00,"valor_pago":2333.00},{"codigo_unidade_gestora":"201157","codigo_unidade_orcamentaria":"02050","numero_empenho":"0007162","classificacao":"135","data_empenho":"2022-11-17","codigo_credor":"19699196000182","nome_credor":"THIAGO FELIX SOUTO - 110.345.324-64","valor_contratado":2340.00,"valor_pago":2340.00},{"codigo_unidade_gestora":"201157","codigo_unidade_orcamentaria":"02050","numero_empenho":"0007163","classificacao":"135","data_empenho":"2022-11-17","codigo_credor":"41366784000153","nome_credor":"MARIVALDO LOPES DA SILVA 01249202418","valor_contratado":1979.80,"valor_pago":1979.80},{"codigo_unidade_gestora":"201157","codigo_unidade_orcamentaria":"02050","numero_empenho":"0007164","classificacao":"135","data_empenho":"2022-11-17","codigo_credor":"19562890000153","nome_credor":"EDILSON BENTO ALVES - 042.998.774-97","valor_contratado":2500.00,"valor_pago":2500.00},{"codigo_unidade_gestora":"201157","codigo_unidade_orcamentaria":"02050","numero_empenho":"0007165","classificacao":"135","data_empenho":"2022-11-17","codigo_credor":"41366784000153","nome_credor":"MARIVALDO LOPES DA SILVA 01249202418","valor_contratado":2474.40,"valor_pago":2474.40},{"codigo_unidade_gestora":"201157","codigo_unidade_orcamentaria":"02050","numero_empenho":"0007166","classificacao":"135","data_empenho":"2022-11-17","codigo_credor":"19332221000195","nome_credor":"JOÃO RODRIGUES DA COSTA 58636820430","valor_contratado":2367.60,"valor_pago":2367.60},{"codigo_unidade_gestora":"201157","codigo_unidade_orcamentaria":"02050","numero_empenho":"0007167","classificacao":"135","data_empenho":"2022-11-17","codigo_credor":"19225950000142","nome_credor":"PAULO DOS SANTOS ADELINO - 036.224.944-09","valor_contratado":2827.40,"valor_pago":2827.40},{"codigo_unidade_gestora":"201157","codigo_unidade_orcamentaria":"02050","numero_empenho":"0007168","classificacao":"135","data_empenho":"2022-11-17","codigo_credor":"19332221000195","nome_credor":"JOÃO RODRIGUES DA COSTA 58636820430","valor_contratado":2826.40,"valor_pago":2826.40},{"codigo_unidade_gestora":"201157","codigo_unidade_orcamentaria":"02050","numero_empenho":"0007169","classificacao":"135","data_empenho":"2022-11-17","codigo_credor":"19225950000142","nome_credor":"PAULO DOS SANTOS ADELINO - 036.224.944-09","valor_contratado":2219.80,"valor_pago":2219.80},{"codigo_unidade_gestora":"201157","codigo_unidade_orcamentaria":"02050","numero_empenho":"0007170","classificacao":"135","data_empenho":"2022-11-17","codigo_credor":"19573568000120","nome_credor":"FRANCISCO DE A.MONTEIRO-98177699415","valor_contratado":2300.00,"valor_pago":2300.00},{"codigo_unidade_gestora":"201157","codigo_unidade_orcamentaria":"02050","numero_empenho":"0007171","classificacao":"135","data_empenho":"2022-11-17","codigo_credor":"33332588000130","nome_credor":"VINICIUS DOS SANTOS PESSOA 13222955492","valor_contratado":3277.40,"valor_pago":3277.40},{"codigo_unidade_gestora":"201157","codigo_unidade_orcamentaria":"02050","numero_empenho":"0007172","classificacao":"135","data_empenho":"2022-11-17","codigo_credor":"36326180000143","nome_credor":"GEFERSON MORAIS BATISTA 06896637498","valor_contratado":2388.60,"valor_pago":2388.60},{"codigo_unidade_gestora":"201157","codigo_unidade_orcamentaria":"02050","numero_empenho":"0007173","classificacao":"135","data_empenho":"2022-11-17","codigo_credor":"33332588000130","nome_credor":"VINICIUS DOS SANTOS PESSOA 13222955492","valor_contratado":2061.80,"valor_pago":2061.80},{"codigo_unidade_gestora":"201157","codigo_unidade_orcamentaria":"02050","numero_empenho":"0007174","classificacao":"135","data_empenho":"2022-11-17","codigo_credor":"19432537000159","nome_credor":"PAULO PONCIANO DE SOUZA - 978359944-53","valor_contratado":2820.80,"valor_pago":2820.80},{"codigo_unidade_gestora":"201157","codigo_unidade_orcamentaria":"02050","numero_empenho":"0007175","classificacao":"135","data_empenho":"2022-11-17","codigo_credor":"24316195000141","nome_credor":"JONHN RAILSON MORAIS BATISTA","valor_contratado":2421.60,"valor_pago":2421.60},{"codigo_unidade_gestora":"201157","codigo_unidade_orcamentaria":"02050","numero_empenho":"0007176","classificacao":"135","data_empenho":"2022-11-17","codigo_credor":"19432537000159","nome_credor":"PAULO PONCIANO DE SOUZA - 978359944-53","valor_contratado":2719.00,"valor_pago":2719.00},{"codigo_unidade_gestora":"201157","codigo_unidade_orcamentaria":"02050","numero_empenho":"0007177","classificacao":"135","data_empenho":"2022-11-17","codigo_credor":"24316195000141","nome_credor":"JONHN RAILSON MORAIS BATISTA","valor_contratado":2355.20,"valor_pago":2355.20},{"codigo_unidade_gestora":"201157","codigo_unidade_orcamentaria":"02050","numero_empenho":"0007178","classificacao":"135","data_empenho":"2022-11-17","codigo_credor":"19562890000153","nome_credor":"EDILSON BENTO ALVES - 042.998.774-97","valor_contratado":2455.20,"valor_pago":2455.20},{"codigo_unidade_gestora":"201157","codigo_unidade_orcamentaria":"02050","numero_empenho":"0007179","classificacao":"135","data_empenho":"2022-11-17","codigo_credor":"27143877000198","nome_credor":"EDMILSON PEREIRA DA SILVA","valor_contratado":2249.80,"valor_pago":2249.80},{"codigo_unidade_gestora":"201157","codigo_unidade_orcamentaria":"02050","numero_empenho":"0007180","classificacao":"135","data_empenho":"2022-11-17","codigo_credor":"40634472000110","nome_credor":"JOSE DOS SANTOS OLIVEIRA","valor_contratado":2924.20,"valor_pago":2924.20},{"codigo_unidade_gestora":"201157","codigo_unidade_orcamentaria":"02050","numero_empenho":"0007181","classificacao":"135","data_empenho":"2022-11-17","codigo_credor":"19573498000100","nome_credor":"JOSE PASSOS S. DE OLIVEIRA- 09220384493","valor_contratado":2411.40,"valor_pago":2411.40},{"codigo_unidade_gestora":"201157","codigo_unidade_orcamentaria":"02050","numero_empenho":"0007182","classificacao":"135","data_empenho":"2022-11-17","codigo_credor":"27143877000198","nome_credor":"EDMILSON PEREIRA DA SILVA","valor_contratado":2062.00,"valor_pago":2062.00},{"codigo_unidade_gestora":"201157","codigo_unidade_orcamentaria":"02050","numero_empenho":"0007183","classificacao":"135","data_empenho":"2022-11-17","codigo_credor":"40634472000110","nome_credor":"JOSE DOS SANTOS OLIVEIRA","valor_contratado":2210.80,"valor_pago":2210.80},{"codigo_unidade_gestora":"201157","codigo_unidade_orcamentaria":"02050","numero_empenho":"0007184","classificacao":"135","data_empenho":"2022-11-17","codigo_credor":"19192694000134","nome_credor":"EDMILSON SOARES DE OLIVEIRA - 155.429.828-83","valor_contratado":2598.60,"valor_pago":2598.60},{"codigo_unidade_gestora":"201157","codigo_unidade_orcamentaria":"02050","numero_empenho":"0007185","classificacao":"135","data_empenho":"2022-11-17","codigo_credor":"19573498000100","nome_credor":"JOSE PASSOS S. DE OLIVEIRA- 09220384493","valor_contratado":2307.60,"valor_pago":2307.60},{"codigo_unidade_gestora":"201157","codigo_unidade_orcamentaria":"02050","numero_empenho":"0007186","classificacao":"135","data_empenho":"2022-11-17","codigo_credor":"19192694000134","nome_credor":"EDMILSON SOARES DE OLIVEIRA - 155.429.828-83","valor_contratado":3071.80,"valor_pago":3071.80},{"codigo_unidade_gestora":"201157","codigo_unidade_orcamentaria":"02050","numero_empenho":"0007187","classificacao":"135","data_empenho":"2022-11-17","codigo_credor":"19712469000181","nome_credor":"MICHEL LOPES DE LIMA 09808104428","valor_contratado":2450.40,"valor_pago":2450.40},{"codigo_unidade_gestora":"201157","codigo_unidade_orcamentaria":"02050","numero_empenho":"0007188","classificacao":"135","data_empenho":"2022-11-17","codigo_credor":"36326180000143","nome_credor":"GEFERSON MORAIS BATISTA 06896637498","valor_contratado":2388.60,"valor_pago":2388.60},{"codigo_unidade_gestora":"201157","codigo_unidade_orcamentaria":"02050","numero_empenho":"0007189","classificacao":"135","data_empenho":"2022-11-17","codigo_credor":"19263965000103","nome_credor":"JOSE SEVERINO LIMA - 08363009806","valor_contratado":2213.80,"valor_pago":2213.80},{"codigo_unidade_gestora":"201157","codigo_unidade_orcamentaria":"02050","numero_empenho":"0007190","classificacao":"135","data_empenho":"2022-11-17","codigo_credor":"40634472000110","nome_credor":"JOSE DOS SANTOS OLIVEIRA","valor_contratado":2770.60,"valor_pago":2770.60},{"codigo_unidade_gestora":"201157","codigo_unidade_orcamentaria":"02050","numero_empenho":"0007191","classificacao":"135","data_empenho":"2022-11-17","codigo_credor":"19712469000181","nome_credor":"MICHEL LOPES DE LIMA 09808104428","valor_contratado":2217.40,"valor_pago":2217.40},{"codigo_unidade_gestora":"201157","codigo_unidade_orcamentaria":"02050","numero_empenho":"0007192","classificacao":"135","data_empenho":"2022-11-17","codigo_credor":"36826273000137","nome_credor":"LUIZ FERNANDO MISSIAS DE FARIAS 12567919465","valor_contratado":2259.60,"valor_pago":2259.60},{"codigo_unidade_gestora":"201157","codigo_unidade_orcamentaria":"02040","numero_empenho":"0007193","classificacao":"135","data_empenho":"2022-11-18","codigo_credor":"05329135000119","nome_credor":"ALEXSANDRO SANTOS DA SILVA","valor_contratado":850.00,"valor_pago":850.00},{"codigo_unidade_gestora":"201157","codigo_unidade_orcamentaria":"02040","numero_empenho":"0007194","classificacao":"135","data_empenho":"2022-11-18","codigo_credor":"05329135000119","nome_credor":"ALEXSANDRO SANTOS DA SILVA","valor_contratado":850.00,"valor_pago":850.00},{"codigo_unidade_gestora":"201157","codigo_unidade_orcamentaria":"02110","numero_empenho":"0007195","classificacao":"126","data_empenho":"2022-11-18","codigo_credor":"08778201000126","nome_credor":"DROGAFONTE LTDA.","valor_contratado":998.40,"valor_pago":0.00},{"codigo_unidade_gestora":"201157","codigo_unidade_orcamentaria":"02050","numero_empenho":"0007196","classificacao":"135","data_empenho":"2022-11-18","codigo_credor":"04685950000158","nome_credor":"AZUS COPY CENTER COM.E SERVICOS LTDA","valor_contratado":650.00,"valor_pago":650.00},{"codigo_unidade_gestora":"201157","codigo_unidade_orcamentaria":"02110","numero_empenho":"0007197","classificacao":"126","data_empenho":"2022-11-18","codigo_credor":"02977362000162","nome_credor":"A.COSTA COM.ATAC. DE PROD.FARM. LTDA","valor_contratado":20920.22,"valor_pago":20920.22},{"codigo_unidade_gestora":"201157","codigo_unidade_orcamentaria":"02020","numero_empenho":"0007198","classificacao":"135","data_empenho":"2022-11-18","codigo_credor":"04685950000158","nome_credor":"AZUS COPY CENTER COM.E SERVICOS LTDA","valor_contratado":325.00,"valor_pago":325.00},{"codigo_unidade_gestora":"201157","codigo_unidade_orcamentaria":"02040","numero_empenho":"0007199","classificacao":"126","data_empenho":"2022-11-18","codigo_credor":"00977582000160","nome_credor":"ROSELMA VIEIRA SOARES","valor_contratado":476.70,"valor_pago":476.70},{"codigo_unidade_gestora":"201157","codigo_unidade_orcamentaria":"02020","numero_empenho":"0007200","classificacao":"135","data_empenho":"2022-11-18","codigo_credor":"04685950000158","nome_credor":"AZUS COPY CENTER COM.E SERVICOS LTDA","valor_contratado":650.00,"valor_pago":650.00}]}}