{"size":50,"page":2,"total":522,"count":50,"_embedded":{"empenhos":[{"codigo_unidade_gestora":"201157","codigo_unidade_orcamentaria":"02110","numero_empenho":"0000799","classificacao":"135","data_empenho":"2022-03-07","codigo_credor":"42744709000141","nome_credor":"MARIA COSMA FREIRE DOS SANTOS 06262745408","valor_contratado":660.00,"valor_pago":660.00},{"codigo_unidade_gestora":"201157","codigo_unidade_orcamentaria":"02110","numero_empenho":"0000800","classificacao":"135","data_empenho":"2022-03-07","codigo_credor":"36766570000134","nome_credor":"SIMONE FAUSTINO DOS SANTOS 05961077497","valor_contratado":1500.00,"valor_pago":1500.00},{"codigo_unidade_gestora":"201157","codigo_unidade_orcamentaria":"02110","numero_empenho":"0000801","classificacao":"135","data_empenho":"2022-03-07","codigo_credor":"36319807000139","nome_credor":"ANA EMILIA DANIEL DA SILVA 09461623445","valor_contratado":800.00,"valor_pago":800.00},{"codigo_unidade_gestora":"201157","codigo_unidade_orcamentaria":"02110","numero_empenho":"0000802","classificacao":"135","data_empenho":"2022-03-07","codigo_credor":"40692278000191","nome_credor":"MARIA LEANE QUEIROZ DE OLIVEIRA 05722291439","valor_contratado":660.00,"valor_pago":660.00},{"codigo_unidade_gestora":"201157","codigo_unidade_orcamentaria":"02110","numero_empenho":"0000803","classificacao":"135","data_empenho":"2022-03-07","codigo_credor":"02674275000136","nome_credor":"CARDIO IMAGEM SERV. DE DIAGNOSTICOS POR IMAGEM LTDA","valor_contratado":0.00,"valor_pago":0.00},{"codigo_unidade_gestora":"201157","codigo_unidade_orcamentaria":"02110","numero_empenho":"0000804","classificacao":"135","data_empenho":"2022-03-07","codigo_credor":"36401036000124","nome_credor":"MARIA DO SOCORRO LAURENTINO DA SILVA 45241325468","valor_contratado":1000.00,"valor_pago":1000.00},{"codigo_unidade_gestora":"201157","codigo_unidade_orcamentaria":"02110","numero_empenho":"0000805","classificacao":"135","data_empenho":"2022-03-07","codigo_credor":"36277230000140","nome_credor":"JOSILEIDE SOUZA VIANA FERNANDES 06058281482","valor_contratado":1000.00,"valor_pago":1000.00},{"codigo_unidade_gestora":"201157","codigo_unidade_orcamentaria":"02110","numero_empenho":"0000806","classificacao":"135","data_empenho":"2022-03-07","codigo_credor":"36328179000158","nome_credor":"ELIANE GONCALVES GOMES 25647928803","valor_contratado":660.00,"valor_pago":660.00},{"codigo_unidade_gestora":"201157","codigo_unidade_orcamentaria":"02110","numero_empenho":"0000807","classificacao":"135","data_empenho":"2022-03-07","codigo_credor":"41989653000122","nome_credor":"MARIA DAS VITORIAS DOS SANTOS 08868876744","valor_contratado":1000.00,"valor_pago":1000.00},{"codigo_unidade_gestora":"201157","codigo_unidade_orcamentaria":"02110","numero_empenho":"0000808","classificacao":"135","data_empenho":"2022-03-07","codigo_credor":"36330418000104","nome_credor":"ANDREIA TRAJANO DOS SANTOS 06604177408","valor_contratado":1000.00,"valor_pago":1000.00},{"codigo_unidade_gestora":"201157","codigo_unidade_orcamentaria":"02110","numero_empenho":"0000809","classificacao":"135","data_empenho":"2022-03-07","codigo_credor":"36415682000140","nome_credor":"CELIA REGINA IZIDIO DE ANDRADE 97980536487","valor_contratado":610.00,"valor_pago":610.00},{"codigo_unidade_gestora":"201157","codigo_unidade_orcamentaria":"02110","numero_empenho":"0000810","classificacao":"135","data_empenho":"2022-03-07","codigo_credor":"36416137000179","nome_credor":"MARINEZ FAUSTINO 04725426482","valor_contratado":610.00,"valor_pago":610.00},{"codigo_unidade_gestora":"201157","codigo_unidade_orcamentaria":"02040","numero_empenho":"0000811","classificacao":"135","data_empenho":"2022-03-07","codigo_credor":"38058364000103","nome_credor":"JOSE ALEXANDRE SANTOS CARDOSO 02726187480","valor_contratado":1780.00,"valor_pago":1780.00},{"codigo_unidade_gestora":"201157","codigo_unidade_orcamentaria":"02010","numero_empenho":"0000812","classificacao":"131","data_empenho":"2022-03-07","codigo_credor":"23397663000197","nome_credor":"MARINHO E SILVA ADVOCACIA","valor_contratado":3000.00,"valor_pago":3000.00},{"codigo_unidade_gestora":"201157","codigo_unidade_orcamentaria":"02110","numero_empenho":"0000813","classificacao":"131","data_empenho":"2022-03-07","codigo_credor":"26804557000179","nome_credor":"JULIANNY DA CUNHA GOUVEIA","valor_contratado":2500.00,"valor_pago":2500.00},{"codigo_unidade_gestora":"201157","codigo_unidade_orcamentaria":"02020","numero_empenho":"0000814","classificacao":"135","data_empenho":"2022-03-07","codigo_credor":"00000000280704","nome_credor":"BANCO DO BRASIL S/A","valor_contratado":33.00,"valor_pago":33.00},{"codigo_unidade_gestora":"201157","codigo_unidade_orcamentaria":"02020","numero_empenho":"0000815","classificacao":"135","data_empenho":"2022-03-07","codigo_credor":"00360305000104","nome_credor":"CAIXA ECONOMICA FEDERAL","valor_contratado":1.87,"valor_pago":1.87},{"codigo_unidade_gestora":"201157","codigo_unidade_orcamentaria":"02110","numero_empenho":"0000816","classificacao":"135","data_empenho":"2022-03-07","codigo_credor":"41448410000187","nome_credor":"ORTOCLIN - SAUDE E TRABALHO","valor_contratado":3600.00,"valor_pago":3600.00},{"codigo_unidade_gestora":"201157","codigo_unidade_orcamentaria":"02070","numero_empenho":"0000817","classificacao":"132","data_empenho":"2022-03-08","codigo_credor":"00041943023468","nome_credor":"CELIA MARIA PEREIRA PASSOS","valor_contratado":2000.00,"valor_pago":2000.00},{"codigo_unidade_gestora":"201157","codigo_unidade_orcamentaria":"02070","numero_empenho":"0000818","classificacao":"132","data_empenho":"2022-03-08","codigo_credor":"00083910409415","nome_credor":"LUCIO BARROS DOS SANTOS","valor_contratado":800.00,"valor_pago":800.00},{"codigo_unidade_gestora":"201157","codigo_unidade_orcamentaria":"02010","numero_empenho":"0000819","classificacao":"135","data_empenho":"2022-03-08","codigo_credor":"04196645000100","nome_credor":"PR/CC/IMPRENSA NACIONAL","valor_contratado":4956.00,"valor_pago":4956.00},{"codigo_unidade_gestora":"201157","codigo_unidade_orcamentaria":"02110","numero_empenho":"0000820","classificacao":"132","data_empenho":"2022-03-08","codigo_credor":"00013199132880","nome_credor":"MARIA DA PENHA DIAS MONTEIRO","valor_contratado":1300.00,"valor_pago":1300.00},{"codigo_unidade_gestora":"201157","codigo_unidade_orcamentaria":"02040","numero_empenho":"0000821","classificacao":"132","data_empenho":"2022-03-08","codigo_credor":"00085339946487","nome_credor":"JOSE ANTONIO PAULINO DA SILVA","valor_contratado":1000.00,"valor_pago":1000.00},{"codigo_unidade_gestora":"201157","codigo_unidade_orcamentaria":"02110","numero_empenho":"0000822","classificacao":"132","data_empenho":"2022-03-08","codigo_credor":"00006333892424","nome_credor":"JOSE IORDAN DA COSTA GONÇALVES","valor_contratado":500.00,"valor_pago":500.00},{"codigo_unidade_gestora":"201157","codigo_unidade_orcamentaria":"02110","numero_empenho":"0000824","classificacao":"135","data_empenho":"2022-03-08","codigo_credor":"08841421000157","nome_credor":"FUNDAÇÃO ASSISTENCIAL DA PARAIBA - FAB","valor_contratado":120.00,"valor_pago":120.00},{"codigo_unidade_gestora":"201157","codigo_unidade_orcamentaria":"02090","numero_empenho":"0000825","classificacao":"135","data_empenho":"2022-03-08","codigo_credor":"08298416002517","nome_credor":"PAROQUIA NOSSA SENHORA DO PATROCINIO","valor_contratado":500.00,"valor_pago":500.00},{"codigo_unidade_gestora":"201157","codigo_unidade_orcamentaria":"02040","numero_empenho":"0000826","classificacao":"132","data_empenho":"2022-03-08","codigo_credor":"00016024036434","nome_credor":"JOSE PEREIRA GONÇALVES","valor_contratado":724.00,"valor_pago":724.00},{"codigo_unidade_gestora":"201157","codigo_unidade_orcamentaria":"02110","numero_empenho":"0000827","classificacao":"132","data_empenho":"2022-03-08","codigo_credor":"00016644118879","nome_credor":"JOSÉ TORRES BRASIL","valor_contratado":1500.00,"valor_pago":1500.00},{"codigo_unidade_gestora":"201157","codigo_unidade_orcamentaria":"02080","numero_empenho":"0000828","classificacao":"135","data_empenho":"2022-03-08","codigo_credor":"08298416002517","nome_credor":"PAROQUIA NOSSA SENHORA DO PATROCINIO","valor_contratado":1200.00,"valor_pago":1200.00},{"codigo_unidade_gestora":"201157","codigo_unidade_orcamentaria":"02070","numero_empenho":"0000829","classificacao":"132","data_empenho":"2022-03-08","codigo_credor":"00005829267420","nome_credor":"CICERO BATISTA RIBEIRO","valor_contratado":700.00,"valor_pago":700.00},{"codigo_unidade_gestora":"201157","codigo_unidade_orcamentaria":"02140","numero_empenho":"0000830","classificacao":"128","data_empenho":"2022-03-08","codigo_credor":"00033917965453","nome_credor":"JOAO FERNANDES DE SOUZA","valor_contratado":1500.00,"valor_pago":1500.00},{"codigo_unidade_gestora":"201157","codigo_unidade_orcamentaria":"02080","numero_empenho":"0000831","classificacao":"132","data_empenho":"2022-03-08","codigo_credor":"00006457865437","nome_credor":"ANTONIO GUSTAVO DE LUNA SOUTO","valor_contratado":700.00,"valor_pago":700.00},{"codigo_unidade_gestora":"201157","codigo_unidade_orcamentaria":"02010","numero_empenho":"0000832","classificacao":"132","data_empenho":"2022-03-08","codigo_credor":"00011642062812","nome_credor":"MARINES MARQUES DA SILVA","valor_contratado":1000.00,"valor_pago":1000.00},{"codigo_unidade_gestora":"201157","codigo_unidade_orcamentaria":"02050","numero_empenho":"0000833","classificacao":"132","data_empenho":"2022-03-08","codigo_credor":"00049910990482","nome_credor":"MARIA DO SOCORRO DINIZ FIDELIS","valor_contratado":700.00,"valor_pago":700.00},{"codigo_unidade_gestora":"201157","codigo_unidade_orcamentaria":"02140","numero_empenho":"0000834","classificacao":"128","data_empenho":"2022-03-08","codigo_credor":"00004755205484","nome_credor":"ROBERTO FELIX MIRANDA","valor_contratado":1250.00,"valor_pago":1250.00},{"codigo_unidade_gestora":"201157","codigo_unidade_orcamentaria":"02070","numero_empenho":"0000835","classificacao":"132","data_empenho":"2022-03-08","codigo_credor":"00025879499120","nome_credor":"PAULO CESAR DE SOUZA","valor_contratado":1500.00,"valor_pago":1500.00},{"codigo_unidade_gestora":"201157","codigo_unidade_orcamentaria":"02060","numero_empenho":"0000836","classificacao":"132","data_empenho":"2022-03-08","codigo_credor":"00016024036434","nome_credor":"JOSE PEREIRA GONÇALVES","valor_contratado":1000.00,"valor_pago":1000.00},{"codigo_unidade_gestora":"201157","codigo_unidade_orcamentaria":"02010","numero_empenho":"0000837","classificacao":"132","data_empenho":"2022-03-08","codigo_credor":"00048424803191","nome_credor":"MARIA JACINTA PONTES","valor_contratado":2200.00,"valor_pago":2200.00},{"codigo_unidade_gestora":"201157","codigo_unidade_orcamentaria":"02080","numero_empenho":"0000838","classificacao":"135","data_empenho":"2022-03-08","codigo_credor":"36291941000179","nome_credor":"ANDRE RICARDO BARRETO PERAZZO COSTA","valor_contratado":4800.00,"valor_pago":4800.00},{"codigo_unidade_gestora":"201157","codigo_unidade_orcamentaria":"02140","numero_empenho":"0000839","classificacao":"128","data_empenho":"2022-03-08","codigo_credor":"00002099754403","nome_credor":"JOSEFA ARCANJO DE OLIVEIRA","valor_contratado":1250.00,"valor_pago":1250.00},{"codigo_unidade_gestora":"201157","codigo_unidade_orcamentaria":"02080","numero_empenho":"0000840","classificacao":"135","data_empenho":"2022-03-08","codigo_credor":"36291941000179","nome_credor":"ANDRE RICARDO BARRETO PERAZZO COSTA","valor_contratado":7000.00,"valor_pago":7000.00},{"codigo_unidade_gestora":"201157","codigo_unidade_orcamentaria":"02080","numero_empenho":"0000841","classificacao":"135","data_empenho":"2022-03-08","codigo_credor":"36291941000179","nome_credor":"ANDRE RICARDO BARRETO PERAZZO COSTA","valor_contratado":7000.00,"valor_pago":7000.00},{"codigo_unidade_gestora":"201157","codigo_unidade_orcamentaria":"02080","numero_empenho":"0000842","classificacao":"135","data_empenho":"2022-03-08","codigo_credor":"36291941000179","nome_credor":"ANDRE RICARDO BARRETO PERAZZO COSTA","valor_contratado":7000.00,"valor_pago":7000.00},{"codigo_unidade_gestora":"201157","codigo_unidade_orcamentaria":"02080","numero_empenho":"0000843","classificacao":"135","data_empenho":"2022-03-08","codigo_credor":"36291941000179","nome_credor":"ANDRE RICARDO BARRETO PERAZZO COSTA","valor_contratado":7000.00,"valor_pago":7000.00},{"codigo_unidade_gestora":"201157","codigo_unidade_orcamentaria":"02110","numero_empenho":"0000844","classificacao":"135","data_empenho":"2022-03-08","codigo_credor":"22494864000140","nome_credor":"POLIVIDA CLINICA DE SAUDE POPULAR LTDA","valor_contratado":1800.00,"valor_pago":1800.00},{"codigo_unidade_gestora":"201157","codigo_unidade_orcamentaria":"02040","numero_empenho":"0000845","classificacao":"126","data_empenho":"2022-03-08","codigo_credor":"40979684000130","nome_credor":"ANDRE FELIPE DE SOUZA SANTOS","valor_contratado":800.00,"valor_pago":800.00},{"codigo_unidade_gestora":"201157","codigo_unidade_orcamentaria":"02110","numero_empenho":"0000846","classificacao":"135","data_empenho":"2022-03-08","codigo_credor":"22494864000140","nome_credor":"POLIVIDA CLINICA DE SAUDE POPULAR LTDA","valor_contratado":2400.00,"valor_pago":2400.00},{"codigo_unidade_gestora":"201157","codigo_unidade_orcamentaria":"02050","numero_empenho":"0000847","classificacao":"126","data_empenho":"2022-03-08","codigo_credor":"40979684000130","nome_credor":"ANDRE FELIPE DE SOUZA SANTOS","valor_contratado":0.00,"valor_pago":0.00},{"codigo_unidade_gestora":"201157","codigo_unidade_orcamentaria":"02020","numero_empenho":"0000848","classificacao":"135","data_empenho":"2022-03-08","codigo_credor":"00000000280704","nome_credor":"BANCO DO BRASIL S/A","valor_contratado":11.00,"valor_pago":11.00},{"codigo_unidade_gestora":"201157","codigo_unidade_orcamentaria":"02020","numero_empenho":"0000849","classificacao":"135","data_empenho":"2022-03-08","codigo_credor":"00360305000104","nome_credor":"CAIXA ECONOMICA FEDERAL","valor_contratado":1.87,"valor_pago":1.87}]}}