{"size":50,"page":8,"total":763,"count":50,"_embedded":{"empenhos":[{"codigo_unidade_gestora":"201157","codigo_unidade_orcamentaria":"02110","numero_empenho":"0003056","classificacao":"126","data_empenho":"2022-06-09","codigo_credor":"02977362000162","nome_credor":"A.COSTA COM.ATAC. DE PROD.FARM. LTDA","valor_contratado":5998.50,"valor_pago":5998.50},{"codigo_unidade_gestora":"201157","codigo_unidade_orcamentaria":"02110","numero_empenho":"0003057","classificacao":"135","data_empenho":"2022-06-09","codigo_credor":"08716557000135","nome_credor":"CLINICA RADIOLOGICA DR.WANDERLEY LTDA","valor_contratado":510.00,"valor_pago":510.00},{"codigo_unidade_gestora":"201157","codigo_unidade_orcamentaria":"02020","numero_empenho":"0003058","classificacao":"172","data_empenho":"2022-06-09","codigo_credor":"70097811000138","nome_credor":"IPSER/FOLHA DE PAGAMENTO/SAL.FAMILIA","valor_contratado":7939.98,"valor_pago":7939.98},{"codigo_unidade_gestora":"201157","codigo_unidade_orcamentaria":"02020","numero_empenho":"0003059","classificacao":"172","data_empenho":"2022-06-09","codigo_credor":"70097811000138","nome_credor":"IPSER/FOLHA DE PAGAMENTO/SAL.FAMILIA","valor_contratado":14597.72,"valor_pago":14597.72},{"codigo_unidade_gestora":"201157","codigo_unidade_orcamentaria":"02020","numero_empenho":"0003060","classificacao":"172","data_empenho":"2022-06-09","codigo_credor":"70097811000138","nome_credor":"IPSER/FOLHA DE PAGAMENTO/SAL.FAMILIA","valor_contratado":123.76,"valor_pago":123.76},{"codigo_unidade_gestora":"201157","codigo_unidade_orcamentaria":"02020","numero_empenho":"0003061","classificacao":"172","data_empenho":"2022-06-09","codigo_credor":"70097811000138","nome_credor":"IPSER/FOLHA DE PAGAMENTO/SAL.FAMILIA","valor_contratado":22927.43,"valor_pago":22927.43},{"codigo_unidade_gestora":"201157","codigo_unidade_orcamentaria":"02020","numero_empenho":"0003062","classificacao":"172","data_empenho":"2022-06-09","codigo_credor":"70097811000138","nome_credor":"IPSER/FOLHA DE PAGAMENTO/SAL.FAMILIA","valor_contratado":404.00,"valor_pago":404.00},{"codigo_unidade_gestora":"201157","codigo_unidade_orcamentaria":"02020","numero_empenho":"0003063","classificacao":"172","data_empenho":"2022-06-09","codigo_credor":"70097811000138","nome_credor":"IPSER/FOLHA DE PAGAMENTO/SAL.FAMILIA","valor_contratado":1306.55,"valor_pago":1306.55},{"codigo_unidade_gestora":"201157","codigo_unidade_orcamentaria":"02020","numero_empenho":"0003064","classificacao":"172","data_empenho":"2022-06-09","codigo_credor":"70097811000138","nome_credor":"IPSER/FOLHA DE PAGAMENTO/SAL.FAMILIA","valor_contratado":2723.61,"valor_pago":2723.61},{"codigo_unidade_gestora":"201157","codigo_unidade_orcamentaria":"02110","numero_empenho":"0003065","classificacao":"126","data_empenho":"2022-06-09","codigo_credor":"02977362000162","nome_credor":"A.COSTA COM.ATAC. DE PROD.FARM. LTDA","valor_contratado":657.00,"valor_pago":657.00},{"codigo_unidade_gestora":"201157","codigo_unidade_orcamentaria":"02070","numero_empenho":"0003066","classificacao":"132","data_empenho":"2022-06-09","codigo_credor":"00025879499120","nome_credor":"PAULO CESAR DE SOUZA","valor_contratado":1500.00,"valor_pago":1500.00},{"codigo_unidade_gestora":"201157","codigo_unidade_orcamentaria":"02090","numero_empenho":"0003067","classificacao":"135","data_empenho":"2022-06-09","codigo_credor":"08298416002517","nome_credor":"PAROQUIA NOSSA SENHORA DO PATROCINIO","valor_contratado":500.00,"valor_pago":500.00},{"codigo_unidade_gestora":"201157","codigo_unidade_orcamentaria":"02080","numero_empenho":"0003068","classificacao":"135","data_empenho":"2022-06-09","codigo_credor":"08298416002517","nome_credor":"PAROQUIA NOSSA SENHORA DO PATROCINIO","valor_contratado":1200.00,"valor_pago":1200.00},{"codigo_unidade_gestora":"201157","codigo_unidade_orcamentaria":"02010","numero_empenho":"0003069","classificacao":"132","data_empenho":"2022-06-09","codigo_credor":"00011642062812","nome_credor":"MARINES MARQUES DA SILVA","valor_contratado":1000.00,"valor_pago":1000.00},{"codigo_unidade_gestora":"201157","codigo_unidade_orcamentaria":"02010","numero_empenho":"0003070","classificacao":"132","data_empenho":"2022-06-09","codigo_credor":"00048424803191","nome_credor":"MARIA JACINTA PONTES","valor_contratado":2200.00,"valor_pago":2200.00},{"codigo_unidade_gestora":"201157","codigo_unidade_orcamentaria":"02050","numero_empenho":"0003071","classificacao":"132","data_empenho":"2022-06-09","codigo_credor":"00049910990482","nome_credor":"MARIA DO SOCORRO DINIZ FIDELIS","valor_contratado":700.00,"valor_pago":700.00},{"codigo_unidade_gestora":"201157","codigo_unidade_orcamentaria":"02110","numero_empenho":"0003072","classificacao":"132","data_empenho":"2022-06-09","codigo_credor":"00016644118879","nome_credor":"JOSÉ TORRES BRASIL","valor_contratado":1500.00,"valor_pago":1500.00},{"codigo_unidade_gestora":"201157","codigo_unidade_orcamentaria":"02060","numero_empenho":"0003073","classificacao":"132","data_empenho":"2022-06-09","codigo_credor":"00016024036434","nome_credor":"JOSE PEREIRA GONÇALVES","valor_contratado":1000.00,"valor_pago":1000.00},{"codigo_unidade_gestora":"201157","codigo_unidade_orcamentaria":"02070","numero_empenho":"0003074","classificacao":"132","data_empenho":"2022-06-09","codigo_credor":"00005829267420","nome_credor":"CICERO BATISTA RIBEIRO","valor_contratado":700.00,"valor_pago":700.00},{"codigo_unidade_gestora":"201157","codigo_unidade_orcamentaria":"02080","numero_empenho":"0003075","classificacao":"132","data_empenho":"2022-06-09","codigo_credor":"00006457865437","nome_credor":"ANTONIO GUSTAVO DE LUNA SOUTO","valor_contratado":700.00,"valor_pago":700.00},{"codigo_unidade_gestora":"201157","codigo_unidade_orcamentaria":"02110","numero_empenho":"0003076","classificacao":"132","data_empenho":"2022-06-09","codigo_credor":"00013199132880","nome_credor":"MARIA DA PENHA DIAS MONTEIRO","valor_contratado":1300.00,"valor_pago":1300.00},{"codigo_unidade_gestora":"201157","codigo_unidade_orcamentaria":"02040","numero_empenho":"0003077","classificacao":"132","data_empenho":"2022-06-09","codigo_credor":"00016024036434","nome_credor":"JOSE PEREIRA GONÇALVES","valor_contratado":724.00,"valor_pago":724.00},{"codigo_unidade_gestora":"201157","codigo_unidade_orcamentaria":"02110","numero_empenho":"0003078","classificacao":"126","data_empenho":"2022-06-09","codigo_credor":"02977362000162","nome_credor":"A.COSTA COM.ATAC. DE PROD.FARM. LTDA","valor_contratado":22267.90,"valor_pago":22267.90},{"codigo_unidade_gestora":"201157","codigo_unidade_orcamentaria":"02110","numero_empenho":"0003079","classificacao":"132","data_empenho":"2022-06-09","codigo_credor":"00006333892424","nome_credor":"JOSE IORDAN DA COSTA GONÇALVES","valor_contratado":500.00,"valor_pago":500.00},{"codigo_unidade_gestora":"201157","codigo_unidade_orcamentaria":"02110","numero_empenho":"0003080","classificacao":"126","data_empenho":"2022-06-09","codigo_credor":"02977362000162","nome_credor":"A.COSTA COM.ATAC. DE PROD.FARM. LTDA","valor_contratado":29883.70,"valor_pago":29883.70},{"codigo_unidade_gestora":"201157","codigo_unidade_orcamentaria":"02040","numero_empenho":"0003081","classificacao":"132","data_empenho":"2022-06-09","codigo_credor":"00085339946487","nome_credor":"JOSE ANTONIO PAULINO DA SILVA","valor_contratado":1000.00,"valor_pago":1000.00},{"codigo_unidade_gestora":"201157","codigo_unidade_orcamentaria":"02070","numero_empenho":"0003082","classificacao":"132","data_empenho":"2022-06-09","codigo_credor":"00083910409415","nome_credor":"LUCIO BARROS DOS SANTOS","valor_contratado":800.00,"valor_pago":800.00},{"codigo_unidade_gestora":"201157","codigo_unidade_orcamentaria":"02070","numero_empenho":"0003083","classificacao":"132","data_empenho":"2022-06-09","codigo_credor":"00041943023468","nome_credor":"CELIA MARIA PEREIRA PASSOS","valor_contratado":2000.00,"valor_pago":2000.00},{"codigo_unidade_gestora":"201157","codigo_unidade_orcamentaria":"02110","numero_empenho":"0003084","classificacao":"126","data_empenho":"2022-06-09","codigo_credor":"17227485000153","nome_credor":"LG PRODUTOS HOSPITALARES LTDA","valor_contratado":13137.40,"valor_pago":13137.40},{"codigo_unidade_gestora":"201157","codigo_unidade_orcamentaria":"02110","numero_empenho":"0003085","classificacao":"126","data_empenho":"2022-06-09","codigo_credor":"17227485000153","nome_credor":"LG PRODUTOS HOSPITALARES LTDA","valor_contratado":4797.30,"valor_pago":4797.30},{"codigo_unidade_gestora":"201157","codigo_unidade_orcamentaria":"02110","numero_empenho":"0003086","classificacao":"126","data_empenho":"2022-06-09","codigo_credor":"17227485000153","nome_credor":"LG PRODUTOS HOSPITALARES LTDA","valor_contratado":10759.64,"valor_pago":10759.64},{"codigo_unidade_gestora":"201157","codigo_unidade_orcamentaria":"02110","numero_empenho":"0003087","classificacao":"126","data_empenho":"2022-06-09","codigo_credor":"17227485000153","nome_credor":"LG PRODUTOS HOSPITALARES LTDA","valor_contratado":22864.55,"valor_pago":22864.55},{"codigo_unidade_gestora":"201157","codigo_unidade_orcamentaria":"02020","numero_empenho":"0003088","classificacao":"135","data_empenho":"2022-06-09","codigo_credor":"00000000280704","nome_credor":"BANCO DO BRASIL S/A","valor_contratado":242.00,"valor_pago":242.00},{"codigo_unidade_gestora":"201157","codigo_unidade_orcamentaria":"02050","numero_empenho":"0003089","classificacao":"114","data_empenho":"2022-06-09","codigo_credor":"61600839000155","nome_credor":"CIEE-CENTRO DE INTEGRAÇÃO EMPRESA ESCOLA","valor_contratado":35179.84,"valor_pago":35179.84},{"codigo_unidade_gestora":"201157","codigo_unidade_orcamentaria":"02040","numero_empenho":"0003090","classificacao":"126","data_empenho":"2022-06-09","codigo_credor":"01687725000243","nome_credor":"CENTRO ESPECIALIZADO EM NUTRICAO ENTERAL E PARENTERAL - CENEP LTDA","valor_contratado":1890.00,"valor_pago":1890.00},{"codigo_unidade_gestora":"201157","codigo_unidade_orcamentaria":"02040","numero_empenho":"0003091","classificacao":"135","data_empenho":"2022-06-09","codigo_credor":"00000000280704","nome_credor":"BANCO DO BRASIL S/A","valor_contratado":33.00,"valor_pago":33.00},{"codigo_unidade_gestora":"201157","codigo_unidade_orcamentaria":"02110","numero_empenho":"0003092","classificacao":"126","data_empenho":"2022-06-09","codigo_credor":"40295063000137","nome_credor":"ALEXANDRE R BARBOSA DA SILVA","valor_contratado":14172.00,"valor_pago":14172.00},{"codigo_unidade_gestora":"201157","codigo_unidade_orcamentaria":"02110","numero_empenho":"0003093","classificacao":"126","data_empenho":"2022-06-10","codigo_credor":"40787152000109","nome_credor":"CIRUFARMA COMERCIAL LTDA","valor_contratado":3668.00,"valor_pago":3668.00},{"codigo_unidade_gestora":"201157","codigo_unidade_orcamentaria":"02110","numero_empenho":"0003094","classificacao":"126","data_empenho":"2022-06-10","codigo_credor":"40787152000109","nome_credor":"CIRUFARMA COMERCIAL LTDA","valor_contratado":3668.00,"valor_pago":3668.00},{"codigo_unidade_gestora":"201157","codigo_unidade_orcamentaria":"02010","numero_empenho":"0003095","classificacao":"135","data_empenho":"2022-06-10","codigo_credor":"29776170000144","nome_credor":"WALMIR BEZERRA DA SILVA 09668419480","valor_contratado":1200.00,"valor_pago":1200.00},{"codigo_unidade_gestora":"201157","codigo_unidade_orcamentaria":"02010","numero_empenho":"0003096","classificacao":"135","data_empenho":"2022-06-10","codigo_credor":"09366790000106","nome_credor":"EMPRESA PARAIBANA DE COMUNICAÇÃO S.A -EPC","valor_contratado":180.00,"valor_pago":180.00},{"codigo_unidade_gestora":"201157","codigo_unidade_orcamentaria":"02010","numero_empenho":"0003097","classificacao":"135","data_empenho":"2022-06-10","codigo_credor":"09366790000106","nome_credor":"EMPRESA PARAIBANA DE COMUNICAÇÃO S.A -EPC","valor_contratado":2170.00,"valor_pago":2170.00},{"codigo_unidade_gestora":"201157","codigo_unidade_orcamentaria":"02010","numero_empenho":"0003098","classificacao":"97","data_empenho":"2022-06-10","codigo_credor":"00703157000183","nome_credor":"CNM-CONFEDERAÇÃO NACIONAL DOS MUNICIPIOS","valor_contratado":1133.00,"valor_pago":1133.00},{"codigo_unidade_gestora":"201157","codigo_unidade_orcamentaria":"02080","numero_empenho":"0003099","classificacao":"126","data_empenho":"2022-06-10","codigo_credor":"25003525000101","nome_credor":"BARBOSA E SILVA INDUSTRIA E COMERCIO DE MOVEIS E LUMINARIAS LTDA","valor_contratado":10800.00,"valor_pago":10800.00},{"codigo_unidade_gestora":"201157","codigo_unidade_orcamentaria":"02110","numero_empenho":"0003100","classificacao":"126","data_empenho":"2022-06-10","codigo_credor":"02977362000162","nome_credor":"A.COSTA COM.ATAC. DE PROD.FARM. LTDA","valor_contratado":2603.00,"valor_pago":2603.00},{"codigo_unidade_gestora":"201157","codigo_unidade_orcamentaria":"02040","numero_empenho":"0003101","classificacao":"189","data_empenho":"2022-06-10","codigo_credor":"00008400513100","nome_credor":"DAYAN GONZALEZ ALVAREZ","valor_contratado":1200.00,"valor_pago":1200.00},{"codigo_unidade_gestora":"201157","codigo_unidade_orcamentaria":"02050","numero_empenho":"0003102","classificacao":"135","data_empenho":"2022-06-10","codigo_credor":"42350692000148","nome_credor":"FABRICIO ARTHUR RAMOS DE ALMEIDA","valor_contratado":1160.00,"valor_pago":1160.00},{"codigo_unidade_gestora":"201157","codigo_unidade_orcamentaria":"02120","numero_empenho":"0003103","classificacao":"126","data_empenho":"2022-06-10","codigo_credor":"03161004000220","nome_credor":"REPLASTIL","valor_contratado":619.30,"valor_pago":619.30},{"codigo_unidade_gestora":"201157","codigo_unidade_orcamentaria":"02110","numero_empenho":"0003104","classificacao":"126","data_empenho":"2022-06-10","codigo_credor":"17633364000101","nome_credor":"L & D COM. DE MOVEIS MAQUINAS E EQUIP.LTDA - ME","valor_contratado":980.00,"valor_pago":980.00},{"codigo_unidade_gestora":"201157","codigo_unidade_orcamentaria":"02140","numero_empenho":"0003105","classificacao":"126","data_empenho":"2022-06-10","codigo_credor":"03161004000220","nome_credor":"REPLASTIL","valor_contratado":575.00,"valor_pago":575.00}]}}