{"size":50,"page":16,"total":1183,"count":50,"_embedded":{"empenhos":[{"codigo_unidade_gestora":"201157","codigo_unidade_orcamentaria":"02050","numero_empenho":"0008207","classificacao":"135","data_empenho":"2022-12-20","codigo_credor":"19563523000174","nome_credor":"ANTONIO PEREIRA MIRANDA - 0522749844-40","valor_contratado":1690.00,"valor_pago":1690.00},{"codigo_unidade_gestora":"201157","codigo_unidade_orcamentaria":"02050","numero_empenho":"0008208","classificacao":"135","data_empenho":"2022-12-20","codigo_credor":"29458217000121","nome_credor":"MARCOS ANTONIO BATISTA REIS 85353213491","valor_contratado":1516.45,"valor_pago":1516.45},{"codigo_unidade_gestora":"201157","codigo_unidade_orcamentaria":"02050","numero_empenho":"0008209","classificacao":"135","data_empenho":"2022-12-20","codigo_credor":"19563523000174","nome_credor":"ANTONIO PEREIRA MIRANDA - 0522749844-40","valor_contratado":1492.40,"valor_pago":1492.40},{"codigo_unidade_gestora":"201157","codigo_unidade_orcamentaria":"02050","numero_empenho":"0008210","classificacao":"135","data_empenho":"2022-12-20","codigo_credor":"36326180000143","nome_credor":"GEFERSON MORAIS BATISTA 06896637498","valor_contratado":1552.59,"valor_pago":1552.59},{"codigo_unidade_gestora":"201157","codigo_unidade_orcamentaria":"02050","numero_empenho":"0008211","classificacao":"135","data_empenho":"2022-12-20","codigo_credor":"33332588000130","nome_credor":"VINICIUS DOS SANTOS PESSOA 13222955492","valor_contratado":2130.31,"valor_pago":2130.31},{"codigo_unidade_gestora":"201157","codigo_unidade_orcamentaria":"02050","numero_empenho":"0008212","classificacao":"135","data_empenho":"2022-12-20","codigo_credor":"36326180000143","nome_credor":"GEFERSON MORAIS BATISTA 06896637498","valor_contratado":1552.59,"valor_pago":1552.59},{"codigo_unidade_gestora":"201157","codigo_unidade_orcamentaria":"02050","numero_empenho":"0008213","classificacao":"135","data_empenho":"2022-12-20","codigo_credor":"33332588000130","nome_credor":"VINICIUS DOS SANTOS PESSOA 13222955492","valor_contratado":1340.17,"valor_pago":1340.17},{"codigo_unidade_gestora":"201157","codigo_unidade_orcamentaria":"02050","numero_empenho":"0008214","classificacao":"135","data_empenho":"2022-12-20","codigo_credor":"41366784000153","nome_credor":"MARIVALDO LOPES DA SILVA 01249202418","valor_contratado":1286.87,"valor_pago":1286.87},{"codigo_unidade_gestora":"201157","codigo_unidade_orcamentaria":"02050","numero_empenho":"0008215","classificacao":"135","data_empenho":"2022-12-20","codigo_credor":"19192694000134","nome_credor":"EDMILSON SOARES DE OLIVEIRA - 155.429.828-83","valor_contratado":1689.09,"valor_pago":1689.09},{"codigo_unidade_gestora":"201157","codigo_unidade_orcamentaria":"02050","numero_empenho":"0008216","classificacao":"135","data_empenho":"2022-12-20","codigo_credor":"41366784000153","nome_credor":"MARIVALDO LOPES DA SILVA 01249202418","valor_contratado":1608.36,"valor_pago":1608.36},{"codigo_unidade_gestora":"201157","codigo_unidade_orcamentaria":"02050","numero_empenho":"0008217","classificacao":"135","data_empenho":"2022-12-20","codigo_credor":"40634472000110","nome_credor":"JOSE DOS SANTOS OLIVEIRA","valor_contratado":1437.02,"valor_pago":1437.02},{"codigo_unidade_gestora":"201157","codigo_unidade_orcamentaria":"02050","numero_empenho":"0008218","classificacao":"135","data_empenho":"2022-12-20","codigo_credor":"19192694000134","nome_credor":"EDMILSON SOARES DE OLIVEIRA - 155.429.828-83","valor_contratado":1996.67,"valor_pago":1996.67},{"codigo_unidade_gestora":"201157","codigo_unidade_orcamentaria":"02050","numero_empenho":"0008219","classificacao":"135","data_empenho":"2022-12-20","codigo_credor":"40634472000110","nome_credor":"JOSE DOS SANTOS OLIVEIRA","valor_contratado":1800.89,"valor_pago":1800.89},{"codigo_unidade_gestora":"201157","codigo_unidade_orcamentaria":"02020","numero_empenho":"0008220","classificacao":"135","data_empenho":"2022-12-20","codigo_credor":"00000000280704","nome_credor":"BANCO DO BRASIL S/A","valor_contratado":11.00,"valor_pago":11.00},{"codigo_unidade_gestora":"201157","codigo_unidade_orcamentaria":"02050","numero_empenho":"0008221","classificacao":"135","data_empenho":"2022-12-20","codigo_credor":"19144465000144","nome_credor":"ANTONIO MARIO DOS SANTOS JUNIOR 05954876452","valor_contratado":0.00,"valor_pago":0.00},{"codigo_unidade_gestora":"201157","codigo_unidade_orcamentaria":"02050","numero_empenho":"0008222","classificacao":"135","data_empenho":"2022-12-20","codigo_credor":"40634472000110","nome_credor":"JOSE DOS SANTOS OLIVEIRA","valor_contratado":1900.73,"valor_pago":1900.73},{"codigo_unidade_gestora":"201157","codigo_unidade_orcamentaria":"02050","numero_empenho":"0008223","classificacao":"135","data_empenho":"2022-12-20","codigo_credor":"19144465000144","nome_credor":"ANTONIO MARIO DOS SANTOS JUNIOR 05954876452","valor_contratado":0.00,"valor_pago":0.00},{"codigo_unidade_gestora":"201157","codigo_unidade_orcamentaria":"02050","numero_empenho":"0008224","classificacao":"135","data_empenho":"2022-12-20","codigo_credor":"36826273000137","nome_credor":"LUIZ FERNANDO MISSIAS DE FARIAS 12567919465","valor_contratado":1403.74,"valor_pago":1403.74},{"codigo_unidade_gestora":"201157","codigo_unidade_orcamentaria":"02050","numero_empenho":"0008225","classificacao":"135","data_empenho":"2022-12-20","codigo_credor":"36826273000137","nome_credor":"LUIZ FERNANDO MISSIAS DE FARIAS 12567919465","valor_contratado":1468.74,"valor_pago":1468.74},{"codigo_unidade_gestora":"201157","codigo_unidade_orcamentaria":"02050","numero_empenho":"0008226","classificacao":"135","data_empenho":"2022-12-20","codigo_credor":"19225950000142","nome_credor":"PAULO DOS SANTOS ADELINO - 036.224.944-09","valor_contratado":1837.81,"valor_pago":1837.81},{"codigo_unidade_gestora":"201157","codigo_unidade_orcamentaria":"02050","numero_empenho":"0008227","classificacao":"135","data_empenho":"2022-12-20","codigo_credor":"36826273000137","nome_credor":"LUIZ FERNANDO MISSIAS DE FARIAS 12567919465","valor_contratado":1775.54,"valor_pago":1775.54},{"codigo_unidade_gestora":"201157","codigo_unidade_orcamentaria":"02050","numero_empenho":"0008228","classificacao":"135","data_empenho":"2022-12-20","codigo_credor":"19225950000142","nome_credor":"PAULO DOS SANTOS ADELINO - 036.224.944-09","valor_contratado":1442.87,"valor_pago":1442.87},{"codigo_unidade_gestora":"201157","codigo_unidade_orcamentaria":"02050","numero_empenho":"0008229","classificacao":"135","data_empenho":"2022-12-20","codigo_credor":"09095183000140","nome_credor":"ENERGISA","valor_contratado":9343.90,"valor_pago":9343.90},{"codigo_unidade_gestora":"201157","codigo_unidade_orcamentaria":"02050","numero_empenho":"0008230","classificacao":"135","data_empenho":"2022-12-20","codigo_credor":"18973469000172","nome_credor":"ROBERTO GOMES DA SILVA","valor_contratado":1500.59,"valor_pago":1500.59},{"codigo_unidade_gestora":"201157","codigo_unidade_orcamentaria":"02040","numero_empenho":"0008231","classificacao":"135","data_empenho":"2022-12-20","codigo_credor":"09095183000140","nome_credor":"ENERGISA","valor_contratado":8833.47,"valor_pago":8833.47},{"codigo_unidade_gestora":"201157","codigo_unidade_orcamentaria":"02050","numero_empenho":"0008232","classificacao":"135","data_empenho":"2022-12-20","codigo_credor":"19332221000195","nome_credor":"JOÃO RODRIGUES DA COSTA 58636820430","valor_contratado":1837.16,"valor_pago":1837.16},{"codigo_unidade_gestora":"201157","codigo_unidade_orcamentaria":"02080","numero_empenho":"0008233","classificacao":"135","data_empenho":"2022-12-20","codigo_credor":"09095183000140","nome_credor":"ENERGISA","valor_contratado":8993.45,"valor_pago":8993.45},{"codigo_unidade_gestora":"201157","codigo_unidade_orcamentaria":"02050","numero_empenho":"0008234","classificacao":"135","data_empenho":"2022-12-20","codigo_credor":"18369916000189","nome_credor":"CARLOS PASSOS DA COSTA JUNIOR","valor_contratado":11000.00,"valor_pago":11000.00},{"codigo_unidade_gestora":"201157","codigo_unidade_orcamentaria":"02050","numero_empenho":"0008235","classificacao":"135","data_empenho":"2022-12-20","codigo_credor":"18369916000189","nome_credor":"CARLOS PASSOS DA COSTA JUNIOR","valor_contratado":8360.00,"valor_pago":8360.00},{"codigo_unidade_gestora":"201157","codigo_unidade_orcamentaria":"02050","numero_empenho":"0008236","classificacao":"126","data_empenho":"2022-12-20","codigo_credor":"22526394000159","nome_credor":"MARCELA ELIZABETE DE MIRANDA BATISTA SANTOS SOUTO EIRELI - ME","valor_contratado":577.35,"valor_pago":577.35},{"codigo_unidade_gestora":"201157","codigo_unidade_orcamentaria":"02070","numero_empenho":"0008237","classificacao":"126","data_empenho":"2022-12-20","codigo_credor":"17599154000144","nome_credor":"JOSE DA S FERREIRA","valor_contratado":237.50,"valor_pago":0.00},{"codigo_unidade_gestora":"201157","codigo_unidade_orcamentaria":"02110","numero_empenho":"0008238","classificacao":"135","data_empenho":"2022-12-21","codigo_credor":"19500415000152","nome_credor":"EDER BATISTA DE SOUSA","valor_contratado":13050.00,"valor_pago":13050.00},{"codigo_unidade_gestora":"201157","codigo_unidade_orcamentaria":"02020","numero_empenho":"0008239","classificacao":"143","data_empenho":"2022-12-21","codigo_credor":"00000000280704","nome_credor":"BANCO DO BRASIL S/A","valor_contratado":178.98,"valor_pago":178.98},{"codigo_unidade_gestora":"201157","codigo_unidade_orcamentaria":"02080","numero_empenho":"0008240","classificacao":"135","data_empenho":"2022-12-21","codigo_credor":"14666954000142","nome_credor":"PONTUAL TRANSPORTE DE PASSAGEIROS LTDA","valor_contratado":2444.43,"valor_pago":2444.43},{"codigo_unidade_gestora":"201157","codigo_unidade_orcamentaria":"02050","numero_empenho":"0008241","classificacao":"135","data_empenho":"2022-12-21","codigo_credor":"14666954000142","nome_credor":"PONTUAL TRANSPORTE DE PASSAGEIROS LTDA","valor_contratado":1973.49,"valor_pago":1973.49},{"codigo_unidade_gestora":"201157","codigo_unidade_orcamentaria":"02040","numero_empenho":"0008242","classificacao":"135","data_empenho":"2022-12-21","codigo_credor":"14666954000142","nome_credor":"PONTUAL TRANSPORTE DE PASSAGEIROS LTDA","valor_contratado":1973.49,"valor_pago":1973.49},{"codigo_unidade_gestora":"201157","codigo_unidade_orcamentaria":"02050","numero_empenho":"0008243","classificacao":"132","data_empenho":"2022-12-21","codigo_credor":"00009662926429","nome_credor":"ANA MICHELE XAVIER ALVES","valor_contratado":400.00,"valor_pago":400.00},{"codigo_unidade_gestora":"201157","codigo_unidade_orcamentaria":"02050","numero_empenho":"0008244","classificacao":"135","data_empenho":"2022-12-21","codigo_credor":"45207481000149","nome_credor":"ALTERNATIVA DECORS","valor_contratado":4000.00,"valor_pago":4000.00},{"codigo_unidade_gestora":"201157","codigo_unidade_orcamentaria":"02050","numero_empenho":"0008245","classificacao":"135","data_empenho":"2022-12-21","codigo_credor":"29718757000105","nome_credor":"SANDRO LIRA DE MEDEIROS","valor_contratado":850.00,"valor_pago":850.00},{"codigo_unidade_gestora":"201157","codigo_unidade_orcamentaria":"02020","numero_empenho":"0008246","classificacao":"135","data_empenho":"2022-12-21","codigo_credor":"46456378000103","nome_credor":"LETICIA ALVES DA SILVA","valor_contratado":1600.00,"valor_pago":1600.00},{"codigo_unidade_gestora":"201157","codigo_unidade_orcamentaria":"02050","numero_empenho":"0008247","classificacao":"135","data_empenho":"2022-12-21","codigo_credor":"19225950000142","nome_credor":"PAULO DOS SANTOS ADELINO - 036.224.944-09","valor_contratado":2686.03,"valor_pago":2686.03},{"codigo_unidade_gestora":"201157","codigo_unidade_orcamentaria":"02020","numero_empenho":"0008248","classificacao":"135","data_empenho":"2022-12-21","codigo_credor":"17645592000100","nome_credor":"NIVALDO BARROS FILHO - ME","valor_contratado":1100.00,"valor_pago":1100.00},{"codigo_unidade_gestora":"201157","codigo_unidade_orcamentaria":"02050","numero_empenho":"0008249","classificacao":"126","data_empenho":"2022-12-21","codigo_credor":"00029235358809","nome_credor":"JOSE EDMILSON S. SILVA","valor_contratado":0.00,"valor_pago":400.00},{"codigo_unidade_gestora":"201157","codigo_unidade_orcamentaria":"02050","numero_empenho":"0008250","classificacao":"135","data_empenho":"2022-12-21","codigo_credor":"29458217000121","nome_credor":"MARCOS ANTONIO BATISTA REIS 85353213491","valor_contratado":6650.00,"valor_pago":6650.00},{"codigo_unidade_gestora":"201157","codigo_unidade_orcamentaria":"02060","numero_empenho":"0008251","classificacao":"135","data_empenho":"2022-12-21","codigo_credor":"09095183000140","nome_credor":"ENERGISA","valor_contratado":42.26,"valor_pago":42.26},{"codigo_unidade_gestora":"201157","codigo_unidade_orcamentaria":"02010","numero_empenho":"0008252","classificacao":"131","data_empenho":"2022-12-21","codigo_credor":"23397663000197","nome_credor":"MARINHO E SILVA ADVOCACIA","valor_contratado":3000.00,"valor_pago":3000.00},{"codigo_unidade_gestora":"201157","codigo_unidade_orcamentaria":"02010","numero_empenho":"0008253","classificacao":"135","data_empenho":"2022-12-21","codigo_credor":"40565581000123","nome_credor":"DARLAN WIILER BATISTA ROQUE","valor_contratado":2000.00,"valor_pago":2000.00},{"codigo_unidade_gestora":"201157","codigo_unidade_orcamentaria":"02050","numero_empenho":"0008254","classificacao":"114","data_empenho":"2022-12-21","codigo_credor":"61600839000155","nome_credor":"CIEE-CENTRO DE INTEGRAÇÃO EMPRESA ESCOLA","valor_contratado":5267.95,"valor_pago":5267.95},{"codigo_unidade_gestora":"201157","codigo_unidade_orcamentaria":"02040","numero_empenho":"0008255","classificacao":"135","data_empenho":"2022-12-21","codigo_credor":"09095183000140","nome_credor":"ENERGISA","valor_contratado":49.61,"valor_pago":49.61},{"codigo_unidade_gestora":"201157","codigo_unidade_orcamentaria":"02080","numero_empenho":"0008256","classificacao":"149","data_empenho":"2022-12-21","codigo_credor":"21763372000140","nome_credor":"RIBEIRO E ANJOS EMPREENDIMENTOS E ENGENHARIA LTDA","valor_contratado":241110.71,"valor_pago":120000.00}]}}