{"size":50,"page":1,"total":441,"count":50,"_embedded":{"empenhos":[{"codigo_unidade_gestora":"201157","codigo_unidade_orcamentaria":"02140","numero_empenho":"0000308","classificacao":"131","data_empenho":"2022-02-01","codigo_credor":"26777560000140","nome_credor":"VIVIANN FRANCISCA SALES F","valor_contratado":1400.00,"valor_pago":1400.00},{"codigo_unidade_gestora":"201157","codigo_unidade_orcamentaria":"02020","numero_empenho":"0000309","classificacao":"135","data_empenho":"2022-02-01","codigo_credor":"00000000280704","nome_credor":"BANCO DO BRASIL S/A","valor_contratado":4.75,"valor_pago":4.75},{"codigo_unidade_gestora":"201157","codigo_unidade_orcamentaria":"02040","numero_empenho":"0000310","classificacao":"135","data_empenho":"2022-02-01","codigo_credor":"41201592000197","nome_credor":"ARNOBIO TEIXEIRA DE BRITO LYRA JUNIOR 04183890470","valor_contratado":675.00,"valor_pago":675.00},{"codigo_unidade_gestora":"201157","codigo_unidade_orcamentaria":"02080","numero_empenho":"0000311","classificacao":"135","data_empenho":"2022-02-01","codigo_credor":"41201592000197","nome_credor":"ARNOBIO TEIXEIRA DE BRITO LYRA JUNIOR 04183890470","valor_contratado":784.80,"valor_pago":784.80},{"codigo_unidade_gestora":"201157","codigo_unidade_orcamentaria":"02040","numero_empenho":"0000312","classificacao":"135","data_empenho":"2022-02-01","codigo_credor":"41201592000197","nome_credor":"ARNOBIO TEIXEIRA DE BRITO LYRA JUNIOR 04183890470","valor_contratado":784.80,"valor_pago":784.80},{"codigo_unidade_gestora":"201157","codigo_unidade_orcamentaria":"02020","numero_empenho":"0000313","classificacao":"135","data_empenho":"2022-02-01","codigo_credor":"00360305000104","nome_credor":"CAIXA ECONOMICA FEDERAL","valor_contratado":1131.35,"valor_pago":1131.35},{"codigo_unidade_gestora":"201157","codigo_unidade_orcamentaria":"02080","numero_empenho":"0000314","classificacao":"135","data_empenho":"2022-02-01","codigo_credor":"41201592000197","nome_credor":"ARNOBIO TEIXEIRA DE BRITO LYRA JUNIOR 04183890470","valor_contratado":814.40,"valor_pago":814.40},{"codigo_unidade_gestora":"201157","codigo_unidade_orcamentaria":"02080","numero_empenho":"0000315","classificacao":"135","data_empenho":"2022-02-01","codigo_credor":"41201592000197","nome_credor":"ARNOBIO TEIXEIRA DE BRITO LYRA JUNIOR 04183890470","valor_contratado":1389.67,"valor_pago":1389.67},{"codigo_unidade_gestora":"201157","codigo_unidade_orcamentaria":"02020","numero_empenho":"0000316","classificacao":"135","data_empenho":"2022-02-01","codigo_credor":"00360305000104","nome_credor":"CAIXA ECONOMICA FEDERAL","valor_contratado":168.30,"valor_pago":168.30},{"codigo_unidade_gestora":"201157","codigo_unidade_orcamentaria":"02080","numero_empenho":"0000317","classificacao":"135","data_empenho":"2022-02-01","codigo_credor":"41201592000197","nome_credor":"ARNOBIO TEIXEIRA DE BRITO LYRA JUNIOR 04183890470","valor_contratado":1375.00,"valor_pago":1375.00},{"codigo_unidade_gestora":"201157","codigo_unidade_orcamentaria":"02080","numero_empenho":"0000318","classificacao":"135","data_empenho":"2022-02-01","codigo_credor":"41201592000197","nome_credor":"ARNOBIO TEIXEIRA DE BRITO LYRA JUNIOR 04183890470","valor_contratado":1365.83,"valor_pago":1365.83},{"codigo_unidade_gestora":"201157","codigo_unidade_orcamentaria":"02080","numero_empenho":"0000319","classificacao":"135","data_empenho":"2022-02-01","codigo_credor":"41201592000197","nome_credor":"ARNOBIO TEIXEIRA DE BRITO LYRA JUNIOR 04183890470","valor_contratado":1400.00,"valor_pago":1400.00},{"codigo_unidade_gestora":"201157","codigo_unidade_orcamentaria":"02110","numero_empenho":"0000320","classificacao":"126","data_empenho":"2022-02-01","codigo_credor":"05329135000119","nome_credor":"ALEXSANDRO SANTOS DA SILVA","valor_contratado":28002.05,"valor_pago":28002.05},{"codigo_unidade_gestora":"201157","codigo_unidade_orcamentaria":"02010","numero_empenho":"0000321","classificacao":"135","data_empenho":"2022-02-01","codigo_credor":"14949698000109","nome_credor":"G O L NETO EIRELI","valor_contratado":2200.00,"valor_pago":2200.00},{"codigo_unidade_gestora":"201157","codigo_unidade_orcamentaria":"02040","numero_empenho":"0000322","classificacao":"135","data_empenho":"2022-02-01","codigo_credor":"09095183000140","nome_credor":"ENERGISA","valor_contratado":93.87,"valor_pago":93.87},{"codigo_unidade_gestora":"201157","codigo_unidade_orcamentaria":"02020","numero_empenho":"0000323","classificacao":"135","data_empenho":"2022-02-02","codigo_credor":"00000000280704","nome_credor":"BANCO DO BRASIL S/A","valor_contratado":10.45,"valor_pago":10.45},{"codigo_unidade_gestora":"201157","codigo_unidade_orcamentaria":"02080","numero_empenho":"0000324","classificacao":"126","data_empenho":"2022-02-02","codigo_credor":"09046825000111","nome_credor":"DANTAS IMPORTADORA E DISTRIBUIDORA LTDA","valor_contratado":9738.40,"valor_pago":9738.40},{"codigo_unidade_gestora":"201157","codigo_unidade_orcamentaria":"02040","numero_empenho":"0000325","classificacao":"135","data_empenho":"2022-02-02","codigo_credor":"00000000280704","nome_credor":"BANCO DO BRASIL S/A","valor_contratado":10.45,"valor_pago":10.45},{"codigo_unidade_gestora":"201157","codigo_unidade_orcamentaria":"02080","numero_empenho":"0000326","classificacao":"135","data_empenho":"2022-02-02","codigo_credor":"11955108000154","nome_credor":"ECOSOLO GESTAO AMBIENTAL DE RESIDUOS LTDA","valor_contratado":13073.50,"valor_pago":13073.50},{"codigo_unidade_gestora":"201157","codigo_unidade_orcamentaria":"02110","numero_empenho":"0000327","classificacao":"131","data_empenho":"2022-02-02","codigo_credor":"26804557000179","nome_credor":"JULIANNY DA CUNHA GOUVEIA","valor_contratado":2500.00,"valor_pago":2500.00},{"codigo_unidade_gestora":"201157","codigo_unidade_orcamentaria":"02110","numero_empenho":"0000328","classificacao":"135","data_empenho":"2022-02-03","codigo_credor":"34783914000198","nome_credor":"JOSE WAGNER DE LIMA","valor_contratado":9160.00,"valor_pago":9160.00},{"codigo_unidade_gestora":"201157","codigo_unidade_orcamentaria":"02020","numero_empenho":"0000329","classificacao":"135","data_empenho":"2022-02-03","codigo_credor":"00360305000104","nome_credor":"CAIXA ECONOMICA FEDERAL","valor_contratado":3.74,"valor_pago":3.74},{"codigo_unidade_gestora":"201157","codigo_unidade_orcamentaria":"02140","numero_empenho":"0000330","classificacao":"126","data_empenho":"2022-02-04","codigo_credor":"21837593000115","nome_credor":"FRANCIEL MONTEIRO DA ROCHA 07356642425","valor_contratado":300.00,"valor_pago":300.00},{"codigo_unidade_gestora":"201157","codigo_unidade_orcamentaria":"02050","numero_empenho":"0000331","classificacao":"135","data_empenho":"2022-02-04","codigo_credor":"09095183000140","nome_credor":"ENERGISA","valor_contratado":30.70,"valor_pago":30.70},{"codigo_unidade_gestora":"201157","codigo_unidade_orcamentaria":"02010","numero_empenho":"0000332","classificacao":"131","data_empenho":"2022-02-04","codigo_credor":"23397663000197","nome_credor":"MARINHO E SILVA ADVOCACIA","valor_contratado":3000.00,"valor_pago":3000.00},{"codigo_unidade_gestora":"201157","codigo_unidade_orcamentaria":"02050","numero_empenho":"0000333","classificacao":"188","data_empenho":"2022-02-04","codigo_credor":"09095183000140","nome_credor":"ENERGISA","valor_contratado":32.74,"valor_pago":32.74},{"codigo_unidade_gestora":"201157","codigo_unidade_orcamentaria":"02010","numero_empenho":"0000334","classificacao":"110","data_empenho":"2022-02-04","codigo_credor":"00003841981470","nome_credor":"EJITANIO ALEXANDRE","valor_contratado":35.00,"valor_pago":35.00},{"codigo_unidade_gestora":"201157","codigo_unidade_orcamentaria":"02070","numero_empenho":"0000335","classificacao":"110","data_empenho":"2022-02-04","codigo_credor":"00005410422465","nome_credor":"FABRICIO SILVA","valor_contratado":22.50,"valor_pago":22.50},{"codigo_unidade_gestora":"201157","codigo_unidade_orcamentaria":"02070","numero_empenho":"0000336","classificacao":"110","data_empenho":"2022-02-04","codigo_credor":"00098068253491","nome_credor":"MARIA DAS NEVES ANDRE SOARES","valor_contratado":22.50,"valor_pago":22.50},{"codigo_unidade_gestora":"201157","codigo_unidade_orcamentaria":"02070","numero_empenho":"0000337","classificacao":"110","data_empenho":"2022-02-04","codigo_credor":"00009459728499","nome_credor":"RONNY DHAYSON DA COSTA GONCALVES","valor_contratado":42.50,"valor_pago":42.50},{"codigo_unidade_gestora":"201157","codigo_unidade_orcamentaria":"02020","numero_empenho":"0000338","classificacao":"135","data_empenho":"2022-02-04","codigo_credor":"00000000280704","nome_credor":"BANCO DO BRASIL S/A","valor_contratado":10.45,"valor_pago":10.45},{"codigo_unidade_gestora":"201157","codigo_unidade_orcamentaria":"02020","numero_empenho":"0000339","classificacao":"135","data_empenho":"2022-02-04","codigo_credor":"00360305000104","nome_credor":"CAIXA ECONOMICA FEDERAL","valor_contratado":1.87,"valor_pago":1.87},{"codigo_unidade_gestora":"201157","codigo_unidade_orcamentaria":"02080","numero_empenho":"0000340","classificacao":"126","data_empenho":"2022-02-07","codigo_credor":"02737810000150","nome_credor":"JOSE ARLINDO OLIVEIRA  SILVA","valor_contratado":9057.00,"valor_pago":9057.00},{"codigo_unidade_gestora":"201157","codigo_unidade_orcamentaria":"02110","numero_empenho":"0000341","classificacao":"135","data_empenho":"2022-02-07","codigo_credor":"08716557000135","nome_credor":"CLINICA RADIOLOGICA DR.WANDERLEY LTDA","valor_contratado":130.00,"valor_pago":130.00},{"codigo_unidade_gestora":"201157","codigo_unidade_orcamentaria":"02140","numero_empenho":"0000342","classificacao":"128","data_empenho":"2022-02-07","codigo_credor":"00009063058705","nome_credor":"SOLANGE FIRMINO PORTO","valor_contratado":1500.00,"valor_pago":1500.00},{"codigo_unidade_gestora":"201157","codigo_unidade_orcamentaria":"02140","numero_empenho":"0000343","classificacao":"128","data_empenho":"2022-02-07","codigo_credor":"00070755525469","nome_credor":"MARAILZA ALVES DOS SANTOS DIAS","valor_contratado":250.00,"valor_pago":250.00},{"codigo_unidade_gestora":"201157","codigo_unidade_orcamentaria":"02140","numero_empenho":"0000344","classificacao":"128","data_empenho":"2022-02-07","codigo_credor":"00017098659894","nome_credor":"IVO GONÇALVES DE SOUZA","valor_contratado":1500.00,"valor_pago":1500.00},{"codigo_unidade_gestora":"201157","codigo_unidade_orcamentaria":"02140","numero_empenho":"0000345","classificacao":"128","data_empenho":"2022-02-07","codigo_credor":"00002985786460","nome_credor":"JOANITA ARAUJO CARNEIRO","valor_contratado":1800.00,"valor_pago":1800.00},{"codigo_unidade_gestora":"201157","codigo_unidade_orcamentaria":"02140","numero_empenho":"0000346","classificacao":"128","data_empenho":"2022-02-07","codigo_credor":"00004423163489","nome_credor":"SOCRATES DE LIRA DIAS","valor_contratado":1500.00,"valor_pago":1500.00},{"codigo_unidade_gestora":"201157","codigo_unidade_orcamentaria":"02140","numero_empenho":"0000347","classificacao":"128","data_empenho":"2022-02-07","codigo_credor":"00003346352846","nome_credor":"CLAUDIO ANTONIO DE LIMA","valor_contratado":1500.00,"valor_pago":1500.00},{"codigo_unidade_gestora":"201157","codigo_unidade_orcamentaria":"02140","numero_empenho":"0000348","classificacao":"128","data_empenho":"2022-02-07","codigo_credor":"00004082560440","nome_credor":"LUZIA JORGE DOS SANTOS","valor_contratado":1500.00,"valor_pago":1500.00},{"codigo_unidade_gestora":"201157","codigo_unidade_orcamentaria":"02020","numero_empenho":"0000349","classificacao":"135","data_empenho":"2022-02-07","codigo_credor":"00000000280704","nome_credor":"BANCO DO BRASIL S/A","valor_contratado":41.80,"valor_pago":41.80},{"codigo_unidade_gestora":"201157","codigo_unidade_orcamentaria":"02040","numero_empenho":"0000350","classificacao":"135","data_empenho":"2022-02-07","codigo_credor":"00000000280704","nome_credor":"BANCO DO BRASIL S/A","valor_contratado":10.45,"valor_pago":10.45},{"codigo_unidade_gestora":"201157","codigo_unidade_orcamentaria":"02050","numero_empenho":"0000351","classificacao":"135","data_empenho":"2022-02-07","codigo_credor":"14666954000142","nome_credor":"PONTUAL TRANSPORTE DE PASSAGEIROS LTDA","valor_contratado":1760.00,"valor_pago":1760.00},{"codigo_unidade_gestora":"201157","codigo_unidade_orcamentaria":"02080","numero_empenho":"0000352","classificacao":"135","data_empenho":"2022-02-07","codigo_credor":"14666954000142","nome_credor":"PONTUAL TRANSPORTE DE PASSAGEIROS LTDA","valor_contratado":2180.00,"valor_pago":2180.00},{"codigo_unidade_gestora":"201157","codigo_unidade_orcamentaria":"02040","numero_empenho":"0000353","classificacao":"135","data_empenho":"2022-02-07","codigo_credor":"14666954000142","nome_credor":"PONTUAL TRANSPORTE DE PASSAGEIROS LTDA","valor_contratado":1760.00,"valor_pago":1760.00},{"codigo_unidade_gestora":"201157","codigo_unidade_orcamentaria":"02110","numero_empenho":"0000354","classificacao":"135","data_empenho":"2022-02-08","codigo_credor":"08716557000135","nome_credor":"CLINICA RADIOLOGICA DR.WANDERLEY LTDA","valor_contratado":130.00,"valor_pago":130.00},{"codigo_unidade_gestora":"201157","codigo_unidade_orcamentaria":"02040","numero_empenho":"0000355","classificacao":"126","data_empenho":"2022-02-08","codigo_credor":"40979684000130","nome_credor":"ANDRE FELIPE DE SOUZA SANTOS","valor_contratado":700.00,"valor_pago":700.00},{"codigo_unidade_gestora":"201157","codigo_unidade_orcamentaria":"02110","numero_empenho":"0000356","classificacao":"135","data_empenho":"2022-02-08","codigo_credor":"02503493000108","nome_credor":"CAMPIMAGEM-CENTRO DE DIAGNOSTICO POR IMA","valor_contratado":180.00,"valor_pago":180.00},{"codigo_unidade_gestora":"201157","codigo_unidade_orcamentaria":"02040","numero_empenho":"0000357","classificacao":"126","data_empenho":"2022-02-08","codigo_credor":"04923356000158","nome_credor":"FARIAS COMERCIO VAREJISTA DE MEDICAMENTOS LTDA","valor_contratado":16660.00,"valor_pago":16660.00}]}}