{"size":50,"page":7,"total":767,"count":50,"_embedded":{"empenhos":[{"codigo_unidade_gestora":"201157","codigo_unidade_orcamentaria":"02080","numero_empenho":"0003771","classificacao":"135","data_empenho":"2022-07-11","codigo_credor":"32666493000190","nome_credor":"VITOR FERREIRA DOS SANTOS 09470814452","valor_contratado":1200.00,"valor_pago":1200.00},{"codigo_unidade_gestora":"201157","codigo_unidade_orcamentaria":"02080","numero_empenho":"0003772","classificacao":"135","data_empenho":"2022-07-11","codigo_credor":"19144465000144","nome_credor":"ANTONIO MARIO DOS SANTOS JUNIOR 05954876452","valor_contratado":1280.00,"valor_pago":1280.00},{"codigo_unidade_gestora":"201157","codigo_unidade_orcamentaria":"02110","numero_empenho":"0003773","classificacao":"126","data_empenho":"2022-07-11","codigo_credor":"20245870000138","nome_credor":"VERIDIANA DA CUNHA QUERINO 01971365408","valor_contratado":351.00,"valor_pago":351.00},{"codigo_unidade_gestora":"201157","codigo_unidade_orcamentaria":"02050","numero_empenho":"0003774","classificacao":"135","data_empenho":"2022-07-11","codigo_credor":"45450035000160","nome_credor":"ADRIANO MARCOS SANTANA ALVES 09665655418","valor_contratado":1250.00,"valor_pago":1250.00},{"codigo_unidade_gestora":"201157","codigo_unidade_orcamentaria":"02080","numero_empenho":"0003775","classificacao":"135","data_empenho":"2022-07-11","codigo_credor":"24853787000100","nome_credor":"MARCOS ANTONIO DO NASCIMENTO 09535475827","valor_contratado":1020.00,"valor_pago":1020.00},{"codigo_unidade_gestora":"201157","codigo_unidade_orcamentaria":"02110","numero_empenho":"0003776","classificacao":"135","data_empenho":"2022-07-11","codigo_credor":"08716557000135","nome_credor":"CLINICA RADIOLOGICA DR.WANDERLEY LTDA","valor_contratado":630.00,"valor_pago":630.00},{"codigo_unidade_gestora":"201157","codigo_unidade_orcamentaria":"02040","numero_empenho":"0003777","classificacao":"135","data_empenho":"2022-07-11","codigo_credor":"24853787000100","nome_credor":"MARCOS ANTONIO DO NASCIMENTO 09535475827","valor_contratado":2040.00,"valor_pago":2040.00},{"codigo_unidade_gestora":"201157","codigo_unidade_orcamentaria":"02010","numero_empenho":"0003778","classificacao":"126","data_empenho":"2022-07-11","codigo_credor":"20245870000138","nome_credor":"VERIDIANA DA CUNHA QUERINO 01971365408","valor_contratado":610.80,"valor_pago":610.80},{"codigo_unidade_gestora":"201157","codigo_unidade_orcamentaria":"02080","numero_empenho":"0003779","classificacao":"135","data_empenho":"2022-07-11","codigo_credor":"31390801000134","nome_credor":"JOSEMI ROBERTO DE FREITAS 08726908492","valor_contratado":3450.00,"valor_pago":3450.00},{"codigo_unidade_gestora":"201157","codigo_unidade_orcamentaria":"02140","numero_empenho":"0003780","classificacao":"126","data_empenho":"2022-07-11","codigo_credor":"20245870000138","nome_credor":"VERIDIANA DA CUNHA QUERINO 01971365408","valor_contratado":796.50,"valor_pago":796.50},{"codigo_unidade_gestora":"201157","codigo_unidade_orcamentaria":"02090","numero_empenho":"0003781","classificacao":"126","data_empenho":"2022-07-11","codigo_credor":"20245870000138","nome_credor":"VERIDIANA DA CUNHA QUERINO 01971365408","valor_contratado":397.50,"valor_pago":397.50},{"codigo_unidade_gestora":"201157","codigo_unidade_orcamentaria":"02050","numero_empenho":"0003782","classificacao":"135","data_empenho":"2022-07-11","codigo_credor":"42350692000148","nome_credor":"FABRICIO ARTHUR RAMOS DE ALMEIDA","valor_contratado":1160.00,"valor_pago":1160.00},{"codigo_unidade_gestora":"201157","codigo_unidade_orcamentaria":"02010","numero_empenho":"0003783","classificacao":"135","data_empenho":"2022-07-11","codigo_credor":"04196645000100","nome_credor":"PR/CC/IMPRENSA NACIONAL","valor_contratado":3152.52,"valor_pago":3152.52},{"codigo_unidade_gestora":"201157","codigo_unidade_orcamentaria":"02020","numero_empenho":"0003784","classificacao":"135","data_empenho":"2022-07-11","codigo_credor":"00000000280704","nome_credor":"BANCO DO BRASIL S/A","valor_contratado":550.00,"valor_pago":550.00},{"codigo_unidade_gestora":"201157","codigo_unidade_orcamentaria":"02040","numero_empenho":"0003785","classificacao":"135","data_empenho":"2022-07-11","codigo_credor":"00000000280704","nome_credor":"BANCO DO BRASIL S/A","valor_contratado":11.00,"valor_pago":11.00},{"codigo_unidade_gestora":"201157","codigo_unidade_orcamentaria":"02040","numero_empenho":"0003786","classificacao":"188","data_empenho":"2022-07-12","codigo_credor":"63478895000194","nome_credor":"JOSE NERGINO SOBREIRA","valor_contratado":203.85,"valor_pago":203.85},{"codigo_unidade_gestora":"201157","codigo_unidade_orcamentaria":"02040","numero_empenho":"0003787","classificacao":"188","data_empenho":"2022-07-12","codigo_credor":"63478895000194","nome_credor":"JOSE NERGINO SOBREIRA","valor_contratado":679.50,"valor_pago":679.50},{"codigo_unidade_gestora":"201157","codigo_unidade_orcamentaria":"02050","numero_empenho":"0003788","classificacao":"126","data_empenho":"2022-07-12","codigo_credor":"40876269000150","nome_credor":"DISTRIBUIDORA DE PRODUTOS AGRESTE MERIDIONAL LTDA","valor_contratado":897.50,"valor_pago":897.50},{"codigo_unidade_gestora":"201157","codigo_unidade_orcamentaria":"02050","numero_empenho":"0003789","classificacao":"126","data_empenho":"2022-07-12","codigo_credor":"40876269000150","nome_credor":"DISTRIBUIDORA DE PRODUTOS AGRESTE MERIDIONAL LTDA","valor_contratado":1002.50,"valor_pago":1002.50},{"codigo_unidade_gestora":"201157","codigo_unidade_orcamentaria":"02020","numero_empenho":"0003790","classificacao":"126","data_empenho":"2022-07-12","codigo_credor":"40876269000150","nome_credor":"DISTRIBUIDORA DE PRODUTOS AGRESTE MERIDIONAL LTDA","valor_contratado":897.50,"valor_pago":897.50},{"codigo_unidade_gestora":"201157","codigo_unidade_orcamentaria":"02070","numero_empenho":"0003791","classificacao":"135","data_empenho":"2022-07-12","codigo_credor":"40565581000123","nome_credor":"DARLAN WIILER BATISTA ROQUE","valor_contratado":600.00,"valor_pago":600.00},{"codigo_unidade_gestora":"201157","codigo_unidade_orcamentaria":"02010","numero_empenho":"0003792","classificacao":"135","data_empenho":"2022-07-12","codigo_credor":"40565581000123","nome_credor":"DARLAN WIILER BATISTA ROQUE","valor_contratado":2000.00,"valor_pago":2000.00},{"codigo_unidade_gestora":"201157","codigo_unidade_orcamentaria":"02040","numero_empenho":"0003793","classificacao":"126","data_empenho":"2022-07-12","codigo_credor":"06948769000201","nome_credor":"TECNOCENTER M. MEDICOS HOSPITALARES LTDA","valor_contratado":656.40,"valor_pago":656.40},{"codigo_unidade_gestora":"201157","codigo_unidade_orcamentaria":"02040","numero_empenho":"0003794","classificacao":"135","data_empenho":"2022-07-12","codigo_credor":"40565581000123","nome_credor":"DARLAN WIILER BATISTA ROQUE","valor_contratado":1200.00,"valor_pago":1200.00},{"codigo_unidade_gestora":"201157","codigo_unidade_orcamentaria":"02110","numero_empenho":"0003795","classificacao":"135","data_empenho":"2022-07-12","codigo_credor":"15144201000130","nome_credor":"IMAGO DIAGNOSTICO POR IMAGEM LTDA","valor_contratado":1160.00,"valor_pago":1160.00},{"codigo_unidade_gestora":"201157","codigo_unidade_orcamentaria":"02070","numero_empenho":"0003796","classificacao":"135","data_empenho":"2022-07-12","codigo_credor":"30105898000123","nome_credor":"JOSE MOISES DIAS DOS SANTOS 10248839497","valor_contratado":600.00,"valor_pago":600.00},{"codigo_unidade_gestora":"201157","codigo_unidade_orcamentaria":"02120","numero_empenho":"0003797","classificacao":"135","data_empenho":"2022-07-12","codigo_credor":"30105898000123","nome_credor":"JOSE MOISES DIAS DOS SANTOS 10248839497","valor_contratado":3000.00,"valor_pago":3000.00},{"codigo_unidade_gestora":"201157","codigo_unidade_orcamentaria":"02040","numero_empenho":"0003798","classificacao":"135","data_empenho":"2022-07-12","codigo_credor":"41757219000117","nome_credor":"INACIO BALBINO DA SILVA 58634711404","valor_contratado":1180.00,"valor_pago":1180.00},{"codigo_unidade_gestora":"201157","codigo_unidade_orcamentaria":"02120","numero_empenho":"0003799","classificacao":"135","data_empenho":"2022-07-12","codigo_credor":"21925445000152","nome_credor":"RENAN E KIARA POUSADA LTDA-ME","valor_contratado":120.00,"valor_pago":120.00},{"codigo_unidade_gestora":"201157","codigo_unidade_orcamentaria":"02110","numero_empenho":"0003800","classificacao":"135","data_empenho":"2022-07-12","codigo_credor":"36394457000175","nome_credor":"JOAO VICTOR DE OLIVEIRA GONCALVES 09843480422","valor_contratado":1230.00,"valor_pago":1230.00},{"codigo_unidade_gestora":"201157","codigo_unidade_orcamentaria":"02110","numero_empenho":"0003801","classificacao":"135","data_empenho":"2022-07-12","codigo_credor":"19858858000110","nome_credor":"CENTRO DE ESPECIALIDADES MEDICAS ABIMAR BURITI LTDA","valor_contratado":11280.00,"valor_pago":11280.00},{"codigo_unidade_gestora":"201157","codigo_unidade_orcamentaria":"02040","numero_empenho":"0003802","classificacao":"135","data_empenho":"2022-07-12","codigo_credor":"38058364000103","nome_credor":"JOSE ALEXANDRE SANTOS CARDOSO 02726187480","valor_contratado":1780.00,"valor_pago":1780.00},{"codigo_unidade_gestora":"201157","codigo_unidade_orcamentaria":"02010","numero_empenho":"0003803","classificacao":"135","data_empenho":"2022-07-12","codigo_credor":"04196645000100","nome_credor":"PR/CC/IMPRENSA NACIONAL","valor_contratado":272.44,"valor_pago":0.00},{"codigo_unidade_gestora":"201157","codigo_unidade_orcamentaria":"02040","numero_empenho":"0003804","classificacao":"135","data_empenho":"2022-07-12","codigo_credor":"19778033000195","nome_credor":"CARLOS ANTONIO PEREIRA 48394882404","valor_contratado":1230.00,"valor_pago":1230.00},{"codigo_unidade_gestora":"201157","codigo_unidade_orcamentaria":"02110","numero_empenho":"0003805","classificacao":"135","data_empenho":"2022-07-12","codigo_credor":"42744709000141","nome_credor":"MARIA COSMA FREIRE DOS SANTOS 06262745408","valor_contratado":660.00,"valor_pago":660.00},{"codigo_unidade_gestora":"201157","codigo_unidade_orcamentaria":"02110","numero_empenho":"0003806","classificacao":"126","data_empenho":"2022-07-12","codigo_credor":"02977362000162","nome_credor":"A.COSTA COM.ATAC. DE PROD.FARM. LTDA","valor_contratado":7532.25,"valor_pago":7532.25},{"codigo_unidade_gestora":"201157","codigo_unidade_orcamentaria":"02110","numero_empenho":"0003807","classificacao":"135","data_empenho":"2022-07-12","codigo_credor":"36416137000179","nome_credor":"MARINEZ FAUSTINO 04725426482","valor_contratado":610.00,"valor_pago":610.00},{"codigo_unidade_gestora":"201157","codigo_unidade_orcamentaria":"02120","numero_empenho":"0003808","classificacao":"132","data_empenho":"2022-07-12","codigo_credor":"00009795876465","nome_credor":"FABIANO SILVA OLIVEIRA","valor_contratado":370.00,"valor_pago":370.00},{"codigo_unidade_gestora":"201157","codigo_unidade_orcamentaria":"02080","numero_empenho":"0003809","classificacao":"126","data_empenho":"2022-07-12","codigo_credor":"41138298000188","nome_credor":"ATACADÃO DOS PARAFUSOS LTDA.","valor_contratado":682.50,"valor_pago":682.50},{"codigo_unidade_gestora":"201157","codigo_unidade_orcamentaria":"02110","numero_empenho":"0003810","classificacao":"135","data_empenho":"2022-07-12","codigo_credor":"36330418000104","nome_credor":"ANDREIA TRAJANO DOS SANTOS 06604177408","valor_contratado":1000.00,"valor_pago":1000.00},{"codigo_unidade_gestora":"201157","codigo_unidade_orcamentaria":"02010","numero_empenho":"0003811","classificacao":"135","data_empenho":"2022-07-12","codigo_credor":"40565581000123","nome_credor":"DARLAN WIILER BATISTA ROQUE","valor_contratado":2000.00,"valor_pago":2000.00},{"codigo_unidade_gestora":"201157","codigo_unidade_orcamentaria":"02110","numero_empenho":"0003812","classificacao":"135","data_empenho":"2022-07-12","codigo_credor":"36415682000140","nome_credor":"CELIA REGINA IZIDIO DE ANDRADE 97980536487","valor_contratado":610.00,"valor_pago":610.00},{"codigo_unidade_gestora":"201157","codigo_unidade_orcamentaria":"02110","numero_empenho":"0003813","classificacao":"135","data_empenho":"2022-07-12","codigo_credor":"36277230000140","nome_credor":"JOSILEIDE SOUZA VIANA FERNANDES 06058281482","valor_contratado":1000.00,"valor_pago":1000.00},{"codigo_unidade_gestora":"201157","codigo_unidade_orcamentaria":"02110","numero_empenho":"0003814","classificacao":"135","data_empenho":"2022-07-12","codigo_credor":"36328179000158","nome_credor":"ELIANE GONCALVES GOMES 25647928803","valor_contratado":660.00,"valor_pago":660.00},{"codigo_unidade_gestora":"201157","codigo_unidade_orcamentaria":"02020","numero_empenho":"0003815","classificacao":"172","data_empenho":"2022-07-12","codigo_credor":"70097811000138","nome_credor":"IPSER/FOLHA DE PAGAMENTO/SAL.FAMILIA","valor_contratado":14829.27,"valor_pago":14829.27},{"codigo_unidade_gestora":"201157","codigo_unidade_orcamentaria":"02110","numero_empenho":"0003816","classificacao":"135","data_empenho":"2022-07-12","codigo_credor":"36401036000124","nome_credor":"MARIA DO SOCORRO LAURENTINO DA SILVA 45241325468","valor_contratado":1000.00,"valor_pago":1000.00},{"codigo_unidade_gestora":"201157","codigo_unidade_orcamentaria":"02110","numero_empenho":"0003817","classificacao":"135","data_empenho":"2022-07-12","codigo_credor":"36319807000139","nome_credor":"ANA EMILIA DANIEL DA SILVA 09461623445","valor_contratado":1000.00,"valor_pago":1000.00},{"codigo_unidade_gestora":"201157","codigo_unidade_orcamentaria":"02020","numero_empenho":"0003818","classificacao":"172","data_empenho":"2022-07-12","codigo_credor":"70097811000138","nome_credor":"IPSER/FOLHA DE PAGAMENTO/SAL.FAMILIA","valor_contratado":8090.82,"valor_pago":8090.82},{"codigo_unidade_gestora":"201157","codigo_unidade_orcamentaria":"02110","numero_empenho":"0003819","classificacao":"135","data_empenho":"2022-07-12","codigo_credor":"41989653000122","nome_credor":"MARIA DAS VITORIAS DOS SANTOS 08868876744","valor_contratado":1000.00,"valor_pago":1000.00},{"codigo_unidade_gestora":"201157","codigo_unidade_orcamentaria":"02110","numero_empenho":"0003820","classificacao":"135","data_empenho":"2022-07-12","codigo_credor":"36766570000134","nome_credor":"SIMONE FAUSTINO DOS SANTOS 05961077497","valor_contratado":1500.00,"valor_pago":1500.00}]}}