{"size":50,"page":14,"total":766,"count":50,"_embedded":{"empenhos":[{"codigo_unidade_gestora":"201157","codigo_unidade_orcamentaria":"02020","numero_empenho":"0006534","classificacao":"97","data_empenho":"2022-10-27","codigo_credor":"09048976000109","nome_credor":"Prefeitura Municipal de Remígio","valor_contratado":7272.00,"valor_pago":7272.00},{"codigo_unidade_gestora":"201157","codigo_unidade_orcamentaria":"02140","numero_empenho":"0006535","classificacao":"135","data_empenho":"2022-10-27","codigo_credor":"34987242000132","nome_credor":"JOSE ALEXANDRE VIANA","valor_contratado":4500.00,"valor_pago":4500.00},{"codigo_unidade_gestora":"201157","codigo_unidade_orcamentaria":"02010","numero_empenho":"0006536","classificacao":"105","data_empenho":"2022-10-27","codigo_credor":"09048976000109","nome_credor":"Prefeitura Municipal de Remígio","valor_contratado":3000.00,"valor_pago":3000.00},{"codigo_unidade_gestora":"201157","codigo_unidade_orcamentaria":"02050","numero_empenho":"0006537","classificacao":"105","data_empenho":"2022-10-27","codigo_credor":"09048976000109","nome_credor":"Prefeitura Municipal de Remígio","valor_contratado":14995.61,"valor_pago":14995.61},{"codigo_unidade_gestora":"201157","codigo_unidade_orcamentaria":"02050","numero_empenho":"0006538","classificacao":"105","data_empenho":"2022-10-27","codigo_credor":"09048976000109","nome_credor":"Prefeitura Municipal de Remígio","valor_contratado":329631.85,"valor_pago":329631.85},{"codigo_unidade_gestora":"201157","codigo_unidade_orcamentaria":"02050","numero_empenho":"0006539","classificacao":"105","data_empenho":"2022-10-27","codigo_credor":"09048976000109","nome_credor":"Prefeitura Municipal de Remígio","valor_contratado":236436.26,"valor_pago":236436.26},{"codigo_unidade_gestora":"201157","codigo_unidade_orcamentaria":"02110","numero_empenho":"0006540","classificacao":"126","data_empenho":"2022-10-27","codigo_credor":"11054242000184","nome_credor":"DENTAL COSTA PRODUTOS ODONTOLOGICOS LTDA","valor_contratado":16749.57,"valor_pago":16749.57},{"codigo_unidade_gestora":"201157","codigo_unidade_orcamentaria":"02110","numero_empenho":"0006541","classificacao":"126","data_empenho":"2022-10-27","codigo_credor":"17227485000153","nome_credor":"LG PRODUTOS HOSPITALARES LTDA","valor_contratado":13655.75,"valor_pago":13655.75},{"codigo_unidade_gestora":"201157","codigo_unidade_orcamentaria":"02050","numero_empenho":"0006542","classificacao":"105","data_empenho":"2022-10-27","codigo_credor":"09048976000109","nome_credor":"Prefeitura Municipal de Remígio","valor_contratado":31308.84,"valor_pago":31308.84},{"codigo_unidade_gestora":"201157","codigo_unidade_orcamentaria":"02010","numero_empenho":"0006543","classificacao":"131","data_empenho":"2022-10-27","codigo_credor":"10954450000177","nome_credor":"IRAMILTON SATIRO DA NOBREGA","valor_contratado":2600.00,"valor_pago":2600.00},{"codigo_unidade_gestora":"201157","codigo_unidade_orcamentaria":"02050","numero_empenho":"0006544","classificacao":"105","data_empenho":"2022-10-27","codigo_credor":"09048976000109","nome_credor":"Prefeitura Municipal de Remígio","valor_contratado":185997.81,"valor_pago":185997.81},{"codigo_unidade_gestora":"201157","codigo_unidade_orcamentaria":"02050","numero_empenho":"0006545","classificacao":"105","data_empenho":"2022-10-27","codigo_credor":"09048976000109","nome_credor":"Prefeitura Municipal de Remígio","valor_contratado":16860.53,"valor_pago":16860.53},{"codigo_unidade_gestora":"201157","codigo_unidade_orcamentaria":"02050","numero_empenho":"0006546","classificacao":"105","data_empenho":"2022-10-27","codigo_credor":"09048976000109","nome_credor":"Prefeitura Municipal de Remígio","valor_contratado":13177.16,"valor_pago":13177.16},{"codigo_unidade_gestora":"201157","codigo_unidade_orcamentaria":"02050","numero_empenho":"0006547","classificacao":"105","data_empenho":"2022-10-27","codigo_credor":"09048976000109","nome_credor":"Prefeitura Municipal de Remígio","valor_contratado":10618.50,"valor_pago":10618.50},{"codigo_unidade_gestora":"201157","codigo_unidade_orcamentaria":"02050","numero_empenho":"0006548","classificacao":"105","data_empenho":"2022-10-27","codigo_credor":"09048976000109","nome_credor":"Prefeitura Municipal de Remígio","valor_contratado":5357.43,"valor_pago":5357.43},{"codigo_unidade_gestora":"201157","codigo_unidade_orcamentaria":"02110","numero_empenho":"0006549","classificacao":"150","data_empenho":"2022-10-27","codigo_credor":"40295063000137","nome_credor":"ALEXANDRE R BARBOSA DA SILVA","valor_contratado":960.00,"valor_pago":960.00},{"codigo_unidade_gestora":"201157","codigo_unidade_orcamentaria":"02050","numero_empenho":"0006550","classificacao":"105","data_empenho":"2022-10-27","codigo_credor":"09048976000109","nome_credor":"Prefeitura Municipal de Remígio","valor_contratado":137391.48,"valor_pago":137391.48},{"codigo_unidade_gestora":"201157","codigo_unidade_orcamentaria":"02050","numero_empenho":"0006551","classificacao":"135","data_empenho":"2022-10-27","codigo_credor":"33609700000137","nome_credor":"WANDEYFLAVIO BERTULINO AGRA 04819156489","valor_contratado":11432.00,"valor_pago":11432.00},{"codigo_unidade_gestora":"201157","codigo_unidade_orcamentaria":"02050","numero_empenho":"0006552","classificacao":"105","data_empenho":"2022-10-27","codigo_credor":"09048976000109","nome_credor":"Prefeitura Municipal de Remígio","valor_contratado":12207.09,"valor_pago":12207.09},{"codigo_unidade_gestora":"201157","codigo_unidade_orcamentaria":"02110","numero_empenho":"0006553","classificacao":"126","data_empenho":"2022-10-27","codigo_credor":"04451626000175","nome_credor":"PHOSPODONT LTDA","valor_contratado":76.36,"valor_pago":76.36},{"codigo_unidade_gestora":"201157","codigo_unidade_orcamentaria":"02050","numero_empenho":"0006554","classificacao":"105","data_empenho":"2022-10-27","codigo_credor":"09048976000109","nome_credor":"Prefeitura Municipal de Remígio","valor_contratado":119015.24,"valor_pago":119015.24},{"codigo_unidade_gestora":"201157","codigo_unidade_orcamentaria":"02040","numero_empenho":"0006555","classificacao":"105","data_empenho":"2022-10-27","codigo_credor":"09048976000109","nome_credor":"Prefeitura Municipal de Remígio","valor_contratado":109299.64,"valor_pago":109299.64},{"codigo_unidade_gestora":"201157","codigo_unidade_orcamentaria":"02110","numero_empenho":"0006556","classificacao":"105","data_empenho":"2022-10-27","codigo_credor":"09048976000109","nome_credor":"Prefeitura Municipal de Remígio","valor_contratado":1201.33,"valor_pago":1201.33},{"codigo_unidade_gestora":"201157","codigo_unidade_orcamentaria":"02110","numero_empenho":"0006557","classificacao":"105","data_empenho":"2022-10-27","codigo_credor":"09048976000109","nome_credor":"Prefeitura Municipal de Remígio","valor_contratado":38056.58,"valor_pago":38056.58},{"codigo_unidade_gestora":"201157","codigo_unidade_orcamentaria":"02110","numero_empenho":"0006558","classificacao":"105","data_empenho":"2022-10-27","codigo_credor":"09048976000109","nome_credor":"Prefeitura Municipal de Remígio","valor_contratado":29973.00,"valor_pago":29973.00},{"codigo_unidade_gestora":"201157","codigo_unidade_orcamentaria":"02110","numero_empenho":"0006559","classificacao":"150","data_empenho":"2022-10-27","codigo_credor":"40295063000137","nome_credor":"ALEXANDRE R BARBOSA DA SILVA","valor_contratado":8850.99,"valor_pago":8850.99},{"codigo_unidade_gestora":"201157","codigo_unidade_orcamentaria":"02110","numero_empenho":"0006560","classificacao":"105","data_empenho":"2022-10-27","codigo_credor":"09048976000109","nome_credor":"Prefeitura Municipal de Remígio","valor_contratado":145968.00,"valor_pago":145968.00},{"codigo_unidade_gestora":"201157","codigo_unidade_orcamentaria":"02090","numero_empenho":"0006561","classificacao":"126","data_empenho":"2022-10-27","codigo_credor":"17505048000154","nome_credor":"CAMTEX IND E COMERCIO TEXTIL LTDA","valor_contratado":1900.00,"valor_pago":1900.00},{"codigo_unidade_gestora":"201157","codigo_unidade_orcamentaria":"02110","numero_empenho":"0006562","classificacao":"105","data_empenho":"2022-10-27","codigo_credor":"09048976000109","nome_credor":"Prefeitura Municipal de Remígio","valor_contratado":28238.28,"valor_pago":28238.28},{"codigo_unidade_gestora":"201157","codigo_unidade_orcamentaria":"02040","numero_empenho":"0006563","classificacao":"105","data_empenho":"2022-10-27","codigo_credor":"09048976000109","nome_credor":"Prefeitura Municipal de Remígio","valor_contratado":6000.00,"valor_pago":6000.00},{"codigo_unidade_gestora":"201157","codigo_unidade_orcamentaria":"02050","numero_empenho":"0006564","classificacao":"135","data_empenho":"2022-10-27","codigo_credor":"08361818000141","nome_credor":"CARTORIO DO UNICO OFICIO","valor_contratado":150.00,"valor_pago":150.00},{"codigo_unidade_gestora":"201157","codigo_unidade_orcamentaria":"02070","numero_empenho":"0006565","classificacao":"105","data_empenho":"2022-10-27","codigo_credor":"09048976000109","nome_credor":"Prefeitura Municipal de Remígio","valor_contratado":13402.70,"valor_pago":13402.70},{"codigo_unidade_gestora":"201157","codigo_unidade_orcamentaria":"02050","numero_empenho":"0006566","classificacao":"135","data_empenho":"2022-10-27","codigo_credor":"08361818000141","nome_credor":"CARTORIO DO UNICO OFICIO","valor_contratado":150.00,"valor_pago":150.00},{"codigo_unidade_gestora":"201157","codigo_unidade_orcamentaria":"02070","numero_empenho":"0006567","classificacao":"105","data_empenho":"2022-10-27","codigo_credor":"09048976000109","nome_credor":"Prefeitura Municipal de Remígio","valor_contratado":12120.00,"valor_pago":12120.00},{"codigo_unidade_gestora":"201157","codigo_unidade_orcamentaria":"02080","numero_empenho":"0006568","classificacao":"105","data_empenho":"2022-10-27","codigo_credor":"09048976000109","nome_credor":"Prefeitura Municipal de Remígio","valor_contratado":20906.82,"valor_pago":20906.82},{"codigo_unidade_gestora":"201157","codigo_unidade_orcamentaria":"02080","numero_empenho":"0006569","classificacao":"105","data_empenho":"2022-10-27","codigo_credor":"09048976000109","nome_credor":"Prefeitura Municipal de Remígio","valor_contratado":46683.86,"valor_pago":46683.86},{"codigo_unidade_gestora":"201157","codigo_unidade_orcamentaria":"02080","numero_empenho":"0006570","classificacao":"105","data_empenho":"2022-10-27","codigo_credor":"09048976000109","nome_credor":"Prefeitura Municipal de Remígio","valor_contratado":5400.00,"valor_pago":5400.00},{"codigo_unidade_gestora":"201157","codigo_unidade_orcamentaria":"02090","numero_empenho":"0006571","classificacao":"105","data_empenho":"2022-10-27","codigo_credor":"09048976000109","nome_credor":"Prefeitura Municipal de Remígio","valor_contratado":8163.08,"valor_pago":8163.08},{"codigo_unidade_gestora":"201157","codigo_unidade_orcamentaria":"02060","numero_empenho":"0006572","classificacao":"105","data_empenho":"2022-10-27","codigo_credor":"09048976000109","nome_credor":"Prefeitura Municipal de Remígio","valor_contratado":5134.14,"valor_pago":5134.14},{"codigo_unidade_gestora":"201157","codigo_unidade_orcamentaria":"02010","numero_empenho":"0006573","classificacao":"105","data_empenho":"2022-10-27","codigo_credor":"09048976000109","nome_credor":"Prefeitura Municipal de Remígio","valor_contratado":19722.00,"valor_pago":19722.00},{"codigo_unidade_gestora":"201157","codigo_unidade_orcamentaria":"02030","numero_empenho":"0006574","classificacao":"105","data_empenho":"2022-10-27","codigo_credor":"09048976000109","nome_credor":"Prefeitura Municipal de Remígio","valor_contratado":11000.00,"valor_pago":11000.00},{"codigo_unidade_gestora":"201157","codigo_unidade_orcamentaria":"02020","numero_empenho":"0006575","classificacao":"105","data_empenho":"2022-10-27","codigo_credor":"09048976000109","nome_credor":"Prefeitura Municipal de Remígio","valor_contratado":18160.00,"valor_pago":18160.00},{"codigo_unidade_gestora":"201157","codigo_unidade_orcamentaria":"02050","numero_empenho":"0006576","classificacao":"105","data_empenho":"2022-10-27","codigo_credor":"09048976000109","nome_credor":"Prefeitura Municipal de Remígio","valor_contratado":40223.37,"valor_pago":40223.37},{"codigo_unidade_gestora":"201157","codigo_unidade_orcamentaria":"02040","numero_empenho":"0006577","classificacao":"105","data_empenho":"2022-10-27","codigo_credor":"09048976000109","nome_credor":"Prefeitura Municipal de Remígio","valor_contratado":34220.00,"valor_pago":34220.00},{"codigo_unidade_gestora":"201157","codigo_unidade_orcamentaria":"02040","numero_empenho":"0006578","classificacao":"135","data_empenho":"2022-10-27","codigo_credor":"00000000280704","nome_credor":"BANCO DO BRASIL S/A","valor_contratado":11.00,"valor_pago":11.00},{"codigo_unidade_gestora":"201157","codigo_unidade_orcamentaria":"02070","numero_empenho":"0006579","classificacao":"105","data_empenho":"2022-10-27","codigo_credor":"09048976000109","nome_credor":"Prefeitura Municipal de Remígio","valor_contratado":16962.00,"valor_pago":16962.00},{"codigo_unidade_gestora":"201157","codigo_unidade_orcamentaria":"02080","numero_empenho":"0006580","classificacao":"105","data_empenho":"2022-10-27","codigo_credor":"09048976000109","nome_credor":"Prefeitura Municipal de Remígio","valor_contratado":28156.00,"valor_pago":28156.00},{"codigo_unidade_gestora":"201157","codigo_unidade_orcamentaria":"02040","numero_empenho":"0006581","classificacao":"135","data_empenho":"2022-10-27","codigo_credor":"00000000280704","nome_credor":"BANCO DO BRASIL S/A","valor_contratado":11.00,"valor_pago":11.00},{"codigo_unidade_gestora":"201157","codigo_unidade_orcamentaria":"02090","numero_empenho":"0006582","classificacao":"105","data_empenho":"2022-10-27","codigo_credor":"09048976000109","nome_credor":"Prefeitura Municipal de Remígio","valor_contratado":14260.00,"valor_pago":14260.00},{"codigo_unidade_gestora":"201157","codigo_unidade_orcamentaria":"02060","numero_empenho":"0006583","classificacao":"105","data_empenho":"2022-10-27","codigo_credor":"09048976000109","nome_credor":"Prefeitura Municipal de Remígio","valor_contratado":5712.00,"valor_pago":5712.00}]}}