{"size":50,"page":10,"total":717,"count":50,"_embedded":{"empenhos":[{"codigo_unidade_gestora":"201157","codigo_unidade_orcamentaria":"02050","numero_empenho":"0002433","classificacao":"135","data_empenho":"2022-05-18","codigo_credor":"19712469000181","nome_credor":"MICHEL LOPES DE LIMA 09808104428","valor_contratado":2493.75,"valor_pago":2493.75},{"codigo_unidade_gestora":"201157","codigo_unidade_orcamentaria":"02050","numero_empenho":"0002434","classificacao":"135","data_empenho":"2022-05-18","codigo_credor":"19712469000181","nome_credor":"MICHEL LOPES DE LIMA 09808104428","valor_contratado":2205.00,"valor_pago":2205.00},{"codigo_unidade_gestora":"201157","codigo_unidade_orcamentaria":"02050","numero_empenho":"0002435","classificacao":"135","data_empenho":"2022-05-18","codigo_credor":"19432537000159","nome_credor":"PAULO PONCIANO DE SOUZA - 978359944-53","valor_contratado":2845.50,"valor_pago":2845.50},{"codigo_unidade_gestora":"201157","codigo_unidade_orcamentaria":"02050","numero_empenho":"0002436","classificacao":"135","data_empenho":"2022-05-18","codigo_credor":"19225950000142","nome_credor":"PAULO DOS SANTOS ADELINO - 036.224.944-09","valor_contratado":2730.00,"valor_pago":2730.00},{"codigo_unidade_gestora":"201157","codigo_unidade_orcamentaria":"02050","numero_empenho":"0002437","classificacao":"135","data_empenho":"2022-05-18","codigo_credor":"19432537000159","nome_credor":"PAULO PONCIANO DE SOUZA - 978359944-53","valor_contratado":2726.85,"valor_pago":2726.85},{"codigo_unidade_gestora":"201157","codigo_unidade_orcamentaria":"02050","numero_empenho":"0002438","classificacao":"135","data_empenho":"2022-05-18","codigo_credor":"19699196000182","nome_credor":"THIAGO FELIX SOUTO - 110.345.324-64","valor_contratado":2457.00,"valor_pago":2457.00},{"codigo_unidade_gestora":"201157","codigo_unidade_orcamentaria":"02050","numero_empenho":"0002439","classificacao":"135","data_empenho":"2022-05-18","codigo_credor":"33332588000130","nome_credor":"VINICIUS DOS SANTOS PESSOA 13222955492","valor_contratado":2099.79,"valor_pago":2099.79},{"codigo_unidade_gestora":"201157","codigo_unidade_orcamentaria":"02140","numero_empenho":"0002440","classificacao":"135","data_empenho":"2022-05-18","codigo_credor":"00000000280704","nome_credor":"BANCO DO BRASIL S/A","valor_contratado":11.00,"valor_pago":11.00},{"codigo_unidade_gestora":"201157","codigo_unidade_orcamentaria":"02110","numero_empenho":"0002441","classificacao":"126","data_empenho":"2022-05-18","codigo_credor":"08778201000126","nome_credor":"DROGAFONTE LTDA.","valor_contratado":480.00,"valor_pago":480.00},{"codigo_unidade_gestora":"201157","codigo_unidade_orcamentaria":"02110","numero_empenho":"0002442","classificacao":"126","data_empenho":"2022-05-19","codigo_credor":"08778201000126","nome_credor":"DROGAFONTE LTDA.","valor_contratado":1678.00,"valor_pago":1678.00},{"codigo_unidade_gestora":"201157","codigo_unidade_orcamentaria":"02050","numero_empenho":"0002443","classificacao":"126","data_empenho":"2022-05-19","codigo_credor":"01686814000194","nome_credor":"ALEXSANDRA DINIZ FERNANDES","valor_contratado":9758.59,"valor_pago":9758.59},{"codigo_unidade_gestora":"201157","codigo_unidade_orcamentaria":"02140","numero_empenho":"0002444","classificacao":"128","data_empenho":"2022-05-19","codigo_credor":"04949494000106","nome_credor":"XAND S COMÉRCIO E REPRESENTACOES LTDA","valor_contratado":1320.00,"valor_pago":1320.00},{"codigo_unidade_gestora":"201157","codigo_unidade_orcamentaria":"02110","numero_empenho":"0002445","classificacao":"126","data_empenho":"2022-05-19","codigo_credor":"08778201000126","nome_credor":"DROGAFONTE LTDA.","valor_contratado":820.00,"valor_pago":820.00},{"codigo_unidade_gestora":"201157","codigo_unidade_orcamentaria":"02050","numero_empenho":"0002446","classificacao":"114","data_empenho":"2022-05-19","codigo_credor":"61600839000155","nome_credor":"CIEE-CENTRO DE INTEGRAÇÃO EMPRESA ESCOLA","valor_contratado":17290.00,"valor_pago":17290.00},{"codigo_unidade_gestora":"201157","codigo_unidade_orcamentaria":"02010","numero_empenho":"0002447","classificacao":"135","data_empenho":"2022-05-19","codigo_credor":"09095183000140","nome_credor":"ENERGISA","valor_contratado":40.00,"valor_pago":40.00},{"codigo_unidade_gestora":"201157","codigo_unidade_orcamentaria":"02040","numero_empenho":"0002448","classificacao":"135","data_empenho":"2022-05-19","codigo_credor":"08841421000157","nome_credor":"FUNDAÇÃO ASSISTENCIAL DA PARAIBA - FAB","valor_contratado":300.00,"valor_pago":300.00},{"codigo_unidade_gestora":"201157","codigo_unidade_orcamentaria":"02140","numero_empenho":"0002449","classificacao":"135","data_empenho":"2022-05-19","codigo_credor":"00000000280704","nome_credor":"BANCO DO BRASIL S/A","valor_contratado":22.00,"valor_pago":22.00},{"codigo_unidade_gestora":"201157","codigo_unidade_orcamentaria":"02020","numero_empenho":"0002450","classificacao":"135","data_empenho":"2022-05-19","codigo_credor":"00000000280704","nome_credor":"BANCO DO BRASIL S/A","valor_contratado":121.00,"valor_pago":121.00},{"codigo_unidade_gestora":"201157","codigo_unidade_orcamentaria":"02050","numero_empenho":"0002451","classificacao":"135","data_empenho":"2022-05-19","codigo_credor":"00000000280704","nome_credor":"BANCO DO BRASIL S/A","valor_contratado":143.00,"valor_pago":143.00},{"codigo_unidade_gestora":"201157","codigo_unidade_orcamentaria":"02110","numero_empenho":"0002452","classificacao":"126","data_empenho":"2022-05-19","codigo_credor":"06106005000180","nome_credor":"STOCK MED PRODUTOS MEDICO-HOSPITALARES LTDA","valor_contratado":2064.50,"valor_pago":2064.50},{"codigo_unidade_gestora":"201157","codigo_unidade_orcamentaria":"02050","numero_empenho":"0002453","classificacao":"135","data_empenho":"2022-05-19","codigo_credor":"00000000280704","nome_credor":"BANCO DO BRASIL S/A","valor_contratado":33.00,"valor_pago":33.00},{"codigo_unidade_gestora":"201157","codigo_unidade_orcamentaria":"02040","numero_empenho":"0002454","classificacao":"135","data_empenho":"2022-05-19","codigo_credor":"09095183000140","nome_credor":"ENERGISA","valor_contratado":183.20,"valor_pago":183.20},{"codigo_unidade_gestora":"201157","codigo_unidade_orcamentaria":"02140","numero_empenho":"0002455","classificacao":"126","data_empenho":"2022-05-20","codigo_credor":"03092570000147","nome_credor":"REVENDEDORA DE GÁS DO BRASIL LTDA.","valor_contratado":200.00,"valor_pago":200.00},{"codigo_unidade_gestora":"201157","codigo_unidade_orcamentaria":"02050","numero_empenho":"0002456","classificacao":"126","data_empenho":"2022-05-20","codigo_credor":"40979684000130","nome_credor":"ANDRE FELIPE DE SOUZA SANTOS","valor_contratado":3220.00,"valor_pago":3220.00},{"codigo_unidade_gestora":"201157","codigo_unidade_orcamentaria":"02040","numero_empenho":"0002457","classificacao":"126","data_empenho":"2022-05-20","codigo_credor":"40979684000130","nome_credor":"ANDRE FELIPE DE SOUZA SANTOS","valor_contratado":920.00,"valor_pago":920.00},{"codigo_unidade_gestora":"201157","codigo_unidade_orcamentaria":"02050","numero_empenho":"0002458","classificacao":"135","data_empenho":"2022-05-20","codigo_credor":"14313179000141","nome_credor":"CLAUDINEIA LEITÃO MARTINS SATIRO ME","valor_contratado":6500.00,"valor_pago":6500.00},{"codigo_unidade_gestora":"201157","codigo_unidade_orcamentaria":"02110","numero_empenho":"0002459","classificacao":"126","data_empenho":"2022-05-20","codigo_credor":"02977362000162","nome_credor":"A.COSTA COM.ATAC. DE PROD.FARM. LTDA","valor_contratado":2985.35,"valor_pago":2985.35},{"codigo_unidade_gestora":"201157","codigo_unidade_orcamentaria":"02020","numero_empenho":"0002460","classificacao":"136","data_empenho":"2022-05-20","codigo_credor":"24627421000105","nome_credor":"MAXÍMA SERVIÇOS EM TECNOLOGIA DA IRNFORMAÇÃO LTDA","valor_contratado":723.45,"valor_pago":723.45},{"codigo_unidade_gestora":"201157","codigo_unidade_orcamentaria":"02050","numero_empenho":"0002461","classificacao":"135","data_empenho":"2022-05-20","codigo_credor":"04685950000158","nome_credor":"AZUS COPY CENTER COM.E SERVICOS LTDA","valor_contratado":650.00,"valor_pago":650.00},{"codigo_unidade_gestora":"201157","codigo_unidade_orcamentaria":"02020","numero_empenho":"0002462","classificacao":"135","data_empenho":"2022-05-20","codigo_credor":"04685950000158","nome_credor":"AZUS COPY CENTER COM.E SERVICOS LTDA","valor_contratado":650.00,"valor_pago":650.00},{"codigo_unidade_gestora":"201157","codigo_unidade_orcamentaria":"02010","numero_empenho":"0002463","classificacao":"135","data_empenho":"2022-05-20","codigo_credor":"09366790000106","nome_credor":"EMPRESA PARAIBANA DE COMUNICAÇÃO S.A -EPC","valor_contratado":186.00,"valor_pago":186.00},{"codigo_unidade_gestora":"201157","codigo_unidade_orcamentaria":"02020","numero_empenho":"0002464","classificacao":"135","data_empenho":"2022-05-20","codigo_credor":"04685950000158","nome_credor":"AZUS COPY CENTER COM.E SERVICOS LTDA","valor_contratado":325.00,"valor_pago":325.00},{"codigo_unidade_gestora":"201157","codigo_unidade_orcamentaria":"02010","numero_empenho":"0002465","classificacao":"135","data_empenho":"2022-05-20","codigo_credor":"09366790000106","nome_credor":"EMPRESA PARAIBANA DE COMUNICAÇÃO S.A -EPC","valor_contratado":825.00,"valor_pago":825.00},{"codigo_unidade_gestora":"201157","codigo_unidade_orcamentaria":"02010","numero_empenho":"0002466","classificacao":"135","data_empenho":"2022-05-20","codigo_credor":"09366790000106","nome_credor":"EMPRESA PARAIBANA DE COMUNICAÇÃO S.A -EPC","valor_contratado":1629.00,"valor_pago":1629.00},{"codigo_unidade_gestora":"201157","codigo_unidade_orcamentaria":"02010","numero_empenho":"0002467","classificacao":"135","data_empenho":"2022-05-20","codigo_credor":"09366790000106","nome_credor":"EMPRESA PARAIBANA DE COMUNICAÇÃO S.A -EPC","valor_contratado":540.00,"valor_pago":540.00},{"codigo_unidade_gestora":"201157","codigo_unidade_orcamentaria":"02070","numero_empenho":"0002468","classificacao":"135","data_empenho":"2022-05-20","codigo_credor":"09095183000140","nome_credor":"ENERGISA","valor_contratado":106.57,"valor_pago":106.57},{"codigo_unidade_gestora":"201157","codigo_unidade_orcamentaria":"02110","numero_empenho":"0002469","classificacao":"135","data_empenho":"2022-05-20","codigo_credor":"19858858000110","nome_credor":"CENTRO DE ESPECIALIDADES MEDICAS ABIMAR BURITI LTDA","valor_contratado":13000.00,"valor_pago":13000.00},{"codigo_unidade_gestora":"201157","codigo_unidade_orcamentaria":"02090","numero_empenho":"0002470","classificacao":"135","data_empenho":"2022-05-20","codigo_credor":"24316195000141","nome_credor":"JONHN RAILSON MORAIS BATISTA","valor_contratado":8529.92,"valor_pago":8529.92},{"codigo_unidade_gestora":"201157","codigo_unidade_orcamentaria":"02020","numero_empenho":"0002471","classificacao":"135","data_empenho":"2022-05-20","codigo_credor":"00000000280704","nome_credor":"BANCO DO BRASIL S/A","valor_contratado":11.00,"valor_pago":11.00},{"codigo_unidade_gestora":"201157","codigo_unidade_orcamentaria":"02090","numero_empenho":"0002472","classificacao":"135","data_empenho":"2022-05-20","codigo_credor":"24316195000141","nome_credor":"JONHN RAILSON MORAIS BATISTA","valor_contratado":6130.88,"valor_pago":6130.88},{"codigo_unidade_gestora":"201157","codigo_unidade_orcamentaria":"02110","numero_empenho":"0002473","classificacao":"126","data_empenho":"2022-05-23","codigo_credor":"08778201000126","nome_credor":"DROGAFONTE LTDA.","valor_contratado":675.00,"valor_pago":675.00},{"codigo_unidade_gestora":"201157","codigo_unidade_orcamentaria":"02090","numero_empenho":"0002474","classificacao":"135","data_empenho":"2022-05-23","codigo_credor":"24316195000141","nome_credor":"JONHN RAILSON MORAIS BATISTA","valor_contratado":12544.00,"valor_pago":12544.00},{"codigo_unidade_gestora":"201157","codigo_unidade_orcamentaria":"02010","numero_empenho":"0002475","classificacao":"131","data_empenho":"2022-05-23","codigo_credor":"10954450000177","nome_credor":"IRAMILTON SATIRO DA NOBREGA","valor_contratado":2600.00,"valor_pago":2600.00},{"codigo_unidade_gestora":"201157","codigo_unidade_orcamentaria":"02140","numero_empenho":"0002476","classificacao":"126","data_empenho":"2022-05-23","codigo_credor":"28695805000116","nome_credor":"GB COMERCIO E SERVICOS LTDA - EPP","valor_contratado":2516.82,"valor_pago":2516.82},{"codigo_unidade_gestora":"201157","codigo_unidade_orcamentaria":"02110","numero_empenho":"0002477","classificacao":"135","data_empenho":"2022-05-23","codigo_credor":"23472167000150","nome_credor":"IVANILDO FRANCO DA SILVA EIRELI - ME","valor_contratado":1800.00,"valor_pago":1800.00},{"codigo_unidade_gestora":"201157","codigo_unidade_orcamentaria":"02110","numero_empenho":"0002478","classificacao":"126","data_empenho":"2022-05-23","codigo_credor":"40787152000109","nome_credor":"CIRUFARMA COMERCIAL LTDA","valor_contratado":1060.00,"valor_pago":1060.00},{"codigo_unidade_gestora":"201157","codigo_unidade_orcamentaria":"02110","numero_empenho":"0002479","classificacao":"126","data_empenho":"2022-05-23","codigo_credor":"28695805000116","nome_credor":"GB COMERCIO E SERVICOS LTDA - EPP","valor_contratado":2601.81,"valor_pago":2601.81},{"codigo_unidade_gestora":"201157","codigo_unidade_orcamentaria":"02090","numero_empenho":"0002480","classificacao":"135","data_empenho":"2022-05-23","codigo_credor":"24316195000141","nome_credor":"JONHN RAILSON MORAIS BATISTA","valor_contratado":5376.00,"valor_pago":5376.00},{"codigo_unidade_gestora":"201157","codigo_unidade_orcamentaria":"02110","numero_empenho":"0002481","classificacao":"149","data_empenho":"2022-05-23","codigo_credor":"41201592000197","nome_credor":"ARNOBIO TEIXEIRA DE BRITO LYRA JUNIOR 04183890470","valor_contratado":433.28,"valor_pago":433.28},{"codigo_unidade_gestora":"201157","codigo_unidade_orcamentaria":"02110","numero_empenho":"0002482","classificacao":"149","data_empenho":"2022-05-23","codigo_credor":"41201592000197","nome_credor":"ARNOBIO TEIXEIRA DE BRITO LYRA JUNIOR 04183890470","valor_contratado":16805.32,"valor_pago":16805.32}]}}