{
  "exercicio": 2025,
  "codigo_unidade_gestora": "201157",
  "codigo_unidade_orcamentaria": "02110",
  "nome_unidade_orcamentaria": "Fundo Municipal de Saude",
  "numero_empenho": "0000285",
  "data_empenho": "2025-02-03",
  "codigo_elemento": "39",
  "nome_elemento_despesa": "Outros Serviços de Terceiros - Pessoa Jurídica",
  "codigo_funcao": "10",
  "nome_funcao": "Saúde",
  "codigo_sub_funcao": "301",
  "nome_sub_funcao": "Atenção Básica",
  "codigo_programa": "1002",
  "nome_programa": "SAUDE ACOLHEDORA, INTEGRAL, RESOLUTIVA E CIDADA ESSE E MEU LUGAR",
  "codigo_acao": "2035",
  "nome_acao": "MANUTENCAO DO BLOCO DAS ACOES E SERVICOS PUBLICOS DE SAUDE- ATENCAO PR",
  "nome_credor": "REINALDO WALNIERE VELOSO BEZERRA",
  "codigo_credor": "56225503000110",
  "historico": "VALOR QUE ORA SE EMPENHA PARA ATENDER DESPESA COM CONSERTO DE TRÊS(03) PLACAS ELETRONICAS DE AR CONDICIONADO DO FUNDO MUNICIPAL DE SAÚDE DESTE MUNICIPIO",
  "valor_contratado": 1352.0,
  "valor_realizado": 1352.0,
  "valor_pago": 1352.0
}