{
  "exercicio": 2025,
  "codigo_unidade_gestora": "201157",
  "codigo_unidade_orcamentaria": "02010",
  "nome_unidade_orcamentaria": "Secretaria de Gestao",
  "numero_empenho": "0000432",
  "data_empenho": "2025-02-12",
  "codigo_elemento": "35",
  "nome_elemento_despesa": "Serviços de Consultoria",
  "codigo_funcao": "4",
  "nome_funcao": "Administração",
  "codigo_sub_funcao": "122",
  "nome_sub_funcao": "Administração Geral",
  "codigo_programa": "2002",
  "nome_programa": "ADMINISTRANDO COM O CUIDADO DO POVO ESSE E MEU LUGAR",
  "codigo_acao": "2002",
  "nome_acao": "MANUTENCAO DAS ATIVIDADES DA SECRETARIA DE GESTAO",
  "nome_credor": "SAIONARA LUCENA SILVA 04819474421",
  "codigo_credor": "17282026000172",
  "historico": "VALOR QUE ORA SE EMPENHA PARA ATENDER DESPESA COM A PRESTAÇAO DE SERVIÇO PARA CONSULTORIA EM LICITAÇOES E CNTRATOS COM ATUAÇAO NA CAPACITAÇAO DA NOVA LEI DE LICITAÇOES 14.133/21.REFERENTE AO AO MES DE JANEIRO/2025",
  "valor_contratado": 8000.0,
  "valor_realizado": 8000.0,
  "valor_pago": 8000.0
}