{
  "exercicio": 2025,
  "codigo_unidade_gestora": "201157",
  "codigo_unidade_orcamentaria": "02040",
  "nome_unidade_orcamentaria": "Secretaria de Saude",
  "numero_empenho": "0000084",
  "data_empenho": "2025-01-24",
  "codigo_elemento": "39",
  "nome_elemento_despesa": "Outros Serviços de Terceiros - Pessoa Jurídica",
  "codigo_funcao": "10",
  "nome_funcao": "Saúde",
  "codigo_sub_funcao": "301",
  "nome_sub_funcao": "Atenção Básica",
  "codigo_programa": "2002",
  "nome_programa": "ADMINISTRANDO COM O CUIDADO DO POVO ESSE E MEU LUGAR",
  "codigo_acao": "2009",
  "nome_acao": "MANUTENCAO DAS ATIVIDADES DA  SECRETARIA DE SAUDE",
  "nome_credor": "LM CURSOS DE TRANSITO SOC.UNIP.LTDA",
  "codigo_credor": "18657198000146",
  "historico": "VALOR QUE ORA SE EMPENHA PARA ATENDER DESPESA COM REFERENTE A 04 CURSOS DE  FORMAÇAO DE EMERGENCIA PARA OS CONDUTORES DE AMBULANCIA DA SAUDE.",
  "valor_contratado": 1400.0,
  "valor_realizado": 1400.0,
  "valor_pago": 1400.0
}