{
  "exercicio": 2025,
  "codigo_unidade_gestora": "201157",
  "codigo_unidade_orcamentaria": "02010",
  "nome_unidade_orcamentaria": "Secretaria de Gestao",
  "numero_empenho": "0000312",
  "data_empenho": "2025-02-06",
  "codigo_elemento": "39",
  "nome_elemento_despesa": "Outros Serviços de Terceiros - Pessoa Jurídica",
  "codigo_funcao": "4",
  "nome_funcao": "Administração",
  "codigo_sub_funcao": "122",
  "nome_sub_funcao": "Administração Geral",
  "codigo_programa": "2002",
  "nome_programa": "ADMINISTRANDO COM O CUIDADO DO POVO ESSE E MEU LUGAR",
  "codigo_acao": "2003",
  "nome_acao": "MANUTENCAO DAS ATIVIDADES DA SECRETARIA EXECUTIVA DE COMUNICACAO",
  "nome_credor": "JOSE PAULO DE OLIVEIRA 08965662427",
  "codigo_credor": "23700991000110",
  "historico": "VALOR QUE ORA SE EMPENHA PARA ATENDER DESPESA COM SERVIÇO DE DIVULGAÇÃO DA PREFEITURA MUNICIPAL DE REMIGIO NO PROGRAMA DE RÁDIO, SE LIGA PB, TRANSMITIDO PELA ,POP FM(105,3) E BAN FM(87,9), REFERENTE AO MÊS DE JANEIRO DE 2025.",
  "valor_contratado": 1500.0,
  "valor_realizado": 1500.0,
  "valor_pago": 1500.0
}