{
  "exercicio": 2025,
  "codigo_unidade_gestora": "201157",
  "codigo_unidade_orcamentaria": "02070",
  "nome_unidade_orcamentaria": "Secretaria de Desenvolvimento Social",
  "numero_empenho": "0000006",
  "data_empenho": "2025-01-02",
  "codigo_elemento": "39",
  "nome_elemento_despesa": "Outros Serviços de Terceiros - Pessoa Jurídica",
  "codigo_funcao": "8",
  "nome_funcao": "Assistêncial Social",
  "codigo_sub_funcao": "122",
  "nome_sub_funcao": "Administração Geral",
  "codigo_programa": "1003",
  "nome_programa": "DESENVOLVIMENTO SOCIAL, POR MAIS CIDADANIA E DIREITOS ESSE E MEU LUGAR",
  "codigo_acao": "2025",
  "nome_acao": "MANUTENCAO DAS ATIVIDADES DA SECRETARIA DE DESENVOLVIMENTO SOCIAL",
  "nome_credor": "COMPANHIA DE AGUA E ESGOTOS DA PARAIBA CAGEPA",
  "codigo_credor": "09123654000187",
  "historico": "VALOR QUE ORA SE EMPENHA PARA ATENDER DESPESA COM CONSUMO DE AGUA E SERVIÇO DA MANUTENÇAO DAS ATIVIDADES  DA SECRETARIA DE DESENVOLVIMENTO SOCIAL",
  "valor_contratado": 106.53,
  "valor_realizado": 106.53,
  "valor_pago": 106.53
}