{
  "exercicio": 2025,
  "codigo_unidade_gestora": "201157",
  "codigo_unidade_orcamentaria": "02020",
  "nome_unidade_orcamentaria": "Secretaria de Administracao e Financas",
  "numero_empenho": "0000017",
  "data_empenho": "2025-01-10",
  "codigo_elemento": "47",
  "nome_elemento_despesa": "Obrigações Tributárias e Contributivas",
  "codigo_funcao": "28",
  "nome_funcao": "Encargos Especias",
  "codigo_sub_funcao": "845",
  "nome_sub_funcao": "Outras Transferências",
  "codigo_programa": "0001",
  "nome_programa": "PROGRAMAS ESPECIAIS",
  "codigo_acao": "0003",
  "nome_acao": "CONTRIBUICOES AO PASEP",
  "nome_credor": "BANCO DO BRASIL SA",
  "codigo_credor": "00000000280704",
  "historico": "VALOR QUE ORA SE EMPENHA PARA ATENDER DESPESA COM A RETENÇAO EM FAVOR DO PASEP NA COTA DO FPM DO DIA 10/01/2025",
  "valor_contratado": 12013.85,
  "valor_realizado": 12013.85,
  "valor_pago": 12013.85
}