{
  "exercicio": 2025,
  "codigo_unidade_gestora": "201157",
  "codigo_unidade_orcamentaria": "02080",
  "nome_unidade_orcamentaria": "Secretaria de Obras e Servicos Urbanos",
  "numero_empenho": "0000363",
  "data_empenho": "2025-02-07",
  "codigo_elemento": "36",
  "nome_elemento_despesa": "Outros Serviços de Terceiros - Pessoa Física",
  "codigo_funcao": "15",
  "nome_funcao": "Urbanismo",
  "codigo_sub_funcao": "122",
  "nome_sub_funcao": "Administração Geral",
  "codigo_programa": "2002",
  "nome_programa": "ADMINISTRANDO COM O CUIDADO DO POVO ESSE E MEU LUGAR",
  "codigo_acao": "2028",
  "nome_acao": "MANUTENCAO DAS ATIVIDADES DA SECRETARIA DE OBRAS E SERVICOS URBANOS",
  "nome_credor": "MARCOS ANTONIO FERREIRA ALVES DA ROCHA",
  "codigo_credor": "00010339828811",
  "historico": "VALOR QUE ORA SE EMPENHA PARA ATENDER DESPESA COM SERVIÇOS DE LIMPEZA E REMOÇÃO E LIXO NAS RUAS DO DISTRITO DE CEPILHO, REFERENTE A PARTE DE REMÍGIO, EM JANEIRO DE 2025.",
  "valor_contratado": 2700.0,
  "valor_realizado": 2700.0,
  "valor_pago": 2700.0
}