{
  "exercicio": 2025,
  "codigo_unidade_gestora": "201157",
  "codigo_unidade_orcamentaria": "02050",
  "nome_unidade_orcamentaria": "Secretaria de Educacao",
  "numero_empenho": "0000252",
  "data_empenho": "2025-01-31",
  "codigo_elemento": "13",
  "nome_elemento_despesa": "Obrigações Patronais",
  "codigo_funcao": "12",
  "nome_funcao": "Educação",
  "codigo_sub_funcao": "361",
  "nome_sub_funcao": "Ensino Fundamental",
  "codigo_programa": "1001",
  "nome_programa": "EDUCACAO CIDADA, INTEGRAL E PROFISSIONAL ESSE E MEU LUGAR",
  "codigo_acao": "2010",
  "nome_acao": "MANUTENCAO DAS ATIVIDADES DO ENSINO FUNDAMENTAL",
  "nome_credor": "IPSER/FOLHA DE PAGAMENTO/SAL.FAMILIA",
  "codigo_credor": "70097811000138",
  "historico": "VALOR QUE ORA SE EMPENHA PARA ATENDER DESPESA COM A CONTRIBUICAO PREVIDENCIARIA PARA O IPSER, PARTE EMPRESA DA FOLHA DE PAGAMENTO DOS SERVIDORES EFETIVOS/MDE, LOTADOS NA SECRETARIA DE EDUCACAO, REFERENTE AO MES DE JANEIRO DE 2025.",
  "valor_contratado": 7594.56,
  "valor_realizado": 7594.56,
  "valor_pago": 7594.56
}