{
  "exercicio": 2025,
  "codigo_unidade_gestora": "201157",
  "codigo_unidade_orcamentaria": "02040",
  "nome_unidade_orcamentaria": "Secretaria de Saude",
  "numero_empenho": "0000066",
  "data_empenho": "2025-01-21",
  "codigo_elemento": "92",
  "nome_elemento_despesa": "Despesas de Exercícios Anteriores",
  "codigo_funcao": "10",
  "nome_funcao": "Saúde",
  "codigo_sub_funcao": "301",
  "nome_sub_funcao": "Atenção Básica",
  "codigo_programa": "2002",
  "nome_programa": "ADMINISTRANDO COM O CUIDADO DO POVO ESSE E MEU LUGAR",
  "codigo_acao": "2009",
  "nome_acao": "MANUTENCAO DAS ATIVIDADES DA  SECRETARIA DE SAUDE",
  "nome_credor": "ENERGISA PARAIBA - DISTRIBUIDORA DE ENERGIA S.A",
  "codigo_credor": "09095183000140",
  "historico": "VALOR QUE ORA SE EMPENHA PARA ATENDER DESPESA COM TARIFA DE ENERGIA ELETRICA DOS IMOVEIS PUBLICOS LOTADOS NA SECRETARIA DE SAUDE, , REFERENTE AO MES DE DEZEMBRO/2024, DEBITADO NA C/C 8.100-0-ICMS-REPASSE, NO DIA 21/01/2025, CONFORME EXTRATO BANCARIO EM ANEXO.",
  "valor_contratado": 8488.78,
  "valor_realizado": 8488.78,
  "valor_pago": 8488.78
}