{
  "exercicio": 2025,
  "codigo_unidade_gestora": "201157",
  "codigo_unidade_orcamentaria": "02110",
  "nome_unidade_orcamentaria": "Fundo Municipal de Saude",
  "numero_empenho": "0000014",
  "data_empenho": "2025-01-06",
  "codigo_elemento": "39",
  "nome_elemento_despesa": "Outros Serviços de Terceiros - Pessoa Jurídica",
  "codigo_funcao": "10",
  "nome_funcao": "Saúde",
  "codigo_sub_funcao": "302",
  "nome_sub_funcao": "Assistência Hospitalar e Ambulatorial",
  "codigo_programa": "1002",
  "nome_programa": "SAUDE ACOLHEDORA, INTEGRAL, RESOLUTIVA E CIDADA ESSE E MEU LUGAR",
  "codigo_acao": "2037",
  "nome_acao": "MANUTENCAO DO BLOCO DAS ACOES E SERVICOS PUBLICOS DE SAUDE-ATENCAO ESP",
  "nome_credor": "GASTROENDOSCOPIA SERVICOS MEDICOS LTDA",
  "codigo_credor": "35251898000155",
  "historico": "VALOR QUE ORA SE EMPENHA PARA ATENDER DESPESA COM O EXAME DE ENDOSCOPIA ALTA COM LIGADURA ELASTICA NA PACIENTE ANA RITA ALVES DOS SANTOS",
  "valor_contratado": 3700.0,
  "valor_realizado": 3700.0,
  "valor_pago": 3700.0
}