{
  "exercicio": 2025,
  "codigo_unidade_gestora": "201157",
  "codigo_unidade_orcamentaria": "02040",
  "nome_unidade_orcamentaria": "Secretaria de Saude",
  "numero_empenho": "0000369",
  "data_empenho": "2025-02-07",
  "codigo_elemento": "30",
  "nome_elemento_despesa": "Material de Consumo",
  "codigo_funcao": "10",
  "nome_funcao": "Saúde",
  "codigo_sub_funcao": "301",
  "nome_sub_funcao": "Atenção Básica",
  "codigo_programa": "2002",
  "nome_programa": "ADMINISTRANDO COM O CUIDADO DO POVO ESSE E MEU LUGAR",
  "codigo_acao": "2009",
  "nome_acao": "MANUTENCAO DAS ATIVIDADES DA  SECRETARIA DE SAUDE",
  "nome_credor": "CICERA DO SOCORRO DOS SANTOS BALBINO",
  "codigo_credor": "07590039000155",
  "historico": "VALOR QUE ORA SE EMPENHA PARA ATENDER DESPESA COM O CONSUMO DE COMBUSTIVEL  (GASOLINA COMUN) DO GOL LOCADO DE PLACA RLX 4A46 NA  MANUTENÇAO DOS SERVIÇOS DE SAUDE EM VIAGENS A RECIFE COM A FINALIDADE DE ATENDER AS DEMANDAS DA SECRETARIA DE SAUDE.",
  "valor_contratado": 1319.62,
  "valor_realizado": 1319.62,
  "valor_pago": 1319.62
}