{
  "exercicio": 2025,
  "codigo_unidade_gestora": "201157",
  "codigo_unidade_orcamentaria": "02010",
  "nome_unidade_orcamentaria": "Secretaria de Gestao",
  "numero_empenho": "0000024",
  "data_empenho": "2025-01-13",
  "codigo_elemento": "41",
  "nome_elemento_despesa": "Contribuições",
  "codigo_funcao": "4",
  "nome_funcao": "Administração",
  "codigo_sub_funcao": "122",
  "nome_sub_funcao": "Administração Geral",
  "codigo_programa": "2002",
  "nome_programa": "ADMINISTRANDO COM O CUIDADO DO POVO ESSE E MEU LUGAR",
  "codigo_acao": "2002",
  "nome_acao": "MANUTENCAO DAS ATIVIDADES DA SECRETARIA DE GESTAO",
  "nome_credor": "FEDERACAO DE ASSOCIACOES DE MUNICIPIOS DA PARAIBA",
  "codigo_credor": "00636397000102",
  "historico": "VALOR QUE ORA SE EMPENHA PARA ATENDER DESPESA CORRESPONDENTE AO DESCONTO EFETUADO PELO BANCO EM FAVOR DA FAMUP-FEDERAÇÃO DAS ASSOCIAÇÕES DOS MUNICIPIOS DA PARAIBA, DEBITADO NA CONTA DO ICMS REPASSE, DURANTE O EXERCICIO DO ANO DE 2025.",
  "valor_contratado": 2827.5,
  "valor_realizado": 2827.5,
  "valor_pago": 2827.5
}