{
  "exercicio": 2025,
  "codigo_unidade_gestora": "201157",
  "codigo_unidade_orcamentaria": "02080",
  "nome_unidade_orcamentaria": "Secretaria de Obras e Servicos Urbanos",
  "numero_empenho": "0000067",
  "data_empenho": "2025-01-21",
  "codigo_elemento": "39",
  "nome_elemento_despesa": "Outros Serviços de Terceiros - Pessoa Jurídica",
  "codigo_funcao": "15",
  "nome_funcao": "Urbanismo",
  "codigo_sub_funcao": "122",
  "nome_sub_funcao": "Administração Geral",
  "codigo_programa": "2002",
  "nome_programa": "ADMINISTRANDO COM O CUIDADO DO POVO ESSE E MEU LUGAR",
  "codigo_acao": "2028",
  "nome_acao": "MANUTENCAO DAS ATIVIDADES DA SECRETARIA DE OBRAS E SERVICOS URBANOS",
  "nome_credor": "ENERGISA PARAIBA - DISTRIBUIDORA DE ENERGIA S.A",
  "codigo_credor": "09095183000140",
  "historico": "VALOR QUE ORA SE EMPENHA PARA ATENDER DESPESA COM TARIFA DE ENERGIA ELETRICA DO IMOVEL LOCADO ,SITIO CAPIM DE CHEIRO , PARA FUNCIONAMENTO DA GARAGEM MUNICIPAL.",
  "valor_contratado": 169.08,
  "valor_realizado": 169.08,
  "valor_pago": 169.08
}