{
  "exercicio": 2025,
  "codigo_unidade_gestora": "201157",
  "codigo_unidade_orcamentaria": "02010",
  "nome_unidade_orcamentaria": "Secretaria de Gestao",
  "numero_empenho": "0000459",
  "data_empenho": "2025-02-14",
  "codigo_elemento": "39",
  "nome_elemento_despesa": "Outros Serviços de Terceiros - Pessoa Jurídica",
  "codigo_funcao": "4",
  "nome_funcao": "Administração",
  "codigo_sub_funcao": "122",
  "nome_sub_funcao": "Administração Geral",
  "codigo_programa": "2002",
  "nome_programa": "ADMINISTRANDO COM O CUIDADO DO POVO ESSE E MEU LUGAR",
  "codigo_acao": "2003",
  "nome_acao": "MANUTENCAO DAS ATIVIDADES DA SECRETARIA EXECUTIVA DE COMUNICACAO",
  "nome_credor": "EMPRESA PARAIBANA DE COMUNICACAO S.A. - EPC",
  "codigo_credor": "09366790000106",
  "historico": "VALOR QUE ORA SE EMPENHA REFERENTE AO PAGAMENTO EFETUADO PELO BANCO EM FAVOR DA EMPRESA PARAIBANA DE COMUNICAÇÃO, REFERENTE A PUBLICAÇÃO DE DOCUMENTOS DO SETOR DE LICITAÇÃO DA SECRETARIA DE GESTAO, DESTE MUNICIPIO, DEBITADO NA C/C  8100-0-ICMS REPASSE, NO DIA 14/02/2024.",
  "valor_contratado": 712.1,
  "valor_realizado": 712.1,
  "valor_pago": 712.1
}