{
  "exercicio": 2025,
  "codigo_unidade_gestora": "201157",
  "codigo_unidade_orcamentaria": "02110",
  "nome_unidade_orcamentaria": "Fundo Municipal de Saude",
  "numero_empenho": "0000120",
  "data_empenho": "2025-01-28",
  "codigo_elemento": "39",
  "nome_elemento_despesa": "Outros Serviços de Terceiros - Pessoa Jurídica",
  "codigo_funcao": "10",
  "nome_funcao": "Saúde",
  "codigo_sub_funcao": "302",
  "nome_sub_funcao": "Assistência Hospitalar e Ambulatorial",
  "codigo_programa": "1002",
  "nome_programa": "SAUDE ACOLHEDORA, INTEGRAL, RESOLUTIVA E CIDADA ESSE E MEU LUGAR",
  "codigo_acao": "2037",
  "nome_acao": "MANUTENCAO DO BLOCO DAS ACOES E SERVICOS PUBLICOS DE SAUDE-ATENCAO ESP",
  "nome_credor": "MARIA CECILIA DE MACEDO E SILVA 14804069453",
  "codigo_credor": "44048293000152",
  "historico": "VALOR QUE ORA SE EMPENHA PARA ATENDER DESPESA COM  A PRESTAÇAO DE SERVIÇO DO CURSO DE ATENDIMENTO PRE-HOSPITALAR DE 120 HORAS, PARA OS PROFISSIONAIS DO SERVIÇO DE ATENDIMENTO MOVEL DE URGENCIA (SAMU) DA CIDADE DE REMIGIO -PB",
  "valor_contratado": 2500.0,
  "valor_realizado": 2500.0,
  "valor_pago": 2500.0
}