{
  "exercicio": 2025,
  "codigo_unidade_gestora": "201157",
  "codigo_unidade_orcamentaria": "02010",
  "nome_unidade_orcamentaria": "Secretaria de Gestao",
  "numero_empenho": "0000468",
  "data_empenho": "2025-02-14",
  "codigo_elemento": "30",
  "nome_elemento_despesa": "Material de Consumo",
  "codigo_funcao": "4",
  "nome_funcao": "Administração",
  "codigo_sub_funcao": "122",
  "nome_sub_funcao": "Administração Geral",
  "codigo_programa": "2002",
  "nome_programa": "ADMINISTRANDO COM O CUIDADO DO POVO ESSE E MEU LUGAR",
  "codigo_acao": "2002",
  "nome_acao": "MANUTENCAO DAS ATIVIDADES DA SECRETARIA DE GESTAO",
  "nome_credor": "CICERO GEOVANIO PRAZERES DE MELO",
  "codigo_credor": "15609075000141",
  "historico": "VALOR QUE ORA SE EMPENHA PARA ATENDER DESPESA COM A AQUISIÇAO DE MATERIAIS DESTINADOS AOS SERVIÇOS REALIZADOS NO CENTRO ADMINISTRATIVO.",
  "valor_contratado": 6300.0,
  "valor_realizado": 6300.0,
  "valor_pago": 6300.0
}