{
  "exercicio": 2025,
  "codigo_unidade_gestora": "201157",
  "codigo_unidade_orcamentaria": "02110",
  "nome_unidade_orcamentaria": "Fundo Municipal de Saude",
  "numero_empenho": "0000282",
  "data_empenho": "2025-02-03",
  "codigo_elemento": "30",
  "nome_elemento_despesa": "Material de Consumo",
  "codigo_funcao": "10",
  "nome_funcao": "Saúde",
  "codigo_sub_funcao": "302",
  "nome_sub_funcao": "Assistência Hospitalar e Ambulatorial",
  "codigo_programa": "1002",
  "nome_programa": "SAUDE ACOLHEDORA, INTEGRAL, RESOLUTIVA E CIDADA ESSE E MEU LUGAR",
  "codigo_acao": "2037",
  "nome_acao": "MANUTENCAO DO BLOCO DAS ACOES E SERVICOS PUBLICOS DE SAUDE-ATENCAO ESP",
  "nome_credor": "LEONARDO ALMEIDA DA SILVA",
  "codigo_credor": "49570279000138",
  "historico": "VALOR QUE ORA SE EMPENHA PARA ATENDER DESPESA COM COMPRA DE MATERIAL (PRATOS,GRAFOS E QUENTINHAS) DESTINADOS ÀS REFEIÇÕES DOS PROFISSIONAIS DE SAÚDE DESTE MUNICÍPIO.",
  "valor_contratado": 140.0,
  "valor_realizado": 140.0,
  "valor_pago": 140.0
}