{
  "exercicio": 2025,
  "codigo_unidade_gestora": "201157",
  "codigo_unidade_orcamentaria": "02050",
  "nome_unidade_orcamentaria": "Secretaria de Educacao",
  "numero_empenho": "0000212",
  "data_empenho": "2025-01-31",
  "codigo_elemento": "04",
  "nome_elemento_despesa": "Contratação por Tempo Determinado",
  "codigo_funcao": "12",
  "nome_funcao": "Educação",
  "codigo_sub_funcao": "361",
  "nome_sub_funcao": "Ensino Fundamental",
  "codigo_programa": "1001",
  "nome_programa": "EDUCACAO CIDADA, INTEGRAL E PROFISSIONAL ESSE E MEU LUGAR",
  "codigo_acao": "2011",
  "nome_acao": "MANUTENCAO DO ENSINO FUNDAMENTAL - FUNDEB - 70%",
  "nome_credor": "MUNICIPIO DE REMIGIO",
  "codigo_credor": "09048976000109",
  "historico": "VALOR QUE ORA SE EMPENHA PARA ATENDER DESPESA COM PAGAMENTO DA FOLHA, DOS PROFESSORES CONTRATADOS/FUNDEB 70%, LOTADOS NA SECRETARIA DE EDUCAÇÃO, REFERENTE AO MES DE JANEIRO DE 2025.",
  "valor_contratado": 8393.36,
  "valor_realizado": 8393.36,
  "valor_pago": 8393.36
}