{
  "exercicio": 2025,
  "codigo_unidade_gestora": "201157",
  "codigo_unidade_orcamentaria": "02140",
  "nome_unidade_orcamentaria": "Fundo Municipal de Assistencia Social",
  "numero_empenho": "0000087",
  "data_empenho": "2025-01-24",
  "codigo_elemento": "48",
  "nome_elemento_despesa": "Outros Auxílios Financeiros a Pessoas Físicas",
  "codigo_funcao": "8",
  "nome_funcao": "Assistêncial Social",
  "codigo_sub_funcao": "244",
  "nome_sub_funcao": "Assistência Comunitária",
  "codigo_programa": "1003",
  "nome_programa": "DESENVOLVIMENTO SOCIAL, POR MAIS CIDADANIA E DIREITOS ESSE E MEU LUGAR",
  "codigo_acao": "2049",
  "nome_acao": "GESTAO DE BENEFICIOS EVENTUAIS",
  "nome_credor": "ERIDIANA DIAS DE ANDRADE",
  "codigo_credor": "00005275000464",
  "historico": "VALOR QUE ORA SE EMPENHA PARA ATENDER DESPESA COM UMA AJUDA  FINANCEIRA CONFORME PREVE  NA LEI ORGANICA DA ASSISTENCIA SOCIAL -LOAS",
  "valor_contratado": 200.0,
  "valor_realizado": 200.0,
  "valor_pago": 200.0
}