{
  "exercicio": 2025,
  "codigo_unidade_gestora": "201157",
  "codigo_unidade_orcamentaria": "02040",
  "nome_unidade_orcamentaria": "Secretaria de Saude",
  "numero_empenho": "0000175",
  "data_empenho": "2025-01-29",
  "codigo_elemento": "39",
  "nome_elemento_despesa": "Outros Serviços de Terceiros - Pessoa Jurídica",
  "codigo_funcao": "10",
  "nome_funcao": "Saúde",
  "codigo_sub_funcao": "301",
  "nome_sub_funcao": "Atenção Básica",
  "codigo_programa": "2002",
  "nome_programa": "ADMINISTRANDO COM O CUIDADO DO POVO ESSE E MEU LUGAR",
  "codigo_acao": "2009",
  "nome_acao": "MANUTENCAO DAS ATIVIDADES DA  SECRETARIA DE SAUDE",
  "nome_credor": "MANOEL ANTONIO CORDEIRO CAVALCANTE NETO 70475461460",
  "codigo_credor": "44389760000108",
  "historico": "VALOR QUE ORA SE EMPENHA PARA ATENDER DESPESA COM  A PRESTAÇAO DE AJUDANTE DE PEDREIRO PARA AUXILIAR DE PEDREIRO PARA AUXILIAR EM  REFORMAS ,REPAROS E ADAPTAÇOES EM DIVERSAS INSTALAÇOES PROPRIAS E LOCADAS SOBRE A ADMINISTRAÇAO DA SECRETARIA DE SAUDE DESTE MUNICIPIO.",
  "valor_contratado": 1600.0,
  "valor_realizado": 1600.0,
  "valor_pago": 1600.0
}