{
  "exercicio": 2025,
  "codigo_unidade_gestora": "201157",
  "codigo_unidade_orcamentaria": "02010",
  "nome_unidade_orcamentaria": "Secretaria de Gestao",
  "numero_empenho": "0000126",
  "data_empenho": "2025-01-28",
  "codigo_elemento": "11",
  "nome_elemento_despesa": "Vencimentos e Vantagens Fixas - Pessoal Civil",
  "codigo_funcao": "4",
  "nome_funcao": "Administração",
  "codigo_sub_funcao": "122",
  "nome_sub_funcao": "Administração Geral",
  "codigo_programa": "2002",
  "nome_programa": "ADMINISTRANDO COM O CUIDADO DO POVO ESSE E MEU LUGAR",
  "codigo_acao": "2004",
  "nome_acao": "MANUTENCAO DAS ATIVIDADES DA SECRETARIA EXECUTIVA DE GABINETE",
  "nome_credor": "MUNICIPIO DE REMIGIO",
  "codigo_credor": "09048976000109",
  "historico": "VALOR QUE ORA SE EMPENHA PARA ATENDER DESPESA COM PAGAMENTO DA FOLHA, DOS VENCIMENTOS DO PREFEITO E VICE-PREFEITO, LOTADOS NA SECRETARIA DE GESTAO, REFERENTE AO MES DE JANEIRO DE 2025.",
  "valor_contratado": 30000.0,
  "valor_realizado": 30000.0,
  "valor_pago": 30000.0
}