{
  "exercicio": 2025,
  "codigo_unidade_gestora": "201157",
  "codigo_unidade_orcamentaria": "02080",
  "nome_unidade_orcamentaria": "Secretaria de Obras e Servicos Urbanos",
  "numero_empenho": "0000462",
  "data_empenho": "2025-02-14",
  "codigo_elemento": "30",
  "nome_elemento_despesa": "Material de Consumo",
  "codigo_funcao": "15",
  "nome_funcao": "Urbanismo",
  "codigo_sub_funcao": "122",
  "nome_sub_funcao": "Administração Geral",
  "codigo_programa": "2002",
  "nome_programa": "ADMINISTRANDO COM O CUIDADO DO POVO ESSE E MEU LUGAR",
  "codigo_acao": "2028",
  "nome_acao": "MANUTENCAO DAS ATIVIDADES DA SECRETARIA DE OBRAS E SERVICOS URBANOS",
  "nome_credor": "IDEAL PNEUS PEÇAS E SERVIÇOS LTDA",
  "codigo_credor": "17711924000107",
  "historico": "VALOR QUE ORA SE EMPENHA PARA ATENDER DESPESA COM A AQUISIÇAO DE PNEUS DESTINADOS A MANUTENÇAO DA FROTA DE VEICULOS DA SECRETARIA DE OBRAS DESSE MUNICIPIO.",
  "valor_contratado": 23482.0,
  "valor_realizado": 23482.0,
  "valor_pago": 23482.0
}