{
  "exercicio": 2025,
  "codigo_unidade_gestora": "201157",
  "codigo_unidade_orcamentaria": "02110",
  "nome_unidade_orcamentaria": "Fundo Municipal de Saude",
  "numero_empenho": "0000053",
  "data_empenho": "2025-01-20",
  "codigo_elemento": "39",
  "nome_elemento_despesa": "Outros Serviços de Terceiros - Pessoa Jurídica",
  "codigo_funcao": "10",
  "nome_funcao": "Saúde",
  "codigo_sub_funcao": "301",
  "nome_sub_funcao": "Atenção Básica",
  "codigo_programa": "1002",
  "nome_programa": "SAUDE ACOLHEDORA, INTEGRAL, RESOLUTIVA E CIDADA ESSE E MEU LUGAR",
  "codigo_acao": "2035",
  "nome_acao": "MANUTENCAO DO BLOCO DAS ACOES E SERVICOS PUBLICOS DE SAUDE- ATENCAO PR",
  "nome_credor": "CAMPIMAGEM-CENTRO DE DIAG.POR IMAGEM DE CAMP.GRANDE LTDA",
  "codigo_credor": "02503493000108",
  "historico": "VALOR QUE ORA SE EMPENHA PARA ATENDER DESPESA COM O COMPLEMENTO DE EXAME DE IIMAGEM  REALIZADO  NA PACIENTE NAZARE BATISTA GOMES.",
  "valor_contratado": 280.0,
  "valor_realizado": 280.0,
  "valor_pago": 280.0
}