{
  "exercicio": 2025,
  "codigo_unidade_gestora": "201157",
  "codigo_unidade_orcamentaria": "02040",
  "nome_unidade_orcamentaria": "Secretaria de Saude",
  "numero_empenho": "0000205",
  "data_empenho": "2025-01-30",
  "codigo_elemento": "93",
  "nome_elemento_despesa": "Indenizações e Restituições",
  "codigo_funcao": "10",
  "nome_funcao": "Saúde",
  "codigo_sub_funcao": "301",
  "nome_sub_funcao": "Atenção Básica",
  "codigo_programa": "2002",
  "nome_programa": "ADMINISTRANDO COM O CUIDADO DO POVO ESSE E MEU LUGAR",
  "codigo_acao": "2009",
  "nome_acao": "MANUTENCAO DAS ATIVIDADES DA  SECRETARIA DE SAUDE",
  "nome_credor": "RAVEL DUARTE BELARMINO",
  "codigo_credor": "00005297786452",
  "historico": "VALOR QUE ORA SE EMPENHA PARA ATENDER DESPESA COM O MEDICO DO PROGRAMA MEDICOS PELO BRASIL RAVEL DUARTE BELARMINO",
  "valor_contratado": 1100.0,
  "valor_realizado": 1100.0,
  "valor_pago": 1100.0
}