{
  "exercicio": 2025,
  "codigo_unidade_gestora": "201157",
  "codigo_unidade_orcamentaria": "02020",
  "nome_unidade_orcamentaria": "Secretaria de Administracao e Financas",
  "numero_empenho": "0000418",
  "data_empenho": "2025-02-10",
  "codigo_elemento": "71",
  "nome_elemento_despesa": "Principal da Dívida Contratual Resgatado",
  "codigo_funcao": "28",
  "nome_funcao": "Encargos Especias",
  "codigo_sub_funcao": "843",
  "nome_sub_funcao": "Serviço da Dívida Interna",
  "codigo_programa": "0001",
  "nome_programa": "PROGRAMAS ESPECIAIS",
  "codigo_acao": "0001",
  "nome_acao": "AMORTIZACAO E ENCARGOS COM A DIVIDA DO INSS,  FGTS E OUTROS",
  "nome_credor": "INSTITUTO NACIONAL DO SEGURO SOCIAL",
  "codigo_credor": "29979036000140",
  "historico": "VALOR QUE ORA SE EMPENHA PARA ATENDER DESPESA COM  A RETENÇAO EM FAVOR DO INSS RELATIVO AO RFB-PREV PARC 60",
  "valor_contratado": 12906.75,
  "valor_realizado": 12906.75,
  "valor_pago": 12906.75
}