{
  "exercicio": 2025,
  "codigo_unidade_gestora": "201157",
  "codigo_unidade_orcamentaria": "02070",
  "nome_unidade_orcamentaria": "Secretaria de Desenvolvimento Social",
  "numero_empenho": "0000449",
  "data_empenho": "2025-02-13",
  "codigo_elemento": "39",
  "nome_elemento_despesa": "Outros Serviços de Terceiros - Pessoa Jurídica",
  "codigo_funcao": "8",
  "nome_funcao": "Assistêncial Social",
  "codigo_sub_funcao": "122",
  "nome_sub_funcao": "Administração Geral",
  "codigo_programa": "1003",
  "nome_programa": "DESENVOLVIMENTO SOCIAL, POR MAIS CIDADANIA E DIREITOS ESSE E MEU LUGAR",
  "codigo_acao": "2025",
  "nome_acao": "MANUTENCAO DAS ATIVIDADES DA SECRETARIA DE DESENVOLVIMENTO SOCIAL",
  "nome_credor": "JOSE JEOVANDO CLEMENTINO DE AGUIAR",
  "codigo_credor": "54219909000164",
  "historico": "VALOR QUE ORA SE EMPENHA PARA ATENDER DESPESA COM O SERVIÇO COM A MANUTENÇAO DE 02 IMPRESSORAS , FORMATAÇAO E INSTALAÇAO DE PROGRAMAS E MANUTENÇAO DE 03 COMPUTADORES NA SECRETARIA DE DESENVOLVIMENTO SOCIAL.",
  "valor_contratado": 590.0,
  "valor_realizado": 590.0,
  "valor_pago": 590.0
}