{
  "exercicio": 2025,
  "codigo_unidade_gestora": "201157",
  "codigo_unidade_orcamentaria": "02040",
  "nome_unidade_orcamentaria": "Secretaria de Saude",
  "numero_empenho": "0000281",
  "data_empenho": "2025-02-03",
  "codigo_elemento": "39",
  "nome_elemento_despesa": "Outros Serviços de Terceiros - Pessoa Jurídica",
  "codigo_funcao": "10",
  "nome_funcao": "Saúde",
  "codigo_sub_funcao": "301",
  "nome_sub_funcao": "Atenção Básica",
  "codigo_programa": "2002",
  "nome_programa": "ADMINISTRANDO COM O CUIDADO DO POVO ESSE E MEU LUGAR",
  "codigo_acao": "2009",
  "nome_acao": "MANUTENCAO DAS ATIVIDADES DA  SECRETARIA DE SAUDE",
  "nome_credor": "JAILTON FERNANDES BATISTA",
  "codigo_credor": "21943513000106",
  "historico": "VALOR QUE ORA SE EMPENHA PARA ATENDER DESPESA COM FORNECIMENTO DE SALGADOS PARA EVENTE JANEIRO BRANCO DA ATENÇÃO PRIMARIA REALIZADA PELA SECETARIA DE SAUDE DO MUNICIPIO NO DIA 23 DE JANEIRO DE 2025.",
  "valor_contratado": 166.25,
  "valor_realizado": 166.25,
  "valor_pago": 166.25
}