{
  "exercicio": 2025,
  "codigo_unidade_gestora": "201157",
  "codigo_unidade_orcamentaria": "02010",
  "nome_unidade_orcamentaria": "Secretaria de Gestao",
  "numero_empenho": "0000079",
  "data_empenho": "2025-01-24",
  "codigo_elemento": "39",
  "nome_elemento_despesa": "Outros Serviços de Terceiros - Pessoa Jurídica",
  "codigo_funcao": "4",
  "nome_funcao": "Administração",
  "codigo_sub_funcao": "122",
  "nome_sub_funcao": "Administração Geral",
  "codigo_programa": "2002",
  "nome_programa": "ADMINISTRANDO COM O CUIDADO DO POVO ESSE E MEU LUGAR",
  "codigo_acao": "2003",
  "nome_acao": "MANUTENCAO DAS ATIVIDADES DA SECRETARIA EXECUTIVA DE COMUNICACAO",
  "nome_credor": "IMPRENSA NACIONAL",
  "codigo_credor": "04196645000100",
  "historico": "VALOR QUE ORA SE EMPENHA PARA ATENDER DESPESA COM A PUBLICAÇAO DO OFICIO 10824260  ENVIADO  EM 24/01/2025",
  "valor_contratado": 0.0,
  "valor_realizado": 0.0,
  "valor_pago": 0.0
}