{
  "exercicio": 2025,
  "codigo_unidade_gestora": "201157",
  "codigo_unidade_orcamentaria": "02080",
  "nome_unidade_orcamentaria": "Secretaria de Obras e Servicos Urbanos",
  "numero_empenho": "0000402",
  "data_empenho": "2025-02-07",
  "codigo_elemento": "30",
  "nome_elemento_despesa": "Material de Consumo",
  "codigo_funcao": "15",
  "nome_funcao": "Urbanismo",
  "codigo_sub_funcao": "122",
  "nome_sub_funcao": "Administração Geral",
  "codigo_programa": "2002",
  "nome_programa": "ADMINISTRANDO COM O CUIDADO DO POVO ESSE E MEU LUGAR",
  "codigo_acao": "2028",
  "nome_acao": "MANUTENCAO DAS ATIVIDADES DA SECRETARIA DE OBRAS E SERVICOS URBANOS",
  "nome_credor": "CICERA DO SOCORRO DOS SANTOS BALBINO",
  "codigo_credor": "07590039000155",
  "historico": "VALOR QUE ORA SE EMPENHA PARA ATENDER DESPESA COM O CONSUMO DE COMBUSTIVEL (DIESEL S 10 E DIESEL S 500), DESTINADO AO CAMINHÃO COMPACTADOR DE PLACA RUN-9I29/PB , PERTENCENTE A SECRETARIA DE OBRAS E SERVIÇOS URBANOS, DESTE MUNICIPIO.",
  "valor_contratado": 11174.24,
  "valor_realizado": 11174.24,
  "valor_pago": 11174.24
}