{
  "exercicio": 2025,
  "codigo_unidade_gestora": "201157",
  "codigo_unidade_orcamentaria": "02040",
  "nome_unidade_orcamentaria": "Secretaria de Saude",
  "numero_empenho": "0000259",
  "data_empenho": "2025-01-31",
  "codigo_elemento": "39",
  "nome_elemento_despesa": "Outros Serviços de Terceiros - Pessoa Jurídica",
  "codigo_funcao": "10",
  "nome_funcao": "Saúde",
  "codigo_sub_funcao": "301",
  "nome_sub_funcao": "Atenção Básica",
  "codigo_programa": "2002",
  "nome_programa": "ADMINISTRANDO COM O CUIDADO DO POVO ESSE E MEU LUGAR",
  "codigo_acao": "2009",
  "nome_acao": "MANUTENCAO DAS ATIVIDADES DA  SECRETARIA DE SAUDE",
  "nome_credor": "DNIT-DEPARTAMENTO NACIONAL DE INFRAEST DE TRANSPORTES",
  "codigo_credor": "04892707000100",
  "historico": "VALOR QUE ORA SE EMPENHA PARA ATENDER DESPESA COM AUTO DE INFRACAO DE TRANSITO, DO VEICULO PLACA OFG-3263/PB, PERTENCENTE A SECRETARIA DE SAUDE, DESTE MUNICIPIO.",
  "valor_contratado": 223.31,
  "valor_realizado": 223.31,
  "valor_pago": 223.31
}