{
  "exercicio": 2025,
  "codigo_unidade_gestora": "201157",
  "codigo_unidade_orcamentaria": "02050",
  "nome_unidade_orcamentaria": "Secretaria de Educacao",
  "numero_empenho": "0000177",
  "data_empenho": "2025-01-29",
  "codigo_elemento": "39",
  "nome_elemento_despesa": "Outros Serviços de Terceiros - Pessoa Jurídica",
  "codigo_funcao": "12",
  "nome_funcao": "Educação",
  "codigo_sub_funcao": "361",
  "nome_sub_funcao": "Ensino Fundamental",
  "codigo_programa": "1001",
  "nome_programa": "EDUCACAO CIDADA, INTEGRAL E PROFISSIONAL ESSE E MEU LUGAR",
  "codigo_acao": "2010",
  "nome_acao": "MANUTENCAO DAS ATIVIDADES DO ENSINO FUNDAMENTAL",
  "nome_credor": "MANOEL ANTONIO CORDEIRO CAVALCANTE NETO 70475461460",
  "codigo_credor": "44389760000108",
  "historico": "VALOR QUE ORA SE EMPENHA PARA ATENDER DESPESA COM  A PRESTAÇAO DE SERVIÇO DE AJUDANTE OU SERVENTE DE PEDREIRO PARA AUXILIAR EM  REPAROS ,REFORMAS E ADAPTAÇOES EM PREDIOS LOCADOS E INSTALAÇOES PROPRIAS LOTADOS NA SECRETARIA MUNICIPAL DE  EDUCAÇAO DESTE MUNCIPIO",
  "valor_contratado": 1600.0,
  "valor_realizado": 1600.0,
  "valor_pago": 1600.0
}