{
  "exercicio": 2025,
  "codigo_unidade_gestora": "201157",
  "codigo_unidade_orcamentaria": "02070",
  "nome_unidade_orcamentaria": "Secretaria de Desenvolvimento Social",
  "numero_empenho": "0000059",
  "data_empenho": "2025-01-20",
  "codigo_elemento": "92",
  "nome_elemento_despesa": "Despesas de Exercícios Anteriores",
  "codigo_funcao": "8",
  "nome_funcao": "Assistêncial Social",
  "codigo_sub_funcao": "122",
  "nome_sub_funcao": "Administração Geral",
  "codigo_programa": "1003",
  "nome_programa": "DESENVOLVIMENTO SOCIAL, POR MAIS CIDADANIA E DIREITOS ESSE E MEU LUGAR",
  "codigo_acao": "2025",
  "nome_acao": "MANUTENCAO DAS ATIVIDADES DA SECRETARIA DE DESENVOLVIMENTO SOCIAL",
  "nome_credor": "COMPANHIA DE AGUA E ESGOTOS DA PARAIBA CAGEPA",
  "codigo_credor": "09123654000187",
  "historico": "VALOR QUE ORA SE EMPENHA PARA ATENDER DESPESA COM CONSUMO DE AGUA E SERVIÇO DO IMOVEL ONDE  FUNCIONAVA A SECETARIA DE DESENVOLVIMENTO SOCIAL",
  "valor_contratado": 0.0,
  "valor_realizado": 0.0,
  "valor_pago": 0.0
}