{
  "exercicio": 2025,
  "codigo_unidade_gestora": "201157",
  "codigo_unidade_orcamentaria": "02040",
  "nome_unidade_orcamentaria": "Secretaria de Saude",
  "numero_empenho": "0000191",
  "data_empenho": "2025-01-30",
  "codigo_elemento": "47",
  "nome_elemento_despesa": "Obrigações Tributárias e Contributivas",
  "codigo_funcao": "10",
  "nome_funcao": "Saúde",
  "codigo_sub_funcao": "301",
  "nome_sub_funcao": "Atenção Básica",
  "codigo_programa": "2002",
  "nome_programa": "ADMINISTRANDO COM O CUIDADO DO POVO ESSE E MEU LUGAR",
  "codigo_acao": "2009",
  "nome_acao": "MANUTENCAO DAS ATIVIDADES DA  SECRETARIA DE SAUDE",
  "nome_credor": "DEPARTAMENTO ESTADUAL DE TRANSITO",
  "codigo_credor": "09188376000146",
  "historico": "VALOR QUE ORA SE EMPENHA PARA ATENDER DESPESA COM LICENCIAMENTO 2024/2025, DO VEICULO DE PLACA OFG-3263/PB, PERTENCENTE A SECRETARIA DE SAUDE DESTE MUNICIPIO.",
  "valor_contratado": 984.91,
  "valor_realizado": 0.0,
  "valor_pago": 0.0
}