{
  "exercicio": 2025,
  "codigo_unidade_gestora": "201157",
  "codigo_unidade_orcamentaria": "02110",
  "nome_unidade_orcamentaria": "Fundo Municipal de Saude",
  "numero_empenho": "0000080",
  "data_empenho": "2025-01-24",
  "codigo_elemento": "39",
  "nome_elemento_despesa": "Outros Serviços de Terceiros - Pessoa Jurídica",
  "codigo_funcao": "10",
  "nome_funcao": "Saúde",
  "codigo_sub_funcao": "301",
  "nome_sub_funcao": "Atenção Básica",
  "codigo_programa": "1002",
  "nome_programa": "SAUDE ACOLHEDORA, INTEGRAL, RESOLUTIVA E CIDADA ESSE E MEU LUGAR",
  "codigo_acao": "2035",
  "nome_acao": "MANUTENCAO DO BLOCO DAS ACOES E SERVICOS PUBLICOS DE SAUDE- ATENCAO PR",
  "nome_credor": "LEONIDAS JOSE ALVERGA DE MEDEIROS",
  "codigo_credor": "03823681000186",
  "historico": "VALOR QUE ORA SE EMPENHA PARA ATENDER DESPESA COM CARGA,RECARGA E RECARGA DE VALVULA DE EXTINTONRES DA MANUTENÇAO DOS SEVIÇOS BASICOS DE SAUDE,",
  "valor_contratado": 2740.0,
  "valor_realizado": 2740.0,
  "valor_pago": 2740.0
}