{
  "exercicio": 2025,
  "codigo_unidade_gestora": "201157",
  "codigo_unidade_orcamentaria": "02020",
  "nome_unidade_orcamentaria": "Secretaria de Administracao e Financas",
  "numero_empenho": "0000288",
  "data_empenho": "2025-02-04",
  "codigo_elemento": "40",
  "nome_elemento_despesa": "Serviços de tecnologia da informação e comunicação",
  "codigo_funcao": "4",
  "nome_funcao": "Administração",
  "codigo_sub_funcao": "122",
  "nome_sub_funcao": "Administração Geral",
  "codigo_programa": "2002",
  "nome_programa": "ADMINISTRANDO COM O CUIDADO DO POVO ESSE E MEU LUGAR",
  "codigo_acao": "2005",
  "nome_acao": "MANUTENCAO DA SECRETARIA DE ADMINISTRACAO E FINANCAS",
  "nome_credor": "E-SOFT TECNOLOGIA EM INFORMATICA LTDA-EPP",
  "codigo_credor": "17758807000190",
  "historico": "VALOR QUE ORA SE EMPENHA PARA ATENDER DESPESA COM A LOCAÇAO DO SISTEMA DE LICITAÇAO PUBLICA INTEGRADA COM O SISTEMA DE CONTROLE DE ADITIVOS E CONTRATO  REFERENTE AO MES DE JANEIRO DE 2025",
  "valor_contratado": 1030.0,
  "valor_realizado": 1030.0,
  "valor_pago": 1030.0
}