{
  "exercicio": 2025,
  "codigo_unidade_gestora": "201157",
  "codigo_unidade_orcamentaria": "02010",
  "nome_unidade_orcamentaria": "Secretaria de Gestao",
  "numero_empenho": "0000310",
  "data_empenho": "2025-02-06",
  "codigo_elemento": "39",
  "nome_elemento_despesa": "Outros Serviços de Terceiros - Pessoa Jurídica",
  "codigo_funcao": "4",
  "nome_funcao": "Administração",
  "codigo_sub_funcao": "122",
  "nome_sub_funcao": "Administração Geral",
  "codigo_programa": "2002",
  "nome_programa": "ADMINISTRANDO COM O CUIDADO DO POVO ESSE E MEU LUGAR",
  "codigo_acao": "2002",
  "nome_acao": "MANUTENCAO DAS ATIVIDADES DA SECRETARIA DE GESTAO",
  "nome_credor": "MARCO JOSE PAULINO DE SOUZA LTDA",
  "codigo_credor": "04559645000110",
  "historico": "VALOR QUE ORA SE EMPENHA PARA ATENDER DESPESA COM A CONFECÇÃO DE UMA COROA DE FLORES REFERENTE AO VELÓRIO DA PROFESSORA DO MUNICÍPIO DE REMÍGIO,MARIA BALBINO DA SILVA, NO DIA 03 DE FEVEREIRO DE 2025.",
  "valor_contratado": 270.0,
  "valor_realizado": 270.0,
  "valor_pago": 270.0
}