{
  "exercicio": 2025,
  "codigo_unidade_gestora": "201157",
  "codigo_unidade_orcamentaria": "02110",
  "nome_unidade_orcamentaria": "Fundo Municipal de Saude",
  "numero_empenho": "0000283",
  "data_empenho": "2025-02-03",
  "codigo_elemento": "52",
  "nome_elemento_despesa": "Equipamentos e Material Permanente",
  "codigo_funcao": "10",
  "nome_funcao": "Saúde",
  "codigo_sub_funcao": "302",
  "nome_sub_funcao": "Assistência Hospitalar e Ambulatorial",
  "codigo_programa": "1002",
  "nome_programa": "SAUDE ACOLHEDORA, INTEGRAL, RESOLUTIVA E CIDADA ESSE E MEU LUGAR",
  "codigo_acao": "2037",
  "nome_acao": "MANUTENCAO DO BLOCO DAS ACOES E SERVICOS PUBLICOS DE SAUDE-ATENCAO ESP",
  "nome_credor": "INFOR COMPANY SERVICE LOCACAO DE IMPRESSORAS LTDA",
  "codigo_credor": "24846581000145",
  "historico": "VALOR QUE ORA SE EMPENHA PARA ATENDER DESPESA COM AQUISIÇÃO DE 2 NOBREAKS DESTINADOS AO FUNDO MUNICIPAL DE SAÚDE DESTE MUNICIPIO.",
  "valor_contratado": 7358.0,
  "valor_realizado": 7358.0,
  "valor_pago": 7358.0
}