{
  "exercicio": 2025,
  "codigo_unidade_gestora": "201157",
  "codigo_unidade_orcamentaria": "02110",
  "nome_unidade_orcamentaria": "Fundo Municipal de Saude",
  "numero_empenho": "0000315",
  "data_empenho": "2025-02-06",
  "codigo_elemento": "30",
  "nome_elemento_despesa": "Material de Consumo",
  "codigo_funcao": "10",
  "nome_funcao": "Saúde",
  "codigo_sub_funcao": "302",
  "nome_sub_funcao": "Assistência Hospitalar e Ambulatorial",
  "codigo_programa": "1002",
  "nome_programa": "SAUDE ACOLHEDORA, INTEGRAL, RESOLUTIVA E CIDADA ESSE E MEU LUGAR",
  "codigo_acao": "2037",
  "nome_acao": "MANUTENCAO DO BLOCO DAS ACOES E SERVICOS PUBLICOS DE SAUDE-ATENCAO ESP",
  "nome_credor": "MARCELO EVARISTO DE SOUZA 06232003411",
  "codigo_credor": "46159552000148",
  "historico": "VALOR QUE ORA SE EMPENHA PARA ATENDER DESPESA COM COMPRA DE GENEROS ALIMENTICIOS(COENTRO, BATATINHA,TEMPEROS,OVOS, ETC), DESTINADO ÀS REFEIÇOES DOS PROFISSIONAIS DE SAÚDE DESTE MUNICIPIO.",
  "valor_contratado": 1413.0,
  "valor_realizado": 1413.0,
  "valor_pago": 1413.0
}