{
  "exercicio": 2025,
  "codigo_unidade_gestora": "201157",
  "codigo_unidade_orcamentaria": "02050",
  "nome_unidade_orcamentaria": "Secretaria de Educacao",
  "numero_empenho": "0000297",
  "data_empenho": "2025-02-04",
  "codigo_elemento": "43",
  "nome_elemento_despesa": "Subvenções Socias",
  "codigo_funcao": "12",
  "nome_funcao": "Educação",
  "codigo_sub_funcao": "361",
  "nome_sub_funcao": "Ensino Fundamental",
  "codigo_programa": "1001",
  "nome_programa": "EDUCACAO CIDADA, INTEGRAL E PROFISSIONAL ESSE E MEU LUGAR",
  "codigo_acao": "2010",
  "nome_acao": "MANUTENCAO DAS ATIVIDADES DO ENSINO FUNDAMENTAL",
  "nome_credor": "UNDIME-UNIÃO NACIONAL DOS DIR.MUNICIPAIS DE EDUCAÇAO",
  "codigo_credor": "00947659000150",
  "historico": "VALOR QUE ORA SE EMPENHA PARA ATENDER DESPESA COM A SUBVENÇAO EM FAVOR DA UNDIME RELATIVO AO EXERCICIO DE 2025",
  "valor_contratado": 1818.0,
  "valor_realizado": 1818.0,
  "valor_pago": 1818.0
}