{
  "exercicio": 2025,
  "codigo_unidade_gestora": "201157",
  "codigo_unidade_orcamentaria": "02010",
  "nome_unidade_orcamentaria": "Secretaria de Gestao",
  "numero_empenho": "0000465",
  "data_empenho": "2025-02-14",
  "codigo_elemento": "39",
  "nome_elemento_despesa": "Outros Serviços de Terceiros - Pessoa Jurídica",
  "codigo_funcao": "4",
  "nome_funcao": "Administração",
  "codigo_sub_funcao": "122",
  "nome_sub_funcao": "Administração Geral",
  "codigo_programa": "2002",
  "nome_programa": "ADMINISTRANDO COM O CUIDADO DO POVO ESSE E MEU LUGAR",
  "codigo_acao": "2002",
  "nome_acao": "MANUTENCAO DAS ATIVIDADES DA SECRETARIA DE GESTAO",
  "nome_credor": "CARTORIO DO UNICO OFICIO",
  "codigo_credor": "08361818000141",
  "historico": "VALOR QUE ORA SE EMPENHA PARA ATENDER DESPESA COM OS SERVIÇOS DE REGISTRO EM CARTORIO DA ATA DE POSSE E TERMO DE POSSE DO PREFEITO E VICE PREFEITO PARA O EXERCICIO DO MANDATO DE 2025 A 2028",
  "valor_contratado": 500.0,
  "valor_realizado": 500.0,
  "valor_pago": 500.0
}