{
  "exercicio": 2025,
  "codigo_unidade_gestora": "201157",
  "codigo_unidade_orcamentaria": "02080",
  "nome_unidade_orcamentaria": "Secretaria de Obras e Servicos Urbanos",
  "numero_empenho": "0000426",
  "data_empenho": "2025-02-11",
  "codigo_elemento": "39",
  "nome_elemento_despesa": "Outros Serviços de Terceiros - Pessoa Jurídica",
  "codigo_funcao": "15",
  "nome_funcao": "Urbanismo",
  "codigo_sub_funcao": "122",
  "nome_sub_funcao": "Administração Geral",
  "codigo_programa": "2002",
  "nome_programa": "ADMINISTRANDO COM O CUIDADO DO POVO ESSE E MEU LUGAR",
  "codigo_acao": "2028",
  "nome_acao": "MANUTENCAO DAS ATIVIDADES DA SECRETARIA DE OBRAS E SERVICOS URBANOS",
  "nome_credor": "PEDRO TORQUATO DA SILVA-ME",
  "codigo_credor": "22371960000109",
  "historico": "VALOR QUE ORA SE EMPENHA PARA ATENDER DESPESA COM SERVIÇOS DE DE RECAUCHUTAVEM OU REGENARAÇAO DE PNEUS DA SECRETARIA DE OBRAS  DESTINADOS AOS SERVIÇO DE LIMPEZA,PLACA SKX 4674",
  "valor_contratado": 100.0,
  "valor_realizado": 100.0,
  "valor_pago": 100.0
}