{
  "exercicio": 2025,
  "codigo_unidade_gestora": "201157",
  "codigo_unidade_orcamentaria": "02050",
  "nome_unidade_orcamentaria": "Secretaria de Educacao",
  "numero_empenho": "0000256",
  "data_empenho": "2025-01-31",
  "codigo_elemento": "13",
  "nome_elemento_despesa": "Obrigações Patronais",
  "codigo_funcao": "12",
  "nome_funcao": "Educação",
  "codigo_sub_funcao": "361",
  "nome_sub_funcao": "Ensino Fundamental",
  "codigo_programa": "1001",
  "nome_programa": "EDUCACAO CIDADA, INTEGRAL E PROFISSIONAL ESSE E MEU LUGAR",
  "codigo_acao": "2011",
  "nome_acao": "MANUTENCAO DO ENSINO FUNDAMENTAL - FUNDEB - 70%",
  "nome_credor": "IPSER/FOLHA DE PAGAMENTO/SAL.FAMILIA",
  "codigo_credor": "70097811000138",
  "historico": "VALOR QUE ORA SE EMPENHA PARA ATENDER DESPESA COM A CONTRIBUICAO PREVIDENCIARIA PARA O IPSER, PARTE EMPRESA DA FOLHA DE PAGAMENTO DOS PROFESSORES DE 1º A 5º , 6º A 9º, EDUC.INFANTIL, EJA, READPTADOSORIENT. EDUCACIONAIS E SUPERVISORES ESC, SERVIDORES EFETIVOS,MONITORES DE CRECHES, REGENTES DE ENSINO/FUNDEB 70%, LOTADOS NA SECRETARIA DE EDUCACAO, REFERENTE AO MES DE JANEIRO DE 2025.",
  "valor_contratado": 396130.06,
  "valor_realizado": 396130.06,
  "valor_pago": 396130.06
}