{
  "exercicio": 2025,
  "codigo_unidade_gestora": "201157",
  "codigo_unidade_orcamentaria": "02080",
  "nome_unidade_orcamentaria": "Secretaria de Obras e Servicos Urbanos",
  "numero_empenho": "0000172",
  "data_empenho": "2025-01-29",
  "codigo_elemento": "39",
  "nome_elemento_despesa": "Outros Serviços de Terceiros - Pessoa Jurídica",
  "codigo_funcao": "15",
  "nome_funcao": "Urbanismo",
  "codigo_sub_funcao": "122",
  "nome_sub_funcao": "Administração Geral",
  "codigo_programa": "2002",
  "nome_programa": "ADMINISTRANDO COM O CUIDADO DO POVO ESSE E MEU LUGAR",
  "codigo_acao": "2028",
  "nome_acao": "MANUTENCAO DAS ATIVIDADES DA SECRETARIA DE OBRAS E SERVICOS URBANOS",
  "nome_credor": "MANOEL ANTONIO CORDEIRO CAVALCANTE NETO 70475461460",
  "codigo_credor": "44389760000108",
  "historico": "VALOR QUE ORA SE EMPENHA PARA ATENDER DESPESA COM  A PRESTAÇAO DE SERVIÇO DE PEDREIRO PARA REPAROS NA REDE DE ESGOTOS NOS BAIRROS DO FREITAS, CENTRO E SAO JUDAS TADEU",
  "valor_contratado": 3000.0,
  "valor_realizado": 3000.0,
  "valor_pago": 3000.0
}