{
  "exercicio": 2025,
  "codigo_unidade_gestora": "201157",
  "codigo_unidade_orcamentaria": "02060",
  "nome_unidade_orcamentaria": "Secretaria de Transito",
  "numero_empenho": "0000231",
  "data_empenho": "2025-01-31",
  "codigo_elemento": "04",
  "nome_elemento_despesa": "Contratação por Tempo Determinado",
  "codigo_funcao": "26",
  "nome_funcao": "Transporte",
  "codigo_sub_funcao": "122",
  "nome_sub_funcao": "Administração Geral",
  "codigo_programa": "2002",
  "nome_programa": "ADMINISTRANDO COM O CUIDADO DO POVO ESSE E MEU LUGAR",
  "codigo_acao": "2024",
  "nome_acao": "MANUTENCAO DAS ATIVIDADES DA SECRETARIA DE TRANSITO",
  "nome_credor": "MUNICIPIO DE REMIGIO",
  "codigo_credor": "09048976000109",
  "historico": "VALOR QUE ORA SE EMPENHA PARA ATENDER DESPESA COM PAGAMENTO DA FOLHA, DO SERVIDOR CONTRATADO, LOTADO NA SECRETARIA DE TRANSITO, REFERENTE AO MES DE JANEIRO DE 2025.",
  "valor_contratado": 1518.0,
  "valor_realizado": 1518.0,
  "valor_pago": 1518.0
}