{
  "exercicio": 2025,
  "codigo_unidade_gestora": "201157",
  "codigo_unidade_orcamentaria": "02060",
  "nome_unidade_orcamentaria": "Secretaria de Transito",
  "numero_empenho": "0000280",
  "data_empenho": "2025-02-03",
  "codigo_elemento": "39",
  "nome_elemento_despesa": "Outros Serviços de Terceiros - Pessoa Jurídica",
  "codigo_funcao": "26",
  "nome_funcao": "Transporte",
  "codigo_sub_funcao": "122",
  "nome_sub_funcao": "Administração Geral",
  "codigo_programa": "2002",
  "nome_programa": "ADMINISTRANDO COM O CUIDADO DO POVO ESSE E MEU LUGAR",
  "codigo_acao": "2024",
  "nome_acao": "MANUTENCAO DAS ATIVIDADES DA SECRETARIA DE TRANSITO",
  "nome_credor": "FABRICIO DA  SILVA",
  "codigo_credor": "59169212000140",
  "historico": "VALOR QUE ORA SE EMPENHA PARA ATENDER DESPESA COM TROCA DE ÓLEO, SERVIÇO DE INSTALAÇÃO, REPARO DE FREIOS, CARGAS DE BATERIAS, TROCA DE PEÇAS E SERVIÇOS DE MANUTENÇÃO NOS VEICULOS(MOTOS) DE PLACAS: SKX-7A83 E SKX-7B03 DA SECRETARIA DE TRANSITO DESTE MUNICIPIO.",
  "valor_contratado": 800.0,
  "valor_realizado": 800.0,
  "valor_pago": 800.0
}