{
  "exercicio": 2025,
  "codigo_unidade_gestora": "201157",
  "codigo_unidade_orcamentaria": "02040",
  "nome_unidade_orcamentaria": "Secretaria de Saude",
  "numero_empenho": "0000424",
  "data_empenho": "2025-02-11",
  "codigo_elemento": "39",
  "nome_elemento_despesa": "Outros Serviços de Terceiros - Pessoa Jurídica",
  "codigo_funcao": "10",
  "nome_funcao": "Saúde",
  "codigo_sub_funcao": "301",
  "nome_sub_funcao": "Atenção Básica",
  "codigo_programa": "2002",
  "nome_programa": "ADMINISTRANDO COM O CUIDADO DO POVO ESSE E MEU LUGAR",
  "codigo_acao": "2009",
  "nome_acao": "MANUTENCAO DAS ATIVIDADES DA  SECRETARIA DE SAUDE",
  "nome_credor": "PEDRO TORQUATO DA SILVA-ME",
  "codigo_credor": "22371960000109",
  "historico": "VALOR QUE ORA SE EMPENHA PARA ATENDER DESPESA COM SERVICO DE RECAUCHUTAGEM OU REGENERACAO DE PNEUS DOS VEICULOS DE PLACAS RLW 6483/PB E QSD-6309/PB, PERTENCENTES A SECRETARIA DE SAUDE DESTE MUNICIPIO.",
  "valor_contratado": 140.0,
  "valor_realizado": 140.0,
  "valor_pago": 140.0
}