{
  "exercicio": 2025,
  "codigo_unidade_gestora": "201157",
  "codigo_unidade_orcamentaria": "02040",
  "nome_unidade_orcamentaria": "Secretaria de Saude",
  "numero_empenho": "0000329",
  "data_empenho": "2025-02-06",
  "codigo_elemento": "39",
  "nome_elemento_despesa": "Outros Serviços de Terceiros - Pessoa Jurídica",
  "codigo_funcao": "10",
  "nome_funcao": "Saúde",
  "codigo_sub_funcao": "301",
  "nome_sub_funcao": "Atenção Básica",
  "codigo_programa": "2002",
  "nome_programa": "ADMINISTRANDO COM O CUIDADO DO POVO ESSE E MEU LUGAR",
  "codigo_acao": "2009",
  "nome_acao": "MANUTENCAO DAS ATIVIDADES DA  SECRETARIA DE SAUDE",
  "nome_credor": "BANCO DO BRASIL SA",
  "codigo_credor": "00000000280704",
  "historico": "VALOR QUE ORA SE EMPENHA REFERENTE AO PAGAMENTO DE TARIFA BANCARIA, DEBITADA NA C/C Nº 7007-6-FUS, NO DIA 06/02/2025, CONFORME EXTRATO BANCARIO.",
  "valor_contratado": 12.0,
  "valor_realizado": 12.0,
  "valor_pago": 12.0
}