{
  "exercicio": 2025,
  "codigo_unidade_gestora": "201157",
  "codigo_unidade_orcamentaria": "02020",
  "nome_unidade_orcamentaria": "Secretaria de Administracao e Financas",
  "numero_empenho": "0000187",
  "data_empenho": "2025-01-30",
  "codigo_elemento": "47",
  "nome_elemento_despesa": "Obrigações Tributárias e Contributivas",
  "codigo_funcao": "28",
  "nome_funcao": "Encargos Especias",
  "codigo_sub_funcao": "845",
  "nome_sub_funcao": "Outras Transferências",
  "codigo_programa": "0001",
  "nome_programa": "PROGRAMAS ESPECIAIS",
  "codigo_acao": "0003",
  "nome_acao": "CONTRIBUICOES AO PASEP",
  "nome_credor": "BANCO DO BRASIL SA",
  "codigo_credor": "00000000280704",
  "historico": "VALOR QUE ORA SE EMPENHA REFERENTE AO PAGAMENTO PASEP, DEBITADO NA C/C Nº 2.145-8-FPM, NO DIA 30/01/2025, CONFORME EXTRATO BANCARIO.",
  "valor_contratado": 13835.28,
  "valor_realizado": 13835.28,
  "valor_pago": 13835.28
}