{
  "exercicio": 2025,
  "codigo_unidade_gestora": "201157",
  "codigo_unidade_orcamentaria": "02110",
  "nome_unidade_orcamentaria": "Fundo Municipal de Saude",
  "numero_empenho": "0000311",
  "data_empenho": "2025-02-06",
  "codigo_elemento": "30",
  "nome_elemento_despesa": "Material de Consumo",
  "codigo_funcao": "10",
  "nome_funcao": "Saúde",
  "codigo_sub_funcao": "302",
  "nome_sub_funcao": "Assistência Hospitalar e Ambulatorial",
  "codigo_programa": "1002",
  "nome_programa": "SAUDE ACOLHEDORA, INTEGRAL, RESOLUTIVA E CIDADA ESSE E MEU LUGAR",
  "codigo_acao": "2037",
  "nome_acao": "MANUTENCAO DO BLOCO DAS ACOES E SERVICOS PUBLICOS DE SAUDE-ATENCAO ESP",
  "nome_credor": "GERALDA LAYSA DE ARAUJO MONTEIRO",
  "codigo_credor": "28030626000160",
  "historico": "VALOR QUE ORA SE EMPENHA PARA ATENDER DESPESA COM A AQUISIÇÃO DE GENEROS ALIMENTICIOS DESTINADOS AOS PROFISSIONAIS  LOTADOS NA MANUTENÇAO DOS SERVIÇOS DE SAUDE",
  "valor_contratado": 5960.93,
  "valor_realizado": 5960.93,
  "valor_pago": 5960.93
}