{
  "exercicio": 2025,
  "codigo_unidade_gestora": "201157",
  "codigo_unidade_orcamentaria": "02080",
  "nome_unidade_orcamentaria": "Secretaria de Obras e Servicos Urbanos",
  "numero_empenho": "0000162",
  "data_empenho": "2025-01-29",
  "codigo_elemento": "39",
  "nome_elemento_despesa": "Outros Serviços de Terceiros - Pessoa Jurídica",
  "codigo_funcao": "15",
  "nome_funcao": "Urbanismo",
  "codigo_sub_funcao": "122",
  "nome_sub_funcao": "Administração Geral",
  "codigo_programa": "2002",
  "nome_programa": "ADMINISTRANDO COM O CUIDADO DO POVO ESSE E MEU LUGAR",
  "codigo_acao": "2028",
  "nome_acao": "MANUTENCAO DAS ATIVIDADES DA SECRETARIA DE OBRAS E SERVICOS URBANOS",
  "nome_credor": "SILVANO TRANSPORTES LDTA",
  "codigo_credor": "32593366000108",
  "historico": "VALOR QUE ORA SE EMPENHA PARA ATENDER DESPESA COM CONTRATAÇAO DE PRESTADOR DE SERVIÇOS  DE AGENTES DE LIMPEZA PUBLICA (03 UNIDADES) PARA ATUAREM  NOS CAMINHOES PRESTADORES DE SERVIÇO DE COLETA DE LIXO DOMICILIAR URBANO DE LAGOA DO MATO , PADRE CICERO E GIBAO DO MUN ICIPIO DE REMIGIO.",
  "valor_contratado": 10000.0,
  "valor_realizado": 10000.0,
  "valor_pago": 10000.0
}