{
  "exercicio": 2025,
  "codigo_unidade_gestora": "201157",
  "codigo_unidade_orcamentaria": "02080",
  "nome_unidade_orcamentaria": "Secretaria de Obras e Servicos Urbanos",
  "numero_empenho": "0000735",
  "data_empenho": "2025-02-26",
  "codigo_elemento": "39",
  "nome_elemento_despesa": "Outros Serviços de Terceiros - Pessoa Jurídica",
  "codigo_funcao": "15",
  "nome_funcao": "Urbanismo",
  "codigo_sub_funcao": "122",
  "nome_sub_funcao": "Administração Geral",
  "codigo_programa": "2002",
  "nome_programa": "ADMINISTRANDO COM O CUIDADO DO POVO ESSE E MEU LUGAR",
  "codigo_acao": "2028",
  "nome_acao": "MANUTENCAO DAS ATIVIDADES DA SECRETARIA DE OBRAS E SERVICOS URBANOS",
  "nome_credor": "ARNOBIO TEIXEIRA DE BRITO LYRA JUNIOR",
  "codigo_credor": "41201592000197",
  "historico": "VALOR QUE ORA SE EMPENHA PARA ATENDER DESPESA COM PRESTAÇÃO DE SERVIÇO DE AGENTES DE LIMPEZA PÚBLICA (3 UNIDADES), PARA ATUAREM NOS CAMINHÕES PRESTADORES DE SERVIÇO DE COLETA DE LIXO DOMICILIAR URBANO, NOS BAIRROS DE BELA VISTA, BAIXA VERDE E DISTRITO DE CEPILHO(ÁREA PERTENCENTE AO MUNICÍPIO DE REMÍGIO), DESTE MUNICIPIO, DURANTE O MÊS DE FEVEREIRO DE 2025.",
  "valor_contratado": 10000.0,
  "valor_realizado": 10000.0,
  "valor_pago": 10000.0
}