{
  "exercicio": 2025,
  "codigo_unidade_gestora": "201157",
  "codigo_unidade_orcamentaria": "02120",
  "nome_unidade_orcamentaria": "Secretaria de Cultura, Turismo e Desenvolvimento E",
  "numero_empenho": "0000031",
  "data_empenho": "2025-01-15",
  "codigo_elemento": "93",
  "nome_elemento_despesa": "Indenizações e Restituições",
  "codigo_funcao": "13",
  "nome_funcao": "Cultura",
  "codigo_sub_funcao": "392",
  "nome_sub_funcao": "Difusão Cultural",
  "codigo_programa": "1005",
  "nome_programa": "CULTURA VIVA E TURISMO INCLUSO E SUSTENTAVEL ESSE E MEU LUGAR",
  "codigo_acao": "2054",
  "nome_acao": "FORTALECIMENTO DO PATRIMONIO ARTISTICO E CULTURAL DO MUNICIPIO",
  "nome_credor": "MINISTERIO DA CULTURA",
  "codigo_credor": "01264142000129",
  "historico": "VALOR QUE ORA SE EMPENHA PARA ATENDER DESPESA COM A RESTITUIÇAO DE VALORES DA LEI ALDI BLANC",
  "valor_contratado": 2467.33,
  "valor_realizado": 2467.33,
  "valor_pago": 2467.33
}