{
  "exercicio": 2025,
  "codigo_unidade_gestora": "201157",
  "codigo_unidade_orcamentaria": "02050",
  "nome_unidade_orcamentaria": "Secretaria de Educacao",
  "numero_empenho": "0000471",
  "data_empenho": "2025-02-14",
  "codigo_elemento": "39",
  "nome_elemento_despesa": "Outros Serviços de Terceiros - Pessoa Jurídica",
  "codigo_funcao": "12",
  "nome_funcao": "Educação",
  "codigo_sub_funcao": "361",
  "nome_sub_funcao": "Ensino Fundamental",
  "codigo_programa": "1001",
  "nome_programa": "EDUCACAO CIDADA, INTEGRAL E PROFISSIONAL ESSE E MEU LUGAR",
  "codigo_acao": "2010",
  "nome_acao": "MANUTENCAO DAS ATIVIDADES DO ENSINO FUNDAMENTAL",
  "nome_credor": "BANCO DO BRASIL SA",
  "codigo_credor": "00000000280704",
  "historico": "VALOR QUE ORA SE EMPENHA REFERENTE AO PAGAMENTO DA TARIFA BANCARIA, DEBITADO NA C/C 9102-2-SA.EDUCACAO, NO DIA 14/02/2025, CONFORME EXTRATO BANCARIO.",
  "valor_contratado": 12.69,
  "valor_realizado": 12.69,
  "valor_pago": 12.69
}