{
  "exercicio": 2025,
  "codigo_unidade_gestora": "201157",
  "codigo_unidade_orcamentaria": "02110",
  "nome_unidade_orcamentaria": "Fundo Municipal de Saude",
  "numero_empenho": "0000249",
  "data_empenho": "2025-01-31",
  "codigo_elemento": "04",
  "nome_elemento_despesa": "Contratação por Tempo Determinado",
  "codigo_funcao": "10",
  "nome_funcao": "Saúde",
  "codigo_sub_funcao": "122",
  "nome_sub_funcao": "Administração Geral",
  "codigo_programa": "1002",
  "nome_programa": "SAUDE ACOLHEDORA, INTEGRAL, RESOLUTIVA E CIDADA ESSE E MEU LUGAR",
  "codigo_acao": "2058",
  "nome_acao": "MANUTENCAO DAS ACOES E SERVICOS PUBLICOS DE SAUDE – GESTAO DO SUS – PI",
  "nome_credor": "MUNICIPIO DE REMIGIO",
  "codigo_credor": "09048976000109",
  "historico": "VALOR QUE ORA SE EMPENHA PARA ATENDER DESPESA COM PAGAMENTO DA FOLHA, DOS PROFISSIONAIS DE SAUDE CONTRATADOS P/O CAPS (PISO DE  ENFERMAGEM), LOTADOS NA SECRETARIA DE SAUDE, REFERENTE AO MES DE JANEIRO DE 2025.",
  "valor_contratado": 4304.91,
  "valor_realizado": 4304.91,
  "valor_pago": 4304.91
}