{
  "exercicio": 2025,
  "codigo_unidade_gestora": "201157",
  "codigo_unidade_orcamentaria": "02090",
  "nome_unidade_orcamentaria": "Secretaria de Agricultura e Meio Ambiente",
  "numero_empenho": "0000398",
  "data_empenho": "2025-02-07",
  "codigo_elemento": "30",
  "nome_elemento_despesa": "Material de Consumo",
  "codigo_funcao": "20",
  "nome_funcao": "Agricultura",
  "codigo_sub_funcao": "122",
  "nome_sub_funcao": "Administração Geral",
  "codigo_programa": "2002",
  "nome_programa": "ADMINISTRANDO COM O CUIDADO DO POVO ESSE E MEU LUGAR",
  "codigo_acao": "2029",
  "nome_acao": "MANUTENCAO DAS ATIVIDADES DA SECRETARIA DE AGRICULTURA E MEIO AMBIENTE",
  "nome_credor": "CICERA DO SOCORRO DOS SANTOS BALBINO",
  "codigo_credor": "07590039000155",
  "historico": "VALOR QUE ORA SE EMPENHA PARA ATENDER DESPESA COM O CONSUMO DE COMBUSTIVEL (DIESEL S 500), DESTINADO AO VEICULO PA CARREGADEIRA , PERTENCENTE A SECRETARIA DE AGRICULTURA, DESTE MUNICIPIO.",
  "valor_contratado": 2118.36,
  "valor_realizado": 2118.36,
  "valor_pago": 2118.36
}