{
  "exercicio": 2025,
  "codigo_unidade_gestora": "201157",
  "codigo_unidade_orcamentaria": "02050",
  "nome_unidade_orcamentaria": "Secretaria de Educacao",
  "numero_empenho": "0000196",
  "data_empenho": "2025-01-30",
  "codigo_elemento": "47",
  "nome_elemento_despesa": "Obrigações Tributárias e Contributivas",
  "codigo_funcao": "12",
  "nome_funcao": "Educação",
  "codigo_sub_funcao": "361",
  "nome_sub_funcao": "Ensino Fundamental",
  "codigo_programa": "1001",
  "nome_programa": "EDUCACAO CIDADA, INTEGRAL E PROFISSIONAL ESSE E MEU LUGAR",
  "codigo_acao": "2014",
  "nome_acao": "MANUTENCAO DAS ATIVIDADES DO TRANSPORTE ESCOLAR",
  "nome_credor": "DEPARTAMENTO ESTADUAL DE TRANSITO",
  "codigo_credor": "09188376000146",
  "historico": "VALOR QUE ORA SE EMPENHA PARA ATENDER DESPESA COM LICENCIAMENTO 2025, DO VEICULO DE PLACA OFA-8A29/PB, PERTENCENTE A SECRETARIA DE EDUCACAO DESTE MUNICIPIO.",
  "valor_contratado": 205.14,
  "valor_realizado": 205.14,
  "valor_pago": 205.14
}