{
  "exercicio": 2025,
  "codigo_unidade_gestora": "201157",
  "codigo_unidade_orcamentaria": "02070",
  "nome_unidade_orcamentaria": "Secretaria de Desenvolvimento Social",
  "numero_empenho": "0000136",
  "data_empenho": "2025-01-28",
  "codigo_elemento": "11",
  "nome_elemento_despesa": "Vencimentos e Vantagens Fixas - Pessoal Civil",
  "codigo_funcao": "8",
  "nome_funcao": "Assistêncial Social",
  "codigo_sub_funcao": "243",
  "nome_sub_funcao": "Assistência à Criança e ao Adolescente",
  "codigo_programa": "1003",
  "nome_programa": "DESENVOLVIMENTO SOCIAL, POR MAIS CIDADANIA E DIREITOS ESSE E MEU LUGAR",
  "codigo_acao": "2026",
  "nome_acao": "MANUTENCAO DO CONSELHO TUTELAR",
  "nome_credor": "MUNICIPIO DE REMIGIO",
  "codigo_credor": "09048976000109",
  "historico": "VALOR QUE ORA SE EMPENHA PARA ATENDER DESPESA COM PAGAMENTO DA FOLHA, DOS CONSELHEIROS TUTELARES, LOTADOS NA SECRETARIA DE DESENVOLVIMENTO SOCIAL/FMAS, REFERENTE AO MES DE JANEIRO DE 2025.",
  "valor_contratado": 14120.0,
  "valor_realizado": 14120.0,
  "valor_pago": 14120.0
}