{
  "exercicio": 2025,
  "codigo_unidade_gestora": "201157",
  "codigo_unidade_orcamentaria": "02070",
  "nome_unidade_orcamentaria": "Secretaria de Desenvolvimento Social",
  "numero_empenho": "0000316",
  "data_empenho": "2025-02-06",
  "codigo_elemento": "39",
  "nome_elemento_despesa": "Outros Serviços de Terceiros - Pessoa Jurídica",
  "codigo_funcao": "8",
  "nome_funcao": "Assistêncial Social",
  "codigo_sub_funcao": "243",
  "nome_sub_funcao": "Assistência à Criança e ao Adolescente",
  "codigo_programa": "1003",
  "nome_programa": "DESENVOLVIMENTO SOCIAL, POR MAIS CIDADANIA E DIREITOS ESSE E MEU LUGAR",
  "codigo_acao": "2026",
  "nome_acao": "MANUTENCAO DO CONSELHO TUTELAR",
  "nome_credor": "OI S.A. - EM RECUPERACAO JUDICIAL",
  "codigo_credor": "76535764001972",
  "historico": "VALOR QUE ORA SE EMPENHA PARA ATENDER DESPESA COM A FATURA DA OI DO TELEFONE FIXO (83)3364-1833 PERTENCENTE AO CONSELHO MUNICIPAL DOS DIREITOS DAS CRIANÇA E DO ADOLESCENTES, DO MES DE JANEIRO, DESTE MUNICIPIO.",
  "valor_contratado": 70.49,
  "valor_realizado": 70.49,
  "valor_pago": 70.49
}