{
  "exercicio": 2025,
  "codigo_unidade_gestora": "201157",
  "codigo_unidade_orcamentaria": "02060",
  "nome_unidade_orcamentaria": "Secretaria de Transito",
  "numero_empenho": "0000392",
  "data_empenho": "2025-02-07",
  "codigo_elemento": "30",
  "nome_elemento_despesa": "Material de Consumo",
  "codigo_funcao": "26",
  "nome_funcao": "Transporte",
  "codigo_sub_funcao": "122",
  "nome_sub_funcao": "Administração Geral",
  "codigo_programa": "2002",
  "nome_programa": "ADMINISTRANDO COM O CUIDADO DO POVO ESSE E MEU LUGAR",
  "codigo_acao": "2024",
  "nome_acao": "MANUTENCAO DAS ATIVIDADES DA SECRETARIA DE TRANSITO",
  "nome_credor": "CICERA DO SOCORRO DOS SANTOS BALBINO",
  "codigo_credor": "07590039000155",
  "historico": "VALOR QUE ORA SE EMPENHA PARA ATENDER DESPESA COM O CONSUMO DE COMBUSTIVEL NO VEICULO MOTO XRE DE PLACA SKX 7A83 ,QUE PRESTA SERVIÇO JUNTO A SECRETARIA DE TRANSITO.",
  "valor_contratado": 180.04,
  "valor_realizado": 180.04,
  "valor_pago": 180.04
}