{
  "exercicio": 2025,
  "codigo_unidade_gestora": "201157",
  "codigo_unidade_orcamentaria": "02110",
  "nome_unidade_orcamentaria": "Fundo Municipal de Saude",
  "numero_empenho": "0000387",
  "data_empenho": "2025-02-07",
  "codigo_elemento": "30",
  "nome_elemento_despesa": "Material de Consumo",
  "codigo_funcao": "10",
  "nome_funcao": "Saúde",
  "codigo_sub_funcao": "302",
  "nome_sub_funcao": "Assistência Hospitalar e Ambulatorial",
  "codigo_programa": "1002",
  "nome_programa": "SAUDE ACOLHEDORA, INTEGRAL, RESOLUTIVA E CIDADA ESSE E MEU LUGAR",
  "codigo_acao": "2037",
  "nome_acao": "MANUTENCAO DO BLOCO DAS ACOES E SERVICOS PUBLICOS DE SAUDE-ATENCAO ESP",
  "nome_credor": "CICERA DO SOCORRO DOS SANTOS BALBINO",
  "codigo_credor": "07590039000155",
  "historico": "VALOR QUE ORA SE EMPENHA PARA ATENDER DESPESA COM O CONSUMO DE COMBUSTIVEL  DIESEL  NA AMBULANCIA SAMU DE PLACA GSF 2743",
  "valor_contratado": 969.06,
  "valor_realizado": 969.06,
  "valor_pago": 969.06
}