{
  "exercicio": 2025,
  "codigo_unidade_gestora": "201157",
  "codigo_unidade_orcamentaria": "02110",
  "nome_unidade_orcamentaria": "Fundo Municipal de Saude",
  "numero_empenho": "0000286",
  "data_empenho": "2025-02-03",
  "codigo_elemento": "39",
  "nome_elemento_despesa": "Outros Serviços de Terceiros - Pessoa Jurídica",
  "codigo_funcao": "10",
  "nome_funcao": "Saúde",
  "codigo_sub_funcao": "302",
  "nome_sub_funcao": "Assistência Hospitalar e Ambulatorial",
  "codigo_programa": "1002",
  "nome_programa": "SAUDE ACOLHEDORA, INTEGRAL, RESOLUTIVA E CIDADA ESSE E MEU LUGAR",
  "codigo_acao": "2037",
  "nome_acao": "MANUTENCAO DO BLOCO DAS ACOES E SERVICOS PUBLICOS DE SAUDE-ATENCAO ESP",
  "nome_credor": "N B DE OLIVEIRA",
  "codigo_credor": "55948914000170",
  "historico": "VALOR QUE ORA SE EMPENHA PARA ATENDER DESPESA COM SERVIÇOES DE 10 PLANTÕES MÉDICOS (05 PLANTÕES DE 12H E 05 PLANTÕES DE 24H) EM JANEIRO DE 2025, NO PRONTO ATENDIMENTO DESTE MUNICIPIO.",
  "valor_contratado": 15750.0,
  "valor_realizado": 15750.0,
  "valor_pago": 15750.0
}