{
  "exercicio": 2025,
  "codigo_unidade_gestora": "201157",
  "codigo_unidade_orcamentaria": "02010",
  "nome_unidade_orcamentaria": "Secretaria de Gestao",
  "numero_empenho": "0000027",
  "data_empenho": "2025-01-15",
  "codigo_elemento": "33",
  "nome_elemento_despesa": "Passagens e Despesas de Locomoção",
  "codigo_funcao": "4",
  "nome_funcao": "Administração",
  "codigo_sub_funcao": "122",
  "nome_sub_funcao": "Administração Geral",
  "codigo_programa": "2002",
  "nome_programa": "ADMINISTRANDO COM O CUIDADO DO POVO ESSE E MEU LUGAR",
  "codigo_acao": "2002",
  "nome_acao": "MANUTENCAO DAS ATIVIDADES DA SECRETARIA DE GESTAO",
  "nome_credor": "FILIPE XAVIER COSTA 08634447413",
  "codigo_credor": "45989528000173",
  "historico": "VALOR QUE ORA SE EMPENHA PARA ATENDER DESPESA COM O SERVIÇO DE AQUISIÇAO DE PASSAGENS DE IDA E VOLTA DO PREFEITO EM VIAGEM A BRASILIA .",
  "valor_contratado": 2968.58,
  "valor_realizado": 2968.58,
  "valor_pago": 2968.58
}