{
  "exercicio": 2025,
  "codigo_unidade_gestora": "201157",
  "codigo_unidade_orcamentaria": "02020",
  "nome_unidade_orcamentaria": "Secretaria de Administracao e Financas",
  "numero_empenho": "0000054",
  "data_empenho": "2025-01-20",
  "codigo_elemento": "40",
  "nome_elemento_despesa": "Serviços de tecnologia da informação e comunicação",
  "codigo_funcao": "4",
  "nome_funcao": "Administração",
  "codigo_sub_funcao": "122",
  "nome_sub_funcao": "Administração Geral",
  "codigo_programa": "2002",
  "nome_programa": "ADMINISTRANDO COM O CUIDADO DO POVO ESSE E MEU LUGAR",
  "codigo_acao": "2005",
  "nome_acao": "MANUTENCAO DA SECRETARIA DE ADMINISTRACAO E FINANCAS",
  "nome_credor": "MAXIMA SERVICOS EM TECNOLOGIA DA INFORMACAO LTDA",
  "codigo_credor": "24627421000105",
  "historico": "VALOR QUE ORA SE EMPENHA PARA ATENDER DESPESA COM O SERVIÇO DE LOCAÇAO , MANUTENÇAO E HOSPEDAGEM DE WEBSITE/PORTAL, COMPETENCIA JANEIRO /2025",
  "valor_contratado": 796.95,
  "valor_realizado": 796.95,
  "valor_pago": 796.95
}