{
  "exercicio": 2025,
  "codigo_unidade_gestora": "201157",
  "codigo_unidade_orcamentaria": "02110",
  "nome_unidade_orcamentaria": "Fundo Municipal de Saude",
  "numero_empenho": "0000124",
  "data_empenho": "2025-01-28",
  "codigo_elemento": "11",
  "nome_elemento_despesa": "Vencimentos e Vantagens Fixas - Pessoal Civil",
  "codigo_funcao": "10",
  "nome_funcao": "Saúde",
  "codigo_sub_funcao": "305",
  "nome_sub_funcao": "Vigilância Epidemiológica",
  "codigo_programa": "1002",
  "nome_programa": "SAUDE ACOLHEDORA, INTEGRAL, RESOLUTIVA E CIDADA ESSE E MEU LUGAR",
  "codigo_acao": "2036",
  "nome_acao": "MANUTENCAO DO BLOCO DAS ACOES E SERVICOS PUBLICOS DE SAUDE- VIGILANCIA",
  "nome_credor": "MUNICIPIO DE REMIGIO",
  "codigo_credor": "09048976000109",
  "historico": "VALOR QUE ORA SE EMPENHA PARA ATENDER DESPESA COM PAGAMENTO DA FOLHA, DOS AGENTES DE VIG.EPIDEMIOLOGICA/BLVGS, LOTADOS NA SECRETARIA DE SAUDE, REFERENTE AO MES DE JANEIRO DE 2025.",
  "valor_contratado": 47136.19,
  "valor_realizado": 47136.19,
  "valor_pago": 47136.19
}