{
  "exercicio": 2025,
  "codigo_unidade_gestora": "201157",
  "codigo_unidade_orcamentaria": "02120",
  "nome_unidade_orcamentaria": "Secretaria de Cultura, Turismo e Desenvolvimento E",
  "numero_empenho": "0000736",
  "data_empenho": "2025-02-26",
  "codigo_elemento": "11",
  "nome_elemento_despesa": "Vencimentos e Vantagens Fixas - Pessoal Civil",
  "codigo_funcao": "13",
  "nome_funcao": "Cultura",
  "codigo_sub_funcao": "122",
  "nome_sub_funcao": "Administração Geral",
  "codigo_programa": "1005",
  "nome_programa": "CULTURA VIVA E TURISMO INCLUSO E SUSTENTAVEL ESSE E MEU LUGAR",
  "codigo_acao": "2040",
  "nome_acao": "MANUTENCAO DAS ATIVIDADES DA  SECRETARIA DE CULTURA, TURISMO E DESENVO",
  "nome_credor": "MUNICIPIO DE REMIGIO",
  "codigo_credor": "09048976000109",
  "historico": "VALOR QUE ORA SE EMPENHA PARA ATENDER DESPESA COM PAGAMENTO DA FOLHA DOS SERVIDORES COMISSIONADOS, LOTADOS NA SECRETARIA DE CULTURA, TURISMO E DES.ECONOMICO, REFERENTE AO MES DE FEVEREIRO DE 2025.",
  "valor_contratado": 24036.0,
  "valor_realizado": 24036.0,
  "valor_pago": 24036.0
}