{
  "exercicio": 2025,
  "codigo_unidade_gestora": "201157",
  "codigo_unidade_orcamentaria": "02070",
  "nome_unidade_orcamentaria": "Secretaria de Desenvolvimento Social",
  "numero_empenho": "0000061",
  "data_empenho": "2025-01-20",
  "codigo_elemento": "39",
  "nome_elemento_despesa": "Outros Serviços de Terceiros - Pessoa Jurídica",
  "codigo_funcao": "8",
  "nome_funcao": "Assistêncial Social",
  "codigo_sub_funcao": "243",
  "nome_sub_funcao": "Assistência à Criança e ao Adolescente",
  "codigo_programa": "1003",
  "nome_programa": "DESENVOLVIMENTO SOCIAL, POR MAIS CIDADANIA E DIREITOS ESSE E MEU LUGAR",
  "codigo_acao": "2026",
  "nome_acao": "MANUTENCAO DO CONSELHO TUTELAR",
  "nome_credor": "ENERGISA PARAIBA - DISTRIBUIDORA DE ENERGIA S.A",
  "codigo_credor": "09095183000140",
  "historico": "VALOR QUE ORA SE EMPENHA PARA ATENDER DESPESA COM TARIFA DE ENERGIA ELETRICA DO IMOVEL ONDE  FUNCIONA O CONSELHO TUTELAR COM VENCIMENTO EM 27-01-2025",
  "valor_contratado": 127.79,
  "valor_realizado": 127.79,
  "valor_pago": 127.79
}