{
  "exercicio": 2025,
  "codigo_unidade_gestora": "201157",
  "codigo_unidade_orcamentaria": "02010",
  "nome_unidade_orcamentaria": "Secretaria de Gestao",
  "numero_empenho": "0000023",
  "data_empenho": "2025-01-13",
  "codigo_elemento": "39",
  "nome_elemento_despesa": "Outros Serviços de Terceiros - Pessoa Jurídica",
  "codigo_funcao": "4",
  "nome_funcao": "Administração",
  "codigo_sub_funcao": "122",
  "nome_sub_funcao": "Administração Geral",
  "codigo_programa": "2002",
  "nome_programa": "ADMINISTRANDO COM O CUIDADO DO POVO ESSE E MEU LUGAR",
  "codigo_acao": "2002",
  "nome_acao": "MANUTENCAO DAS ATIVIDADES DA SECRETARIA DE GESTAO",
  "nome_credor": "CONFIANCE SERVICOS DE CERTIFICACAO DIGITAL LTDA",
  "codigo_credor": "39654333000170",
  "historico": "VALOR QUE ORA SE EMPENHA PARA ATENDER DESPESA COM  O SERVIÇO DE 04 CERTIFICADOS DIGITAIS DE PESSOA  FISICA COM VALIDADE DE UM ANO",
  "valor_contratado": 630.0,
  "valor_realizado": 630.0,
  "valor_pago": 630.0
}