{
  "exercicio": 2025,
  "codigo_unidade_gestora": "201157",
  "codigo_unidade_orcamentaria": "02060",
  "nome_unidade_orcamentaria": "Secretaria de Transito",
  "numero_empenho": "0000739",
  "data_empenho": "2025-02-26",
  "codigo_elemento": "39",
  "nome_elemento_despesa": "Outros Serviços de Terceiros - Pessoa Jurídica",
  "codigo_funcao": "26",
  "nome_funcao": "Transporte",
  "codigo_sub_funcao": "122",
  "nome_sub_funcao": "Administração Geral",
  "codigo_programa": "2002",
  "nome_programa": "ADMINISTRANDO COM O CUIDADO DO POVO ESSE E MEU LUGAR",
  "codigo_acao": "2024",
  "nome_acao": "MANUTENCAO DAS ATIVIDADES DA SECRETARIA DE TRANSITO",
  "nome_credor": "ARNOBIO TEIXEIRA DE BRITO LYRA JUNIOR",
  "codigo_credor": "41201592000197",
  "historico": "VALOR QUE ORA SE EMPENHA PARA ATENDER DESPESA COM PRESTAÇÃO DE SERVIÇO DE  AJUDANTE DE PEDREIRO PARA AUXILIAR NO ASSENTAMENTO DE BLOCOS CERAMICOS , EXECUÇAO DE EBOCO NAS INSTALAÇOES DA SECRETARIA DE TRANSITO NO MUNICIPIO DE REMIGIO DURANTE O MES DE FEVEREIRO/2025",
  "valor_contratado": 1200.0,
  "valor_realizado": 1200.0,
  "valor_pago": 1200.0
}