{
  "exercicio": 2025,
  "codigo_unidade_gestora": "201157",
  "codigo_unidade_orcamentaria": "02110",
  "nome_unidade_orcamentaria": "Fundo Municipal de Saude",
  "numero_empenho": "0000456",
  "data_empenho": "2025-02-14",
  "codigo_elemento": "30",
  "nome_elemento_despesa": "Material de Consumo",
  "codigo_funcao": "10",
  "nome_funcao": "Saúde",
  "codigo_sub_funcao": "301",
  "nome_sub_funcao": "Atenção Básica",
  "codigo_programa": "1002",
  "nome_programa": "SAUDE ACOLHEDORA, INTEGRAL, RESOLUTIVA E CIDADA ESSE E MEU LUGAR",
  "codigo_acao": "2035",
  "nome_acao": "MANUTENCAO DO BLOCO DAS ACOES E SERVICOS PUBLICOS DE SAUDE- ATENCAO PR",
  "nome_credor": "IDEAL PNEUS PEÇAS E SERVIÇOS LTDA",
  "codigo_credor": "17711924000107",
  "historico": "VALOR QUE ORA SE EMPENHA PARA ATENDER DESPESA COM A AQUISIÇAO DE PNEUS DESTINADOS A MANUTENÇAO DA FROTA DE VEICULOS DA MANUTENÇAO DOS SERVIÇOS DE SAUDE.",
  "valor_contratado": 14000.0,
  "valor_realizado": 14000.0,
  "valor_pago": 14000.0
}