{
  "exercicio": 2025,
  "codigo_unidade_gestora": "201157",
  "codigo_unidade_orcamentaria": "02030",
  "nome_unidade_orcamentaria": "Procuradoria-Geral de Remigio",
  "numero_empenho": "0000207",
  "data_empenho": "2025-01-30",
  "codigo_elemento": "35",
  "nome_elemento_despesa": "Serviços de Consultoria",
  "codigo_funcao": "4",
  "nome_funcao": "Administração",
  "codigo_sub_funcao": "122",
  "nome_sub_funcao": "Administração Geral",
  "codigo_programa": "2002",
  "nome_programa": "ADMINISTRANDO COM O CUIDADO DO POVO ESSE E MEU LUGAR",
  "codigo_acao": "2007",
  "nome_acao": "MANUTENCAO DA PROCURADORIA GERAL DO MUNICIPIO",
  "nome_credor": "PAULO ITALO DE OLIVEIRA VILAR SOCIEDADE INDIVIDUAL DE ADVOCACIA",
  "codigo_credor": "26805761000104",
  "historico": "VALOR QUE ORA SE EMPENHA PARA ATENDER DESPESA COM O SERVIÇOS JURIDICOS DE CONSULTORIA",
  "valor_contratado": 4000.0,
  "valor_realizado": 4000.0,
  "valor_pago": 4000.0
}