{
  "exercicio": 2025,
  "codigo_unidade_gestora": "201157",
  "codigo_unidade_orcamentaria": "02070",
  "nome_unidade_orcamentaria": "Secretaria de Desenvolvimento Social",
  "numero_empenho": "0000429",
  "data_empenho": "2025-02-11",
  "codigo_elemento": "39",
  "nome_elemento_despesa": "Outros Serviços de Terceiros - Pessoa Jurídica",
  "codigo_funcao": "8",
  "nome_funcao": "Assistêncial Social",
  "codigo_sub_funcao": "122",
  "nome_sub_funcao": "Administração Geral",
  "codigo_programa": "1003",
  "nome_programa": "DESENVOLVIMENTO SOCIAL, POR MAIS CIDADANIA E DIREITOS ESSE E MEU LUGAR",
  "codigo_acao": "2025",
  "nome_acao": "MANUTENCAO DAS ATIVIDADES DA SECRETARIA DE DESENVOLVIMENTO SOCIAL",
  "nome_credor": "PEDRO TORQUATO DA SILVA-ME",
  "codigo_credor": "22371960000109",
  "historico": "VALOR QUE ORA SE EMPENHA PARA ATENDER DESPESA COM SERVIÇOS DE DE RECAUCHUTAVEM OU REGENARAÇAO DE PNEUS DA SECRETARIA ACAO SOCIAL PLACA RLX 0019",
  "valor_contratado": 50.0,
  "valor_realizado": 50.0,
  "valor_pago": 50.0
}