{
  "exercicio": 2025,
  "codigo_unidade_gestora": "201157",
  "codigo_unidade_orcamentaria": "02050",
  "nome_unidade_orcamentaria": "Secretaria de Educacao",
  "numero_empenho": "0000266",
  "data_empenho": "2025-01-31",
  "codigo_elemento": "11",
  "nome_elemento_despesa": "Vencimentos e Vantagens Fixas - Pessoal Civil",
  "codigo_funcao": "12",
  "nome_funcao": "Educação",
  "codigo_sub_funcao": "361",
  "nome_sub_funcao": "Ensino Fundamental",
  "codigo_programa": "1001",
  "nome_programa": "EDUCACAO CIDADA, INTEGRAL E PROFISSIONAL ESSE E MEU LUGAR",
  "codigo_acao": "2010",
  "nome_acao": "MANUTENCAO DAS ATIVIDADES DO ENSINO FUNDAMENTAL",
  "nome_credor": "MUNICIPIO DE REMIGIO",
  "codigo_credor": "09048976000109",
  "historico": "VALOR QUE ORA SE EMPENHA PARA ATENDER DESPESA COM PAGAMENTO DA FOLHA COMPLEMENTAR, DO SERVIDOR EFETIVO, LOTADO NA SECRETARIA DE EDUCACAO, REFERENTE AO MES DE JANEIRO DE 2025.",
  "valor_contratado": 0.0,
  "valor_realizado": 0.0,
  "valor_pago": 0.0
}