{
  "exercicio": 2025,
  "codigo_unidade_gestora": "201157",
  "codigo_unidade_orcamentaria": "02040",
  "nome_unidade_orcamentaria": "Secretaria de Saude",
  "numero_empenho": "0000327",
  "data_empenho": "2025-02-06",
  "codigo_elemento": "32",
  "nome_elemento_despesa": "Material, Bem ou Serviço para Distribuição Gratuita",
  "codigo_funcao": "10",
  "nome_funcao": "Saúde",
  "codigo_sub_funcao": "301",
  "nome_sub_funcao": "Atenção Básica",
  "codigo_programa": "2002",
  "nome_programa": "ADMINISTRANDO COM O CUIDADO DO POVO ESSE E MEU LUGAR",
  "codigo_acao": "2009",
  "nome_acao": "MANUTENCAO DAS ATIVIDADES DA  SECRETARIA DE SAUDE",
  "nome_credor": "DROGARIA DROGAVISTA LTDA",
  "codigo_credor": "00958548000220",
  "historico": "VALOR QUE ORA SE EMPENHA PARA ATENDER DESPESA COM  A AQUISICÃO DE LEITE DESTINADOS A DISTRIBUIÇAO GRATUITA, CONFORME DECISAO JUDICIAL",
  "valor_contratado": 11401.59,
  "valor_realizado": 11401.59,
  "valor_pago": 11401.59
}