{
  "exercicio": 2025,
  "codigo_unidade_gestora": "201157",
  "codigo_unidade_orcamentaria": "02120",
  "nome_unidade_orcamentaria": "Secretaria de Cultura, Turismo e Desenvolvimento E",
  "numero_empenho": "0000743",
  "data_empenho": "2025-02-26",
  "codigo_elemento": "48",
  "nome_elemento_despesa": "Outros Auxílios Financeiros a Pessoas Físicas",
  "codigo_funcao": "13",
  "nome_funcao": "Cultura",
  "codigo_sub_funcao": "392",
  "nome_sub_funcao": "Difusão Cultural",
  "codigo_programa": "1005",
  "nome_programa": "CULTURA VIVA E TURISMO INCLUSO E SUSTENTAVEL ESSE E MEU LUGAR",
  "codigo_acao": "2041",
  "nome_acao": "PROMOCAO DE EVENTOS SOCIAIS E CULTURAIS",
  "nome_credor": "DIAGO MARENILSON OLIVEIRA BATISTA DA SILVA",
  "codigo_credor": "00009622377440",
  "historico": "VALOR QUE ORA SE EMPENHA PARA ATENDER DESPESA COM APOIO FINANCEIRO CULTURAL, DO BLOCO \" VAI QUEM QUER\", QUE PARTICIPARÁ DAS ATIVIDADES CARNEVALESCAS 2025, DESTE MUNICÍPIO.",
  "valor_contratado": 1800.0,
  "valor_realizado": 1800.0,
  "valor_pago": 1800.0
}