{
  "exercicio": 2025,
  "codigo_unidade_gestora": "201157",
  "codigo_unidade_orcamentaria": "02090",
  "nome_unidade_orcamentaria": "Secretaria de Agricultura e Meio Ambiente",
  "numero_empenho": "0000229",
  "data_empenho": "2025-01-31",
  "codigo_elemento": "11",
  "nome_elemento_despesa": "Vencimentos e Vantagens Fixas - Pessoal Civil",
  "codigo_funcao": "20",
  "nome_funcao": "Agricultura",
  "codigo_sub_funcao": "122",
  "nome_sub_funcao": "Administração Geral",
  "codigo_programa": "2002",
  "nome_programa": "ADMINISTRANDO COM O CUIDADO DO POVO ESSE E MEU LUGAR",
  "codigo_acao": "2029",
  "nome_acao": "MANUTENCAO DAS ATIVIDADES DA SECRETARIA DE AGRICULTURA E MEIO AMBIENTE",
  "nome_credor": "MUNICIPIO DE REMIGIO",
  "codigo_credor": "09048976000109",
  "historico": "VALOR QUE ORA SE EMPENHA PARA ATENDER DESPESA COM PAGAMENTO DA FOLHA, DOS SERVIDORES COMISSIONADOS, LOTADOS NA SECRETARIA DE AGRICULTURA E MEIO AMBIENTE, REFERENTE AO MES DE JANEIRO DE 2025.",
  "valor_contratado": 28018.0,
  "valor_realizado": 28018.0,
  "valor_pago": 28018.0
}