{
  "exercicio": 2025,
  "codigo_unidade_gestora": "201157",
  "codigo_unidade_orcamentaria": "02070",
  "nome_unidade_orcamentaria": "Secretaria de Desenvolvimento Social",
  "numero_empenho": "0000233",
  "data_empenho": "2025-01-31",
  "codigo_elemento": "04",
  "nome_elemento_despesa": "Contratação por Tempo Determinado",
  "codigo_funcao": "8",
  "nome_funcao": "Assistêncial Social",
  "codigo_sub_funcao": "122",
  "nome_sub_funcao": "Administração Geral",
  "codigo_programa": "1003",
  "nome_programa": "DESENVOLVIMENTO SOCIAL, POR MAIS CIDADANIA E DIREITOS ESSE E MEU LUGAR",
  "codigo_acao": "2025",
  "nome_acao": "MANUTENCAO DAS ATIVIDADES DA SECRETARIA DE DESENVOLVIMENTO SOCIAL",
  "nome_credor": "MUNICIPIO DE REMIGIO",
  "codigo_credor": "09048976000109",
  "historico": "VALOR QUE ORA SE EMPENHA PARA ATENDER DESPESA COM PAGAMENTO DA FOLHA, DOS SERVIDORES CONTRATADOS, LOTADO NA SECRETARIA DE DESENVOLVIMENTO SOCIAL, REFERENTE AO MES DE JANEIRO DE 2025.",
  "valor_contratado": 17475.0,
  "valor_realizado": 17475.0,
  "valor_pago": 17475.0
}