{
  "exercicio": 2025,
  "codigo_unidade_gestora": "201157",
  "codigo_unidade_orcamentaria": "02050",
  "nome_unidade_orcamentaria": "Secretaria de Educacao",
  "numero_empenho": "0000058",
  "data_empenho": "2025-01-20",
  "codigo_elemento": "39",
  "nome_elemento_despesa": "Outros Serviços de Terceiros - Pessoa Jurídica",
  "codigo_funcao": "12",
  "nome_funcao": "Educação",
  "codigo_sub_funcao": "365",
  "nome_sub_funcao": "Educação Infantil",
  "codigo_programa": "1001",
  "nome_programa": "EDUCACAO CIDADA, INTEGRAL E PROFISSIONAL ESSE E MEU LUGAR",
  "codigo_acao": "2015",
  "nome_acao": "MANUTENCAO DAS ATIVIDADES DO ENSINO INFANTIL",
  "nome_credor": "COMPANHIA DE AGUA E ESGOTOS DA PARAIBA CAGEPA",
  "codigo_credor": "09123654000187",
  "historico": "VALOR QUE ORA SE EMPENHA PARA ATENDER DESPESA COM CONSUMO DE AGUA E SERVIÇO DA MANUTENÇAO DAS ATIVIDADES  DA CRECHE TIA TIDA , REFERENTE AO MES DE JANEIRO/2025",
  "valor_contratado": 103.12,
  "valor_realizado": 103.12,
  "valor_pago": 103.12
}