{
  "exercicio": 2025,
  "codigo_unidade_gestora": "201157",
  "codigo_unidade_orcamentaria": "02040",
  "nome_unidade_orcamentaria": "Secretaria de Saude",
  "numero_empenho": "0000180",
  "data_empenho": "2025-01-29",
  "codigo_elemento": "39",
  "nome_elemento_despesa": "Outros Serviços de Terceiros - Pessoa Jurídica",
  "codigo_funcao": "10",
  "nome_funcao": "Saúde",
  "codigo_sub_funcao": "301",
  "nome_sub_funcao": "Atenção Básica",
  "codigo_programa": "2002",
  "nome_programa": "ADMINISTRANDO COM O CUIDADO DO POVO ESSE E MEU LUGAR",
  "codigo_acao": "2009",
  "nome_acao": "MANUTENCAO DAS ATIVIDADES DA  SECRETARIA DE SAUDE",
  "nome_credor": "SILVANO TRANSPORTES LDTA",
  "codigo_credor": "32593366000108",
  "historico": "VALOR QUE ORA SE EMPENHA PARA ATENDER DESPESA COM PRESTAÇAO DE SERVIÇO DE ELETRICISTA PARA ATUAREM NA MANUTENÇAO,INSTALAÇAO E ADEQUAÇAO DA REDE ELETRICA NOS PREDIOS PUBLICOS E LOCADOS SOBRE A ADMINISTRAÇAO DA SECRETARIA DE SAUDE.",
  "valor_contratado": 2400.0,
  "valor_realizado": 2400.0,
  "valor_pago": 2400.0
}