{
  "exercicio": 2025,
  "codigo_unidade_gestora": "201157",
  "codigo_unidade_orcamentaria": "02050",
  "nome_unidade_orcamentaria": "Secretaria de Educacao",
  "numero_empenho": "0000466",
  "data_empenho": "2025-02-14",
  "codigo_elemento": "36",
  "nome_elemento_despesa": "Outros Serviços de Terceiros - Pessoa Física",
  "codigo_funcao": "12",
  "nome_funcao": "Educação",
  "codigo_sub_funcao": "361",
  "nome_sub_funcao": "Ensino Fundamental",
  "codigo_programa": "1001",
  "nome_programa": "EDUCACAO CIDADA, INTEGRAL E PROFISSIONAL ESSE E MEU LUGAR",
  "codigo_acao": "2010",
  "nome_acao": "MANUTENCAO DAS ATIVIDADES DO ENSINO FUNDAMENTAL",
  "nome_credor": "MARIANA DOS SANTOS SILVA",
  "codigo_credor": "00012305797451",
  "historico": "VALOR QUE ORA SE EMPENHA PARA ATENDER DESPESA COM OS SERVIÇOS DE ORNAMENTAÇAO DO GINASIO  PARA O ENCONTRO DE PROFISSIONAIS DA EDUCAÇAO DA REDE MUNCIPAL DE ENSINO",
  "valor_contratado": 1900.0,
  "valor_realizado": 1900.0,
  "valor_pago": 1900.0
}