{
  "exercicio": 2025,
  "codigo_unidade_gestora": "201157",
  "codigo_unidade_orcamentaria": "02010",
  "nome_unidade_orcamentaria": "Secretaria de Gestao",
  "numero_empenho": "0000204",
  "data_empenho": "2025-01-30",
  "codigo_elemento": "14",
  "nome_elemento_despesa": "Diárias - Civil",
  "codigo_funcao": "4",
  "nome_funcao": "Administração",
  "codigo_sub_funcao": "122",
  "nome_sub_funcao": "Administração Geral",
  "codigo_programa": "2002",
  "nome_programa": "ADMINISTRANDO COM O CUIDADO DO POVO ESSE E MEU LUGAR",
  "codigo_acao": "2004",
  "nome_acao": "MANUTENCAO DAS ATIVIDADES DA SECRETARIA EXECUTIVA DE GABINETE",
  "nome_credor": "LUIS CLAUDIO REGIS MARINHO",
  "codigo_credor": "00046733973472",
  "historico": "VALOR QUE ORA SE EMPENHA PARA ATENDER DESPESA  COM DIARIA EM VIAGEM A BRASILIA  NO PERIODO DE 01 A 05 DE FEVEREIRO COM A FINALIDADE DE REQUERER JUNTOS AOS ORGAOS FEDERAIS RECURSOS PARA ATENDER AS DEMANDAS DO MUNICIPIO",
  "valor_contratado": 2600.0,
  "valor_realizado": 2600.0,
  "valor_pago": 2600.0
}