{
  "exercicio": 2025,
  "codigo_unidade_gestora": "201157",
  "codigo_unidade_orcamentaria": "02030",
  "nome_unidade_orcamentaria": "Procuradoria-Geral de Remigio",
  "numero_empenho": "0000273",
  "data_empenho": "2025-01-31",
  "codigo_elemento": "91",
  "nome_elemento_despesa": "Sentenças Judiciais",
  "codigo_funcao": "28",
  "nome_funcao": "Encargos Especias",
  "codigo_sub_funcao": "62",
  "nome_sub_funcao": "Defesa do Interesse Público no Processo Judiciário",
  "codigo_programa": "0001",
  "nome_programa": "PROGRAMAS ESPECIAIS",
  "codigo_acao": "0004",
  "nome_acao": "COMPROMISSOS DECORRENTES DE SENTENCAS JUDICIAIS (PRECATORIOS E OUTROS)",
  "nome_credor": "JOAO PESSOA TRIBUNAL DE JUSTICA DO ESTADO DA PARAIBA",
  "codigo_credor": "09283185000163",
  "historico": "VALOR QUE ORA SE EMPENHA PARA ATENDER DESPESA COM APORTE PARA PAGAMENTO DO RPV, DESTE MUNICIPIO, NO DIA 27/01/2025, CONFORME EXTRATO BANCARIO.",
  "valor_contratado": 1802.85,
  "valor_realizado": 1802.85,
  "valor_pago": 1802.85
}