{
  "exercicio": 2025,
  "codigo_unidade_gestora": "201157",
  "codigo_unidade_orcamentaria": "02110",
  "nome_unidade_orcamentaria": "Fundo Municipal de Saude",
  "numero_empenho": "0000007",
  "data_empenho": "2025-01-03",
  "codigo_elemento": "39",
  "nome_elemento_despesa": "Outros Serviços de Terceiros - Pessoa Jurídica",
  "codigo_funcao": "10",
  "nome_funcao": "Saúde",
  "codigo_sub_funcao": "302",
  "nome_sub_funcao": "Assistência Hospitalar e Ambulatorial",
  "codigo_programa": "1002",
  "nome_programa": "SAUDE ACOLHEDORA, INTEGRAL, RESOLUTIVA E CIDADA ESSE E MEU LUGAR",
  "codigo_acao": "2037",
  "nome_acao": "MANUTENCAO DO BLOCO DAS ACOES E SERVICOS PUBLICOS DE SAUDE-ATENCAO ESP",
  "nome_credor": "CARDIO IMAGEM SERVICO DE DIAGNOSTICOS POR IMAGEM LTDA",
  "codigo_credor": "02674275000136",
  "historico": "VALOR QUE ORA SE EMPENHA PARA ATENDER DESPESA COM O COMPLMENTO PARA REALIZAÇAO DE CATETERISMO CARDIACO DO PACIENTE DIASSIS VICENTE DO NASCIMENTO.",
  "valor_contratado": 600.0,
  "valor_realizado": 600.0,
  "valor_pago": 600.0
}