{
  "exercicio": 2025,
  "codigo_unidade_gestora": "201157",
  "codigo_unidade_orcamentaria": "02080",
  "nome_unidade_orcamentaria": "Secretaria de Obras e Servicos Urbanos",
  "numero_empenho": "0000444",
  "data_empenho": "2025-02-13",
  "codigo_elemento": "39",
  "nome_elemento_despesa": "Outros Serviços de Terceiros - Pessoa Jurídica",
  "codigo_funcao": "15",
  "nome_funcao": "Urbanismo",
  "codigo_sub_funcao": "122",
  "nome_sub_funcao": "Administração Geral",
  "codigo_programa": "2002",
  "nome_programa": "ADMINISTRANDO COM O CUIDADO DO POVO ESSE E MEU LUGAR",
  "codigo_acao": "2028",
  "nome_acao": "MANUTENCAO DAS ATIVIDADES DA SECRETARIA DE OBRAS E SERVICOS URBANOS",
  "nome_credor": "ANTONIO VICTOR FIDELIS DA SILVA 13293654452",
  "codigo_credor": "41453749000171",
  "historico": "VALOR QUE ORA SE EMPENHA PARA ATENDER DESPESA COM OS SERVIÇOS DE LAVAGEM E HIGIENIZALAI DIS VEICULOS FIAT STRADA, PLACA KJW-8231, IVECICOMPACTADOR M PLACA SKX 4C7A, LOTADOS NA SECRETARIA DE OBRAS DESTE MUNICIPIO.",
  "valor_contratado": 300.0,
  "valor_realizado": 300.0,
  "valor_pago": 300.0
}