{
  "exercicio": 2025,
  "codigo_unidade_gestora": "201157",
  "codigo_unidade_orcamentaria": "02020",
  "nome_unidade_orcamentaria": "Secretaria de Administracao e Financas",
  "numero_empenho": "0000144",
  "data_empenho": "2025-01-28",
  "codigo_elemento": "39",
  "nome_elemento_despesa": "Outros Serviços de Terceiros - Pessoa Jurídica",
  "codigo_funcao": "4",
  "nome_funcao": "Administração",
  "codigo_sub_funcao": "122",
  "nome_sub_funcao": "Administração Geral",
  "codigo_programa": "2002",
  "nome_programa": "ADMINISTRANDO COM O CUIDADO DO POVO ESSE E MEU LUGAR",
  "codigo_acao": "2005",
  "nome_acao": "MANUTENCAO DA SECRETARIA DE ADMINISTRACAO E FINANCAS",
  "nome_credor": "CAIXA ECONOMICA FEDERAL",
  "codigo_credor": "00360305000104",
  "historico": "VALOR QUE ORA SE EMPENHA PARA ATENDER DESPESA COM TARIFA BANCARIA, DEBITADA NA C/C Nº 252-0-FOPAG TEMP, NNO DIA 03/01/2025.",
  "valor_contratado": 0.0,
  "valor_realizado": 0.0,
  "valor_pago": 0.0
}