{
  "exercicio": 2025,
  "codigo_unidade_gestora": "201157",
  "codigo_unidade_orcamentaria": "02040",
  "nome_unidade_orcamentaria": "Secretaria de Saude",
  "numero_empenho": "0000354",
  "data_empenho": "2025-02-07",
  "codigo_elemento": "39",
  "nome_elemento_despesa": "Outros Serviços de Terceiros - Pessoa Jurídica",
  "codigo_funcao": "10",
  "nome_funcao": "Saúde",
  "codigo_sub_funcao": "301",
  "nome_sub_funcao": "Atenção Básica",
  "codigo_programa": "2002",
  "nome_programa": "ADMINISTRANDO COM O CUIDADO DO POVO ESSE E MEU LUGAR",
  "codigo_acao": "2009",
  "nome_acao": "MANUTENCAO DAS ATIVIDADES DA  SECRETARIA DE SAUDE",
  "nome_credor": "ROSSANA MAGNA LIMA DIAS 84067683472",
  "codigo_credor": "34173694000180",
  "historico": "VALOR QUE ORA SE EMPENHA PARA ATENDER DESPESA COM O ALUGUEL DE 27 CONJUNTOS DE MESAS, 04 MESAS,10 CADEIRAS E 04 TENDAS, PARA A REALIZAÇÃO DO ENVENTO, JANEIRO BRANCO, NESTE MUNICIPIO.",
  "valor_contratado": 546.0,
  "valor_realizado": 546.0,
  "valor_pago": 546.0
}