{
  "exercicio": 2025,
  "codigo_unidade_gestora": "201157",
  "codigo_unidade_orcamentaria": "02020",
  "nome_unidade_orcamentaria": "Secretaria de Administracao e Financas",
  "numero_empenho": "0000434",
  "data_empenho": "2025-02-12",
  "codigo_elemento": "71",
  "nome_elemento_despesa": "Principal da Dívida Contratual Resgatado",
  "codigo_funcao": "28",
  "nome_funcao": "Encargos Especias",
  "codigo_sub_funcao": "843",
  "nome_sub_funcao": "Serviço da Dívida Interna",
  "codigo_programa": "0001",
  "nome_programa": "PROGRAMAS ESPECIAIS",
  "codigo_acao": "0002",
  "nome_acao": "AMORTIZACAO E ENCARGOS DA DIVIDA COM O  IPSER",
  "nome_credor": "IPSER/FOLHA DE PAGAMENTO/SAL.FAMILIA",
  "codigo_credor": "70097811000138",
  "historico": "VALOR QUE ORA SE EMPENHA REFERENTE AO PARCELAMENTO DESTA EDILIDADE JUNTO AO IPSER, Nº 00644/2022, PARCELA 032/240, CONFORME COMPROVANTE EM ANEXO.",
  "valor_contratado": 5436.43,
  "valor_realizado": 5436.43,
  "valor_pago": 5436.43
}