{
  "exercicio": 2025,
  "codigo_unidade_gestora": "201157",
  "codigo_unidade_orcamentaria": "02140",
  "nome_unidade_orcamentaria": "Fundo Municipal de Assistencia Social",
  "numero_empenho": "0000189",
  "data_empenho": "2025-01-30",
  "codigo_elemento": "32",
  "nome_elemento_despesa": "Material, Bem ou Serviço para Distribuição Gratuita",
  "codigo_funcao": "8",
  "nome_funcao": "Assistêncial Social",
  "codigo_sub_funcao": "244",
  "nome_sub_funcao": "Assistência Comunitária",
  "codigo_programa": "1003",
  "nome_programa": "DESENVOLVIMENTO SOCIAL, POR MAIS CIDADANIA E DIREITOS ESSE E MEU LUGAR",
  "codigo_acao": "2049",
  "nome_acao": "GESTAO DE BENEFICIOS EVENTUAIS",
  "nome_credor": "FELIX GABRIEL LTDA",
  "codigo_credor": "01787294000106",
  "historico": "VALOR QUE ORA SE EMPENHA PARA ATENDER DESPESA COM SERVIÇO  FUNERARIO COMPLETO DA FALECIDA MARIA DA PENHA DE SOUZA SANTOS",
  "valor_contratado": 2000.0,
  "valor_realizado": 2000.0,
  "valor_pago": 2000.0
}