{
  "exercicio": 2025,
  "codigo_unidade_gestora": "201157",
  "codigo_unidade_orcamentaria": "02040",
  "nome_unidade_orcamentaria": "Secretaria de Saude",
  "numero_empenho": "0000445",
  "data_empenho": "2025-02-13",
  "codigo_elemento": "91",
  "nome_elemento_despesa": "Sentenças Judiciais",
  "codigo_funcao": "10",
  "nome_funcao": "Saúde",
  "codigo_sub_funcao": "301",
  "nome_sub_funcao": "Atenção Básica",
  "codigo_programa": "2002",
  "nome_programa": "ADMINISTRANDO COM O CUIDADO DO POVO ESSE E MEU LUGAR",
  "codigo_acao": "2009",
  "nome_acao": "MANUTENCAO DAS ATIVIDADES DA  SECRETARIA DE SAUDE",
  "nome_credor": "ADELANIA CERISE DA SILVA DIAS",
  "codigo_credor": "00007864997457",
  "historico": "VALOR QUE ORA SE EMPENHA PARA ATENDER DESPESA COM O SERVIÇOS DE FISIOTERAPIA PELVICA NECESSARIO PARA CUMPRIR DEMANDA JUDICIAIS DE Nº 0800978-77.2022.8.15.0551, MARIA VITORIA BALBINO SANTOS, REALIZOU 06 SESSOES SENDO 02 SESSOES NO MES DE JANEIRO/2025, CONFORME DOCUMENTOS EM ANEXO.",
  "valor_contratado": 960.0,
  "valor_realizado": 960.0,
  "valor_pago": 960.0
}