{
  "exercicio": 2025,
  "codigo_unidade_gestora": "201157",
  "codigo_unidade_orcamentaria": "02020",
  "nome_unidade_orcamentaria": "Secretaria de Administracao e Financas",
  "numero_empenho": "0000420",
  "data_empenho": "2025-02-11",
  "codigo_elemento": "40",
  "nome_elemento_despesa": "Serviços de tecnologia da informação e comunicação",
  "codigo_funcao": "4",
  "nome_funcao": "Administração",
  "codigo_sub_funcao": "122",
  "nome_sub_funcao": "Administração Geral",
  "codigo_programa": "2002",
  "nome_programa": "ADMINISTRANDO COM O CUIDADO DO POVO ESSE E MEU LUGAR",
  "codigo_acao": "2006",
  "nome_acao": "ADEQUACAO, GERENCIAMENTO E MANUTENCAO SIAFIC",
  "nome_credor": "PUBLIC SOFTWARE INFORMATICA LTDA",
  "codigo_credor": "07553129000176",
  "historico": "VALOR QUE ORA SE EMPENHA PARA ATENDER DESPESA COM  LICENCIAMENTO DE DIREITO DE USO DE PROGRAMAS DE COMPUTAÇAO,COMPETENCIA JANEIRO/2025",
  "valor_contratado": 0.0,
  "valor_realizado": 0.0,
  "valor_pago": 0.0
}