{
  "exercicio": 2025,
  "codigo_unidade_gestora": "201157",
  "codigo_unidade_orcamentaria": "02130",
  "nome_unidade_orcamentaria": "Secretaria de Esporte e Lazer",
  "numero_empenho": "0000063",
  "data_empenho": "2025-01-21",
  "codigo_elemento": "39",
  "nome_elemento_despesa": "Outros Serviços de Terceiros - Pessoa Jurídica",
  "codigo_funcao": "27",
  "nome_funcao": "Desporto e Lazer",
  "codigo_sub_funcao": "122",
  "nome_sub_funcao": "Administração Geral",
  "codigo_programa": "1005",
  "nome_programa": "CULTURA VIVA E TURISMO INCLUSO E SUSTENTAVEL ESSE E MEU LUGAR",
  "codigo_acao": "2043",
  "nome_acao": "MANUTENCAO DAS ATIVIDADES DA SECRETARIA DE ESPORTE E LAZER",
  "nome_credor": "ENERGISA PARAIBA - DISTRIBUIDORA DE ENERGIA S.A",
  "codigo_credor": "09095183000140",
  "historico": "VALOR QUE ORA SE EMPENHA PARA ATENDER DESPESA COM TARIFA DE ENERGIA ELETRICA DO GINASIO DE ESPORTES E ESTADIO MUNICIPAL, DEBITADO NA C/C 8.100-0-ICMS-REPASSE, NO DIA 21/01/2025, CONFORME EXTRATO BANCARIO EM ANEXO.",
  "valor_contratado": 1404.71,
  "valor_realizado": 1404.71,
  "valor_pago": 1404.71
}