{
  "exercicio": 2025,
  "codigo_unidade_gestora": "201157",
  "codigo_unidade_orcamentaria": "02010",
  "nome_unidade_orcamentaria": "Secretaria de Gestao",
  "numero_empenho": "0000070",
  "data_empenho": "2025-01-22",
  "codigo_elemento": "93",
  "nome_elemento_despesa": "Indenizações e Restituições",
  "codigo_funcao": "4",
  "nome_funcao": "Administração",
  "codigo_sub_funcao": "122",
  "nome_sub_funcao": "Administração Geral",
  "codigo_programa": "2002",
  "nome_programa": "ADMINISTRANDO COM O CUIDADO DO POVO ESSE E MEU LUGAR",
  "codigo_acao": "2002",
  "nome_acao": "MANUTENCAO DAS ATIVIDADES DA SECRETARIA DE GESTAO",
  "nome_credor": "JOÃO RAFAEL DE SOUTO DELFINO",
  "codigo_credor": "00003515704469",
  "historico": "VALOR QUE ORA SE EMPENHA PARA ATENDER DESPESA COM COMO RESTITUIÇAO (RESSARCIMENTO DE DESPESA EM VIAGEM A JOAO PESSOA NO DIA 09/01/2025 A TRABALHO COM A EQUIPE DA SECRETARIA DE OBRAS E URBANISMO ,CONFORME COMPROVANTES EM ANEXO.",
  "valor_contratado": 246.4,
  "valor_realizado": 246.4,
  "valor_pago": 246.4
}