{
  "exercicio": 2025,
  "codigo_unidade_gestora": "201157",
  "codigo_unidade_orcamentaria": "02130",
  "nome_unidade_orcamentaria": "Secretaria de Esporte e Lazer",
  "numero_empenho": "0000228",
  "data_empenho": "2025-01-31",
  "codigo_elemento": "11",
  "nome_elemento_despesa": "Vencimentos e Vantagens Fixas - Pessoal Civil",
  "codigo_funcao": "27",
  "nome_funcao": "Desporto e Lazer",
  "codigo_sub_funcao": "122",
  "nome_sub_funcao": "Administração Geral",
  "codigo_programa": "1005",
  "nome_programa": "CULTURA VIVA E TURISMO INCLUSO E SUSTENTAVEL ESSE E MEU LUGAR",
  "codigo_acao": "2043",
  "nome_acao": "MANUTENCAO DAS ATIVIDADES DA SECRETARIA DE ESPORTE E LAZER",
  "nome_credor": "MUNICIPIO DE REMIGIO",
  "codigo_credor": "09048976000109",
  "historico": "VALOR QUE ORA SE EMPENHA PARA ATENDER DESPESA COM PAGAMENTO DA FOLHA, DOS SERVIDORES COMISSIONADOS, LOTADOS NA SECRETARIA DE ESPORTE E LAZER, REFERENTE AO MES DE JANEIRO DE 2025.",
  "valor_contratado": 16036.0,
  "valor_realizado": 16036.0,
  "valor_pago": 16036.0
}