{
  "exercicio": 2025,
  "codigo_unidade_gestora": "201157",
  "codigo_unidade_orcamentaria": "02050",
  "nome_unidade_orcamentaria": "Secretaria de Educacao",
  "numero_empenho": "0000289",
  "data_empenho": "2025-02-04",
  "codigo_elemento": "39",
  "nome_elemento_despesa": "Outros Serviços de Terceiros - Pessoa Jurídica",
  "codigo_funcao": "12",
  "nome_funcao": "Educação",
  "codigo_sub_funcao": "361",
  "nome_sub_funcao": "Ensino Fundamental",
  "codigo_programa": "1001",
  "nome_programa": "EDUCACAO CIDADA, INTEGRAL E PROFISSIONAL ESSE E MEU LUGAR",
  "codigo_acao": "2010",
  "nome_acao": "MANUTENCAO DAS ATIVIDADES DO ENSINO FUNDAMENTAL",
  "nome_credor": "G O L NETO LTDA",
  "codigo_credor": "14949698000109",
  "historico": "VALOR QUE ORA SE EMPENHA PARA ATENDER DESPESA COM A DISTRIBUIÇAO DE 10 CARRADAS DE AGUA DESTINDADAS AO ABASTECIMENTO DE UNIDADES ESCOLARES E CRECHES DO MUNICIPIO , DURANTE AS MATRICULAS DO MES DE JANEIRO DE 2025",
  "valor_contratado": 2600.0,
  "valor_realizado": 2600.0,
  "valor_pago": 2600.0
}