{
  "exercicio": 2025,
  "codigo_unidade_gestora": "201157",
  "codigo_unidade_orcamentaria": "02110",
  "nome_unidade_orcamentaria": "Fundo Municipal de Saude",
  "numero_empenho": "0000416",
  "data_empenho": "2025-02-10",
  "codigo_elemento": "39",
  "nome_elemento_despesa": "Outros Serviços de Terceiros - Pessoa Jurídica",
  "codigo_funcao": "10",
  "nome_funcao": "Saúde",
  "codigo_sub_funcao": "302",
  "nome_sub_funcao": "Assistência Hospitalar e Ambulatorial",
  "codigo_programa": "1002",
  "nome_programa": "SAUDE ACOLHEDORA, INTEGRAL, RESOLUTIVA E CIDADA ESSE E MEU LUGAR",
  "codigo_acao": "2037",
  "nome_acao": "MANUTENCAO DO BLOCO DAS ACOES E SERVICOS PUBLICOS DE SAUDE-ATENCAO ESP",
  "nome_credor": "FRANCISCO XAVIER CLEMENTINO DE AGUIAR 27075454811",
  "codigo_credor": "25683029000146",
  "historico": "VALOR QUE ORA SE EMPENHA PARA ATENDER DESPESA COM O SERVIÇO DE HIGIENIZAÇÃO  REALIZADO NO SAMU",
  "valor_contratado": 700.0,
  "valor_realizado": 700.0,
  "valor_pago": 700.0
}