{
  "exercicio": 2025,
  "codigo_unidade_gestora": "201157",
  "codigo_unidade_orcamentaria": "02050",
  "nome_unidade_orcamentaria": "Secretaria de Educacao",
  "numero_empenho": "0000033",
  "data_empenho": "2025-01-16",
  "codigo_elemento": "92",
  "nome_elemento_despesa": "Despesas de Exercícios Anteriores",
  "codigo_funcao": "12",
  "nome_funcao": "Educação",
  "codigo_sub_funcao": "361",
  "nome_sub_funcao": "Ensino Fundamental",
  "codigo_programa": "1001",
  "nome_programa": "EDUCACAO CIDADA, INTEGRAL E PROFISSIONAL ESSE E MEU LUGAR",
  "codigo_acao": "2010",
  "nome_acao": "MANUTENCAO DAS ATIVIDADES DO ENSINO FUNDAMENTAL",
  "nome_credor": "ENERGISA PARAIBA - DISTRIBUIDORA DE ENERGIA S.A",
  "codigo_credor": "09095183000140",
  "historico": "VALOR QUE ORA SE EMPENHA PARA ATENDER DESPESA COM TARIFA DE ENERGIA ELETRICA DO IMOVEL LOCADO NA MANUTENÇAO DAS ATIVIDADES DA SECRETARIA DE AGRICULTURA COM VENCIMENTO EM 26/01/2024",
  "valor_contratado": 111.73,
  "valor_realizado": 111.73,
  "valor_pago": 111.73
}