{
  "exercicio": 2025,
  "codigo_unidade_gestora": "201157",
  "codigo_unidade_orcamentaria": "02110",
  "nome_unidade_orcamentaria": "Fundo Municipal de Saude",
  "numero_empenho": "0000117",
  "data_empenho": "2025-01-28",
  "codigo_elemento": "11",
  "nome_elemento_despesa": "Vencimentos e Vantagens Fixas - Pessoal Civil",
  "codigo_funcao": "10",
  "nome_funcao": "Saúde",
  "codigo_sub_funcao": "122",
  "nome_sub_funcao": "Administração Geral",
  "codigo_programa": "1002",
  "nome_programa": "SAUDE ACOLHEDORA, INTEGRAL, RESOLUTIVA E CIDADA ESSE E MEU LUGAR",
  "codigo_acao": "2058",
  "nome_acao": "MANUTENCAO DAS ACOES E SERVICOS PUBLICOS DE SAUDE – GESTAO DO SUS – PI",
  "nome_credor": "MUNICIPIO DE REMIGIO",
  "codigo_credor": "09048976000109",
  "historico": "VALOR QUE ORA SE EMPENHA PARA ATENDER DESPESA COM PAGAMENTO DA FOLHA, DOS PROFISSIONAIS DE SAUDE ( PISO DE ENFERMAGEM) DOS PSF'S, LOTADOS NA SECRETARIA DE SAUDE, REFERENTE AO MES DE JANEIRO DE 2025.",
  "valor_contratado": 35392.32,
  "valor_realizado": 35392.32,
  "valor_pago": 35392.32
}