{
  "exercicio": 2025,
  "codigo_unidade_gestora": "201157",
  "codigo_unidade_orcamentaria": "02040",
  "nome_unidade_orcamentaria": "Secretaria de Saude",
  "numero_empenho": "0000004",
  "data_empenho": "2025-01-02",
  "codigo_elemento": "39",
  "nome_elemento_despesa": "Outros Serviços de Terceiros - Pessoa Jurídica",
  "codigo_funcao": "10",
  "nome_funcao": "Saúde",
  "codigo_sub_funcao": "301",
  "nome_sub_funcao": "Atenção Básica",
  "codigo_programa": "2002",
  "nome_programa": "ADMINISTRANDO COM O CUIDADO DO POVO ESSE E MEU LUGAR",
  "codigo_acao": "2009",
  "nome_acao": "MANUTENCAO DAS ATIVIDADES DA  SECRETARIA DE SAUDE",
  "nome_credor": "COMPANHIA DE AGUA E ESGOTOS DA PARAIBA CAGEPA",
  "codigo_credor": "09123654000187",
  "historico": "VALOR QUE ORA SE EMPENHA PARA ATENDER DESPESA COM CONSUMO DE AGUA E SERVIÇO DO CENTRO DE FISIOTERAPIA  REERENCIA JANEIRO/2025",
  "valor_contratado": 103.12,
  "valor_realizado": 103.12,
  "valor_pago": 103.12
}