{
  "exercicio": 2025,
  "codigo_unidade_gestora": "201157",
  "codigo_unidade_orcamentaria": "02080",
  "nome_unidade_orcamentaria": "Secretaria de Obras e Servicos Urbanos",
  "numero_empenho": "0000137",
  "data_empenho": "2025-01-28",
  "codigo_elemento": "11",
  "nome_elemento_despesa": "Vencimentos e Vantagens Fixas - Pessoal Civil",
  "codigo_funcao": "15",
  "nome_funcao": "Urbanismo",
  "codigo_sub_funcao": "122",
  "nome_sub_funcao": "Administração Geral",
  "codigo_programa": "2002",
  "nome_programa": "ADMINISTRANDO COM O CUIDADO DO POVO ESSE E MEU LUGAR",
  "codigo_acao": "2028",
  "nome_acao": "MANUTENCAO DAS ATIVIDADES DA SECRETARIA DE OBRAS E SERVICOS URBANOS",
  "nome_credor": "MUNICIPIO DE REMIGIO",
  "codigo_credor": "09048976000109",
  "historico": "VALOR QUE ORA SE EMPENHA PARA ATENDER DESPESA COM PAGAMENTO DA FOLHA, DOS SERVIDORES EFETIVOS (GARIS), LOTADOS NA SECRETARIA DE OBRAS E SERVIÇOS URBANOS, REFERENTE AO MES DE JANEIRO DE 2025.",
  "valor_contratado": 52150.47,
  "valor_realizado": 52150.47,
  "valor_pago": 52150.47
}