{
  "exercicio": 2025,
  "codigo_unidade_gestora": "201157",
  "codigo_unidade_orcamentaria": "02080",
  "nome_unidade_orcamentaria": "Secretaria de Obras e Servicos Urbanos",
  "numero_empenho": "0000071",
  "data_empenho": "2025-01-22",
  "codigo_elemento": "47",
  "nome_elemento_despesa": "Obrigações Tributárias e Contributivas",
  "codigo_funcao": "15",
  "nome_funcao": "Urbanismo",
  "codigo_sub_funcao": "122",
  "nome_sub_funcao": "Administração Geral",
  "codigo_programa": "2002",
  "nome_programa": "ADMINISTRANDO COM O CUIDADO DO POVO ESSE E MEU LUGAR",
  "codigo_acao": "2028",
  "nome_acao": "MANUTENCAO DAS ATIVIDADES DA SECRETARIA DE OBRAS E SERVICOS URBANOS",
  "nome_credor": "CONSELHO REGIONAL DE ENGENHARIA E AGRONOMIA DA PARAIBA - CREA-PB",
  "codigo_credor": "08667024000100",
  "historico": "VALOR QUE ORA SE EMPENHA PARA ATENDER DESPESA COM A ART  PARA DESEMPENHO DE CARGO TECNICO DO ENGENHEIRO CIVIL  BRENO  GALVÃO DA SILVA -OBRAS E SERVIÇOS.",
  "valor_contratado": 103.03,
  "valor_realizado": 103.03,
  "valor_pago": 103.03
}