{
  "exercicio": 2025,
  "codigo_unidade_gestora": "201157",
  "codigo_unidade_orcamentaria": "02010",
  "nome_unidade_orcamentaria": "Secretaria de Gestao",
  "numero_empenho": "0000464",
  "data_empenho": "2025-02-14",
  "codigo_elemento": "39",
  "nome_elemento_despesa": "Outros Serviços de Terceiros - Pessoa Jurídica",
  "codigo_funcao": "4",
  "nome_funcao": "Administração",
  "codigo_sub_funcao": "122",
  "nome_sub_funcao": "Administração Geral",
  "codigo_programa": "2002",
  "nome_programa": "ADMINISTRANDO COM O CUIDADO DO POVO ESSE E MEU LUGAR",
  "codigo_acao": "2002",
  "nome_acao": "MANUTENCAO DAS ATIVIDADES DA SECRETARIA DE GESTAO",
  "nome_credor": "LUCAS NASCIMENTO SILVA 07351198489",
  "codigo_credor": "38057738000168",
  "historico": "VALOR QUE ORA SE EMPENHA PARA ATENDER DESPESA COM A PRESTAÇAO DE SERVIÇO COM APOIO ADMINISTRATIVO  AO SETOR DE LICITAÇAO COMO PESQUISADOR RELATIVO AO MES DE JANEIRO",
  "valor_contratado": 3000.0,
  "valor_realizado": 3000.0,
  "valor_pago": 3000.0
}