{
  "exercicio": 2025,
  "codigo_unidade_gestora": "201157",
  "codigo_unidade_orcamentaria": "02070",
  "nome_unidade_orcamentaria": "Secretaria de Desenvolvimento Social",
  "numero_empenho": "0000300",
  "data_empenho": "2025-02-05",
  "codigo_elemento": "30",
  "nome_elemento_despesa": "Material de Consumo",
  "codigo_funcao": "8",
  "nome_funcao": "Assistêncial Social",
  "codigo_sub_funcao": "122",
  "nome_sub_funcao": "Administração Geral",
  "codigo_programa": "1003",
  "nome_programa": "DESENVOLVIMENTO SOCIAL, POR MAIS CIDADANIA E DIREITOS ESSE E MEU LUGAR",
  "codigo_acao": "2025",
  "nome_acao": "MANUTENCAO DAS ATIVIDADES DA SECRETARIA DE DESENVOLVIMENTO SOCIAL",
  "nome_credor": "RICARDO DOS SANTOS ROCHA 09786894456",
  "codigo_credor": "42034759000135",
  "historico": "VALOR QUE ORA SE EMPENHA PARA ATENDER DESPESA COM COMPRA DE 36  GALÕES DE AGUA ADICIONADA DE SAIS (20L), DESTINADOS A SECRETARIA DE DESENVOLVIMENTO SOCIAL DESTE MUNICIPIO.",
  "valor_contratado": 288.0,
  "valor_realizado": 288.0,
  "valor_pago": 288.0
}