{
  "exercicio": 2025,
  "codigo_unidade_gestora": "201157",
  "codigo_unidade_orcamentaria": "02050",
  "nome_unidade_orcamentaria": "Secretaria de Educacao",
  "numero_empenho": "0000179",
  "data_empenho": "2025-01-29",
  "codigo_elemento": "39",
  "nome_elemento_despesa": "Outros Serviços de Terceiros - Pessoa Jurídica",
  "codigo_funcao": "12",
  "nome_funcao": "Educação",
  "codigo_sub_funcao": "361",
  "nome_sub_funcao": "Ensino Fundamental",
  "codigo_programa": "1001",
  "nome_programa": "EDUCACAO CIDADA, INTEGRAL E PROFISSIONAL ESSE E MEU LUGAR",
  "codigo_acao": "2010",
  "nome_acao": "MANUTENCAO DAS ATIVIDADES DO ENSINO FUNDAMENTAL",
  "nome_credor": "SILVANO TRANSPORTES LDTA",
  "codigo_credor": "32593366000108",
  "historico": "VALOR QUE ORA SE EMPENHA PARA ATENDER DESPESA COM PRESTAÇAO DE SERVIÇO DE ELETRICISTA PARA ATUAREM NA MANUTENÇAO,INSTALAÇAO E ADEQUAÇAO DA REDE ELETRICA NOS PREDIOS PUBLICOS E LOCADOS SOBRE A ADMINISTRAÇAO DA SECRETARIA DE EDUCAÇAO",
  "valor_contratado": 2000.0,
  "valor_realizado": 2000.0,
  "valor_pago": 2000.0
}