{
  "exercicio": 2025,
  "codigo_unidade_gestora": "201157",
  "codigo_unidade_orcamentaria": "02110",
  "nome_unidade_orcamentaria": "Fundo Municipal de Saude",
  "numero_empenho": "0000148",
  "data_empenho": "2025-01-29",
  "codigo_elemento": "39",
  "nome_elemento_despesa": "Outros Serviços de Terceiros - Pessoa Jurídica",
  "codigo_funcao": "10",
  "nome_funcao": "Saúde",
  "codigo_sub_funcao": "301",
  "nome_sub_funcao": "Atenção Básica",
  "codigo_programa": "1002",
  "nome_programa": "SAUDE ACOLHEDORA, INTEGRAL, RESOLUTIVA E CIDADA ESSE E MEU LUGAR",
  "codigo_acao": "2035",
  "nome_acao": "MANUTENCAO DO BLOCO DAS ACOES E SERVICOS PUBLICOS DE SAUDE- ATENCAO PR",
  "nome_credor": "CLINICA RADIOLOGICA DR. WANDERLEY LTDA",
  "codigo_credor": "08716557000135",
  "historico": "VALOR QUE ORA SE EMPENHA PARA ATENDER DESPESA COM UM ECODARDIOGRAMA  FETAL COM DOPPLER  REALIZADO EM MARCIA DE LIMA ARAUJO",
  "valor_contratado": 320.0,
  "valor_realizado": 320.0,
  "valor_pago": 320.0
}