{
  "exercicio": 2025,
  "codigo_unidade_gestora": "201157",
  "codigo_unidade_orcamentaria": "02040",
  "nome_unidade_orcamentaria": "Secretaria de Saude",
  "numero_empenho": "0000450",
  "data_empenho": "2025-02-13",
  "codigo_elemento": "39",
  "nome_elemento_despesa": "Outros Serviços de Terceiros - Pessoa Jurídica",
  "codigo_funcao": "10",
  "nome_funcao": "Saúde",
  "codigo_sub_funcao": "301",
  "nome_sub_funcao": "Atenção Básica",
  "codigo_programa": "2002",
  "nome_programa": "ADMINISTRANDO COM O CUIDADO DO POVO ESSE E MEU LUGAR",
  "codigo_acao": "2009",
  "nome_acao": "MANUTENCAO DAS ATIVIDADES DA  SECRETARIA DE SAUDE",
  "nome_credor": "JOSE JEOVANDO CLEMENTINO DE AGUIAR",
  "codigo_credor": "54219909000164",
  "historico": "VALOR QUE ORA SE EMPENHA PARA ATENDER DESPESA COM O SERVIÇO DE FORMATAÇAO E INSTALAÇAO DE PROGRAMAS E MANUTENÇAO DE COMPUTADORES DA SECRETARIA DE SAUDE",
  "valor_contratado": 650.0,
  "valor_realizado": 650.0,
  "valor_pago": 650.0
}