{
  "exercicio": 2025,
  "codigo_unidade_gestora": "201157",
  "codigo_unidade_orcamentaria": "02020",
  "nome_unidade_orcamentaria": "Secretaria de Administracao e Financas",
  "numero_empenho": "0000251",
  "data_empenho": "2025-01-31",
  "codigo_elemento": "13",
  "nome_elemento_despesa": "Obrigações Patronais",
  "codigo_funcao": "4",
  "nome_funcao": "Administração",
  "codigo_sub_funcao": "122",
  "nome_sub_funcao": "Administração Geral",
  "codigo_programa": "2002",
  "nome_programa": "ADMINISTRANDO COM O CUIDADO DO POVO ESSE E MEU LUGAR",
  "codigo_acao": "2005",
  "nome_acao": "MANUTENCAO DA SECRETARIA DE ADMINISTRACAO E FINANCAS",
  "nome_credor": "IPSER/FOLHA DE PAGAMENTO/SAL.FAMILIA",
  "codigo_credor": "70097811000138",
  "historico": "VALOR QUE ORA SE EMPENHA PARA ATENDER DESPESA COM A CONTRIBUICAO PREVIDENCIARIA PARA O IPSER, PARTE EMPRESA DA FOLHA DE PAGAMENTO DOS SERVIDORES EFETIVOS, LOTADOS EM DIVERSAS SECRETARIAS, REFERENTE AO MES DE JANEIRO DE 2025.",
  "valor_contratado": 46647.84,
  "valor_realizado": 46647.84,
  "valor_pago": 46647.84
}