{
  "exercicio": 2025,
  "codigo_unidade_gestora": "201157",
  "codigo_unidade_orcamentaria": "02020",
  "nome_unidade_orcamentaria": "Secretaria de Administracao e Financas",
  "numero_empenho": "0000203",
  "data_empenho": "2025-01-30",
  "codigo_elemento": "93",
  "nome_elemento_despesa": "Indenizações e Restituições",
  "codigo_funcao": "4",
  "nome_funcao": "Administração",
  "codigo_sub_funcao": "122",
  "nome_sub_funcao": "Administração Geral",
  "codigo_programa": "2002",
  "nome_programa": "ADMINISTRANDO COM O CUIDADO DO POVO ESSE E MEU LUGAR",
  "codigo_acao": "2005",
  "nome_acao": "MANUTENCAO DA SECRETARIA DE ADMINISTRACAO E FINANCAS",
  "nome_credor": "LUIS CLAUDIO REGIS MARINHO",
  "codigo_credor": "00046733973472",
  "historico": "VALOR QUE ORA SE EMPENHA PARA ATENDER DESPESA COM  O RESSARCIMENTO DE DESPESAS DO PREEITO EM VIAGEM A JOAO PESSOA NO DIA 15-01-2025 COM A FINALIDADE DE RESOLVER ASSUNTOS DESTE MUNICIPIO JUNTO AOS ORGAOS ESTADUAIS,",
  "valor_contratado": 400.0,
  "valor_realizado": 400.0,
  "valor_pago": 400.0
}