{
  "exercicio": 2025,
  "codigo_unidade_gestora": "201157",
  "codigo_unidade_orcamentaria": "02010",
  "nome_unidade_orcamentaria": "Secretaria de Gestao",
  "numero_empenho": "0000301",
  "data_empenho": "2025-02-05",
  "codigo_elemento": "30",
  "nome_elemento_despesa": "Material de Consumo",
  "codigo_funcao": "4",
  "nome_funcao": "Administração",
  "codigo_sub_funcao": "122",
  "nome_sub_funcao": "Administração Geral",
  "codigo_programa": "2002",
  "nome_programa": "ADMINISTRANDO COM O CUIDADO DO POVO ESSE E MEU LUGAR",
  "codigo_acao": "2002",
  "nome_acao": "MANUTENCAO DAS ATIVIDADES DA SECRETARIA DE GESTAO",
  "nome_credor": "RICARDO DOS SANTOS ROCHA 09786894456",
  "codigo_credor": "42034759000135",
  "historico": "VALOR QUE ORA SE EMPENHA PARA ATENDER DESPESA COM COMPRA DE 125 GALÕES DE AGUA ADICIONADA DE SAIS (20L), DESTINADOS A SECRETARIA DE GESTÃO DESTE MUNICIPIO.",
  "valor_contratado": 1000.0,
  "valor_realizado": 1000.0,
  "valor_pago": 1000.0
}