{
  "exercicio": 2025,
  "codigo_unidade_gestora": "201157",
  "codigo_unidade_orcamentaria": "02050",
  "nome_unidade_orcamentaria": "Secretaria de Educacao",
  "numero_empenho": "0000107",
  "data_empenho": "2025-01-28",
  "codigo_elemento": "11",
  "nome_elemento_despesa": "Vencimentos e Vantagens Fixas - Pessoal Civil",
  "codigo_funcao": "12",
  "nome_funcao": "Educação",
  "codigo_sub_funcao": "361",
  "nome_sub_funcao": "Ensino Fundamental",
  "codigo_programa": "1001",
  "nome_programa": "EDUCACAO CIDADA, INTEGRAL E PROFISSIONAL ESSE E MEU LUGAR",
  "codigo_acao": "2011",
  "nome_acao": "MANUTENCAO DO ENSINO FUNDAMENTAL - FUNDEB - 70%",
  "nome_credor": "MUNICIPIO DE REMIGIO",
  "codigo_credor": "09048976000109",
  "historico": "VALOR QUE ORA SE EMPENHA PARA ATENDER DESPESA COM PAGAMENTO DA FOLHA, DO PSICOPEDAGOGO/FUNDEB 70%, LOTADO NA SECRETARIA DE EDUCAÇÃO, REFERENTE AO MES DE JANEIRO DE 2025.",
  "valor_contratado": 4679.66,
  "valor_realizado": 4679.66,
  "valor_pago": 4679.66
}