{
  "exercicio": 2025,
  "codigo_unidade_gestora": "201157",
  "codigo_unidade_orcamentaria": "02040",
  "nome_unidade_orcamentaria": "Secretaria de Saude",
  "numero_empenho": "0000254",
  "data_empenho": "2025-01-31",
  "codigo_elemento": "13",
  "nome_elemento_despesa": "Obrigações Patronais",
  "codigo_funcao": "10",
  "nome_funcao": "Saúde",
  "codigo_sub_funcao": "301",
  "nome_sub_funcao": "Atenção Básica",
  "codigo_programa": "2002",
  "nome_programa": "ADMINISTRANDO COM O CUIDADO DO POVO ESSE E MEU LUGAR",
  "codigo_acao": "2009",
  "nome_acao": "MANUTENCAO DAS ATIVIDADES DA  SECRETARIA DE SAUDE",
  "nome_credor": "IPSER/FOLHA DE PAGAMENTO/SAL.FAMILIA",
  "codigo_credor": "70097811000138",
  "historico": "VALOR QUE ORA SE EMPENHA PARA ATENDER DESPESA COM A CONTRIBUICAO PREVIDENCIARIA PARA O IPSER, PARTE EMPRESA DA FOLHA DE PAGAMENTO DOS SERVIDORES EFETIVOS E PROFISSIONAIS DE SAUDE (PISO DE ENFERMAGEM), LOTADOS NA SECRETARIA DE SAUDE, REFERENTE AO MES DE JANEIRO DE 2025.",
  "valor_contratado": 74165.0,
  "valor_realizado": 74165.0,
  "valor_pago": 74165.0
}