{
  "exercicio": 2025,
  "codigo_unidade_gestora": "201157",
  "codigo_unidade_orcamentaria": "02010",
  "nome_unidade_orcamentaria": "Secretaria de Gestao",
  "numero_empenho": "0000405",
  "data_empenho": "2025-02-10",
  "codigo_elemento": "41",
  "nome_elemento_despesa": "Contribuições",
  "codigo_funcao": "4",
  "nome_funcao": "Administração",
  "codigo_sub_funcao": "122",
  "nome_sub_funcao": "Administração Geral",
  "codigo_programa": "2002",
  "nome_programa": "ADMINISTRANDO COM O CUIDADO DO POVO ESSE E MEU LUGAR",
  "codigo_acao": "2002",
  "nome_acao": "MANUTENCAO DAS ATIVIDADES DA SECRETARIA DE GESTAO",
  "nome_credor": "CONFEDERACAO NACIONAL DE MUNICIPIOS",
  "codigo_credor": "00703157000183",
  "historico": "VALOR QUE ORA SE EMPENHA PARA ATENDER DESPESA COM DESCONTO EFETUADO PELO BANCO EM FAVOR DA CNM-CONFEDERAÇÃO NACIONAL DOS MUNICIPIOS, DEBITADO NA CONTA DO FPM, NESTA DATA.",
  "valor_contratado": 1309.0,
  "valor_realizado": 1309.0,
  "valor_pago": 1309.0
}