{
  "exercicio": 2025,
  "codigo_unidade_gestora": "201157",
  "codigo_unidade_orcamentaria": "02050",
  "nome_unidade_orcamentaria": "Secretaria de Educacao",
  "numero_empenho": "0000453",
  "data_empenho": "2025-02-14",
  "codigo_elemento": "30",
  "nome_elemento_despesa": "Material de Consumo",
  "codigo_funcao": "12",
  "nome_funcao": "Educação",
  "codigo_sub_funcao": "361",
  "nome_sub_funcao": "Ensino Fundamental",
  "codigo_programa": "1001",
  "nome_programa": "EDUCACAO CIDADA, INTEGRAL E PROFISSIONAL ESSE E MEU LUGAR",
  "codigo_acao": "2010",
  "nome_acao": "MANUTENCAO DAS ATIVIDADES DO ENSINO FUNDAMENTAL",
  "nome_credor": "IDEAL PNEUS PEÇAS E SERVIÇOS LTDA",
  "codigo_credor": "17711924000107",
  "historico": "VALOR QUE ORA SE EMPENHA PARA ATENDER DESPESA COM A AQUISIÇAO DE PNEUS DESTINADOS A MANUTENÇAO DA FROTA DE VEICULOS DA MANUTENÇAO DOS SERVIÇOS DE EDUÇAÇÃO.",
  "valor_contratado": 22988.0,
  "valor_realizado": 22988.0,
  "valor_pago": 22988.0
}