{
  "exercicio": 2025,
  "codigo_unidade_gestora": "201157",
  "codigo_unidade_orcamentaria": "02050",
  "nome_unidade_orcamentaria": "Secretaria de Educacao",
  "numero_empenho": "0000092",
  "data_empenho": "2025-01-27",
  "codigo_elemento": "39",
  "nome_elemento_despesa": "Outros Serviços de Terceiros - Pessoa Jurídica",
  "codigo_funcao": "12",
  "nome_funcao": "Educação",
  "codigo_sub_funcao": "361",
  "nome_sub_funcao": "Ensino Fundamental",
  "codigo_programa": "1001",
  "nome_programa": "EDUCACAO CIDADA, INTEGRAL E PROFISSIONAL ESSE E MEU LUGAR",
  "codigo_acao": "2010",
  "nome_acao": "MANUTENCAO DAS ATIVIDADES DO ENSINO FUNDAMENTAL",
  "nome_credor": "AZUS COPY CENTER COMERCIO E SERVIOS LTDA",
  "codigo_credor": "04685950000158",
  "historico": "VALOR QUE ORA SE EMPENHA PARA ATENDER DESPESA COM A LOCAÇAO DE UMA MULTIUNCIONAL A LASER SANSUNG , DESTINADA A SECRETARIA DE EDUCAÇAO , NO DE PERIODO 02/01/2025 A 30/01/2025",
  "valor_contratado": 650.0,
  "valor_realizado": 650.0,
  "valor_pago": 650.0
}