{
  "exercicio": 2025,
  "codigo_unidade_gestora": "201157",
  "codigo_unidade_orcamentaria": "02110",
  "nome_unidade_orcamentaria": "Fundo Municipal de Saude",
  "numero_empenho": "0000382",
  "data_empenho": "2025-02-07",
  "codigo_elemento": "30",
  "nome_elemento_despesa": "Material de Consumo",
  "codigo_funcao": "10",
  "nome_funcao": "Saúde",
  "codigo_sub_funcao": "301",
  "nome_sub_funcao": "Atenção Básica",
  "codigo_programa": "1002",
  "nome_programa": "SAUDE ACOLHEDORA, INTEGRAL, RESOLUTIVA E CIDADA ESSE E MEU LUGAR",
  "codigo_acao": "2035",
  "nome_acao": "MANUTENCAO DO BLOCO DAS ACOES E SERVICOS PUBLICOS DE SAUDE- ATENCAO PR",
  "nome_credor": "CICERA DO SOCORRO DOS SANTOS BALBINO",
  "codigo_credor": "07590039000155",
  "historico": "VALOR QUE ORA SE EMPENHA PARA ATENDER DESPESA COM O CONSUMO DE COMBUSTIVEL  DIESEL  NO VEICULO L200 DE PLACA QFN 9894 QUE PRESTA SERVIÇO NA UBS -GRAVATA ASSU",
  "valor_contratado": 4199.27,
  "valor_realizado": 4199.27,
  "valor_pago": 4199.27
}