{
  "exercicio": 2025,
  "codigo_unidade_gestora": "201157",
  "codigo_unidade_orcamentaria": "02140",
  "nome_unidade_orcamentaria": "Fundo Municipal de Assistencia Social",
  "numero_empenho": "0000049",
  "data_empenho": "2025-01-20",
  "codigo_elemento": "48",
  "nome_elemento_despesa": "Outros Auxílios Financeiros a Pessoas Físicas",
  "codigo_funcao": "8",
  "nome_funcao": "Assistêncial Social",
  "codigo_sub_funcao": "244",
  "nome_sub_funcao": "Assistência Comunitária",
  "codigo_programa": "1003",
  "nome_programa": "DESENVOLVIMENTO SOCIAL, POR MAIS CIDADANIA E DIREITOS ESSE E MEU LUGAR",
  "codigo_acao": "2049",
  "nome_acao": "GESTAO DE BENEFICIOS EVENTUAIS",
  "nome_credor": "IZABEL CRISTINA PEREIRA DA SILVA",
  "codigo_credor": "00006812454419",
  "historico": "VALOR QUE ORA SE EMPENHA PARA ATENDER DESPESA COM UM AUXILIO FINANCEIRO COM A FINALIDADE DE PAGAR CONTAS DAGUA",
  "valor_contratado": 300.0,
  "valor_realizado": 300.0,
  "valor_pago": 300.0
}