{
  "exercicio": 2025,
  "codigo_unidade_gestora": "201157",
  "codigo_unidade_orcamentaria": "02080",
  "nome_unidade_orcamentaria": "Secretaria de Obras e Servicos Urbanos",
  "numero_empenho": "0000752",
  "data_empenho": "2025-02-26",
  "codigo_elemento": "39",
  "nome_elemento_despesa": "Outros Serviços de Terceiros - Pessoa Jurídica",
  "codigo_funcao": "15",
  "nome_funcao": "Urbanismo",
  "codigo_sub_funcao": "122",
  "nome_sub_funcao": "Administração Geral",
  "codigo_programa": "2002",
  "nome_programa": "ADMINISTRANDO COM O CUIDADO DO POVO ESSE E MEU LUGAR",
  "codigo_acao": "2028",
  "nome_acao": "MANUTENCAO DAS ATIVIDADES DA SECRETARIA DE OBRAS E SERVICOS URBANOS",
  "nome_credor": "ARNOBIO TEIXEIRA DE BRITO LYRA JUNIOR",
  "codigo_credor": "41201592000197",
  "historico": "VALOR QUE ORA SE EMPENHA PARA ATENDER DESPESA COM PRESTAÇÃO DE SEVIÇO DE AJUDANTE OU SERVENTE DE PEDREIRO, PARA AUXILIAR NOS REPAROS DA COBERTA PARA RETIRAR INFILTRAÇÕES NAS INSTALAÇÕES DA NOVA SECRETARIA DE OBRAS E SERVIÇOS URBANOS, DESTE MUNICÍPIO, DURANTE O MÊS DE FEVEREIRO DE 2025.",
  "valor_contratado": 1200.0,
  "valor_realizado": 1200.0,
  "valor_pago": 1200.0
}