{
  "exercicio": 2025,
  "codigo_unidade_gestora": "201157",
  "codigo_unidade_orcamentaria": "02020",
  "nome_unidade_orcamentaria": "Secretaria de Administracao e Financas",
  "numero_empenho": "0000096",
  "data_empenho": "2025-01-28",
  "codigo_elemento": "39",
  "nome_elemento_despesa": "Outros Serviços de Terceiros - Pessoa Jurídica",
  "codigo_funcao": "4",
  "nome_funcao": "Administração",
  "codigo_sub_funcao": "122",
  "nome_sub_funcao": "Administração Geral",
  "codigo_programa": "2002",
  "nome_programa": "ADMINISTRANDO COM O CUIDADO DO POVO ESSE E MEU LUGAR",
  "codigo_acao": "2005",
  "nome_acao": "MANUTENCAO DA SECRETARIA DE ADMINISTRACAO E FINANCAS",
  "nome_credor": "ORLACTOR DOS SANTOS PEREIRA",
  "codigo_credor": "53593423000129",
  "historico": "VALOR QUE ORA SE EMPENHA PARA ATENDER DESPESA COM O SERVIÇO DE 6200 CARNES DE IPTU 2024 EM BAIRROS DESTE MUNICIIPIO",
  "valor_contratado": 3300.0,
  "valor_realizado": 3300.0,
  "valor_pago": 3300.0
}