{
  "exercicio": 2025,
  "codigo_unidade_gestora": "201157",
  "codigo_unidade_orcamentaria": "02090",
  "nome_unidade_orcamentaria": "Secretaria de Agricultura e Meio Ambiente",
  "numero_empenho": "0000005",
  "data_empenho": "2025-01-02",
  "codigo_elemento": "39",
  "nome_elemento_despesa": "Outros Serviços de Terceiros - Pessoa Jurídica",
  "codigo_funcao": "20",
  "nome_funcao": "Agricultura",
  "codigo_sub_funcao": "122",
  "nome_sub_funcao": "Administração Geral",
  "codigo_programa": "2002",
  "nome_programa": "ADMINISTRANDO COM O CUIDADO DO POVO ESSE E MEU LUGAR",
  "codigo_acao": "2029",
  "nome_acao": "MANUTENCAO DAS ATIVIDADES DA SECRETARIA DE AGRICULTURA E MEIO AMBIENTE",
  "nome_credor": "COMPANHIA DE AGUA E ESGOTOS DA PARAIBA CAGEPA",
  "codigo_credor": "09123654000187",
  "historico": "VALOR QUE ORA SE EMPENHA PARA ATENDER DESPESA COM CONSUMO DE AGUA E SERVIÇO DA SECRETARIA DE AGRICULTURA",
  "valor_contratado": 50.89,
  "valor_realizado": 50.89,
  "valor_pago": 50.89
}