{
  "exercicio": 2025,
  "codigo_unidade_gestora": "201157",
  "codigo_unidade_orcamentaria": "02140",
  "nome_unidade_orcamentaria": "Fundo Municipal de Assistencia Social",
  "numero_empenho": "0000095",
  "data_empenho": "2025-01-27",
  "codigo_elemento": "35",
  "nome_elemento_despesa": "Serviços de Consultoria",
  "codigo_funcao": "8",
  "nome_funcao": "Assistêncial Social",
  "codigo_sub_funcao": "244",
  "nome_sub_funcao": "Assistência Comunitária",
  "codigo_programa": "1003",
  "nome_programa": "DESENVOLVIMENTO SOCIAL, POR MAIS CIDADANIA E DIREITOS ESSE E MEU LUGAR",
  "codigo_acao": "2064",
  "nome_acao": "GESTAO ADMINISTRATIVA DO FUNDO DE ASSISTENCIA SOCIAL",
  "nome_credor": "VIVIANN FRANCISCA SALES FERNANDES 01175933465",
  "codigo_credor": "45419753000174",
  "historico": "VALOR QUE ORA SE EMPENHA PARA ATENDER DESPESA COM SERVIÇO DE ASSESSORIA TECNICA ACERCA DE TREINAMENTOS E ORIENTAÇOES DA  POLITICA DE ASSISTENCIA SOACIAL COMO POLITICAS PUBLICAS PARA MULHERES EM PROJETOS, SISTEMAS E SERVIÇO .",
  "valor_contratado": 0.0,
  "valor_realizado": 0.0,
  "valor_pago": 0.0
}