{
  "exercicio": 2025,
  "codigo_unidade_gestora": "201157",
  "codigo_unidade_orcamentaria": "02070",
  "nome_unidade_orcamentaria": "Secretaria de Desenvolvimento Social",
  "numero_empenho": "0000073",
  "data_empenho": "2025-01-22",
  "codigo_elemento": "92",
  "nome_elemento_despesa": "Despesas de Exercícios Anteriores",
  "codigo_funcao": "8",
  "nome_funcao": "Assistêncial Social",
  "codigo_sub_funcao": "122",
  "nome_sub_funcao": "Administração Geral",
  "codigo_programa": "1003",
  "nome_programa": "DESENVOLVIMENTO SOCIAL, POR MAIS CIDADANIA E DIREITOS ESSE E MEU LUGAR",
  "codigo_acao": "2025",
  "nome_acao": "MANUTENCAO DAS ATIVIDADES DA SECRETARIA DE DESENVOLVIMENTO SOCIAL",
  "nome_credor": "ENERGISA PARAIBA - DISTRIBUIDORA DE ENERGIA S.A",
  "codigo_credor": "09095183000140",
  "historico": "VALOR QUE ORA SE EMPENHA PARA ATENDER AO PAGAMENTO REFERENTE A TARIFA DE ENERGIA  ELETRICA DO  PAA -CENTRO DE DISTRIBUIÇAO DE ALIMENTOS  REFERENTE AO MES DE DEZEMBRO/2024.",
  "valor_contratado": 107.34,
  "valor_realizado": 107.34,
  "valor_pago": 107.34
}