{
  "exercicio": 2025,
  "codigo_unidade_gestora": "201157",
  "codigo_unidade_orcamentaria": "02010",
  "nome_unidade_orcamentaria": "Secretaria de Gestao",
  "numero_empenho": "0000351",
  "data_empenho": "2025-02-07",
  "codigo_elemento": "39",
  "nome_elemento_despesa": "Outros Serviços de Terceiros - Pessoa Jurídica",
  "codigo_funcao": "4",
  "nome_funcao": "Administração",
  "codigo_sub_funcao": "122",
  "nome_sub_funcao": "Administração Geral",
  "codigo_programa": "2002",
  "nome_programa": "ADMINISTRANDO COM O CUIDADO DO POVO ESSE E MEU LUGAR",
  "codigo_acao": "2002",
  "nome_acao": "MANUTENCAO DAS ATIVIDADES DA SECRETARIA DE GESTAO",
  "nome_credor": "SME SERVICOS ESPECIALIZADOS LTDA'",
  "codigo_credor": "13519354000199",
  "historico": "VALOR QUE ORA SE EMPENHA PARA ATENDER DESPESA COM PRESTAÇÃO DE SERVIÇOS ESPECIALIZADOS E APOIO ADMINISTRATIVO NA ELABORAÇÃO DE PRESTAÇÃO DE CONTAS, CADASTRO DE PROPOSTAS E ACOMPANHAMENTOS DOS SISTEMAS FEDERAIS E ESTADUAIS, EM JANEIRO DE 2025, NESTE MUNICIPIO.",
  "valor_contratado": 3500.0,
  "valor_realizado": 3500.0,
  "valor_pago": 3500.0
}