{
  "exercicio": 2025,
  "codigo_unidade_gestora": "201157",
  "codigo_unidade_orcamentaria": "02080",
  "nome_unidade_orcamentaria": "Secretaria de Obras e Servicos Urbanos",
  "numero_empenho": "0000169",
  "data_empenho": "2025-01-29",
  "codigo_elemento": "39",
  "nome_elemento_despesa": "Outros Serviços de Terceiros - Pessoa Jurídica",
  "codigo_funcao": "15",
  "nome_funcao": "Urbanismo",
  "codigo_sub_funcao": "122",
  "nome_sub_funcao": "Administração Geral",
  "codigo_programa": "2002",
  "nome_programa": "ADMINISTRANDO COM O CUIDADO DO POVO ESSE E MEU LUGAR",
  "codigo_acao": "2028",
  "nome_acao": "MANUTENCAO DAS ATIVIDADES DA SECRETARIA DE OBRAS E SERVICOS URBANOS",
  "nome_credor": "SILVANO TRANSPORTES LDTA",
  "codigo_credor": "32593366000108",
  "historico": "VALOR QUE ORA SE EMPENHA PARA ATENDER DESPESA COM PRESTAÇAO DE SERVIÇO DE CAMINHONEIRO PAARA COLETAQ DE RESIDUSOS SOLIDOS DOMICILIAES NAO PERIGOSOS NOS BAIRROS DE MONTE SANTO, BRITO LYRA E ALTO DA COLINA NESTE MUNICIPIO",
  "valor_contratado": 3500.0,
  "valor_realizado": 3500.0,
  "valor_pago": 3500.0
}