{
  "exercicio": 2025,
  "codigo_unidade_gestora": "201157",
  "codigo_unidade_orcamentaria": "02110",
  "nome_unidade_orcamentaria": "Fundo Municipal de Saude",
  "numero_empenho": "0000406",
  "data_empenho": "2025-02-10",
  "codigo_elemento": "30",
  "nome_elemento_despesa": "Material de Consumo",
  "codigo_funcao": "10",
  "nome_funcao": "Saúde",
  "codigo_sub_funcao": "303",
  "nome_sub_funcao": "Suporte Profilático e Terapêutico",
  "codigo_programa": "1002",
  "nome_programa": "SAUDE ACOLHEDORA, INTEGRAL, RESOLUTIVA E CIDADA ESSE E MEU LUGAR",
  "codigo_acao": "2038",
  "nome_acao": "MANUTENCAO DO BLOCO DAS ACOES E SERVICOS PUBLICOS DE SAUDE- ASSISTENCI",
  "nome_credor": "DROGARIA DROGAVISTA LTDA",
  "codigo_credor": "00958548000220",
  "historico": "VALOR QUE ORA SE EMPENHA PARA ATENDER DESPESA COM A AQUISICÃO DE MEDICAMENTOS PARA A FARMÁCIA BÁSICA DESTE MUNICIPIO.",
  "valor_contratado": 290.46,
  "valor_realizado": 290.46,
  "valor_pago": 290.46
}