{
  "exercicio": 2025,
  "codigo_unidade_gestora": "201157",
  "codigo_unidade_orcamentaria": "02090",
  "nome_unidade_orcamentaria": "Secretaria de Agricultura e Meio Ambiente",
  "numero_empenho": "0000304",
  "data_empenho": "2025-02-05",
  "codigo_elemento": "39",
  "nome_elemento_despesa": "Outros Serviços de Terceiros - Pessoa Jurídica",
  "codigo_funcao": "20",
  "nome_funcao": "Agricultura",
  "codigo_sub_funcao": "122",
  "nome_sub_funcao": "Administração Geral",
  "codigo_programa": "2002",
  "nome_programa": "ADMINISTRANDO COM O CUIDADO DO POVO ESSE E MEU LUGAR",
  "codigo_acao": "2029",
  "nome_acao": "MANUTENCAO DAS ATIVIDADES DA SECRETARIA DE AGRICULTURA E MEIO AMBIENTE",
  "nome_credor": "G O L NETO LTDA",
  "codigo_credor": "14949698000109",
  "historico": "VALOR QUE ORA SE EMPENHA PARA ATENDER DESPESA COM A DISTRIBUIÇAO DE 390 CARRADAS DE AGUA DISTRIBUIDAS NAS CISTERNAS COMUNITÁRIAS DA ZONA URBANA E ZONA RUAL DESTE MUNICIPIO, DURANTE O MES DE JANEIRO DE 2025",
  "valor_contratado": 101400.0,
  "valor_realizado": 101400.0,
  "valor_pago": 101400.0
}