{
  "exercicio": 2025,
  "codigo_unidade_gestora": "201157",
  "codigo_unidade_orcamentaria": "02090",
  "nome_unidade_orcamentaria": "Secretaria de Agricultura e Meio Ambiente",
  "numero_empenho": "0000299",
  "data_empenho": "2025-02-05",
  "codigo_elemento": "41",
  "nome_elemento_despesa": "Contribuições",
  "codigo_funcao": "20",
  "nome_funcao": "Agricultura",
  "codigo_sub_funcao": "122",
  "nome_sub_funcao": "Administração Geral",
  "codigo_programa": "2002",
  "nome_programa": "ADMINISTRANDO COM O CUIDADO DO POVO ESSE E MEU LUGAR",
  "codigo_acao": "2029",
  "nome_acao": "MANUTENCAO DAS ATIVIDADES DA SECRETARIA DE AGRICULTURA E MEIO AMBIENTE",
  "nome_credor": "ABRIGO TOCA DOS BICHOS",
  "codigo_credor": "43858387000124",
  "historico": "VALOR QUE ORA SE EMPENHA PARA ATENDER DESPESA COM A CONTRUIBUIÇAO PARA O ABRIGO TOCA DOS BICHOS EXERCICIO DE 2025",
  "valor_contratado": 1518.0,
  "valor_realizado": 1518.0,
  "valor_pago": 1518.0
}